,Date,Open,High,Low,Close,Adj Close,Volume,pctChange,index,Date,Open,High,Low,Close,Adj Close,Volume,pctChange,index,Date,Open,High,Low,Close,Adj Close,Volume,pctChange,index,Date,Open,High,Low,Close,Adj Close,Volume,pctChange,index,Date,Open,High,Low,Close,Adj Close,Volume,pctChange
0,2011-01-03,68.9000015258789,69.19000244140625,68.5999984741211,68.76000213623047,48.918704986572266,10195800,,0,2011-01-03,68.9000015258789,69.19000244140625,68.5999984741211,68.76000213623047,48.918704986572266,10195800,,0,2011-01-03,68.9000015258789,69.19000244140625,68.5999984741211,68.76000213623047,48.918704986572266,10195800,,0,2011-01-03,68.9000015258789,69.19000244140625,68.5999984741211,68.76000213623047,48.918704986572266,10195800,,0,2011-01-03,68.9000015258789,69.19000244140625,68.5999984741211,68.76000213623047,48.918704986572266,10195800,
1,2011-01-04,69.19000244140625,69.19000244140625,67.5199966430664,68.16999816894531,48.49894714355469,14542000,-0.00858072271399657,1,2011-01-04,69.19000244140625,69.19000244140625,67.5199966430664,68.16999816894531,48.49894714355469,14542000,-0.00858072271399657,1,2011-01-04,69.19000244140625,69.19000244140625,67.5199966430664,68.16999816894531,48.49894714355469,14542000,-0.00858072271399657,1,2011-01-04,69.19000244140625,69.19000244140625,67.5199966430664,68.16999816894531,48.49894714355469,14542000,-0.00858072271399657,1,2011-01-04,69.19000244140625,69.19000244140625,67.5199966430664,68.16999816894531,48.49894714355469,14542000,-0.00858072271399657
2,2011-01-05,67.83000183105469,68.55999755859375,67.56999969482422,68.44000244140625,48.69104766845703,11286200,0.003960921550188123,2,2011-01-05,67.83000183105469,68.55999755859375,67.56999969482422,68.44000244140625,48.69104766845703,11286200,0.003960921550188123,2,2011-01-05,67.83000183105469,68.55999755859375,67.56999969482422,68.44000244140625,48.69104766845703,11286200,0.003960921550188123,2,2011-01-05,67.83000183105469,68.55999755859375,67.56999969482422,68.44000244140625,48.69104766845703,11286200,0.003960921550188123,2,2011-01-05,67.83000183105469,68.55999755859375,67.56999969482422,68.44000244140625,48.69104766845703,11286200,0.003960921550188123
3,2011-01-06,68.66999816894531,68.69999694824219,67.5,67.79000091552734,48.22860336303711,11449200,-0.009497522184545248,3,2011-01-06,68.66999816894531,68.69999694824219,67.5,67.79000091552734,48.22860336303711,11449200,-0.009497522184545248,3,2011-01-06,68.66999816894531,68.69999694824219,67.5,67.79000091552734,48.22860336303711,11449200,-0.009497522184545248,3,2011-01-06,68.66999816894531,68.69999694824219,67.5,67.79000091552734,48.22860336303711,11449200,-0.009497522184545248,3,2011-01-06,68.66999816894531,68.69999694824219,67.5,67.79000091552734,48.22860336303711,11449200,-0.009497522184545248
4,2011-01-07,67.81999969482422,68.44000244140625,67.5999984741211,68.27999877929688,48.577205657958984,11080300,0.007228123366911587,4,2011-01-07,67.81999969482422,68.44000244140625,67.5999984741211,68.27999877929688,48.577205657958984,11080300,0.007228123366911587,4,2011-01-07,67.81999969482422,68.44000244140625,67.5999984741211,68.27999877929688,48.577205657958984,11080300,0.007228123366911587,4,2011-01-07,67.81999969482422,68.44000244140625,67.5999984741211,68.27999877929688,48.577205657958984,11080300,0.007228123366911587,4,2011-01-07,67.81999969482422,68.44000244140625,67.5999984741211,68.27999877929688,48.577205657958984,11080300,0.007228123366911587
5,2011-01-10,68.06999969482422,68.13999938964844,67.48999786376953,68.01000213623047,48.3851203918457,10804200,-0.0039542263395261346,5,2011-01-10,68.06999969482422,68.13999938964844,67.48999786376953,68.01000213623047,48.3851203918457,10804200,-0.0039542263395261346,5,2011-01-10,68.06999969482422,68.13999938964844,67.48999786376953,68.01000213623047,48.3851203918457,10804200,-0.0039542263395261346,5,2011-01-10,68.06999969482422,68.13999938964844,67.48999786376953,68.01000213623047,48.3851203918457,10804200,-0.0039542263395261346,5,2011-01-10,68.06999969482422,68.13999938964844,67.48999786376953,68.01000213623047,48.3851203918457,10804200,-0.0039542263395261346
6,2011-01-11,68.44999694824219,69.22000122070312,68.36000061035156,69.13999938964844,49.18904113769531,11365300,0.016615040726138064,6,2011-01-11,68.44999694824219,69.22000122070312,68.36000061035156,69.13999938964844,49.18904113769531,11365300,0.016615040726138064,6,2011-01-11,68.44999694824219,69.22000122070312,68.36000061035156,69.13999938964844,49.18904113769531,11365300,0.016615040726138064,6,2011-01-11,68.44999694824219,69.22000122070312,68.36000061035156,69.13999938964844,49.18904113769531,11365300,0.016615040726138064,6,2011-01-11,68.44999694824219,69.22000122070312,68.36000061035156,69.13999938964844,49.18904113769531,11365300,0.016615040726138064
7,2011-01-12,69.75,70.12999725341797,69.43000030517578,70.08999633789062,49.86492156982422,11026600,0.013740467724038474,7,2011-01-12,69.75,70.12999725341797,69.43000030517578,70.08999633789062,49.86492156982422,11026600,0.013740467724038474,7,2011-01-12,69.75,70.12999725341797,69.43000030517578,70.08999633789062,49.86492156982422,11026600,0.013740467724038474,7,2011-01-12,69.75,70.12999725341797,69.43000030517578,70.08999633789062,49.86492156982422,11026600,0.013740467724038474,7,2011-01-12,69.75,70.12999725341797,69.43000030517578,70.08999633789062,49.86492156982422,11026600,0.013740467724038474
8,2011-01-13,70.19999694824219,70.3499984741211,69.63999938964844,69.88999938964844,49.72262954711914,11521900,-0.0028535495138768407,8,2011-01-13,70.19999694824219,70.3499984741211,69.63999938964844,69.88999938964844,49.72262954711914,11521900,-0.0028535495138768407,8,2011-01-13,70.19999694824219,70.3499984741211,69.63999938964844,69.88999938964844,49.72262954711914,11521900,-0.0028535495138768407,8,2011-01-13,70.19999694824219,70.3499984741211,69.63999938964844,69.88999938964844,49.72262954711914,11521900,-0.0028535495138768407,8,2011-01-13,70.19999694824219,70.3499984741211,69.63999938964844,69.88999938964844,49.72262954711914,11521900,-0.0028535495138768407
9,2011-01-14,69.80000305175781,70.66999816894531,69.4800033569336,70.6500015258789,50.26332092285156,14005400,0.010874150877721478,9,2011-01-14,69.80000305175781,70.66999816894531,69.4800033569336,70.6500015258789,50.26332092285156,14005400,0.010874150877721478,9,2011-01-14,69.80000305175781,70.66999816894531,69.4800033569336,70.6500015258789,50.26332092285156,14005400,0.010874150877721478,9,2011-01-14,69.80000305175781,70.66999816894531,69.4800033569336,70.6500015258789,50.26332092285156,14005400,0.010874150877721478,9,2011-01-14,69.80000305175781,70.66999816894531,69.4800033569336,70.6500015258789,50.26332092285156,14005400,0.010874150877721478
10,2011-01-18,70.5999984741211,71.12999725341797,70.37999725341797,71.08999633789062,50.57635498046875,12535200,0.006227882516908423,10,2011-01-18,70.5999984741211,71.12999725341797,70.37999725341797,71.08999633789062,50.57635498046875,12535200,0.006227882516908423,10,2011-01-18,70.5999984741211,71.12999725341797,70.37999725341797,71.08999633789062,50.57635498046875,12535200,0.006227882516908423,10,2011-01-18,70.5999984741211,71.12999725341797,70.37999725341797,71.08999633789062,50.57635498046875,12535200,0.006227882516908423,10,2011-01-18,70.5999984741211,71.12999725341797,70.37999725341797,71.08999633789062,50.57635498046875,12535200,0.006227882516908423
11,2011-01-19,71.20999908447266,71.23999786376953,70.11000061035156,70.2300033569336,49.96452713012695,15117000,-0.012097112387360998,11,2011-01-19,71.20999908447266,71.23999786376953,70.11000061035156,70.2300033569336,49.96452713012695,15117000,-0.012097112387360998,11,2011-01-19,71.20999908447266,71.23999786376953,70.11000061035156,70.2300033569336,49.96452713012695,15117000,-0.012097112387360998,11,2011-01-19,71.20999908447266,71.23999786376953,70.11000061035156,70.2300033569336,49.96452713012695,15117000,-0.012097112387360998,11,2011-01-19,71.20999908447266,71.23999786376953,70.11000061035156,70.2300033569336,49.96452713012695,15117000,-0.012097112387360998
12,2011-01-20,69.69000244140625,69.94000244140625,68.7300033569336,69.7300033569336,49.608802795410156,23172500,-0.007119537703025869,12,2011-01-20,69.69000244140625,69.94000244140625,68.7300033569336,69.7300033569336,49.608802795410156,23172500,-0.007119537703025869,12,2011-01-20,69.69000244140625,69.94000244140625,68.7300033569336,69.7300033569336,49.608802795410156,23172500,-0.007119537703025869,12,2011-01-20,69.69000244140625,69.94000244140625,68.7300033569336,69.7300033569336,49.608802795410156,23172500,-0.007119537703025869,12,2011-01-20,69.69000244140625,69.94000244140625,68.7300033569336,69.7300033569336,49.608802795410156,23172500,-0.007119537703025869
13,2011-01-21,70.44000244140625,70.62000274658203,69.70999908447266,70.0999984741211,49.87201690673828,14574000,0.005305794465825686,13,2011-01-21,70.44000244140625,70.62000274658203,69.70999908447266,70.0999984741211,49.87201690673828,14574000,0.005305794465825686,13,2011-01-21,70.44000244140625,70.62000274658203,69.70999908447266,70.0999984741211,49.87201690673828,14574000,0.005305794465825686,13,2011-01-21,70.44000244140625,70.62000274658203,69.70999908447266,70.0999984741211,49.87201690673828,14574000,0.005305794465825686,13,2011-01-21,70.44000244140625,70.62000274658203,69.70999908447266,70.0999984741211,49.87201690673828,14574000,0.005305794465825686
14,2011-01-24,69.98999786376953,70.5199966430664,69.72000122070312,70.36000061035156,50.0570068359375,13098500,0.0037092931201310186,14,2011-01-24,69.98999786376953,70.5199966430664,69.72000122070312,70.36000061035156,50.0570068359375,13098500,0.0037092931201310186,14,2011-01-24,69.98999786376953,70.5199966430664,69.72000122070312,70.36000061035156,50.0570068359375,13098500,0.0037092931201310186,14,2011-01-24,69.98999786376953,70.5199966430664,69.72000122070312,70.36000061035156,50.0570068359375,13098500,0.0037092931201310186,14,2011-01-24,69.98999786376953,70.5199966430664,69.72000122070312,70.36000061035156,50.0570068359375,13098500,0.0037092931201310186
15,2011-01-25,70.19999694824219,70.30999755859375,69.36000061035156,70.16000366210938,49.91471862792969,15817700,-0.002842523294973698,15,2011-01-25,70.19999694824219,70.30999755859375,69.36000061035156,70.16000366210938,49.91471862792969,15817700,-0.002842523294973698,15,2011-01-25,70.19999694824219,70.30999755859375,69.36000061035156,70.16000366210938,49.91471862792969,15817700,-0.002842523294973698,15,2011-01-25,70.19999694824219,70.30999755859375,69.36000061035156,70.16000366210938,49.91471862792969,15817700,-0.002842523294973698,15,2011-01-25,70.19999694824219,70.30999755859375,69.36000061035156,70.16000366210938,49.91471862792969,15817700,-0.002842523294973698
16,2011-01-26,70.4000015258789,72.02999877929688,70.3499984741211,71.83999633789062,51.10993194580078,24221600,0.023945107790356523,16,2011-01-26,70.4000015258789,72.02999877929688,70.3499984741211,71.83999633789062,51.10993194580078,24221600,0.023945107790356523,16,2011-01-26,70.4000015258789,72.02999877929688,70.3499984741211,71.83999633789062,51.10993194580078,24221600,0.023945107790356523,16,2011-01-26,70.4000015258789,72.02999877929688,70.3499984741211,71.83999633789062,51.10993194580078,24221600,0.023945107790356523,16,2011-01-26,70.4000015258789,72.02999877929688,70.3499984741211,71.83999633789062,51.10993194580078,24221600,0.023945107790356523
17,2011-01-27,71.80000305175781,71.94999694824219,71.05000305175781,71.41999816894531,50.81113052368164,14988600,-0.00584624965722913,17,2011-01-27,71.80000305175781,71.94999694824219,71.05000305175781,71.41999816894531,50.81113052368164,14988600,-0.00584624965722913,17,2011-01-27,71.80000305175781,71.94999694824219,71.05000305175781,71.41999816894531,50.81113052368164,14988600,-0.00584624965722913,17,2011-01-27,71.80000305175781,71.94999694824219,71.05000305175781,71.41999816894531,50.81113052368164,14988600,-0.00584624965722913,17,2011-01-27,71.80000305175781,71.94999694824219,71.05000305175781,71.41999816894531,50.81113052368164,14988600,-0.00584624965722913
18,2011-01-28,71.30000305175781,71.6500015258789,70.8499984741211,71.11000061035156,50.59059524536133,23691600,-0.004340294656847377,18,2011-01-28,71.30000305175781,71.6500015258789,70.8499984741211,71.11000061035156,50.59059524536133,23691600,-0.004340294656847377,18,2011-01-28,71.30000305175781,71.6500015258789,70.8499984741211,71.11000061035156,50.59059524536133,23691600,-0.004340294656847377,18,2011-01-28,71.30000305175781,71.6500015258789,70.8499984741211,71.11000061035156,50.59059524536133,23691600,-0.004340294656847377,18,2011-01-28,71.30000305175781,71.6500015258789,70.8499984741211,71.11000061035156,50.59059524536133,23691600,-0.004340294656847377
19,2011-01-31,71.72000122070312,73.1500015258789,71.48999786376953,73.1500015258789,52.04193115234375,25114900,0.028687859866908694,19,2011-01-31,71.72000122070312,73.1500015258789,71.48999786376953,73.1500015258789,52.04193115234375,25114900,0.028687859866908694,19,2011-01-31,71.72000122070312,73.1500015258789,71.48999786376953,73.1500015258789,52.04193115234375,25114900,0.028687859866908694,19,2011-01-31,71.72000122070312,73.1500015258789,71.48999786376953,73.1500015258789,52.04193115234375,25114900,0.028687859866908694,19,2011-01-31,71.72000122070312,73.1500015258789,71.48999786376953,73.1500015258789,52.04193115234375,25114900,0.028687859866908694
20,2011-02-01,73.44000244140625,74.41000366210938,71.22000122070312,74.33999633789062,52.888545989990234,20443200,0.01626793662149395,20,2011-02-01,73.44000244140625,74.41000366210938,71.22000122070312,74.33999633789062,52.888545989990234,20443200,0.01626793662149395,20,2011-02-01,73.44000244140625,74.41000366210938,71.22000122070312,74.33999633789062,52.888545989990234,20443200,0.01626793662149395,20,2011-02-01,73.44000244140625,74.41000366210938,71.22000122070312,74.33999633789062,52.888545989990234,20443200,0.01626793662149395,20,2011-02-01,73.44000244140625,74.41000366210938,71.22000122070312,74.33999633789062,52.888545989990234,20443200,0.01626793662149395
21,2011-02-02,74.0,74.83000183105469,73.83000183105469,74.27999877929688,52.84585952758789,13557600,-0.0008071022109479298,21,2011-02-02,74.0,74.83000183105469,73.83000183105469,74.27999877929688,52.84585952758789,13557600,-0.0008071022109479298,21,2011-02-02,74.0,74.83000183105469,73.83000183105469,74.27999877929688,52.84585952758789,13557600,-0.0008071022109479298,21,2011-02-02,74.0,74.83000183105469,73.83000183105469,74.27999877929688,52.84585952758789,13557600,-0.0008071022109479298,21,2011-02-02,74.0,74.83000183105469,73.83000183105469,74.27999877929688,52.84585952758789,13557600,-0.0008071022109479298
22,2011-02-03,74.30000305175781,74.44000244140625,73.37999725341797,74.31999969482422,52.874298095703125,14515500,0.0005381418406182892,22,2011-02-03,74.30000305175781,74.44000244140625,73.37999725341797,74.31999969482422,52.874298095703125,14515500,0.0005381418406182892,22,2011-02-03,74.30000305175781,74.44000244140625,73.37999725341797,74.31999969482422,52.874298095703125,14515500,0.0005381418406182892,22,2011-02-03,74.30000305175781,74.44000244140625,73.37999725341797,74.31999969482422,52.874298095703125,14515500,0.0005381418406182892,22,2011-02-03,74.30000305175781,74.44000244140625,73.37999725341797,74.31999969482422,52.874298095703125,14515500,0.0005381418406182892
23,2011-02-04,74.48999786376953,74.56999969482422,73.7300033569336,74.12999725341797,52.73914337158203,13278600,-0.0025561516462395684,23,2011-02-04,74.48999786376953,74.56999969482422,73.7300033569336,74.12999725341797,52.73914337158203,13278600,-0.0025561516462395684,23,2011-02-04,74.48999786376953,74.56999969482422,73.7300033569336,74.12999725341797,52.73914337158203,13278600,-0.0025561516462395684,23,2011-02-04,74.48999786376953,74.56999969482422,73.7300033569336,74.12999725341797,52.73914337158203,13278600,-0.0025561516462395684,23,2011-02-04,74.48999786376953,74.56999969482422,73.7300033569336,74.12999725341797,52.73914337158203,13278600,-0.0025561516462395684
24,2011-02-07,74.44000244140625,75.22000122070312,74.43000030517578,74.55999755859375,53.04505157470703,16173600,0.0058004014393953085,24,2011-02-07,74.44000244140625,75.22000122070312,74.43000030517578,74.55999755859375,53.04505157470703,16173600,0.0058004014393953085,24,2011-02-07,74.44000244140625,75.22000122070312,74.43000030517578,74.55999755859375,53.04505157470703,16173600,0.0058004014393953085,24,2011-02-07,74.44000244140625,75.22000122070312,74.43000030517578,74.55999755859375,53.04505157470703,16173600,0.0058004014393953085,24,2011-02-07,74.44000244140625,75.22000122070312,74.43000030517578,74.55999755859375,53.04505157470703,16173600,0.0058004014393953085
25,2011-02-08,74.44000244140625,74.55999755859375,73.6500015258789,74.30999755859375,52.8671989440918,15596000,-0.0033528599810059845,25,2011-02-08,74.44000244140625,74.55999755859375,73.6500015258789,74.30999755859375,52.8671989440918,15596000,-0.0033528599810059845,25,2011-02-08,74.44000244140625,74.55999755859375,73.6500015258789,74.30999755859375,52.8671989440918,15596000,-0.0033528599810059845,25,2011-02-08,74.44000244140625,74.55999755859375,73.6500015258789,74.30999755859375,52.8671989440918,15596000,-0.0033528599810059845,25,2011-02-08,74.44000244140625,74.55999755859375,73.6500015258789,74.30999755859375,52.8671989440918,15596000,-0.0033528599810059845
26,2011-02-09,73.9800033569336,74.25,72.8499984741211,73.37000274658203,52.19846725463867,16321700,-0.01264927408316685,26,2011-02-09,73.9800033569336,74.25,72.8499984741211,73.37000274658203,52.19846725463867,16321700,-0.01264927408316685,26,2011-02-09,73.9800033569336,74.25,72.8499984741211,73.37000274658203,52.19846725463867,16321700,-0.01264927408316685,26,2011-02-09,73.9800033569336,74.25,72.8499984741211,73.37000274658203,52.19846725463867,16321700,-0.01264927408316685,26,2011-02-09,73.9800033569336,74.25,72.8499984741211,73.37000274658203,52.19846725463867,16321700,-0.01264927408316685
27,2011-02-10,73.01000213623047,74.23999786376953,72.93000030517578,74.12000274658203,52.73202896118164,16805700,0.010221788772840856,27,2011-02-10,73.01000213623047,74.23999786376953,72.93000030517578,74.12000274658203,52.73202896118164,16805700,0.010221788772840856,27,2011-02-10,73.01000213623047,74.23999786376953,72.93000030517578,74.12000274658203,52.73202896118164,16805700,0.010221788772840856,27,2011-02-10,73.01000213623047,74.23999786376953,72.93000030517578,74.12000274658203,52.73202896118164,16805700,0.010221788772840856,27,2011-02-10,73.01000213623047,74.23999786376953,72.93000030517578,74.12000274658203,52.73202896118164,16805700,0.010221788772840856
28,2011-02-11,73.81999969482422,74.51000213623047,73.62000274658203,74.11000061035156,52.724910736083984,18862700,-0.00013498864424310586,28,2011-02-11,73.81999969482422,74.51000213623047,73.62000274658203,74.11000061035156,52.724910736083984,18862700,-0.00013498864424310586,28,2011-02-11,73.81999969482422,74.51000213623047,73.62000274658203,74.11000061035156,52.724910736083984,18862700,-0.00013498864424310586,28,2011-02-11,73.81999969482422,74.51000213623047,73.62000274658203,74.11000061035156,52.724910736083984,18862700,-0.00013498864424310586,28,2011-02-11,73.81999969482422,74.51000213623047,73.62000274658203,74.11000061035156,52.724910736083984,18862700,-0.00013498864424310586
29,2011-02-14,73.9800033569336,75.83000183105469,73.9800033569336,75.73999786376953,53.88455581665039,15215400,0.02199425403242583,29,2011-02-14,73.9800033569336,75.83000183105469,73.9800033569336,75.73999786376953,53.88455581665039,15215400,0.02199425403242583,29,2011-02-14,73.9800033569336,75.83000183105469,73.9800033569336,75.73999786376953,53.88455581665039,15215400,0.02199425403242583,29,2011-02-14,73.9800033569336,75.83000183105469,73.9800033569336,75.73999786376953,53.88455581665039,15215400,0.02199425403242583,29,2011-02-14,73.9800033569336,75.83000183105469,73.9800033569336,75.73999786376953,53.88455581665039,15215400,0.02199425403242583
30,2011-02-15,75.62000274658203,75.76000213623047,74.62999725341797,74.94999694824219,53.32252502441406,11443600,-0.010430276054398835,30,2011-02-15,75.62000274658203,75.76000213623047,74.62999725341797,74.94999694824219,53.32252502441406,11443600,-0.010430276054398835,30,2011-02-15,75.62000274658203,75.76000213623047,74.62999725341797,74.94999694824219,53.32252502441406,11443600,-0.010430276054398835,30,2011-02-15,75.62000274658203,75.76000213623047,74.62999725341797,74.94999694824219,53.32252502441406,11443600,-0.010430276054398835,30,2011-02-15,75.62000274658203,75.76000213623047,74.62999725341797,74.94999694824219,53.32252502441406,11443600,-0.010430276054398835
31,2011-02-16,75.3499984741211,76.02999877929688,75.0999984741211,75.94999694824219,54.03395462036133,15903300,0.013342008759366308,31,2011-02-16,75.3499984741211,76.02999877929688,75.0999984741211,75.94999694824219,54.03395462036133,15903300,0.013342008759366308,31,2011-02-16,75.3499984741211,76.02999877929688,75.0999984741211,75.94999694824219,54.03395462036133,15903300,0.013342008759366308,31,2011-02-16,75.3499984741211,76.02999877929688,75.0999984741211,75.94999694824219,54.03395462036133,15903300,0.013342008759366308,31,2011-02-16,75.3499984741211,76.02999877929688,75.0999984741211,75.94999694824219,54.03395462036133,15903300,0.013342008759366308
32,2011-02-17,75.94000244140625,76.87000274658203,75.80999755859375,76.69999694824219,54.56755065917969,10796400,0.009875198707319566,32,2011-02-17,75.94000244140625,76.87000274658203,75.80999755859375,76.69999694824219,54.56755065917969,10796400,0.009875198707319566,32,2011-02-17,75.94000244140625,76.87000274658203,75.80999755859375,76.69999694824219,54.56755065917969,10796400,0.009875198707319566,32,2011-02-17,75.94000244140625,76.87000274658203,75.80999755859375,76.69999694824219,54.56755065917969,10796400,0.009875198707319566,32,2011-02-17,75.94000244140625,76.87000274658203,75.80999755859375,76.69999694824219,54.56755065917969,10796400,0.009875198707319566
33,2011-02-18,76.87000274658203,77.19999694824219,76.33999633789062,77.0199966430664,54.79518508911133,12408200,0.0041716079827993635,33,2011-02-18,76.87000274658203,77.19999694824219,76.33999633789062,77.0199966430664,54.79518508911133,12408200,0.0041716079827993635,33,2011-02-18,76.87000274658203,77.19999694824219,76.33999633789062,77.0199966430664,54.79518508911133,12408200,0.0041716079827993635,33,2011-02-18,76.87000274658203,77.19999694824219,76.33999633789062,77.0199966430664,54.79518508911133,12408200,0.0041716079827993635,33,2011-02-18,76.87000274658203,77.19999694824219,76.33999633789062,77.0199966430664,54.79518508911133,12408200,0.0041716079827993635
34,2011-02-22,77.37000274658203,78.05999755859375,75.91000366210938,76.2699966430664,54.2616081237793,24832800,-0.009737661520155427,34,2011-02-22,77.37000274658203,78.05999755859375,75.91000366210938,76.2699966430664,54.2616081237793,24832800,-0.009737661520155427,34,2011-02-22,77.37000274658203,78.05999755859375,75.91000366210938,76.2699966430664,54.2616081237793,24832800,-0.009737661520155427,34,2011-02-22,77.37000274658203,78.05999755859375,75.91000366210938,76.2699966430664,54.2616081237793,24832800,-0.009737661520155427,34,2011-02-22,77.37000274658203,78.05999755859375,75.91000366210938,76.2699966430664,54.2616081237793,24832800,-0.009737661520155427
35,2011-02-23,76.69000244140625,78.37000274658203,76.55000305175781,77.81999969482422,55.364349365234375,32189700,0.020322678954511453,35,2011-02-23,76.69000244140625,78.37000274658203,76.55000305175781,77.81999969482422,55.364349365234375,32189700,0.020322678954511453,35,2011-02-23,76.69000244140625,78.37000274658203,76.55000305175781,77.81999969482422,55.364349365234375,32189700,0.020322678954511453,35,2011-02-23,76.69000244140625,78.37000274658203,76.55000305175781,77.81999969482422,55.364349365234375,32189700,0.020322678954511453,35,2011-02-23,76.69000244140625,78.37000274658203,76.55000305175781,77.81999969482422,55.364349365234375,32189700,0.020322678954511453
36,2011-02-24,78.0199966430664,78.05999755859375,76.25,76.72000122070312,54.581787109375,22383300,-0.014134768399369668,36,2011-02-24,78.0199966430664,78.05999755859375,76.25,76.72000122070312,54.581787109375,22383300,-0.014134768399369668,36,2011-02-24,78.0199966430664,78.05999755859375,76.25,76.72000122070312,54.581787109375,22383300,-0.014134768399369668,36,2011-02-24,78.0199966430664,78.05999755859375,76.25,76.72000122070312,54.581787109375,22383300,-0.014134768399369668,36,2011-02-24,78.0199966430664,78.05999755859375,76.25,76.72000122070312,54.581787109375,22383300,-0.014134768399369668
37,2011-02-25,77.0,78.0,76.80999755859375,77.94000244140625,55.44974899291992,11768700,0.01590204222895153,37,2011-02-25,77.0,78.0,76.80999755859375,77.94000244140625,55.44974899291992,11768700,0.01590204222895153,37,2011-02-25,77.0,78.0,76.80999755859375,77.94000244140625,55.44974899291992,11768700,0.01590204222895153,37,2011-02-25,77.0,78.0,76.80999755859375,77.94000244140625,55.44974899291992,11768700,0.01590204222895153,37,2011-02-25,77.0,78.0,76.80999755859375,77.94000244140625,55.44974899291992,11768700,0.01590204222895153
38,2011-02-28,78.23999786376953,78.69000244140625,77.69999694824219,78.54000091552734,55.87661361694336,15873100,0.0076982246407995,38,2011-02-28,78.23999786376953,78.69000244140625,77.69999694824219,78.54000091552734,55.87661361694336,15873100,0.0076982246407995,38,2011-02-28,78.23999786376953,78.69000244140625,77.69999694824219,78.54000091552734,55.87661361694336,15873100,0.0076982246407995,38,2011-02-28,78.23999786376953,78.69000244140625,77.69999694824219,78.54000091552734,55.87661361694336,15873100,0.0076982246407995,38,2011-02-28,78.23999786376953,78.69000244140625,77.69999694824219,78.54000091552734,55.87661361694336,15873100,0.0076982246407995
39,2011-03-01,79.0,79.08000183105469,76.97000122070312,77.06999969482422,54.830780029296875,20199600,-0.018716839120138773,39,2011-03-01,79.0,79.08000183105469,76.97000122070312,77.06999969482422,54.830780029296875,20199600,-0.018716839120138773,39,2011-03-01,79.0,79.08000183105469,76.97000122070312,77.06999969482422,54.830780029296875,20199600,-0.018716839120138773,39,2011-03-01,79.0,79.08000183105469,76.97000122070312,77.06999969482422,54.830780029296875,20199600,-0.018716839120138773,39,2011-03-01,79.0,79.08000183105469,76.97000122070312,77.06999969482422,54.830780029296875,20199600,-0.018716839120138773
40,2011-03-02,76.86000061035156,77.66000366210938,76.29000091552734,77.51000213623047,55.14380645751953,15042900,0.005708954497007035,40,2011-03-02,76.86000061035156,77.66000366210938,76.29000091552734,77.51000213623047,55.14380645751953,15042900,0.005708954497007035,40,2011-03-02,76.86000061035156,77.66000366210938,76.29000091552734,77.51000213623047,55.14380645751953,15042900,0.005708954497007035,40,2011-03-02,76.86000061035156,77.66000366210938,76.29000091552734,77.51000213623047,55.14380645751953,15042900,0.005708954497007035,40,2011-03-02,76.86000061035156,77.66000366210938,76.29000091552734,77.51000213623047,55.14380645751953,15042900,0.005708954497007035
41,2011-03-03,78.0,78.91000366210938,77.76000213623047,78.83999633789062,56.090030670166016,11328800,0.017159211041686273,41,2011-03-03,78.0,78.91000366210938,77.76000213623047,78.83999633789062,56.090030670166016,11328800,0.017159211041686273,41,2011-03-03,78.0,78.91000366210938,77.76000213623047,78.83999633789062,56.090030670166016,11328800,0.017159211041686273,41,2011-03-03,78.0,78.91000366210938,77.76000213623047,78.83999633789062,56.090030670166016,11328800,0.017159211041686273,41,2011-03-03,78.0,78.91000366210938,77.76000213623047,78.83999633789062,56.090030670166016,11328800,0.017159211041686273
42,2011-03-04,78.81999969482422,78.91000366210938,77.72000122070312,78.33999633789062,55.73431396484375,14123500,-0.006341888229907333,42,2011-03-04,78.81999969482422,78.91000366210938,77.72000122070312,78.33999633789062,55.73431396484375,14123500,-0.006341888229907333,42,2011-03-04,78.81999969482422,78.91000366210938,77.72000122070312,78.33999633789062,55.73431396484375,14123500,-0.006341888229907333,42,2011-03-04,78.81999969482422,78.91000366210938,77.72000122070312,78.33999633789062,55.73431396484375,14123500,-0.006341888229907333,42,2011-03-04,78.81999969482422,78.91000366210938,77.72000122070312,78.33999633789062,55.73431396484375,14123500,-0.006341888229907333
43,2011-03-07,78.86000061035156,79.22000122070312,77.36000061035156,77.79000091552734,55.3430061340332,14663600,-0.007020949985270808,43,2011-03-07,78.86000061035156,79.22000122070312,77.36000061035156,77.79000091552734,55.3430061340332,14663600,-0.007020949985270808,43,2011-03-07,78.86000061035156,79.22000122070312,77.36000061035156,77.79000091552734,55.3430061340332,14663600,-0.007020949985270808,43,2011-03-07,78.86000061035156,79.22000122070312,77.36000061035156,77.79000091552734,55.3430061340332,14663600,-0.007020949985270808,43,2011-03-07,78.86000061035156,79.22000122070312,77.36000061035156,77.79000091552734,55.3430061340332,14663600,-0.007020949985270808
44,2011-03-08,77.75,77.80999755859375,76.37999725341797,77.1500015258789,54.88771438598633,16174200,-0.008226726010224672,44,2011-03-08,77.75,77.80999755859375,76.37999725341797,77.1500015258789,54.88771438598633,16174200,-0.008226726010224672,44,2011-03-08,77.75,77.80999755859375,76.37999725341797,77.1500015258789,54.88771438598633,16174200,-0.008226726010224672,44,2011-03-08,77.75,77.80999755859375,76.37999725341797,77.1500015258789,54.88771438598633,16174200,-0.008226726010224672,44,2011-03-08,77.75,77.80999755859375,76.37999725341797,77.1500015258789,54.88771438598633,16174200,-0.008226726010224672
45,2011-03-09,76.91000366210938,77.41000366210938,76.37000274658203,76.62000274658203,54.51063537597656,13594900,-0.006870007509477194,45,2011-03-09,76.91000366210938,77.41000366210938,76.37000274658203,76.62000274658203,54.51063537597656,13594900,-0.006870007509477194,45,2011-03-09,76.91000366210938,77.41000366210938,76.37000274658203,76.62000274658203,54.51063537597656,13594900,-0.006870007509477194,45,2011-03-09,76.91000366210938,77.41000366210938,76.37000274658203,76.62000274658203,54.51063537597656,13594900,-0.006870007509477194,45,2011-03-09,76.91000366210938,77.41000366210938,76.37000274658203,76.62000274658203,54.51063537597656,13594900,-0.006870007509477194
46,2011-03-10,75.5999984741211,75.61000061035156,73.61000061035156,73.83000183105469,52.52570724487305,36160300,-0.03641359374024644,46,2011-03-10,75.5999984741211,75.61000061035156,73.61000061035156,73.83000183105469,52.52570724487305,36160300,-0.03641359374024644,46,2011-03-10,75.5999984741211,75.61000061035156,73.61000061035156,73.83000183105469,52.52570724487305,36160300,-0.03641359374024644,46,2011-03-10,75.5999984741211,75.61000061035156,73.61000061035156,73.83000183105469,52.52570724487305,36160300,-0.03641359374024644,46,2011-03-10,75.5999984741211,75.61000061035156,73.61000061035156,73.83000183105469,52.52570724487305,36160300,-0.03641359374024644
47,2011-03-11,73.31999969482422,75.6500015258789,73.02999877929688,75.11000061035156,53.43635177612305,24170500,0.017337120793150085,47,2011-03-11,73.31999969482422,75.6500015258789,73.02999877929688,75.11000061035156,53.43635177612305,24170500,0.017337120793150085,47,2011-03-11,73.31999969482422,75.6500015258789,73.02999877929688,75.11000061035156,53.43635177612305,24170500,0.017337120793150085,47,2011-03-11,73.31999969482422,75.6500015258789,73.02999877929688,75.11000061035156,53.43635177612305,24170500,0.017337120793150085,47,2011-03-11,73.31999969482422,75.6500015258789,73.02999877929688,75.11000061035156,53.43635177612305,24170500,0.017337120793150085
48,2011-03-14,74.75,75.77999877929688,74.36000061035156,75.5199966430664,53.72804260253906,16415200,0.005458659072349992,48,2011-03-14,74.75,75.77999877929688,74.36000061035156,75.5199966430664,53.72804260253906,16415200,0.005458659072349992,48,2011-03-14,74.75,75.77999877929688,74.36000061035156,75.5199966430664,53.72804260253906,16415200,0.005458659072349992,48,2011-03-14,74.75,75.77999877929688,74.36000061035156,75.5199966430664,53.72804260253906,16415200,0.005458659072349992,48,2011-03-14,74.75,75.77999877929688,74.36000061035156,75.5199966430664,53.72804260253906,16415200,0.005458659072349992
49,2011-03-15,73.18000030517578,75.61000061035156,72.9000015258789,74.94999694824219,53.32252502441406,21809500,-0.007547596347867613,49,2011-03-15,73.18000030517578,75.61000061035156,72.9000015258789,74.94999694824219,53.32252502441406,21809500,-0.007547596347867613,49,2011-03-15,73.18000030517578,75.61000061035156,72.9000015258789,74.94999694824219,53.32252502441406,21809500,-0.007547596347867613,49,2011-03-15,73.18000030517578,75.61000061035156,72.9000015258789,74.94999694824219,53.32252502441406,21809500,-0.007547596347867613,49,2011-03-15,73.18000030517578,75.61000061035156,72.9000015258789,74.94999694824219,53.32252502441406,21809500,-0.007547596347867613
50,2011-03-16,75.16999816894531,75.80999755859375,72.9800033569336,73.75,52.46879196166992,31614700,-0.016010739595569645,50,2011-03-16,75.16999816894531,75.80999755859375,72.9800033569336,73.75,52.46879196166992,31614700,-0.016010739595569645,50,2011-03-16,75.16999816894531,75.80999755859375,72.9800033569336,73.75,52.46879196166992,31614700,-0.016010739595569645,50,2011-03-16,75.16999816894531,75.80999755859375,72.9800033569336,73.75,52.46879196166992,31614700,-0.016010739595569645,50,2011-03-16,75.16999816894531,75.80999755859375,72.9800033569336,73.75,52.46879196166992,31614700,-0.016010739595569645
51,2011-03-17,75.19999694824219,76.38999938964844,74.70999908447266,76.0,54.069522857666016,20915300,0.0305082475915488,51,2011-03-17,75.19999694824219,76.38999938964844,74.70999908447266,76.0,54.069522857666016,20915300,0.0305082475915488,51,2011-03-17,75.19999694824219,76.38999938964844,74.70999908447266,76.0,54.069522857666016,20915300,0.0305082475915488,51,2011-03-17,75.19999694824219,76.38999938964844,74.70999908447266,76.0,54.069522857666016,20915300,0.0305082475915488,51,2011-03-17,75.19999694824219,76.38999938964844,74.70999908447266,76.0,54.069522857666016,20915300,0.0305082475915488
52,2011-03-18,76.68000030517578,76.86000061035156,75.29000091552734,75.38999938964844,53.81612777709961,24164300,-0.0046864678505385005,52,2011-03-18,76.68000030517578,76.86000061035156,75.29000091552734,75.38999938964844,53.81612777709961,24164300,-0.0046864678505385005,52,2011-03-18,76.68000030517578,76.86000061035156,75.29000091552734,75.38999938964844,53.81612777709961,24164300,-0.0046864678505385005,52,2011-03-18,76.68000030517578,76.86000061035156,75.29000091552734,75.38999938964844,53.81612777709961,24164300,-0.0046864678505385005,52,2011-03-18,76.68000030517578,76.86000061035156,75.29000091552734,75.38999938964844,53.81612777709961,24164300,-0.0046864678505385005
53,2011-03-21,76.69999694824219,77.69999694824219,76.55000305175781,77.68000030517578,55.450809478759766,17162800,0.030375312553716727,53,2011-03-21,76.69999694824219,77.69999694824219,76.55000305175781,77.68000030517578,55.450809478759766,17162800,0.030375312553716727,53,2011-03-21,76.69999694824219,77.69999694824219,76.55000305175781,77.68000030517578,55.450809478759766,17162800,0.030375312553716727,53,2011-03-21,76.69999694824219,77.69999694824219,76.55000305175781,77.68000030517578,55.450809478759766,17162800,0.030375312553716727,53,2011-03-21,76.69999694824219,77.69999694824219,76.55000305175781,77.68000030517578,55.450809478759766,17162800,0.030375312553716727
54,2011-03-22,77.69999694824219,77.95999908447266,77.26000213623047,77.51000213623047,55.3294677734375,10012500,-0.002188276536679634,54,2011-03-22,77.69999694824219,77.95999908447266,77.26000213623047,77.51000213623047,55.3294677734375,10012500,-0.002188276536679634,54,2011-03-22,77.69999694824219,77.95999908447266,77.26000213623047,77.51000213623047,55.3294677734375,10012500,-0.002188276536679634,54,2011-03-22,77.69999694824219,77.95999908447266,77.26000213623047,77.51000213623047,55.3294677734375,10012500,-0.002188276536679634,54,2011-03-22,77.69999694824219,77.95999908447266,77.26000213623047,77.51000213623047,55.3294677734375,10012500,-0.002188276536679634
55,2011-03-23,77.48999786376953,77.97000122070312,76.98999786376953,77.70999908447266,55.47221374511719,10095400,0.0025799267085706568,55,2011-03-23,77.48999786376953,77.97000122070312,76.98999786376953,77.70999908447266,55.47221374511719,10095400,0.0025799267085706568,55,2011-03-23,77.48999786376953,77.97000122070312,76.98999786376953,77.70999908447266,55.47221374511719,10095400,0.0025799267085706568,55,2011-03-23,77.48999786376953,77.97000122070312,76.98999786376953,77.70999908447266,55.47221374511719,10095400,0.0025799267085706568,55,2011-03-23,77.48999786376953,77.97000122070312,76.98999786376953,77.70999908447266,55.47221374511719,10095400,0.0025799267085706568
56,2011-03-24,78.0199966430664,78.12999725341797,77.1500015258789,77.98999786376953,55.672096252441406,15353100,0.003603290617580912,56,2011-03-24,78.0199966430664,78.12999725341797,77.1500015258789,77.98999786376953,55.672096252441406,15353100,0.003603290617580912,56,2011-03-24,78.0199966430664,78.12999725341797,77.1500015258789,77.98999786376953,55.672096252441406,15353100,0.003603290617580912,56,2011-03-24,78.0199966430664,78.12999725341797,77.1500015258789,77.98999786376953,55.672096252441406,15353100,0.003603290617580912,56,2011-03-24,78.0199966430664,78.12999725341797,77.1500015258789,77.98999786376953,55.672096252441406,15353100,0.003603290617580912
57,2011-03-25,78.06999969482422,78.9000015258789,77.79000091552734,78.69000244140625,56.171775817871094,11636900,0.008975404180290303,57,2011-03-25,78.06999969482422,78.9000015258789,77.79000091552734,78.69000244140625,56.171775817871094,11636900,0.008975404180290303,57,2011-03-25,78.06999969482422,78.9000015258789,77.79000091552734,78.69000244140625,56.171775817871094,11636900,0.008975404180290303,57,2011-03-25,78.06999969482422,78.9000015258789,77.79000091552734,78.69000244140625,56.171775817871094,11636900,0.008975404180290303,57,2011-03-25,78.06999969482422,78.9000015258789,77.79000091552734,78.69000244140625,56.171775817871094,11636900,0.008975404180290303
58,2011-03-28,78.5,79.4000015258789,78.33999633789062,78.5,56.03617477416992,14145500,-0.0024140423144327627,58,2011-03-28,78.5,79.4000015258789,78.33999633789062,78.5,56.03617477416992,14145500,-0.0024140423144327627,58,2011-03-28,78.5,79.4000015258789,78.33999633789062,78.5,56.03617477416992,14145500,-0.0024140423144327627,58,2011-03-28,78.5,79.4000015258789,78.33999633789062,78.5,56.03617477416992,14145500,-0.0024140423144327627,58,2011-03-28,78.5,79.4000015258789,78.33999633789062,78.5,56.03617477416992,14145500,-0.0024140423144327627
59,2011-03-29,78.4000015258789,79.62000274658203,78.12999725341797,79.45999908447266,56.7214241027832,16956400,0.012228695684080693,59,2011-03-29,78.4000015258789,79.62000274658203,78.12999725341797,79.45999908447266,56.7214241027832,16956400,0.012228695684080693,59,2011-03-29,78.4000015258789,79.62000274658203,78.12999725341797,79.45999908447266,56.7214241027832,16956400,0.012228695684080693,59,2011-03-29,78.4000015258789,79.62000274658203,78.12999725341797,79.45999908447266,56.7214241027832,16956400,0.012228695684080693,59,2011-03-29,78.4000015258789,79.62000274658203,78.12999725341797,79.45999908447266,56.7214241027832,16956400,0.012228695684080693
60,2011-03-30,79.9800033569336,80.37000274658203,79.33000183105469,80.01000213623047,57.114051818847656,19041200,0.006922035584878472,60,2011-03-30,79.9800033569336,80.37000274658203,79.33000183105469,80.01000213623047,57.114051818847656,19041200,0.006922035584878472,60,2011-03-30,79.9800033569336,80.37000274658203,79.33000183105469,80.01000213623047,57.114051818847656,19041200,0.006922035584878472,60,2011-03-30,79.9800033569336,80.37000274658203,79.33000183105469,80.01000213623047,57.114051818847656,19041200,0.006922035584878472,60,2011-03-30,79.9800033569336,80.37000274658203,79.33000183105469,80.01000213623047,57.114051818847656,19041200,0.006922035584878472
61,2011-03-31,80.43000030517578,80.97000122070312,79.72000122070312,79.75,56.928443908691406,18850500,-0.003249776617932021,61,2011-03-31,80.43000030517578,80.97000122070312,79.72000122070312,79.75,56.928443908691406,18850500,-0.003249776617932021,61,2011-03-31,80.43000030517578,80.97000122070312,79.72000122070312,79.75,56.928443908691406,18850500,-0.003249776617932021,61,2011-03-31,80.43000030517578,80.97000122070312,79.72000122070312,79.75,56.928443908691406,18850500,-0.003249776617932021,61,2011-03-31,80.43000030517578,80.97000122070312,79.72000122070312,79.75,56.928443908691406,18850500,-0.003249776617932021
62,2011-04-01,80.44999694824219,80.69000244140625,79.77999877929688,79.98999786376953,57.09977722167969,12911900,0.003009625790283188,62,2011-04-01,80.44999694824219,80.69000244140625,79.77999877929688,79.98999786376953,57.09977722167969,12911900,0.003009625790283188,62,2011-04-01,80.44999694824219,80.69000244140625,79.77999877929688,79.98999786376953,57.09977722167969,12911900,0.003009625790283188,62,2011-04-01,80.44999694824219,80.69000244140625,79.77999877929688,79.98999786376953,57.09977722167969,12911900,0.003009625790283188,62,2011-04-01,80.44999694824219,80.69000244140625,79.77999877929688,79.98999786376953,57.09977722167969,12911900,0.003009625790283188
63,2011-04-04,80.36000061035156,80.55000305175781,79.93000030517578,80.04000091552734,57.135467529296875,7475600,0.0006250516088464053,63,2011-04-04,80.36000061035156,80.55000305175781,79.93000030517578,80.04000091552734,57.135467529296875,7475600,0.0006250516088464053,63,2011-04-04,80.36000061035156,80.55000305175781,79.93000030517578,80.04000091552734,57.135467529296875,7475600,0.0006250516088464053,63,2011-04-04,80.36000061035156,80.55000305175781,79.93000030517578,80.04000091552734,57.135467529296875,7475600,0.0006250516088464053,63,2011-04-04,80.36000061035156,80.55000305175781,79.93000030517578,80.04000091552734,57.135467529296875,7475600,0.0006250516088464053
64,2011-04-05,79.97000122070312,80.7300033569336,79.88999938964844,80.27999877929688,57.30679702758789,19290400,0.0029986540007425067,64,2011-04-05,79.97000122070312,80.7300033569336,79.88999938964844,80.27999877929688,57.30679702758789,19290400,0.0029986540007425067,64,2011-04-05,79.97000122070312,80.7300033569336,79.88999938964844,80.27999877929688,57.30679702758789,19290400,0.0029986540007425067,64,2011-04-05,79.97000122070312,80.7300033569336,79.88999938964844,80.27999877929688,57.30679702758789,19290400,0.0029986540007425067,64,2011-04-05,79.97000122070312,80.7300033569336,79.88999938964844,80.27999877929688,57.30679702758789,19290400,0.0029986540007425067
65,2011-04-06,80.69999694824219,80.9000015258789,79.08000183105469,79.44000244140625,56.707157135009766,16473700,-0.010463678371161689,65,2011-04-06,80.69999694824219,80.9000015258789,79.08000183105469,79.44000244140625,56.707157135009766,16473700,-0.010463678371161689,65,2011-04-06,80.69999694824219,80.9000015258789,79.08000183105469,79.44000244140625,56.707157135009766,16473700,-0.010463678371161689,65,2011-04-06,80.69999694824219,80.9000015258789,79.08000183105469,79.44000244140625,56.707157135009766,16473700,-0.010463678371161689,65,2011-04-06,80.69999694824219,80.9000015258789,79.08000183105469,79.44000244140625,56.707157135009766,16473700,-0.010463678371161689
66,2011-04-07,79.29000091552734,79.7699966430664,78.7300033569336,79.44000244140625,56.707157135009766,14810700,0.0,66,2011-04-07,79.29000091552734,79.7699966430664,78.7300033569336,79.44000244140625,56.707157135009766,14810700,0.0,66,2011-04-07,79.29000091552734,79.7699966430664,78.7300033569336,79.44000244140625,56.707157135009766,14810700,0.0,66,2011-04-07,79.29000091552734,79.7699966430664,78.7300033569336,79.44000244140625,56.707157135009766,14810700,0.0,66,2011-04-07,79.29000091552734,79.7699966430664,78.7300033569336,79.44000244140625,56.707157135009766,14810700,0.0
67,2011-04-08,80.0199966430664,80.37999725341797,79.2699966430664,79.72000122070312,56.90702438354492,19139800,0.0035245506675516403,67,2011-04-08,80.0199966430664,80.37999725341797,79.2699966430664,79.72000122070312,56.90702438354492,19139800,0.0035245506675516403,67,2011-04-08,80.0199966430664,80.37999725341797,79.2699966430664,79.72000122070312,56.90702438354492,19139800,0.0035245506675516403,67,2011-04-08,80.0199966430664,80.37999725341797,79.2699966430664,79.72000122070312,56.90702438354492,19139800,0.0035245506675516403,67,2011-04-08,80.0199966430664,80.37999725341797,79.2699966430664,79.72000122070312,56.90702438354492,19139800,0.0035245506675516403
68,2011-04-11,79.75,79.9000015258789,77.87000274658203,78.1500015258789,55.78632736206055,17682700,-0.019693474287656332,68,2011-04-11,79.75,79.9000015258789,77.87000274658203,78.1500015258789,55.78632736206055,17682700,-0.019693474287656332,68,2011-04-11,79.75,79.9000015258789,77.87000274658203,78.1500015258789,55.78632736206055,17682700,-0.019693474287656332,68,2011-04-11,79.75,79.9000015258789,77.87000274658203,78.1500015258789,55.78632736206055,17682700,-0.019693474287656332,68,2011-04-11,79.75,79.9000015258789,77.87000274658203,78.1500015258789,55.78632736206055,17682700,-0.019693474287656332
69,2011-04-12,77.26000213623047,77.30000305175781,75.30000305175781,75.7300033569336,54.05883026123047,37937800,-0.030966317062214865,69,2011-04-12,77.26000213623047,77.30000305175781,75.30000305175781,75.7300033569336,54.05883026123047,37937800,-0.030966317062214865,69,2011-04-12,77.26000213623047,77.30000305175781,75.30000305175781,75.7300033569336,54.05883026123047,37937800,-0.030966317062214865,69,2011-04-12,77.26000213623047,77.30000305175781,75.30000305175781,75.7300033569336,54.05883026123047,37937800,-0.030966317062214865,69,2011-04-12,77.26000213623047,77.30000305175781,75.30000305175781,75.7300033569336,54.05883026123047,37937800,-0.030966317062214865
70,2011-04-13,76.41999816894531,76.66999816894531,75.44999694824219,76.04000091552734,54.28009796142578,26834700,0.004093090788795717,70,2011-04-13,76.41999816894531,76.66999816894531,75.44999694824219,76.04000091552734,54.28009796142578,26834700,0.004093090788795717,70,2011-04-13,76.41999816894531,76.66999816894531,75.44999694824219,76.04000091552734,54.28009796142578,26834700,0.004093090788795717,70,2011-04-13,76.41999816894531,76.66999816894531,75.44999694824219,76.04000091552734,54.28009796142578,26834700,0.004093090788795717,70,2011-04-13,76.41999816894531,76.66999816894531,75.44999694824219,76.04000091552734,54.28009796142578,26834700,0.004093090788795717
71,2011-04-14,75.62000274658203,76.77999877929688,75.33999633789062,76.55999755859375,54.65130615234375,20672400,0.006838753150036014,71,2011-04-14,75.62000274658203,76.77999877929688,75.33999633789062,76.55999755859375,54.65130615234375,20672400,0.006838753150036014,71,2011-04-14,75.62000274658203,76.77999877929688,75.33999633789062,76.55999755859375,54.65130615234375,20672400,0.006838753150036014,71,2011-04-14,75.62000274658203,76.77999877929688,75.33999633789062,76.55999755859375,54.65130615234375,20672400,0.006838753150036014,71,2011-04-14,75.62000274658203,76.77999877929688,75.33999633789062,76.55999755859375,54.65130615234375,20672400,0.006838753150036014
72,2011-04-15,76.76000213623047,77.30000305175781,76.16999816894531,77.19000244140625,55.10102462768555,15263900,0.008228869664856253,72,2011-04-15,76.76000213623047,77.30000305175781,76.16999816894531,77.19000244140625,55.10102462768555,15263900,0.008228869664856253,72,2011-04-15,76.76000213623047,77.30000305175781,76.16999816894531,77.19000244140625,55.10102462768555,15263900,0.008228869664856253,72,2011-04-15,76.76000213623047,77.30000305175781,76.16999816894531,77.19000244140625,55.10102462768555,15263900,0.008228869664856253,72,2011-04-15,76.76000213623047,77.30000305175781,76.16999816894531,77.19000244140625,55.10102462768555,15263900,0.008228869664856253
73,2011-04-18,76.04000091552734,76.38999938964844,75.19000244140625,76.04000091552734,54.28009796142578,20034700,-0.014898573516676339,73,2011-04-18,76.04000091552734,76.38999938964844,75.19000244140625,76.04000091552734,54.28009796142578,20034700,-0.014898573516676339,73,2011-04-18,76.04000091552734,76.38999938964844,75.19000244140625,76.04000091552734,54.28009796142578,20034700,-0.014898573516676339,73,2011-04-18,76.04000091552734,76.38999938964844,75.19000244140625,76.04000091552734,54.28009796142578,20034700,-0.014898573516676339,73,2011-04-18,76.04000091552734,76.38999938964844,75.19000244140625,76.04000091552734,54.28009796142578,20034700,-0.014898573516676339
74,2011-04-19,75.98999786376953,77.0,75.94999694824219,76.80999755859375,54.82976531982422,15054600,0.01012649901238305,74,2011-04-19,75.98999786376953,77.0,75.94999694824219,76.80999755859375,54.82976531982422,15054600,0.01012649901238305,74,2011-04-19,75.98999786376953,77.0,75.94999694824219,76.80999755859375,54.82976531982422,15054600,0.01012649901238305,74,2011-04-19,75.98999786376953,77.0,75.94999694824219,76.80999755859375,54.82976531982422,15054600,0.01012649901238305,74,2011-04-19,75.98999786376953,77.0,75.94999694824219,76.80999755859375,54.82976531982422,15054600,0.01012649901238305
75,2011-04-20,78.29000091552734,78.66000366210938,77.91999816894531,78.62000274658203,56.12181091308594,22414000,0.023564674875501845,75,2011-04-20,78.29000091552734,78.66000366210938,77.91999816894531,78.62000274658203,56.12181091308594,22414000,0.023564674875501845,75,2011-04-20,78.29000091552734,78.66000366210938,77.91999816894531,78.62000274658203,56.12181091308594,22414000,0.023564674875501845,75,2011-04-20,78.29000091552734,78.66000366210938,77.91999816894531,78.62000274658203,56.12181091308594,22414000,0.023564674875501845,75,2011-04-20,78.29000091552734,78.66000366210938,77.91999816894531,78.62000274658203,56.12181091308594,22414000,0.023564674875501845
76,2011-04-21,78.77999877929688,79.19000244140625,78.41000366210938,78.9800033569336,56.37879943847656,12638300,0.004579120331462905,76,2011-04-21,78.77999877929688,79.19000244140625,78.41000366210938,78.9800033569336,56.37879943847656,12638300,0.004579120331462905,76,2011-04-21,78.77999877929688,79.19000244140625,78.41000366210938,78.9800033569336,56.37879943847656,12638300,0.004579120331462905,76,2011-04-21,78.77999877929688,79.19000244140625,78.41000366210938,78.9800033569336,56.37879943847656,12638300,0.004579120331462905,76,2011-04-21,78.77999877929688,79.19000244140625,78.41000366210938,78.9800033569336,56.37879943847656,12638300,0.004579120331462905
77,2011-04-25,79.0199966430664,79.08999633789062,78.08000183105469,78.56999969482422,56.08613586425781,7075400,-0.0051910217516802915,77,2011-04-25,79.0199966430664,79.08999633789062,78.08000183105469,78.56999969482422,56.08613586425781,7075400,-0.0051910217516802915,77,2011-04-25,79.0199966430664,79.08999633789062,78.08000183105469,78.56999969482422,56.08613586425781,7075400,-0.0051910217516802915,77,2011-04-25,79.0199966430664,79.08999633789062,78.08000183105469,78.56999969482422,56.08613586425781,7075400,-0.0051910217516802915,77,2011-04-25,79.0199966430664,79.08999633789062,78.08000183105469,78.56999969482422,56.08613586425781,7075400,-0.0051910217516802915
78,2011-04-26,78.80999755859375,79.47000122070312,78.47000122070312,79.3499984741211,56.642913818359375,9199500,0.009927194047546717,78,2011-04-26,78.80999755859375,79.47000122070312,78.47000122070312,79.3499984741211,56.642913818359375,9199500,0.009927194047546717,78,2011-04-26,78.80999755859375,79.47000122070312,78.47000122070312,79.3499984741211,56.642913818359375,9199500,0.009927194047546717,78,2011-04-26,78.80999755859375,79.47000122070312,78.47000122070312,79.3499984741211,56.642913818359375,9199500,0.009927194047546717,78,2011-04-26,78.80999755859375,79.47000122070312,78.47000122070312,79.3499984741211,56.642913818359375,9199500,0.009927194047546717
79,2011-04-27,79.66999816894531,79.69999694824219,77.9800033569336,79.30999755859375,56.61436080932617,18707100,-0.0005040879274813559,79,2011-04-27,79.66999816894531,79.69999694824219,77.9800033569336,79.30999755859375,56.61436080932617,18707100,-0.0005040879274813559,79,2011-04-27,79.66999816894531,79.69999694824219,77.9800033569336,79.30999755859375,56.61436080932617,18707100,-0.0005040879274813559,79,2011-04-27,79.66999816894531,79.69999694824219,77.9800033569336,79.30999755859375,56.61436080932617,18707100,-0.0005040879274813559,79,2011-04-27,79.66999816894531,79.69999694824219,77.9800033569336,79.30999755859375,56.61436080932617,18707100,-0.0005040879274813559
80,2011-04-28,79.04000091552734,79.54000091552734,78.55000305175781,79.30000305175781,56.607234954833984,14996200,-0.00012586655382695877,80,2011-04-28,79.04000091552734,79.54000091552734,78.55000305175781,79.30000305175781,56.607234954833984,14996200,-0.00012586655382695877,80,2011-04-28,79.04000091552734,79.54000091552734,78.55000305175781,79.30000305175781,56.607234954833984,14996200,-0.00012586655382695877,80,2011-04-28,79.04000091552734,79.54000091552734,78.55000305175781,79.30000305175781,56.607234954833984,14996200,-0.00012586655382695877,80,2011-04-28,79.04000091552734,79.54000091552734,78.55000305175781,79.30000305175781,56.607234954833984,14996200,-0.00012586655382695877
81,2011-04-29,79.31999969482422,80.51000213623047,79.27999877929688,80.4800033569336,57.449562072753906,9928600,0.014880202479276683,81,2011-04-29,79.31999969482422,80.51000213623047,79.27999877929688,80.4800033569336,57.449562072753906,9928600,0.014880202479276683,81,2011-04-29,79.31999969482422,80.51000213623047,79.27999877929688,80.4800033569336,57.449562072753906,9928600,0.014880202479276683,81,2011-04-29,79.31999969482422,80.51000213623047,79.27999877929688,80.4800033569336,57.449562072753906,9928600,0.014880202479276683,81,2011-04-29,79.31999969482422,80.51000213623047,79.27999877929688,80.4800033569336,57.449562072753906,9928600,0.014880202479276683
82,2011-05-02,80.6500015258789,80.80000305175781,78.91999816894531,79.41000366210938,56.685752868652344,17762000,-0.013295300721949399,82,2011-05-02,80.6500015258789,80.80000305175781,78.91999816894531,79.41000366210938,56.685752868652344,17762000,-0.013295300721949399,82,2011-05-02,80.6500015258789,80.80000305175781,78.91999816894531,79.41000366210938,56.685752868652344,17762000,-0.013295300721949399,82,2011-05-02,80.6500015258789,80.80000305175781,78.91999816894531,79.41000366210938,56.685752868652344,17762000,-0.013295300721949399,82,2011-05-02,80.6500015258789,80.80000305175781,78.91999816894531,79.41000366210938,56.685752868652344,17762000,-0.013295300721949399
83,2011-05-03,78.80000305175781,78.97000122070312,76.73999786376953,77.41999816894531,55.265228271484375,28745200,-0.02505964065537758,83,2011-05-03,78.80000305175781,78.97000122070312,76.73999786376953,77.41999816894531,55.265228271484375,28745200,-0.02505964065537758,83,2011-05-03,78.80000305175781,78.97000122070312,76.73999786376953,77.41999816894531,55.265228271484375,28745200,-0.02505964065537758,83,2011-05-03,78.80000305175781,78.97000122070312,76.73999786376953,77.41999816894531,55.265228271484375,28745200,-0.02505964065537758,83,2011-05-03,78.80000305175781,78.97000122070312,76.73999786376953,77.41999816894531,55.265228271484375,28745200,-0.02505964065537758
84,2011-05-04,77.26000213623047,77.2699966430664,75.38999938964844,76.05000305175781,54.287261962890625,29742100,-0.01769587024574648,84,2011-05-04,77.26000213623047,77.2699966430664,75.38999938964844,76.05000305175781,54.287261962890625,29742100,-0.01769587024574648,84,2011-05-04,77.26000213623047,77.2699966430664,75.38999938964844,76.05000305175781,54.287261962890625,29742100,-0.01769587024574648,84,2011-05-04,77.26000213623047,77.2699966430664,75.38999938964844,76.05000305175781,54.287261962890625,29742100,-0.01769587024574648,84,2011-05-04,77.26000213623047,77.2699966430664,75.38999938964844,76.05000305175781,54.287261962890625,29742100,-0.01769587024574648
85,2011-05-05,74.91000366210938,75.6500015258789,73.58000183105469,74.47000122070312,53.15940475463867,44500000,-0.02077572468147182,85,2011-05-05,74.91000366210938,75.6500015258789,73.58000183105469,74.47000122070312,53.15940475463867,44500000,-0.02077572468147182,85,2011-05-05,74.91000366210938,75.6500015258789,73.58000183105469,74.47000122070312,53.15940475463867,44500000,-0.02077572468147182,85,2011-05-05,74.91000366210938,75.6500015258789,73.58000183105469,74.47000122070312,53.15940475463867,44500000,-0.02077572468147182,85,2011-05-05,74.91000366210938,75.6500015258789,73.58000183105469,74.47000122070312,53.15940475463867,44500000,-0.02077572468147182
86,2011-05-06,75.33000183105469,76.44999694824219,73.9800033569336,74.80000305175781,53.394962310791016,35202300,0.004431154886695543,86,2011-05-06,75.33000183105469,76.44999694824219,73.9800033569336,74.80000305175781,53.394962310791016,35202300,0.004431154886695543,86,2011-05-06,75.33000183105469,76.44999694824219,73.9800033569336,74.80000305175781,53.394962310791016,35202300,0.004431154886695543,86,2011-05-06,75.33000183105469,76.44999694824219,73.9800033569336,74.80000305175781,53.394962310791016,35202300,0.004431154886695543,86,2011-05-06,75.33000183105469,76.44999694824219,73.9800033569336,74.80000305175781,53.394962310791016,35202300,0.004431154886695543
87,2011-05-09,75.1500015258789,76.47000122070312,75.0199966430664,76.11000061035156,54.33009338378906,24224300,0.017513470045264157,87,2011-05-09,75.1500015258789,76.47000122070312,75.0199966430664,76.11000061035156,54.33009338378906,24224300,0.017513470045264157,87,2011-05-09,75.1500015258789,76.47000122070312,75.0199966430664,76.11000061035156,54.33009338378906,24224300,0.017513470045264157,87,2011-05-09,75.1500015258789,76.47000122070312,75.0199966430664,76.11000061035156,54.33009338378906,24224300,0.017513470045264157,87,2011-05-09,75.1500015258789,76.47000122070312,75.0199966430664,76.11000061035156,54.33009338378906,24224300,0.017513470045264157
88,2011-05-10,76.0999984741211,76.83000183105469,75.51000213623047,76.47000122070312,54.58706283569336,17760300,0.00472978115625633,88,2011-05-10,76.0999984741211,76.83000183105469,75.51000213623047,76.47000122070312,54.58706283569336,17760300,0.00472978115625633,88,2011-05-10,76.0999984741211,76.83000183105469,75.51000213623047,76.47000122070312,54.58706283569336,17760300,0.00472978115625633,88,2011-05-10,76.0999984741211,76.83000183105469,75.51000213623047,76.47000122070312,54.58706283569336,17760300,0.00472978115625633,88,2011-05-10,76.0999984741211,76.83000183105469,75.51000213623047,76.47000122070312,54.58706283569336,17760300,0.00472978115625633
89,2011-05-11,76.0,76.08000183105469,73.70999908447266,74.26000213623047,53.009490966796875,41162800,-0.028900105390263664,89,2011-05-11,76.0,76.08000183105469,73.70999908447266,74.26000213623047,53.009490966796875,41162800,-0.028900105390263664,89,2011-05-11,76.0,76.08000183105469,73.70999908447266,74.26000213623047,53.009490966796875,41162800,-0.028900105390263664,89,2011-05-11,76.0,76.08000183105469,73.70999908447266,74.26000213623047,53.009490966796875,41162800,-0.028900105390263664,89,2011-05-11,76.0,76.08000183105469,73.70999908447266,74.26000213623047,53.009490966796875,41162800,-0.028900105390263664
90,2011-05-12,73.9000015258789,74.75,72.77999877929688,74.1500015258789,52.93098449707031,38950900,-0.0014809889379193697,90,2011-05-12,73.9000015258789,74.75,72.77999877929688,74.1500015258789,52.93098449707031,38950900,-0.0014809889379193697,90,2011-05-12,73.9000015258789,74.75,72.77999877929688,74.1500015258789,52.93098449707031,38950900,-0.0014809889379193697,90,2011-05-12,73.9000015258789,74.75,72.77999877929688,74.1500015258789,52.93098449707031,38950900,-0.0014809889379193697,90,2011-05-12,73.9000015258789,74.75,72.77999877929688,74.1500015258789,52.93098449707031,38950900,-0.0014809889379193697
91,2011-05-13,74.5,74.8499984741211,73.12999725341797,73.79000091552734,52.673988342285156,35931900,-0.004855306532214221,91,2011-05-13,74.5,74.8499984741211,73.12999725341797,73.79000091552734,52.673988342285156,35931900,-0.004855306532214221,91,2011-05-13,74.5,74.8499984741211,73.12999725341797,73.79000091552734,52.673988342285156,35931900,-0.004855306532214221,91,2011-05-13,74.5,74.8499984741211,73.12999725341797,73.79000091552734,52.673988342285156,35931900,-0.004855306532214221,91,2011-05-13,74.5,74.8499984741211,73.12999725341797,73.79000091552734,52.673988342285156,35931900,-0.004855306532214221
92,2011-05-16,73.4800033569336,74.7300033569336,73.04000091552734,73.2300033569336,52.274234771728516,28144100,-0.007589202624243452,92,2011-05-16,73.4800033569336,74.7300033569336,73.04000091552734,73.2300033569336,52.274234771728516,28144100,-0.007589202624243452,92,2011-05-16,73.4800033569336,74.7300033569336,73.04000091552734,73.2300033569336,52.274234771728516,28144100,-0.007589202624243452,92,2011-05-16,73.4800033569336,74.7300033569336,73.04000091552734,73.2300033569336,52.274234771728516,28144100,-0.007589202624243452,92,2011-05-16,73.4800033569336,74.7300033569336,73.04000091552734,73.2300033569336,52.274234771728516,28144100,-0.007589202624243452
93,2011-05-17,72.88999938964844,73.58000183105469,72.27999877929688,73.2300033569336,52.274234771728516,30099200,0.0,93,2011-05-17,72.88999938964844,73.58000183105469,72.27999877929688,73.2300033569336,52.274234771728516,30099200,0.0,93,2011-05-17,72.88999938964844,73.58000183105469,72.27999877929688,73.2300033569336,52.274234771728516,30099200,0.0,93,2011-05-17,72.88999938964844,73.58000183105469,72.27999877929688,73.2300033569336,52.274234771728516,30099200,0.0,93,2011-05-17,72.88999938964844,73.58000183105469,72.27999877929688,73.2300033569336,52.274234771728516,30099200,0.0
94,2011-05-18,73.55999755859375,75.23999786376953,73.27999877929688,74.70999908447266,53.33072280883789,25846300,0.02021049263987984,94,2011-05-18,73.55999755859375,75.23999786376953,73.27999877929688,74.70999908447266,53.33072280883789,25846300,0.02021049263987984,94,2011-05-18,73.55999755859375,75.23999786376953,73.27999877929688,74.70999908447266,53.33072280883789,25846300,0.02021049263987984,94,2011-05-18,73.55999755859375,75.23999786376953,73.27999877929688,74.70999908447266,53.33072280883789,25846300,0.02021049263987984,94,2011-05-18,73.55999755859375,75.23999786376953,73.27999877929688,74.70999908447266,53.33072280883789,25846300,0.02021049263987984
95,2011-05-19,75.05000305175781,75.36000061035156,74.08999633789062,74.72000122070312,53.337860107421875,19660900,0.0001338308991154502,95,2011-05-19,75.05000305175781,75.36000061035156,74.08999633789062,74.72000122070312,53.337860107421875,19660900,0.0001338308991154502,95,2011-05-19,75.05000305175781,75.36000061035156,74.08999633789062,74.72000122070312,53.337860107421875,19660900,0.0001338308991154502,95,2011-05-19,75.05000305175781,75.36000061035156,74.08999633789062,74.72000122070312,53.337860107421875,19660900,0.0001338308991154502,95,2011-05-19,75.05000305175781,75.36000061035156,74.08999633789062,74.72000122070312,53.337860107421875,19660900,0.0001338308991154502
96,2011-05-20,74.6500015258789,75.2699966430664,73.72000122070312,74.62999725341797,53.27361297607422,27046400,-0.0012045314757334058,96,2011-05-20,74.6500015258789,75.2699966430664,73.72000122070312,74.62999725341797,53.27361297607422,27046400,-0.0012045314757334058,96,2011-05-20,74.6500015258789,75.2699966430664,73.72000122070312,74.62999725341797,53.27361297607422,27046400,-0.0012045314757334058,96,2011-05-20,74.6500015258789,75.2699966430664,73.72000122070312,74.62999725341797,53.27361297607422,27046400,-0.0012045314757334058,96,2011-05-20,74.6500015258789,75.2699966430664,73.72000122070312,74.62999725341797,53.27361297607422,27046400,-0.0012045314757334058
97,2011-05-23,73.33000183105469,73.87000274658203,73.0,73.47000122070312,52.44556427001953,20300000,-0.01554331797294417,97,2011-05-23,73.33000183105469,73.87000274658203,73.0,73.47000122070312,52.44556427001953,20300000,-0.01554331797294417,97,2011-05-23,73.33000183105469,73.87000274658203,73.0,73.47000122070312,52.44556427001953,20300000,-0.01554331797294417,97,2011-05-23,73.33000183105469,73.87000274658203,73.0,73.47000122070312,52.44556427001953,20300000,-0.01554331797294417,97,2011-05-23,73.33000183105469,73.87000274658203,73.0,73.47000122070312,52.44556427001953,20300000,-0.01554331797294417
98,2011-05-24,74.22000122070312,75.33000183105469,74.19999694824219,74.51000213623047,53.18795394897461,24830800,0.014155433148413277,98,2011-05-24,74.22000122070312,75.33000183105469,74.19999694824219,74.51000213623047,53.18795394897461,24830800,0.014155433148413277,98,2011-05-24,74.22000122070312,75.33000183105469,74.19999694824219,74.51000213623047,53.18795394897461,24830800,0.014155433148413277,98,2011-05-24,74.22000122070312,75.33000183105469,74.19999694824219,74.51000213623047,53.18795394897461,24830800,0.014155433148413277,98,2011-05-24,74.22000122070312,75.33000183105469,74.19999694824219,74.51000213623047,53.18795394897461,24830800,0.014155433148413277
99,2011-05-25,74.12999725341797,76.16000366210938,74.12000274658203,75.7699966430664,54.087364196777344,24917700,0.01691003659711332,99,2011-05-25,74.12999725341797,76.16000366210938,74.12000274658203,75.7699966430664,54.087364196777344,24917700,0.01691003659711332,99,2011-05-25,74.12999725341797,76.16000366210938,74.12000274658203,75.7699966430664,54.087364196777344,24917700,0.01691003659711332,99,2011-05-25,74.12999725341797,76.16000366210938,74.12000274658203,75.7699966430664,54.087364196777344,24917700,0.01691003659711332,99,2011-05-25,74.12999725341797,76.16000366210938,74.12000274658203,75.7699966430664,54.087364196777344,24917700,0.01691003659711332
100,2011-05-26,75.5199966430664,76.33000183105469,75.13999938964844,76.1500015258789,54.358638763427734,18745500,0.005015488750079511,100,2011-05-26,75.5199966430664,76.33000183105469,75.13999938964844,76.1500015258789,54.358638763427734,18745500,0.005015488750079511,100,2011-05-26,75.5199966430664,76.33000183105469,75.13999938964844,76.1500015258789,54.358638763427734,18745500,0.005015488750079511,100,2011-05-26,75.5199966430664,76.33000183105469,75.13999938964844,76.1500015258789,54.358638763427734,18745500,0.005015488750079511,100,2011-05-26,75.5199966430664,76.33000183105469,75.13999938964844,76.1500015258789,54.358638763427734,18745500,0.005015488750079511
101,2011-05-27,76.56999969482422,77.12000274658203,75.95999908447266,76.33999633789062,54.494266510009766,16697100,0.0024950541379868962,101,2011-05-27,76.56999969482422,77.12000274658203,75.95999908447266,76.33999633789062,54.494266510009766,16697100,0.0024950541379868962,101,2011-05-27,76.56999969482422,77.12000274658203,75.95999908447266,76.33999633789062,54.494266510009766,16697100,0.0024950541379868962,101,2011-05-27,76.56999969482422,77.12000274658203,75.95999908447266,76.33999633789062,54.494266510009766,16697100,0.0024950541379868962,101,2011-05-27,76.56999969482422,77.12000274658203,75.95999908447266,76.33999633789062,54.494266510009766,16697100,0.0024950541379868962
102,2011-05-31,77.33999633789062,77.66000366210938,76.25,77.11000061035156,55.043914794921875,19311200,0.01008635073216646,102,2011-05-31,77.33999633789062,77.66000366210938,76.25,77.11000061035156,55.043914794921875,19311200,0.01008635073216646,102,2011-05-31,77.33999633789062,77.66000366210938,76.25,77.11000061035156,55.043914794921875,19311200,0.01008635073216646,102,2011-05-31,77.33999633789062,77.66000366210938,76.25,77.11000061035156,55.043914794921875,19311200,0.01008635073216646,102,2011-05-31,77.33999633789062,77.66000366210938,76.25,77.11000061035156,55.043914794921875,19311200,0.01008635073216646
103,2011-06-01,76.91999816894531,77.25,75.06999969482422,75.2699966430664,53.7304573059082,27613900,-0.023861992627291273,103,2011-06-01,76.91999816894531,77.25,75.06999969482422,75.2699966430664,53.7304573059082,27613900,-0.023861992627291273,103,2011-06-01,76.91999816894531,77.25,75.06999969482422,75.2699966430664,53.7304573059082,27613900,-0.023861992627291273,103,2011-06-01,76.91999816894531,77.25,75.06999969482422,75.2699966430664,53.7304573059082,27613900,-0.023861992627291273,103,2011-06-01,76.91999816894531,77.25,75.06999969482422,75.2699966430664,53.7304573059082,27613900,-0.023861992627291273
104,2011-06-02,75.30000305175781,75.88999938964844,74.43000030517578,75.23999786376953,53.70903778076172,24105300,-0.0003986477357624807,104,2011-06-02,75.30000305175781,75.88999938964844,74.43000030517578,75.23999786376953,53.70903778076172,24105300,-0.0003986477357624807,104,2011-06-02,75.30000305175781,75.88999938964844,74.43000030517578,75.23999786376953,53.70903778076172,24105300,-0.0003986477357624807,104,2011-06-02,75.30000305175781,75.88999938964844,74.43000030517578,75.23999786376953,53.70903778076172,24105300,-0.0003986477357624807,104,2011-06-02,75.30000305175781,75.88999938964844,74.43000030517578,75.23999786376953,53.70903778076172,24105300,-0.0003986477357624807
105,2011-06-03,74.11000061035156,75.9800033569336,73.97000122070312,75.26000213623047,53.72333526611328,22377500,0.0002662025972226534,105,2011-06-03,74.11000061035156,75.9800033569336,73.97000122070312,75.26000213623047,53.72333526611328,22377500,0.0002662025972226534,105,2011-06-03,74.11000061035156,75.9800033569336,73.97000122070312,75.26000213623047,53.72333526611328,22377500,0.0002662025972226534,105,2011-06-03,74.11000061035156,75.9800033569336,73.97000122070312,75.26000213623047,53.72333526611328,22377500,0.0002662025972226534,105,2011-06-03,74.11000061035156,75.9800033569336,73.97000122070312,75.26000213623047,53.72333526611328,22377500,0.0002662025972226534
106,2011-06-06,75.0999984741211,75.41000366210938,73.4000015258789,73.55999755859375,52.509803771972656,23437600,-0.02258853602684041,106,2011-06-06,75.0999984741211,75.41000366210938,73.4000015258789,73.55999755859375,52.509803771972656,23437600,-0.02258853602684041,106,2011-06-06,75.0999984741211,75.41000366210938,73.4000015258789,73.55999755859375,52.509803771972656,23437600,-0.02258853602684041,106,2011-06-06,75.0999984741211,75.41000366210938,73.4000015258789,73.55999755859375,52.509803771972656,23437600,-0.02258853602684041,106,2011-06-06,75.0999984741211,75.41000366210938,73.4000015258789,73.55999755859375,52.509803771972656,23437600,-0.02258853602684041
107,2011-06-07,74.19999694824219,74.58000183105469,73.44000244140625,73.55999755859375,52.509803771972656,19165800,0.0,107,2011-06-07,74.19999694824219,74.58000183105469,73.44000244140625,73.55999755859375,52.509803771972656,19165800,0.0,107,2011-06-07,74.19999694824219,74.58000183105469,73.44000244140625,73.55999755859375,52.509803771972656,19165800,0.0,107,2011-06-07,74.19999694824219,74.58000183105469,73.44000244140625,73.55999755859375,52.509803771972656,19165800,0.0,107,2011-06-07,74.19999694824219,74.58000183105469,73.44000244140625,73.55999755859375,52.509803771972656,19165800,0.0
108,2011-06-08,73.79000091552734,74.68000030517578,73.62000274658203,73.77999877929688,52.66686248779297,25056600,0.0029910360454279417,108,2011-06-08,73.79000091552734,74.68000030517578,73.62000274658203,73.77999877929688,52.66686248779297,25056600,0.0029910360454279417,108,2011-06-08,73.79000091552734,74.68000030517578,73.62000274658203,73.77999877929688,52.66686248779297,25056600,0.0029910360454279417,108,2011-06-08,73.79000091552734,74.68000030517578,73.62000274658203,73.77999877929688,52.66686248779297,25056600,0.0029910360454279417,108,2011-06-08,73.79000091552734,74.68000030517578,73.62000274658203,73.77999877929688,52.66686248779297,25056600,0.0029910360454279417
109,2011-06-09,74.1500015258789,75.18000030517578,74.0,74.77999877929688,53.38068389892578,17272000,0.013553520703806221,109,2011-06-09,74.1500015258789,75.18000030517578,74.0,74.77999877929688,53.38068389892578,17272000,0.013553520703806221,109,2011-06-09,74.1500015258789,75.18000030517578,74.0,74.77999877929688,53.38068389892578,17272000,0.013553520703806221,109,2011-06-09,74.1500015258789,75.18000030517578,74.0,74.77999877929688,53.38068389892578,17272000,0.013553520703806221,109,2011-06-09,74.1500015258789,75.18000030517578,74.0,74.77999877929688,53.38068389892578,17272000,0.013553520703806221
110,2011-06-10,74.19999694824219,74.3499984741211,73.20999908447266,73.33000183105469,52.34562683105469,20968500,-0.01939010503932348,110,2011-06-10,74.19999694824219,74.3499984741211,73.20999908447266,73.33000183105469,52.34562683105469,20968500,-0.01939010503932348,110,2011-06-10,74.19999694824219,74.3499984741211,73.20999908447266,73.33000183105469,52.34562683105469,20968500,-0.01939010503932348,110,2011-06-10,74.19999694824219,74.3499984741211,73.20999908447266,73.33000183105469,52.34562683105469,20968500,-0.01939010503932348,110,2011-06-10,74.19999694824219,74.3499984741211,73.20999908447266,73.33000183105469,52.34562683105469,20968500,-0.01939010503932348
111,2011-06-13,73.37000274658203,73.9000015258789,71.4800033569336,72.16999816894531,51.51757049560547,27750600,-0.01581901651730655,111,2011-06-13,73.37000274658203,73.9000015258789,71.4800033569336,72.16999816894531,51.51757049560547,27750600,-0.01581901651730655,111,2011-06-13,73.37000274658203,73.9000015258789,71.4800033569336,72.16999816894531,51.51757049560547,27750600,-0.01581901651730655,111,2011-06-13,73.37000274658203,73.9000015258789,71.4800033569336,72.16999816894531,51.51757049560547,27750600,-0.01581901651730655,111,2011-06-13,73.37000274658203,73.9000015258789,71.4800033569336,72.16999816894531,51.51757049560547,27750600,-0.01581901651730655
112,2011-06-14,73.11000061035156,74.06999969482422,73.08999633789062,73.70999908447266,52.61689758300781,22877700,0.021338876752662772,112,2011-06-14,73.11000061035156,74.06999969482422,73.08999633789062,73.70999908447266,52.61689758300781,22877700,0.021338876752662772,112,2011-06-14,73.11000061035156,74.06999969482422,73.08999633789062,73.70999908447266,52.61689758300781,22877700,0.021338876752662772,112,2011-06-14,73.11000061035156,74.06999969482422,73.08999633789062,73.70999908447266,52.61689758300781,22877700,0.021338876752662772,112,2011-06-14,73.11000061035156,74.06999969482422,73.08999633789062,73.70999908447266,52.61689758300781,22877700,0.021338876752662772
113,2011-06-15,72.83000183105469,73.4800033569336,71.62000274658203,72.0199966430664,51.410499572753906,35639900,-0.022927957855187198,113,2011-06-15,72.83000183105469,73.4800033569336,71.62000274658203,72.0199966430664,51.410499572753906,35639900,-0.022927957855187198,113,2011-06-15,72.83000183105469,73.4800033569336,71.62000274658203,72.0199966430664,51.410499572753906,35639900,-0.022927957855187198,113,2011-06-15,72.83000183105469,73.4800033569336,71.62000274658203,72.0199966430664,51.410499572753906,35639900,-0.022927957855187198,113,2011-06-15,72.83000183105469,73.4800033569336,71.62000274658203,72.0199966430664,51.410499572753906,35639900,-0.022927957855187198
114,2011-06-16,72.05000305175781,72.79000091552734,71.4000015258789,72.12999725341797,51.48902130126953,25263900,0.001527348093641967,114,2011-06-16,72.05000305175781,72.79000091552734,71.4000015258789,72.12999725341797,51.48902130126953,25263900,0.001527348093641967,114,2011-06-16,72.05000305175781,72.79000091552734,71.4000015258789,72.12999725341797,51.48902130126953,25263900,0.001527348093641967,114,2011-06-16,72.05000305175781,72.79000091552734,71.4000015258789,72.12999725341797,51.48902130126953,25263900,0.001527348093641967,114,2011-06-16,72.05000305175781,72.79000091552734,71.4000015258789,72.12999725341797,51.48902130126953,25263900,0.001527348093641967
115,2011-06-17,72.5,72.62000274658203,71.22000122070312,71.68000030517578,51.35648727416992,27123800,-0.002574024981444767,115,2011-06-17,72.5,72.62000274658203,71.22000122070312,71.68000030517578,51.35648727416992,27123800,-0.002574024981444767,115,2011-06-17,72.5,72.62000274658203,71.22000122070312,71.68000030517578,51.35648727416992,27123800,-0.002574024981444767,115,2011-06-17,72.5,72.62000274658203,71.22000122070312,71.68000030517578,51.35648727416992,27123800,-0.002574024981444767,115,2011-06-17,72.5,72.62000274658203,71.22000122070312,71.68000030517578,51.35648727416992,27123800,-0.002574024981444767
116,2011-06-20,71.30000305175781,73.80000305175781,71.13999938964844,71.87999725341797,51.499759674072266,17361300,0.0027897624527448706,116,2011-06-20,71.30000305175781,73.80000305175781,71.13999938964844,71.87999725341797,51.499759674072266,17361300,0.0027897624527448706,116,2011-06-20,71.30000305175781,73.80000305175781,71.13999938964844,71.87999725341797,51.499759674072266,17361300,0.0027897624527448706,116,2011-06-20,71.30000305175781,73.80000305175781,71.13999938964844,71.87999725341797,51.499759674072266,17361300,0.0027897624527448706,116,2011-06-20,71.30000305175781,73.80000305175781,71.13999938964844,71.87999725341797,51.499759674072266,17361300,0.0027897624527448706
117,2011-06-21,72.37999725341797,73.66000366210938,72.33000183105469,73.30999755859375,52.52431106567383,23195500,0.019894294615851793,117,2011-06-21,72.37999725341797,73.66000366210938,72.33000183105469,73.30999755859375,52.52431106567383,23195500,0.019894294615851793,117,2011-06-21,72.37999725341797,73.66000366210938,72.33000183105469,73.30999755859375,52.52431106567383,23195500,0.019894294615851793,117,2011-06-21,72.37999725341797,73.66000366210938,72.33000183105469,73.30999755859375,52.52431106567383,23195500,0.019894294615851793,117,2011-06-21,72.37999725341797,73.66000366210938,72.33000183105469,73.30999755859375,52.52431106567383,23195500,0.019894294615851793
118,2011-06-22,73.08000183105469,74.08000183105469,72.86000061035156,73.0999984741211,52.37384796142578,18549900,-0.002864637368777956,118,2011-06-22,73.08000183105469,74.08000183105469,72.86000061035156,73.0999984741211,52.37384796142578,18549900,-0.002864637368777956,118,2011-06-22,73.08000183105469,74.08000183105469,72.86000061035156,73.0999984741211,52.37384796142578,18549900,-0.002864637368777956,118,2011-06-22,73.08000183105469,74.08000183105469,72.86000061035156,73.0999984741211,52.37384796142578,18549900,-0.002864637368777956,118,2011-06-22,73.08000183105469,74.08000183105469,72.86000061035156,73.0999984741211,52.37384796142578,18549900,-0.002864637368777956
119,2011-06-23,71.55000305175781,72.41000366210938,70.44999694824219,72.30000305175781,51.80067825317383,45453600,-0.010943815101653431,119,2011-06-23,71.55000305175781,72.41000366210938,70.44999694824219,72.30000305175781,51.80067825317383,45453600,-0.010943815101653431,119,2011-06-23,71.55000305175781,72.41000366210938,70.44999694824219,72.30000305175781,51.80067825317383,45453600,-0.010943815101653431,119,2011-06-23,71.55000305175781,72.41000366210938,70.44999694824219,72.30000305175781,51.80067825317383,45453600,-0.010943815101653431,119,2011-06-23,71.55000305175781,72.41000366210938,70.44999694824219,72.30000305175781,51.80067825317383,45453600,-0.010943815101653431
120,2011-06-24,72.30000305175781,72.47000122070312,70.83000183105469,70.93000030517578,50.81912612915039,17065700,-0.01894863459559626,120,2011-06-24,72.30000305175781,72.47000122070312,70.83000183105469,70.93000030517578,50.81912612915039,17065700,-0.01894863459559626,120,2011-06-24,72.30000305175781,72.47000122070312,70.83000183105469,70.93000030517578,50.81912612915039,17065700,-0.01894863459559626,120,2011-06-24,72.30000305175781,72.47000122070312,70.83000183105469,70.93000030517578,50.81912612915039,17065700,-0.01894863459559626,120,2011-06-24,72.30000305175781,72.47000122070312,70.83000183105469,70.93000030517578,50.81912612915039,17065700,-0.01894863459559626
121,2011-06-27,70.68000030517578,71.75,70.51000213623047,71.30999755859375,51.09136962890625,19694200,0.005357107067602618,121,2011-06-27,70.68000030517578,71.75,70.51000213623047,71.30999755859375,51.09136962890625,19694200,0.005357107067602618,121,2011-06-27,70.68000030517578,71.75,70.51000213623047,71.30999755859375,51.09136962890625,19694200,0.005357107067602618,121,2011-06-27,70.68000030517578,71.75,70.51000213623047,71.30999755859375,51.09136962890625,19694200,0.005357107067602618,121,2011-06-27,70.68000030517578,71.75,70.51000213623047,71.30999755859375,51.09136962890625,19694200,0.005357107067602618
122,2011-06-28,71.93000030517578,73.41999816894531,71.87000274658203,73.38999938964844,52.581626892089844,15857800,0.02916847354079244,122,2011-06-28,71.93000030517578,73.41999816894531,71.87000274658203,73.38999938964844,52.581626892089844,15857800,0.02916847354079244,122,2011-06-28,71.93000030517578,73.41999816894531,71.87000274658203,73.38999938964844,52.581626892089844,15857800,0.02916847354079244,122,2011-06-28,71.93000030517578,73.41999816894531,71.87000274658203,73.38999938964844,52.581626892089844,15857800,0.02916847354079244,122,2011-06-28,71.93000030517578,73.41999816894531,71.87000274658203,73.38999938964844,52.581626892089844,15857800,0.02916847354079244
123,2011-06-29,73.62999725341797,74.76000213623047,73.27999877929688,74.25,53.19779968261719,21321400,0.0117184048297303,123,2011-06-29,73.62999725341797,74.76000213623047,73.27999877929688,74.25,53.19779968261719,21321400,0.0117184048297303,123,2011-06-29,73.62999725341797,74.76000213623047,73.27999877929688,74.25,53.19779968261719,21321400,0.0117184048297303,123,2011-06-29,73.62999725341797,74.76000213623047,73.27999877929688,74.25,53.19779968261719,21321400,0.0117184048297303,123,2011-06-29,73.62999725341797,74.76000213623047,73.27999877929688,74.25,53.19779968261719,21321400,0.0117184048297303
124,2011-06-30,74.5,75.41999816894531,74.48999786376953,75.3499984741211,53.98589324951172,19417400,0.014814401565409918,124,2011-06-30,74.5,75.41999816894531,74.48999786376953,75.3499984741211,53.98589324951172,19417400,0.014814401565409918,124,2011-06-30,74.5,75.41999816894531,74.48999786376953,75.3499984741211,53.98589324951172,19417400,0.014814401565409918,124,2011-06-30,74.5,75.41999816894531,74.48999786376953,75.3499984741211,53.98589324951172,19417400,0.014814401565409918,124,2011-06-30,74.5,75.41999816894531,74.48999786376953,75.3499984741211,53.98589324951172,19417400,0.014814401565409918
125,2011-07-01,75.19000244140625,76.13999938964844,74.55000305175781,76.05999755859375,54.49461364746094,14888400,0.009423209792936316,125,2011-07-01,75.19000244140625,76.13999938964844,74.55000305175781,76.05999755859375,54.49461364746094,14888400,0.009423209792936316,125,2011-07-01,75.19000244140625,76.13999938964844,74.55000305175781,76.05999755859375,54.49461364746094,14888400,0.009423209792936316,125,2011-07-01,75.19000244140625,76.13999938964844,74.55000305175781,76.05999755859375,54.49461364746094,14888400,0.009423209792936316,125,2011-07-01,75.19000244140625,76.13999938964844,74.55000305175781,76.05999755859375,54.49461364746094,14888400,0.009423209792936316
126,2011-07-05,76.16000366210938,76.87000274658203,75.97000122070312,76.52999877929688,54.83134460449219,15683500,0.006179160370044068,126,2011-07-05,76.16000366210938,76.87000274658203,75.97000122070312,76.52999877929688,54.83134460449219,15683500,0.006179160370044068,126,2011-07-05,76.16000366210938,76.87000274658203,75.97000122070312,76.52999877929688,54.83134460449219,15683500,0.006179160370044068,126,2011-07-05,76.16000366210938,76.87000274658203,75.97000122070312,76.52999877929688,54.83134460449219,15683500,0.006179160370044068,126,2011-07-05,76.16000366210938,76.87000274658203,75.97000122070312,76.52999877929688,54.83134460449219,15683500,0.006179160370044068
127,2011-07-06,76.36000061035156,76.5,75.70999908447266,76.38999938964844,54.731048583984375,10965300,-0.0018291730985491306,127,2011-07-06,76.36000061035156,76.5,75.70999908447266,76.38999938964844,54.731048583984375,10965300,-0.0018291730985491306,127,2011-07-06,76.36000061035156,76.5,75.70999908447266,76.38999938964844,54.731048583984375,10965300,-0.0018291730985491306,127,2011-07-06,76.36000061035156,76.5,75.70999908447266,76.38999938964844,54.731048583984375,10965300,-0.0018291730985491306,127,2011-07-06,76.36000061035156,76.5,75.70999908447266,76.38999938964844,54.731048583984375,10965300,-0.0018291730985491306
128,2011-07-07,77.41999816894531,77.6500015258789,76.83999633789062,77.54000091552734,55.55498123168945,17824000,0.015054209064545132,128,2011-07-07,77.41999816894531,77.6500015258789,76.83999633789062,77.54000091552734,55.55498123168945,17824000,0.015054209064545132,128,2011-07-07,77.41999816894531,77.6500015258789,76.83999633789062,77.54000091552734,55.55498123168945,17824000,0.015054209064545132,128,2011-07-07,77.41999816894531,77.6500015258789,76.83999633789062,77.54000091552734,55.55498123168945,17824000,0.015054209064545132,128,2011-07-07,77.41999816894531,77.6500015258789,76.83999633789062,77.54000091552734,55.55498123168945,17824000,0.015054209064545132
129,2011-07-08,76.19000244140625,76.88999938964844,76.08000183105469,76.88999938964844,55.08928680419922,17130000,-0.008382586352573496,129,2011-07-08,76.19000244140625,76.88999938964844,76.08000183105469,76.88999938964844,55.08928680419922,17130000,-0.008382586352573496,129,2011-07-08,76.19000244140625,76.88999938964844,76.08000183105469,76.88999938964844,55.08928680419922,17130000,-0.008382586352573496,129,2011-07-08,76.19000244140625,76.88999938964844,76.08000183105469,76.88999938964844,55.08928680419922,17130000,-0.008382586352573496,129,2011-07-08,76.19000244140625,76.88999938964844,76.08000183105469,76.88999938964844,55.08928680419922,17130000,-0.008382586352573496
130,2011-07-11,75.79000091552734,75.80000305175781,74.7699966430664,75.06999969482422,53.785301208496094,19144500,-0.023670402565526216,130,2011-07-11,75.79000091552734,75.80000305175781,74.7699966430664,75.06999969482422,53.785301208496094,19144500,-0.023670402565526216,130,2011-07-11,75.79000091552734,75.80000305175781,74.7699966430664,75.06999969482422,53.785301208496094,19144500,-0.023670402565526216,130,2011-07-11,75.79000091552734,75.80000305175781,74.7699966430664,75.06999969482422,53.785301208496094,19144500,-0.023670402565526216,130,2011-07-11,75.79000091552734,75.80000305175781,74.7699966430664,75.06999969482422,53.785301208496094,19144500,-0.023670402565526216
131,2011-07-12,74.76000213623047,75.81999969482422,74.69999694824219,74.79000091552734,53.584686279296875,20545700,-0.003729921087948229,131,2011-07-12,74.76000213623047,75.81999969482422,74.69999694824219,74.79000091552734,53.584686279296875,20545700,-0.003729921087948229,131,2011-07-12,74.76000213623047,75.81999969482422,74.69999694824219,74.79000091552734,53.584686279296875,20545700,-0.003729921087948229,131,2011-07-12,74.76000213623047,75.81999969482422,74.69999694824219,74.79000091552734,53.584686279296875,20545700,-0.003729921087948229,131,2011-07-12,74.76000213623047,75.81999969482422,74.69999694824219,74.79000091552734,53.584686279296875,20545700,-0.003729921087948229
132,2011-07-13,75.12999725341797,76.43000030517578,75.05000305175781,75.3499984741211,53.98589324951172,20163000,0.007487343830355764,132,2011-07-13,75.12999725341797,76.43000030517578,75.05000305175781,75.3499984741211,53.98589324951172,20163000,0.007487343830355764,132,2011-07-13,75.12999725341797,76.43000030517578,75.05000305175781,75.3499984741211,53.98589324951172,20163000,0.007487343830355764,132,2011-07-13,75.12999725341797,76.43000030517578,75.05000305175781,75.3499984741211,53.98589324951172,20163000,0.007487343830355764,132,2011-07-13,75.12999725341797,76.43000030517578,75.05000305175781,75.3499984741211,53.98589324951172,20163000,0.007487343830355764
133,2011-07-14,76.12999725341797,76.29000091552734,74.75,74.8499984741211,53.6276741027832,22632900,-0.006635421314099554,133,2011-07-14,76.12999725341797,76.29000091552734,74.75,74.8499984741211,53.6276741027832,22632900,-0.006635421314099554,133,2011-07-14,76.12999725341797,76.29000091552734,74.75,74.8499984741211,53.6276741027832,22632900,-0.006635421314099554,133,2011-07-14,76.12999725341797,76.29000091552734,74.75,74.8499984741211,53.6276741027832,22632900,-0.006635421314099554,133,2011-07-14,76.12999725341797,76.29000091552734,74.75,74.8499984741211,53.6276741027832,22632900,-0.006635421314099554
134,2011-07-15,75.69999694824219,76.94999694824219,75.6500015258789,76.86000061035156,55.06778335571289,27367100,0.02685384509068145,134,2011-07-15,75.69999694824219,76.94999694824219,75.6500015258789,76.86000061035156,55.06778335571289,27367100,0.02685384509068145,134,2011-07-15,75.69999694824219,76.94999694824219,75.6500015258789,76.86000061035156,55.06778335571289,27367100,0.02685384509068145,134,2011-07-15,75.69999694824219,76.94999694824219,75.6500015258789,76.86000061035156,55.06778335571289,27367100,0.02685384509068145,134,2011-07-15,75.69999694824219,76.94999694824219,75.6500015258789,76.86000061035156,55.06778335571289,27367100,0.02685384509068145
135,2011-07-18,76.52999877929688,76.73999786376953,75.98999786376953,76.5999984741211,54.88151550292969,20361900,-0.003382519531973882,135,2011-07-18,76.52999877929688,76.73999786376953,75.98999786376953,76.5999984741211,54.88151550292969,20361900,-0.003382519531973882,135,2011-07-18,76.52999877929688,76.73999786376953,75.98999786376953,76.5999984741211,54.88151550292969,20361900,-0.003382519531973882,135,2011-07-18,76.52999877929688,76.73999786376953,75.98999786376953,76.5999984741211,54.88151550292969,20361900,-0.003382519531973882,135,2011-07-18,76.52999877929688,76.73999786376953,75.98999786376953,76.5999984741211,54.88151550292969,20361900,-0.003382519531973882
136,2011-07-19,77.1500015258789,78.05999755859375,77.08999633789062,78.0,55.884559631347656,19557300,0.01827653845244903,136,2011-07-19,77.1500015258789,78.05999755859375,77.08999633789062,78.0,55.884559631347656,19557300,0.01827653845244903,136,2011-07-19,77.1500015258789,78.05999755859375,77.08999633789062,78.0,55.884559631347656,19557300,0.01827653845244903,136,2011-07-19,77.1500015258789,78.05999755859375,77.08999633789062,78.0,55.884559631347656,19557300,0.01827653845244903,136,2011-07-19,77.1500015258789,78.05999755859375,77.08999633789062,78.0,55.884559631347656,19557300,0.01827653845244903
137,2011-07-20,78.33000183105469,78.36000061035156,77.6500015258789,77.80000305175781,55.74126434326172,10517800,-0.0025641302182787262,137,2011-07-20,78.33000183105469,78.36000061035156,77.6500015258789,77.80000305175781,55.74126434326172,10517800,-0.0025641302182787262,137,2011-07-20,78.33000183105469,78.36000061035156,77.6500015258789,77.80000305175781,55.74126434326172,10517800,-0.0025641302182787262,137,2011-07-20,78.33000183105469,78.36000061035156,77.6500015258789,77.80000305175781,55.74126434326172,10517800,-0.0025641302182787262,137,2011-07-20,78.33000183105469,78.36000061035156,77.6500015258789,77.80000305175781,55.74126434326172,10517800,-0.0025641302182787262
138,2011-07-21,78.26000213623047,79.43000030517578,78.20999908447266,79.33000183105469,56.83744812011719,17357000,0.01966557073598163,138,2011-07-21,78.26000213623047,79.43000030517578,78.20999908447266,79.33000183105469,56.83744812011719,17357000,0.01966557073598163,138,2011-07-21,78.26000213623047,79.43000030517578,78.20999908447266,79.33000183105469,56.83744812011719,17357000,0.01966557073598163,138,2011-07-21,78.26000213623047,79.43000030517578,78.20999908447266,79.33000183105469,56.83744812011719,17357000,0.01966557073598163,138,2011-07-21,78.26000213623047,79.43000030517578,78.20999908447266,79.33000183105469,56.83744812011719,17357000,0.01966557073598163
139,2011-07-22,79.4000015258789,79.83000183105469,78.93000030517578,79.7300033569336,57.12404251098633,11499600,0.005042351483892649,139,2011-07-22,79.4000015258789,79.83000183105469,78.93000030517578,79.7300033569336,57.12404251098633,11499600,0.005042351483892649,139,2011-07-22,79.4000015258789,79.83000183105469,78.93000030517578,79.7300033569336,57.12404251098633,11499600,0.005042351483892649,139,2011-07-22,79.4000015258789,79.83000183105469,78.93000030517578,79.7300033569336,57.12404251098633,11499600,0.005042351483892649,139,2011-07-22,79.4000015258789,79.83000183105469,78.93000030517578,79.7300033569336,57.12404251098633,11499600,0.005042351483892649
140,2011-07-25,78.73999786376953,79.97000122070312,78.62000274658203,79.41000366210938,56.89478302001953,15483200,-0.0040133625158391695,140,2011-07-25,78.73999786376953,79.97000122070312,78.62000274658203,79.41000366210938,56.89478302001953,15483200,-0.0040133625158391695,140,2011-07-25,78.73999786376953,79.97000122070312,78.62000274658203,79.41000366210938,56.89478302001953,15483200,-0.0040133625158391695,140,2011-07-25,78.73999786376953,79.97000122070312,78.62000274658203,79.41000366210938,56.89478302001953,15483200,-0.0040133625158391695,140,2011-07-25,78.73999786376953,79.97000122070312,78.62000274658203,79.41000366210938,56.89478302001953,15483200,-0.0040133625158391695
141,2011-07-26,79.36000061035156,79.76000213623047,78.75,79.02999877929688,56.62251281738281,16968900,-0.004785503840324279,141,2011-07-26,79.36000061035156,79.76000213623047,78.75,79.02999877929688,56.62251281738281,16968900,-0.004785503840324279,141,2011-07-26,79.36000061035156,79.76000213623047,78.75,79.02999877929688,56.62251281738281,16968900,-0.004785503840324279,141,2011-07-26,79.36000061035156,79.76000213623047,78.75,79.02999877929688,56.62251281738281,16968900,-0.004785503840324279,141,2011-07-26,79.36000061035156,79.76000213623047,78.75,79.02999877929688,56.62251281738281,16968900,-0.004785503840324279
142,2011-07-27,78.48999786376953,78.6500015258789,77.30000305175781,77.54000091552734,55.55498123168945,23784500,-0.018853483050749298,142,2011-07-27,78.48999786376953,78.6500015258789,77.30000305175781,77.54000091552734,55.55498123168945,23784500,-0.018853483050749298,142,2011-07-27,78.48999786376953,78.6500015258789,77.30000305175781,77.54000091552734,55.55498123168945,23784500,-0.018853483050749298,142,2011-07-27,78.48999786376953,78.6500015258789,77.30000305175781,77.54000091552734,55.55498123168945,23784500,-0.018853483050749298,142,2011-07-27,78.48999786376953,78.6500015258789,77.30000305175781,77.54000091552734,55.55498123168945,23784500,-0.018853483050749298
143,2011-07-28,77.2300033569336,78.18000030517578,77.06999969482422,77.22000122070312,55.32571029663086,19554000,-0.004126919494445103,143,2011-07-28,77.2300033569336,78.18000030517578,77.06999969482422,77.22000122070312,55.32571029663086,19554000,-0.004126919494445103,143,2011-07-28,77.2300033569336,78.18000030517578,77.06999969482422,77.22000122070312,55.32571029663086,19554000,-0.004126919494445103,143,2011-07-28,77.2300033569336,78.18000030517578,77.06999969482422,77.22000122070312,55.32571029663086,19554000,-0.004126919494445103,143,2011-07-28,77.2300033569336,78.18000030517578,77.06999969482422,77.22000122070312,55.32571029663086,19554000,-0.004126919494445103
144,2011-07-29,76.19000244140625,77.12000274658203,75.95999908447266,76.44999694824219,54.774017333984375,17335600,-0.009971728509016176,144,2011-07-29,76.19000244140625,77.12000274658203,75.95999908447266,76.44999694824219,54.774017333984375,17335600,-0.009971728509016176,144,2011-07-29,76.19000244140625,77.12000274658203,75.95999908447266,76.44999694824219,54.774017333984375,17335600,-0.009971728509016176,144,2011-07-29,76.19000244140625,77.12000274658203,75.95999908447266,76.44999694824219,54.774017333984375,17335600,-0.009971728509016176,144,2011-07-29,76.19000244140625,77.12000274658203,75.95999908447266,76.44999694824219,54.774017333984375,17335600,-0.009971728509016176
145,2011-08-01,77.80000305175781,77.8499984741211,75.62999725341797,76.33999633789062,54.695213317871094,21985000,-0.0014387116364457109,145,2011-08-01,77.80000305175781,77.8499984741211,75.62999725341797,76.33999633789062,54.695213317871094,21985000,-0.0014387116364457109,145,2011-08-01,77.80000305175781,77.8499984741211,75.62999725341797,76.33999633789062,54.695213317871094,21985000,-0.0014387116364457109,145,2011-08-01,77.80000305175781,77.8499984741211,75.62999725341797,76.33999633789062,54.695213317871094,21985000,-0.0014387116364457109,145,2011-08-01,77.80000305175781,77.8499984741211,75.62999725341797,76.33999633789062,54.695213317871094,21985000,-0.0014387116364457109
146,2011-08-02,75.91000366210938,76.69999694824219,74.19000244140625,74.20999908447266,53.16913604736328,27201200,-0.02790147762362205,146,2011-08-02,75.91000366210938,76.69999694824219,74.19000244140625,74.20999908447266,53.16913604736328,27201200,-0.02790147762362205,146,2011-08-02,75.91000366210938,76.69999694824219,74.19000244140625,74.20999908447266,53.16913604736328,27201200,-0.02790147762362205,146,2011-08-02,75.91000366210938,76.69999694824219,74.19000244140625,74.20999908447266,53.16913604736328,27201200,-0.02790147762362205,146,2011-08-02,75.91000366210938,76.69999694824219,74.19000244140625,74.20999908447266,53.16913604736328,27201200,-0.02790147762362205
147,2011-08-03,74.31999969482422,74.36000061035156,72.05000305175781,73.79000091552734,52.86821746826172,35564000,-0.005659647710534621,147,2011-08-03,74.31999969482422,74.36000061035156,72.05000305175781,73.79000091552734,52.86821746826172,35564000,-0.005659647710534621,147,2011-08-03,74.31999969482422,74.36000061035156,72.05000305175781,73.79000091552734,52.86821746826172,35564000,-0.005659647710534621,147,2011-08-03,74.31999969482422,74.36000061035156,72.05000305175781,73.79000091552734,52.86821746826172,35564000,-0.005659647710534621,147,2011-08-03,74.31999969482422,74.36000061035156,72.05000305175781,73.79000091552734,52.86821746826172,35564000,-0.005659647710534621
148,2011-08-04,72.41000366210938,72.48999786376953,68.2699966430664,68.7300033569336,49.24290466308594,54526900,-0.06857263170168648,148,2011-08-04,72.41000366210938,72.48999786376953,68.2699966430664,68.7300033569336,49.24290466308594,54526900,-0.06857263170168648,148,2011-08-04,72.41000366210938,72.48999786376953,68.2699966430664,68.7300033569336,49.24290466308594,54526900,-0.06857263170168648,148,2011-08-04,72.41000366210938,72.48999786376953,68.2699966430664,68.7300033569336,49.24290466308594,54526900,-0.06857263170168648,148,2011-08-04,72.41000366210938,72.48999786376953,68.2699966430664,68.7300033569336,49.24290466308594,54526900,-0.06857263170168648
149,2011-08-05,69.56999969482422,70.16000366210938,64.47000122070312,68.06999969482422,48.77002716064453,66409400,-0.00960295713010384,149,2011-08-05,69.56999969482422,70.16000366210938,64.47000122070312,68.06999969482422,48.77002716064453,66409400,-0.00960295713010384,149,2011-08-05,69.56999969482422,70.16000366210938,64.47000122070312,68.06999969482422,48.77002716064453,66409400,-0.00960295713010384,149,2011-08-05,69.56999969482422,70.16000366210938,64.47000122070312,68.06999969482422,48.77002716064453,66409400,-0.00960295713010384,149,2011-08-05,69.56999969482422,70.16000366210938,64.47000122070312,68.06999969482422,48.77002716064453,66409400,-0.00960295713010384
150,2011-08-08,65.30999755859375,66.37999725341797,62.0,62.279998779296875,44.621665954589844,55993200,-0.08505964518720321,150,2011-08-08,65.30999755859375,66.37999725341797,62.0,62.279998779296875,44.621665954589844,55993200,-0.08505964518720321,150,2011-08-08,65.30999755859375,66.37999725341797,62.0,62.279998779296875,44.621665954589844,55993200,-0.08505964518720321,150,2011-08-08,65.30999755859375,66.37999725341797,62.0,62.279998779296875,44.621665954589844,55993200,-0.08505964518720321,150,2011-08-08,65.30999755859375,66.37999725341797,62.0,62.279998779296875,44.621665954589844,55993200,-0.08505964518720321
151,2011-08-09,63.58000183105469,65.48999786376953,61.099998474121094,65.44999694824219,46.89288330078125,50399100,0.05089942962915717,151,2011-08-09,63.58000183105469,65.48999786376953,61.099998474121094,65.44999694824219,46.89288330078125,50399100,0.05089942962915717,151,2011-08-09,63.58000183105469,65.48999786376953,61.099998474121094,65.44999694824219,46.89288330078125,50399100,0.05089942962915717,151,2011-08-09,63.58000183105469,65.48999786376953,61.099998474121094,65.44999694824219,46.89288330078125,50399100,0.05089942962915717,151,2011-08-09,63.58000183105469,65.48999786376953,61.099998474121094,65.44999694824219,46.89288330078125,50399100,0.05089942962915717
152,2011-08-10,64.5999984741211,65.77999877929688,62.93000030517578,63.189998626708984,45.273658752441406,49373700,-0.03453028336845443,152,2011-08-10,64.5999984741211,65.77999877929688,62.93000030517578,63.189998626708984,45.273658752441406,49373700,-0.03453028336845443,152,2011-08-10,64.5999984741211,65.77999877929688,62.93000030517578,63.189998626708984,45.273658752441406,49373700,-0.03453028336845443,152,2011-08-10,64.5999984741211,65.77999877929688,62.93000030517578,63.189998626708984,45.273658752441406,49373700,-0.03453028336845443,152,2011-08-10,64.5999984741211,65.77999877929688,62.93000030517578,63.189998626708984,45.273658752441406,49373700,-0.03453028336845443
153,2011-08-11,63.599998474121094,67.45999908447266,63.209999084472656,66.47000122070312,47.62367630004883,42032600,0.051906950141967334,153,2011-08-11,63.599998474121094,67.45999908447266,63.209999084472656,66.47000122070312,47.62367630004883,42032600,0.051906950141967334,153,2011-08-11,63.599998474121094,67.45999908447266,63.209999084472656,66.47000122070312,47.62367630004883,42032600,0.051906950141967334,153,2011-08-11,63.599998474121094,67.45999908447266,63.209999084472656,66.47000122070312,47.62367630004883,42032600,0.051906950141967334,153,2011-08-11,63.599998474121094,67.45999908447266,63.209999084472656,66.47000122070312,47.62367630004883,42032600,0.051906950141967334
154,2011-08-12,67.45999908447266,67.8499984741211,66.52999877929688,66.95999908447266,47.97473907470703,26550500,0.007371601731171795,154,2011-08-12,67.45999908447266,67.8499984741211,66.52999877929688,66.95999908447266,47.97473907470703,26550500,0.007371601731171795,154,2011-08-12,67.45999908447266,67.8499984741211,66.52999877929688,66.95999908447266,47.97473907470703,26550500,0.007371601731171795,154,2011-08-12,67.45999908447266,67.8499984741211,66.52999877929688,66.95999908447266,47.97473907470703,26550500,0.007371601731171795,154,2011-08-12,67.45999908447266,67.8499984741211,66.52999877929688,66.95999908447266,47.97473907470703,26550500,0.007371601731171795
155,2011-08-15,67.8499984741211,69.3499984741211,67.83000183105469,69.22000122070312,49.593963623046875,29310600,0.03375160719099202,155,2011-08-15,67.8499984741211,69.3499984741211,67.83000183105469,69.22000122070312,49.593963623046875,29310600,0.03375160719099202,155,2011-08-15,67.8499984741211,69.3499984741211,67.83000183105469,69.22000122070312,49.593963623046875,29310600,0.03375160719099202,155,2011-08-15,67.8499984741211,69.3499984741211,67.83000183105469,69.22000122070312,49.593963623046875,29310600,0.03375160719099202,155,2011-08-15,67.8499984741211,69.3499984741211,67.83000183105469,69.22000122070312,49.593963623046875,29310600,0.03375160719099202
156,2011-08-16,68.33000183105469,69.05000305175781,67.29000091552734,68.06999969482422,48.77002716064453,29945200,-0.016613644125420324,156,2011-08-16,68.33000183105469,69.05000305175781,67.29000091552734,68.06999969482422,48.77002716064453,29945200,-0.016613644125420324,156,2011-08-16,68.33000183105469,69.05000305175781,67.29000091552734,68.06999969482422,48.77002716064453,29945200,-0.016613644125420324,156,2011-08-16,68.33000183105469,69.05000305175781,67.29000091552734,68.06999969482422,48.77002716064453,29945200,-0.016613644125420324,156,2011-08-16,68.33000183105469,69.05000305175781,67.29000091552734,68.06999969482422,48.77002716064453,29945200,-0.016613644125420324
157,2011-08-17,68.83000183105469,69.5999984741211,67.9000015258789,68.33999633789062,48.96347427368164,21663900,0.003966516409759535,157,2011-08-17,68.83000183105469,69.5999984741211,67.9000015258789,68.33999633789062,48.96347427368164,21663900,0.003966516409759535,157,2011-08-17,68.83000183105469,69.5999984741211,67.9000015258789,68.33999633789062,48.96347427368164,21663900,0.003966516409759535,157,2011-08-17,68.83000183105469,69.5999984741211,67.9000015258789,68.33999633789062,48.96347427368164,21663900,0.003966516409759535,157,2011-08-17,68.83000183105469,69.5999984741211,67.9000015258789,68.33999633789062,48.96347427368164,21663900,0.003966516409759535
158,2011-08-18,66.20999908447266,66.36000061035156,63.65999984741211,64.37999725341797,46.12625503540039,37247700,-0.05794562743694609,158,2011-08-18,66.20999908447266,66.36000061035156,63.65999984741211,64.37999725341797,46.12625503540039,37247700,-0.05794562743694609,158,2011-08-18,66.20999908447266,66.36000061035156,63.65999984741211,64.37999725341797,46.12625503540039,37247700,-0.05794562743694609,158,2011-08-18,66.20999908447266,66.36000061035156,63.65999984741211,64.37999725341797,46.12625503540039,37247700,-0.05794562743694609,158,2011-08-18,66.20999908447266,66.36000061035156,63.65999984741211,64.37999725341797,46.12625503540039,37247700,-0.05794562743694609
159,2011-08-19,63.38999938964844,65.4800033569336,63.0,63.2400016784668,45.309471130371094,27318700,-0.017707570328491684,159,2011-08-19,63.38999938964844,65.4800033569336,63.0,63.2400016784668,45.309471130371094,27318700,-0.017707570328491684,159,2011-08-19,63.38999938964844,65.4800033569336,63.0,63.2400016784668,45.309471130371094,27318700,-0.017707570328491684,159,2011-08-19,63.38999938964844,65.4800033569336,63.0,63.2400016784668,45.309471130371094,27318700,-0.017707570328491684,159,2011-08-19,63.38999938964844,65.4800033569336,63.0,63.2400016784668,45.309471130371094,27318700,-0.017707570328491684
160,2011-08-22,65.16999816894531,65.19000244140625,62.5,62.72999954223633,44.94408416748047,24525400,-0.008064251331455163,160,2011-08-22,65.16999816894531,65.19000244140625,62.5,62.72999954223633,44.94408416748047,24525400,-0.008064251331455163,160,2011-08-22,65.16999816894531,65.19000244140625,62.5,62.72999954223633,44.94408416748047,24525400,-0.008064251331455163,160,2011-08-22,65.16999816894531,65.19000244140625,62.5,62.72999954223633,44.94408416748047,24525400,-0.008064251331455163,160,2011-08-22,65.16999816894531,65.19000244140625,62.5,62.72999954223633,44.94408416748047,24525400,-0.008064251331455163
161,2011-08-23,63.13999938964844,65.61000061035156,62.709999084472656,65.55999755859375,46.971683502197266,35853500,0.04511382025632371,161,2011-08-23,63.13999938964844,65.61000061035156,62.709999084472656,65.55999755859375,46.971683502197266,35853500,0.04511382025632371,161,2011-08-23,63.13999938964844,65.61000061035156,62.709999084472656,65.55999755859375,46.971683502197266,35853500,0.04511382025632371,161,2011-08-23,63.13999938964844,65.61000061035156,62.709999084472656,65.55999755859375,46.971683502197266,35853500,0.04511382025632371,161,2011-08-23,63.13999938964844,65.61000061035156,62.709999084472656,65.55999755859375,46.971683502197266,35853500,0.04511382025632371
162,2011-08-24,65.18000030517578,66.06999969482422,64.5999984741211,65.94999694824219,47.2510986328125,18867800,0.005948586675675882,162,2011-08-24,65.18000030517578,66.06999969482422,64.5999984741211,65.94999694824219,47.2510986328125,18867800,0.005948586675675882,162,2011-08-24,65.18000030517578,66.06999969482422,64.5999984741211,65.94999694824219,47.2510986328125,18867800,0.005948586675675882,162,2011-08-24,65.18000030517578,66.06999969482422,64.5999984741211,65.94999694824219,47.2510986328125,18867800,0.005948586675675882,162,2011-08-24,65.18000030517578,66.06999969482422,64.5999984741211,65.94999694824219,47.2510986328125,18867800,0.005948586675675882
163,2011-08-25,66.41999816894531,66.80999755859375,64.22000122070312,64.55999755859375,46.255218505859375,26792700,-0.021076338027441244,163,2011-08-25,66.41999816894531,66.80999755859375,64.22000122070312,64.55999755859375,46.255218505859375,26792700,-0.021076338027441244,163,2011-08-25,66.41999816894531,66.80999755859375,64.22000122070312,64.55999755859375,46.255218505859375,26792700,-0.021076338027441244,163,2011-08-25,66.41999816894531,66.80999755859375,64.22000122070312,64.55999755859375,46.255218505859375,26792700,-0.021076338027441244,163,2011-08-25,66.41999816894531,66.80999755859375,64.22000122070312,64.55999755859375,46.255218505859375,26792700,-0.021076338027441244
164,2011-08-26,63.91999816894531,66.0999984741211,63.11000061035156,65.80999755859375,47.15079116821289,23836100,0.019361548626995795,164,2011-08-26,63.91999816894531,66.0999984741211,63.11000061035156,65.80999755859375,47.15079116821289,23836100,0.019361548626995795,164,2011-08-26,63.91999816894531,66.0999984741211,63.11000061035156,65.80999755859375,47.15079116821289,23836100,0.019361548626995795,164,2011-08-26,63.91999816894531,66.0999984741211,63.11000061035156,65.80999755859375,47.15079116821289,23836100,0.019361548626995795,164,2011-08-26,63.91999816894531,66.0999984741211,63.11000061035156,65.80999755859375,47.15079116821289,23836100,0.019361548626995795
165,2011-08-29,66.8499984741211,67.81999969482422,66.33000183105469,67.7300033569336,48.52642059326172,35543200,0.02917510800913603,165,2011-08-29,66.8499984741211,67.81999969482422,66.33000183105469,67.7300033569336,48.52642059326172,35543200,0.02917510800913603,165,2011-08-29,66.8499984741211,67.81999969482422,66.33000183105469,67.7300033569336,48.52642059326172,35543200,0.02917510800913603,165,2011-08-29,66.8499984741211,67.81999969482422,66.33000183105469,67.7300033569336,48.52642059326172,35543200,0.02917510800913603,165,2011-08-29,66.8499984741211,67.81999969482422,66.33000183105469,67.7300033569336,48.52642059326172,35543200,0.02917510800913603
166,2011-08-30,67.2699966430664,68.5999984741211,66.70999908447266,68.12999725341797,48.81301498413086,19838300,0.005905945407993718,166,2011-08-30,67.2699966430664,68.5999984741211,66.70999908447266,68.12999725341797,48.81301498413086,19838300,0.005905945407993718,166,2011-08-30,67.2699966430664,68.5999984741211,66.70999908447266,68.12999725341797,48.81301498413086,19838300,0.005905945407993718,166,2011-08-30,67.2699966430664,68.5999984741211,66.70999908447266,68.12999725341797,48.81301498413086,19838300,0.005905945407993718,166,2011-08-30,67.2699966430664,68.5999984741211,66.70999908447266,68.12999725341797,48.81301498413086,19838300,0.005905945407993718
167,2011-08-31,68.75,69.63999938964844,67.98999786376953,68.63999938964844,49.17842102050781,24484800,0.007485832139148663,167,2011-08-31,68.75,69.63999938964844,67.98999786376953,68.63999938964844,49.17842102050781,24484800,0.007485832139148663,167,2011-08-31,68.75,69.63999938964844,67.98999786376953,68.63999938964844,49.17842102050781,24484800,0.007485832139148663,167,2011-08-31,68.75,69.63999938964844,67.98999786376953,68.63999938964844,49.17842102050781,24484800,0.007485832139148663,167,2011-08-31,68.75,69.63999938964844,67.98999786376953,68.63999938964844,49.17842102050781,24484800,0.007485832139148663
168,2011-09-01,68.75,69.6500015258789,67.95999908447266,68.12000274658203,48.805850982666016,21294200,-0.007575884506060726,168,2011-09-01,68.75,69.6500015258789,67.95999908447266,68.12000274658203,48.805850982666016,21294200,-0.007575884506060726,168,2011-09-01,68.75,69.6500015258789,67.95999908447266,68.12000274658203,48.805850982666016,21294200,-0.007575884506060726,168,2011-09-01,68.75,69.6500015258789,67.95999908447266,68.12000274658203,48.805850982666016,21294200,-0.007575884506060726,168,2011-09-01,68.75,69.6500015258789,67.95999908447266,68.12000274658203,48.805850982666016,21294200,-0.007575884506060726
169,2011-09-02,66.30999755859375,66.9000015258789,65.6500015258789,66.22000122070312,47.44456100463867,20851000,-0.027891942269602565,169,2011-09-02,66.30999755859375,66.9000015258789,65.6500015258789,66.22000122070312,47.44456100463867,20851000,-0.027891942269602565,169,2011-09-02,66.30999755859375,66.9000015258789,65.6500015258789,66.22000122070312,47.44456100463867,20851000,-0.027891942269602565,169,2011-09-02,66.30999755859375,66.9000015258789,65.6500015258789,66.22000122070312,47.44456100463867,20851000,-0.027891942269602565,169,2011-09-02,66.30999755859375,66.9000015258789,65.6500015258789,66.22000122070312,47.44456100463867,20851000,-0.027891942269602565
170,2011-09-06,64.11000061035156,65.5999984741211,63.56999969482422,65.5,46.928688049316406,19355500,-0.01087317375055552,170,2011-09-06,64.11000061035156,65.5999984741211,63.56999969482422,65.5,46.928688049316406,19355500,-0.01087317375055552,170,2011-09-06,64.11000061035156,65.5999984741211,63.56999969482422,65.5,46.928688049316406,19355500,-0.01087317375055552,170,2011-09-06,64.11000061035156,65.5999984741211,63.56999969482422,65.5,46.928688049316406,19355500,-0.01087317375055552,170,2011-09-06,64.11000061035156,65.5999984741211,63.56999969482422,65.5,46.928688049316406,19355500,-0.01087317375055552
171,2011-09-07,66.70999908447266,67.94000244140625,66.61000061035156,67.9000015258789,48.648223876953125,18525700,0.03664146387023837,171,2011-09-07,66.70999908447266,67.94000244140625,66.61000061035156,67.9000015258789,48.648223876953125,18525700,0.03664146387023837,171,2011-09-07,66.70999908447266,67.94000244140625,66.61000061035156,67.9000015258789,48.648223876953125,18525700,0.03664146387023837,171,2011-09-07,66.70999908447266,67.94000244140625,66.61000061035156,67.9000015258789,48.648223876953125,18525700,0.03664146387023837,171,2011-09-07,66.70999908447266,67.94000244140625,66.61000061035156,67.9000015258789,48.648223876953125,18525700,0.03664146387023837
172,2011-09-08,67.56999969482422,68.55999755859375,66.7300033569336,67.11000061035156,48.082218170166016,18489100,-0.011634663337734996,172,2011-09-08,67.56999969482422,68.55999755859375,66.7300033569336,67.11000061035156,48.082218170166016,18489100,-0.011634663337734996,172,2011-09-08,67.56999969482422,68.55999755859375,66.7300033569336,67.11000061035156,48.082218170166016,18489100,-0.011634663337734996,172,2011-09-08,67.56999969482422,68.55999755859375,66.7300033569336,67.11000061035156,48.082218170166016,18489100,-0.011634663337734996,172,2011-09-08,67.56999969482422,68.55999755859375,66.7300033569336,67.11000061035156,48.082218170166016,18489100,-0.011634663337734996
173,2011-09-09,66.2300033569336,66.55000305175781,64.41999816894531,64.88999938964844,46.49165344238281,35039400,-0.03308010296351338,173,2011-09-09,66.2300033569336,66.55000305175781,64.41999816894531,64.88999938964844,46.49165344238281,35039400,-0.03308010296351338,173,2011-09-09,66.2300033569336,66.55000305175781,64.41999816894531,64.88999938964844,46.49165344238281,35039400,-0.03308010296351338,173,2011-09-09,66.2300033569336,66.55000305175781,64.41999816894531,64.88999938964844,46.49165344238281,35039400,-0.03308010296351338,173,2011-09-09,66.2300033569336,66.55000305175781,64.41999816894531,64.88999938964844,46.49165344238281,35039400,-0.03308010296351338
174,2011-09-12,63.7599983215332,65.33999633789062,63.34000015258789,65.19999694824219,46.713748931884766,25756900,0.004777104556567213,174,2011-09-12,63.7599983215332,65.33999633789062,63.34000015258789,65.19999694824219,46.713748931884766,25756900,0.004777104556567213,174,2011-09-12,63.7599983215332,65.33999633789062,63.34000015258789,65.19999694824219,46.713748931884766,25756900,0.004777104556567213,174,2011-09-12,63.7599983215332,65.33999633789062,63.34000015258789,65.19999694824219,46.713748931884766,25756900,0.004777104556567213,174,2011-09-12,63.7599983215332,65.33999633789062,63.34000015258789,65.19999694824219,46.713748931884766,25756900,0.004777104556567213
175,2011-09-13,65.48999786376953,65.83000183105469,64.19000244140625,65.37999725341797,46.84271240234375,28204500,0.00276071763469532,175,2011-09-13,65.48999786376953,65.83000183105469,64.19000244140625,65.37999725341797,46.84271240234375,28204500,0.00276071763469532,175,2011-09-13,65.48999786376953,65.83000183105469,64.19000244140625,65.37999725341797,46.84271240234375,28204500,0.00276071763469532,175,2011-09-13,65.48999786376953,65.83000183105469,64.19000244140625,65.37999725341797,46.84271240234375,28204500,0.00276071763469532,175,2011-09-13,65.48999786376953,65.83000183105469,64.19000244140625,65.37999725341797,46.84271240234375,28204500,0.00276071763469532
176,2011-09-14,65.7699966430664,67.12000274658203,64.4800033569336,66.19000244140625,47.42306137084961,25715900,0.012389311778555845,176,2011-09-14,65.7699966430664,67.12000274658203,64.4800033569336,66.19000244140625,47.42306137084961,25715900,0.012389311778555845,176,2011-09-14,65.7699966430664,67.12000274658203,64.4800033569336,66.19000244140625,47.42306137084961,25715900,0.012389311778555845,176,2011-09-14,65.7699966430664,67.12000274658203,64.4800033569336,66.19000244140625,47.42306137084961,25715900,0.012389311778555845,176,2011-09-14,65.7699966430664,67.12000274658203,64.4800033569336,66.19000244140625,47.42306137084961,25715900,0.012389311778555845
177,2011-09-15,67.01000213623047,67.56999969482422,66.44999694824219,67.5,48.36163330078125,17331200,0.019791466489098797,177,2011-09-15,67.01000213623047,67.56999969482422,66.44999694824219,67.5,48.36163330078125,17331200,0.019791466489098797,177,2011-09-15,67.01000213623047,67.56999969482422,66.44999694824219,67.5,48.36163330078125,17331200,0.019791466489098797,177,2011-09-15,67.01000213623047,67.56999969482422,66.44999694824219,67.5,48.36163330078125,17331200,0.019791466489098797,177,2011-09-15,67.01000213623047,67.56999969482422,66.44999694824219,67.5,48.36163330078125,17331200,0.019791466489098797
178,2011-09-16,67.51000213623047,67.76000213623047,66.31999969482422,67.08999633789062,48.256614685058594,23036400,-0.0021715274806684004,178,2011-09-16,67.51000213623047,67.76000213623047,66.31999969482422,67.08999633789062,48.256614685058594,23036400,-0.0021715274806684004,178,2011-09-16,67.51000213623047,67.76000213623047,66.31999969482422,67.08999633789062,48.256614685058594,23036400,-0.0021715274806684004,178,2011-09-16,67.51000213623047,67.76000213623047,66.31999969482422,67.08999633789062,48.256614685058594,23036400,-0.0021715274806684004,178,2011-09-16,67.51000213623047,67.76000213623047,66.31999969482422,67.08999633789062,48.256614685058594,23036400,-0.0021715274806684004
179,2011-09-19,65.44999694824219,66.62999725341797,64.75,66.02999877929688,47.49418258666992,20859900,-0.01579953553237412,179,2011-09-19,65.44999694824219,66.62999725341797,64.75,66.02999877929688,47.49418258666992,20859900,-0.01579953553237412,179,2011-09-19,65.44999694824219,66.62999725341797,64.75,66.02999877929688,47.49418258666992,20859900,-0.01579953553237412,179,2011-09-19,65.44999694824219,66.62999725341797,64.75,66.02999877929688,47.49418258666992,20859900,-0.01579953553237412,179,2011-09-19,65.44999694824219,66.62999725341797,64.75,66.02999877929688,47.49418258666992,20859900,-0.01579953553237412
180,2011-09-20,66.33999633789062,67.16999816894531,65.5199966430664,65.62000274658203,47.19926834106445,20134400,-0.006209481446854959,180,2011-09-20,66.33999633789062,67.16999816894531,65.5199966430664,65.62000274658203,47.19926834106445,20134400,-0.006209481446854959,180,2011-09-20,66.33999633789062,67.16999816894531,65.5199966430664,65.62000274658203,47.19926834106445,20134400,-0.006209481446854959,180,2011-09-20,66.33999633789062,67.16999816894531,65.5199966430664,65.62000274658203,47.19926834106445,20134400,-0.006209481446854959,180,2011-09-20,66.33999633789062,67.16999816894531,65.5199966430664,65.62000274658203,47.19926834106445,20134400,-0.006209481446854959
181,2011-09-21,65.44000244140625,65.68000030517578,62.83000183105469,62.88999938964844,45.235633850097656,26782900,-0.04160307055561685,181,2011-09-21,65.44000244140625,65.68000030517578,62.83000183105469,62.88999938964844,45.235633850097656,26782900,-0.04160307055561685,181,2011-09-21,65.44000244140625,65.68000030517578,62.83000183105469,62.88999938964844,45.235633850097656,26782900,-0.04160307055561685,181,2011-09-21,65.44000244140625,65.68000030517578,62.83000183105469,62.88999938964844,45.235633850097656,26782900,-0.04160307055561685,181,2011-09-21,65.44000244140625,65.68000030517578,62.83000183105469,62.88999938964844,45.235633850097656,26782900,-0.04160307055561685
182,2011-09-22,60.66999816894531,60.70000076293945,58.2599983215332,59.34000015258789,42.68218994140625,38066000,-0.05644762085467925,182,2011-09-22,60.66999816894531,60.70000076293945,58.2599983215332,59.34000015258789,42.68218994140625,38066000,-0.05644762085467925,182,2011-09-22,60.66999816894531,60.70000076293945,58.2599983215332,59.34000015258789,42.68218994140625,38066000,-0.05644762085467925,182,2011-09-22,60.66999816894531,60.70000076293945,58.2599983215332,59.34000015258789,42.68218994140625,38066000,-0.05644762085467925,182,2011-09-22,60.66999816894531,60.70000076293945,58.2599983215332,59.34000015258789,42.68218994140625,38066000,-0.05644762085467925
183,2011-09-23,58.58000183105469,59.58000183105469,58.369998931884766,58.70000076293945,42.22185516357422,32795300,-0.010785172421189593,183,2011-09-23,58.58000183105469,59.58000183105469,58.369998931884766,58.70000076293945,42.22185516357422,32795300,-0.010785172421189593,183,2011-09-23,58.58000183105469,59.58000183105469,58.369998931884766,58.70000076293945,42.22185516357422,32795300,-0.010785172421189593,183,2011-09-23,58.58000183105469,59.58000183105469,58.369998931884766,58.70000076293945,42.22185516357422,32795300,-0.010785172421189593,183,2011-09-23,58.58000183105469,59.58000183105469,58.369998931884766,58.70000076293945,42.22185516357422,32795300,-0.010785172421189593
184,2011-09-26,59.130001068115234,60.970001220703125,57.95000076293945,60.84000015258789,43.761112213134766,34393200,0.036456404949456234,184,2011-09-26,59.130001068115234,60.970001220703125,57.95000076293945,60.84000015258789,43.761112213134766,34393200,0.036456404949456234,184,2011-09-26,59.130001068115234,60.970001220703125,57.95000076293945,60.84000015258789,43.761112213134766,34393200,0.036456404949456234,184,2011-09-26,59.130001068115234,60.970001220703125,57.95000076293945,60.84000015258789,43.761112213134766,34393200,0.036456404949456234,184,2011-09-26,59.130001068115234,60.970001220703125,57.95000076293945,60.84000015258789,43.761112213134766,34393200,0.036456404949456234
185,2011-09-27,62.63999938964844,63.33000183105469,61.380001068115234,61.72999954223633,44.40127182006836,32486200,0.014628504042944579,185,2011-09-27,62.63999938964844,63.33000183105469,61.380001068115234,61.72999954223633,44.40127182006836,32486200,0.014628504042944579,185,2011-09-27,62.63999938964844,63.33000183105469,61.380001068115234,61.72999954223633,44.40127182006836,32486200,0.014628504042944579,185,2011-09-27,62.63999938964844,63.33000183105469,61.380001068115234,61.72999954223633,44.40127182006836,32486200,0.014628504042944579,185,2011-09-27,62.63999938964844,63.33000183105469,61.380001068115234,61.72999954223633,44.40127182006836,32486200,0.014628504042944579
186,2011-09-28,61.84000015258789,62.40999984741211,59.59000015258789,59.709999084472656,42.948326110839844,23093300,-0.032723065121117,186,2011-09-28,61.84000015258789,62.40999984741211,59.59000015258789,59.709999084472656,42.948326110839844,23093300,-0.032723065121117,186,2011-09-28,61.84000015258789,62.40999984741211,59.59000015258789,59.709999084472656,42.948326110839844,23093300,-0.032723065121117,186,2011-09-28,61.84000015258789,62.40999984741211,59.59000015258789,59.709999084472656,42.948326110839844,23093300,-0.032723065121117,186,2011-09-28,61.84000015258789,62.40999984741211,59.59000015258789,59.709999084472656,42.948326110839844,23093300,-0.032723065121117
187,2011-09-29,61.25,61.33000183105469,59.060001373291016,60.279998779296875,43.358314514160156,22869500,0.009546085737130339,187,2011-09-29,61.25,61.33000183105469,59.060001373291016,60.279998779296875,43.358314514160156,22869500,0.009546085737130339,187,2011-09-29,61.25,61.33000183105469,59.060001373291016,60.279998779296875,43.358314514160156,22869500,0.009546085737130339,187,2011-09-29,61.25,61.33000183105469,59.060001373291016,60.279998779296875,43.358314514160156,22869500,0.009546085737130339,187,2011-09-29,61.25,61.33000183105469,59.060001373291016,60.279998779296875,43.358314514160156,22869500,0.009546085737130339
188,2011-09-30,59.22999954223633,59.959999084472656,58.5099983215332,58.5099983215332,42.08517837524414,29729400,-0.029363137224815983,188,2011-09-30,59.22999954223633,59.959999084472656,58.5099983215332,58.5099983215332,42.08517837524414,29729400,-0.029363137224815983,188,2011-09-30,59.22999954223633,59.959999084472656,58.5099983215332,58.5099983215332,42.08517837524414,29729400,-0.029363137224815983,188,2011-09-30,59.22999954223633,59.959999084472656,58.5099983215332,58.5099983215332,42.08517837524414,29729400,-0.029363137224815983,188,2011-09-30,59.22999954223633,59.959999084472656,58.5099983215332,58.5099983215332,42.08517837524414,29729400,-0.029363137224815983
189,2011-10-03,57.84000015258789,58.5099983215332,56.470001220703125,56.52000045776367,40.65380859375,35065300,-0.03401125614180878,189,2011-10-03,57.84000015258789,58.5099983215332,56.470001220703125,56.52000045776367,40.65380859375,35065300,-0.03401125614180878,189,2011-10-03,57.84000015258789,58.5099983215332,56.470001220703125,56.52000045776367,40.65380859375,35065300,-0.03401125614180878,189,2011-10-03,57.84000015258789,58.5099983215332,56.470001220703125,56.52000045776367,40.65380859375,35065300,-0.03401125614180878,189,2011-10-03,57.84000015258789,58.5099983215332,56.470001220703125,56.52000045776367,40.65380859375,35065300,-0.03401125614180878
190,2011-10-04,55.5,58.540000915527344,54.2599983215332,58.369998931884766,41.98448944091797,41365500,0.03273200945243149,190,2011-10-04,55.5,58.540000915527344,54.2599983215332,58.369998931884766,41.98448944091797,41365500,0.03273200945243149,190,2011-10-04,55.5,58.540000915527344,54.2599983215332,58.369998931884766,41.98448944091797,41365500,0.03273200945243149,190,2011-10-04,55.5,58.540000915527344,54.2599983215332,58.369998931884766,41.98448944091797,41365500,0.03273200945243149,190,2011-10-04,55.5,58.540000915527344,54.2599983215332,58.369998931884766,41.98448944091797,41365500,0.03273200945243149
191,2011-10-05,58.79999923706055,60.70000076293945,57.93000030517578,60.52000045776367,43.53095245361328,37565000,0.03683415073729912,191,2011-10-05,58.79999923706055,60.70000076293945,57.93000030517578,60.52000045776367,43.53095245361328,37565000,0.03683415073729912,191,2011-10-05,58.79999923706055,60.70000076293945,57.93000030517578,60.52000045776367,43.53095245361328,37565000,0.03683415073729912,191,2011-10-05,58.79999923706055,60.70000076293945,57.93000030517578,60.52000045776367,43.53095245361328,37565000,0.03683415073729912,191,2011-10-05,58.79999923706055,60.70000076293945,57.93000030517578,60.52000045776367,43.53095245361328,37565000,0.03683415073729912
192,2011-10-06,60.400001525878906,61.779998779296875,59.720001220703125,61.65999984741211,44.350914001464844,23817200,0.018836287782246774,192,2011-10-06,60.400001525878906,61.779998779296875,59.720001220703125,61.65999984741211,44.350914001464844,23817200,0.018836287782246774,192,2011-10-06,60.400001525878906,61.779998779296875,59.720001220703125,61.65999984741211,44.350914001464844,23817200,0.018836287782246774,192,2011-10-06,60.400001525878906,61.779998779296875,59.720001220703125,61.65999984741211,44.350914001464844,23817200,0.018836287782246774,192,2011-10-06,60.400001525878906,61.779998779296875,59.720001220703125,61.65999984741211,44.350914001464844,23817200,0.018836287782246774
193,2011-10-07,62.130001068115234,62.18000030517578,60.290000915527344,60.900001525878906,43.80426788330078,24389600,-0.012325475820994525,193,2011-10-07,62.130001068115234,62.18000030517578,60.290000915527344,60.900001525878906,43.80426788330078,24389600,-0.012325475820994525,193,2011-10-07,62.130001068115234,62.18000030517578,60.290000915527344,60.900001525878906,43.80426788330078,24389600,-0.012325475820994525,193,2011-10-07,62.130001068115234,62.18000030517578,60.290000915527344,60.900001525878906,43.80426788330078,24389600,-0.012325475820994525,193,2011-10-07,62.130001068115234,62.18000030517578,60.290000915527344,60.900001525878906,43.80426788330078,24389600,-0.012325475820994525
194,2011-10-10,62.029998779296875,63.689998626708984,62.02000045776367,63.65999984741211,45.78948974609375,17908000,0.045320284043596226,194,2011-10-10,62.029998779296875,63.689998626708984,62.02000045776367,63.65999984741211,45.78948974609375,17908000,0.045320284043596226,194,2011-10-10,62.029998779296875,63.689998626708984,62.02000045776367,63.65999984741211,45.78948974609375,17908000,0.045320284043596226,194,2011-10-10,62.029998779296875,63.689998626708984,62.02000045776367,63.65999984741211,45.78948974609375,17908000,0.045320284043596226,194,2011-10-10,62.029998779296875,63.689998626708984,62.02000045776367,63.65999984741211,45.78948974609375,17908000,0.045320284043596226
195,2011-10-11,63.06999969482422,64.33999633789062,62.90999984741211,63.790000915527344,45.88298034667969,22428000,0.0020417480322307835,195,2011-10-11,63.06999969482422,64.33999633789062,62.90999984741211,63.790000915527344,45.88298034667969,22428000,0.0020417480322307835,195,2011-10-11,63.06999969482422,64.33999633789062,62.90999984741211,63.790000915527344,45.88298034667969,22428000,0.0020417480322307835,195,2011-10-11,63.06999969482422,64.33999633789062,62.90999984741211,63.790000915527344,45.88298034667969,22428000,0.0020417480322307835,195,2011-10-11,63.06999969482422,64.33999633789062,62.90999984741211,63.790000915527344,45.88298034667969,22428000,0.0020417480322307835
196,2011-10-12,64.30000305175781,65.0999984741211,63.84000015258789,64.12999725341797,46.12753677368164,18631200,0.00533000308947118,196,2011-10-12,64.30000305175781,65.0999984741211,63.84000015258789,64.12999725341797,46.12753677368164,18631200,0.00533000308947118,196,2011-10-12,64.30000305175781,65.0999984741211,63.84000015258789,64.12999725341797,46.12753677368164,18631200,0.00533000308947118,196,2011-10-12,64.30000305175781,65.0999984741211,63.84000015258789,64.12999725341797,46.12753677368164,18631200,0.00533000308947118,196,2011-10-12,64.30000305175781,65.0999984741211,63.84000015258789,64.12999725341797,46.12753677368164,18631200,0.00533000308947118
197,2011-10-13,63.47999954223633,64.36000061035156,62.779998779296875,64.04000091552734,46.06281280517578,15159200,-0.0014031524991984234,197,2011-10-13,63.47999954223633,64.36000061035156,62.779998779296875,64.04000091552734,46.06281280517578,15159200,-0.0014031524991984234,197,2011-10-13,63.47999954223633,64.36000061035156,62.779998779296875,64.04000091552734,46.06281280517578,15159200,-0.0014031524991984234,197,2011-10-13,63.47999954223633,64.36000061035156,62.779998779296875,64.04000091552734,46.06281280517578,15159200,-0.0014031524991984234,197,2011-10-13,63.47999954223633,64.36000061035156,62.779998779296875,64.04000091552734,46.06281280517578,15159200,-0.0014031524991984234
198,2011-10-14,65.12999725341797,66.62000274658203,65.12000274658203,66.5999984741211,47.904170989990234,16616000,0.03997494014537373,198,2011-10-14,65.12999725341797,66.62000274658203,65.12000274658203,66.5999984741211,47.904170989990234,16616000,0.03997494014537373,198,2011-10-14,65.12999725341797,66.62000274658203,65.12000274658203,66.5999984741211,47.904170989990234,16616000,0.03997494014537373,198,2011-10-14,65.12999725341797,66.62000274658203,65.12000274658203,66.5999984741211,47.904170989990234,16616000,0.03997494014537373,198,2011-10-14,65.12999725341797,66.62000274658203,65.12000274658203,66.5999984741211,47.904170989990234,16616000,0.03997494014537373
199,2011-10-17,66.41999816894531,66.63999938964844,65.23999786376953,65.38999938964844,47.033836364746094,18806400,-0.018168243124925376,199,2011-10-17,66.41999816894531,66.63999938964844,65.23999786376953,65.38999938964844,47.033836364746094,18806400,-0.018168243124925376,199,2011-10-17,66.41999816894531,66.63999938964844,65.23999786376953,65.38999938964844,47.033836364746094,18806400,-0.018168243124925376,199,2011-10-17,66.41999816894531,66.63999938964844,65.23999786376953,65.38999938964844,47.033836364746094,18806400,-0.018168243124925376,199,2011-10-17,66.41999816894531,66.63999938964844,65.23999786376953,65.38999938964844,47.033836364746094,18806400,-0.018168243124925376
200,2011-10-18,65.30999755859375,67.94000244140625,64.58999633789062,67.48999786376953,48.544334411621094,24455300,0.03211513590261128,200,2011-10-18,65.30999755859375,67.94000244140625,64.58999633789062,67.48999786376953,48.544334411621094,24455300,0.03211513590261128,200,2011-10-18,65.30999755859375,67.94000244140625,64.58999633789062,67.48999786376953,48.544334411621094,24455300,0.03211513590261128,200,2011-10-18,65.30999755859375,67.94000244140625,64.58999633789062,67.48999786376953,48.544334411621094,24455300,0.03211513590261128,200,2011-10-18,65.30999755859375,67.94000244140625,64.58999633789062,67.48999786376953,48.544334411621094,24455300,0.03211513590261128
201,2011-10-19,67.19000244140625,68.23999786376953,66.4800033569336,66.79000091552734,48.040828704833984,24029000,-0.010372079726497896,201,2011-10-19,67.19000244140625,68.23999786376953,66.4800033569336,66.79000091552734,48.040828704833984,24029000,-0.010372079726497896,201,2011-10-19,67.19000244140625,68.23999786376953,66.4800033569336,66.79000091552734,48.040828704833984,24029000,-0.010372079726497896,201,2011-10-19,67.19000244140625,68.23999786376953,66.4800033569336,66.79000091552734,48.040828704833984,24029000,-0.010372079726497896,201,2011-10-19,67.19000244140625,68.23999786376953,66.4800033569336,66.79000091552734,48.040828704833984,24029000,-0.010372079726497896
202,2011-10-20,66.75,67.61000061035156,65.91999816894531,67.30999755859375,48.414878845214844,21877500,0.007786088426555926,202,2011-10-20,66.75,67.61000061035156,65.91999816894531,67.30999755859375,48.414878845214844,21877500,0.007786088426555926,202,2011-10-20,66.75,67.61000061035156,65.91999816894531,67.30999755859375,48.414878845214844,21877500,0.007786088426555926,202,2011-10-20,66.75,67.61000061035156,65.91999816894531,67.30999755859375,48.414878845214844,21877500,0.007786088426555926,202,2011-10-20,66.75,67.61000061035156,65.91999816894531,67.30999755859375,48.414878845214844,21877500,0.007786088426555926
203,2011-10-21,68.04000091552734,68.83000183105469,67.70999908447266,68.55000305175781,49.3067741394043,24170100,0.01842192556219935,203,2011-10-21,68.04000091552734,68.83000183105469,67.70999908447266,68.55000305175781,49.3067741394043,24170100,0.01842192556219935,203,2011-10-21,68.04000091552734,68.83000183105469,67.70999908447266,68.55000305175781,49.3067741394043,24170100,0.01842192556219935,203,2011-10-21,68.04000091552734,68.83000183105469,67.70999908447266,68.55000305175781,49.3067741394043,24170100,0.01842192556219935,203,2011-10-21,68.04000091552734,68.83000183105469,67.70999908447266,68.55000305175781,49.3067741394043,24170100,0.01842192556219935
204,2011-10-24,68.76000213623047,69.62999725341797,68.56999969482422,69.44999694824219,49.954124450683594,22972500,0.01312903394265974,204,2011-10-24,68.76000213623047,69.62999725341797,68.56999969482422,69.44999694824219,49.954124450683594,22972500,0.01312903394265974,204,2011-10-24,68.76000213623047,69.62999725341797,68.56999969482422,69.44999694824219,49.954124450683594,22972500,0.01312903394265974,204,2011-10-24,68.76000213623047,69.62999725341797,68.56999969482422,69.44999694824219,49.954124450683594,22972500,0.01312903394265974,204,2011-10-24,68.76000213623047,69.62999725341797,68.56999969482422,69.44999694824219,49.954124450683594,22972500,0.01312903394265974
205,2011-10-25,69.27999877929688,69.41000366210938,67.5,68.0,48.911163330078125,21918300,-0.02087837855380925,205,2011-10-25,69.27999877929688,69.41000366210938,67.5,68.0,48.911163330078125,21918300,-0.02087837855380925,205,2011-10-25,69.27999877929688,69.41000366210938,67.5,68.0,48.911163330078125,21918300,-0.02087837855380925,205,2011-10-25,69.27999877929688,69.41000366210938,67.5,68.0,48.911163330078125,21918300,-0.02087837855380925,205,2011-10-25,69.27999877929688,69.41000366210938,67.5,68.0,48.911163330078125,21918300,-0.02087837855380925
206,2011-10-26,69.04000091552734,69.70999908447266,67.48999786376953,69.47000122070312,49.96851348876953,18182400,0.021617767534087395,206,2011-10-26,69.04000091552734,69.70999908447266,67.48999786376953,69.47000122070312,49.96851348876953,18182400,0.021617767534087395,206,2011-10-26,69.04000091552734,69.70999908447266,67.48999786376953,69.47000122070312,49.96851348876953,18182400,0.021617767534087395,206,2011-10-26,69.04000091552734,69.70999908447266,67.48999786376953,69.47000122070312,49.96851348876953,18182400,0.021617767534087395,206,2011-10-26,69.04000091552734,69.70999908447266,67.48999786376953,69.47000122070312,49.96851348876953,18182400,0.021617767534087395
207,2011-10-27,71.37000274658203,73.19000244140625,71.18000030517578,72.55000305175781,52.18389129638672,31182400,0.04433547554131456,207,2011-10-27,71.37000274658203,73.19000244140625,71.18000030517578,72.55000305175781,52.18389129638672,31182400,0.04433547554131456,207,2011-10-27,71.37000274658203,73.19000244140625,71.18000030517578,72.55000305175781,52.18389129638672,31182400,0.04433547554131456,207,2011-10-27,71.37000274658203,73.19000244140625,71.18000030517578,72.55000305175781,52.18389129638672,31182400,0.04433547554131456,207,2011-10-27,71.37000274658203,73.19000244140625,71.18000030517578,72.55000305175781,52.18389129638672,31182400,0.04433547554131456
208,2011-10-28,71.80000305175781,73.16999816894531,71.5999984741211,73.04000091552734,52.53635025024414,17511200,0.006754171547989296,208,2011-10-28,71.80000305175781,73.16999816894531,71.5999984741211,73.04000091552734,52.53635025024414,17511200,0.006754171547989296,208,2011-10-28,71.80000305175781,73.16999816894531,71.5999984741211,73.04000091552734,52.53635025024414,17511200,0.006754171547989296,208,2011-10-28,71.80000305175781,73.16999816894531,71.5999984741211,73.04000091552734,52.53635025024414,17511200,0.006754171547989296,208,2011-10-28,71.80000305175781,73.16999816894531,71.5999984741211,73.04000091552734,52.53635025024414,17511200,0.006754171547989296
209,2011-10-31,71.80000305175781,71.8499984741211,69.5999984741211,69.70999908447266,50.141143798828125,21955100,-0.04559141318357729,209,2011-10-31,71.80000305175781,71.8499984741211,69.5999984741211,69.70999908447266,50.141143798828125,21955100,-0.04559141318357729,209,2011-10-31,71.80000305175781,71.8499984741211,69.5999984741211,69.70999908447266,50.141143798828125,21955100,-0.04559141318357729,209,2011-10-31,71.80000305175781,71.8499984741211,69.5999984741211,69.70999908447266,50.141143798828125,21955100,-0.04559141318357729,209,2011-10-31,71.80000305175781,71.8499984741211,69.5999984741211,69.70999908447266,50.141143798828125,21955100,-0.04559141318357729
210,2011-11-01,66.9800033569336,68.4800033569336,66.33999633789062,67.45999908447266,48.52275085449219,41742200,-0.032276745636858895,210,2011-11-01,66.9800033569336,68.4800033569336,66.33999633789062,67.45999908447266,48.52275085449219,41742200,-0.032276745636858895,210,2011-11-01,66.9800033569336,68.4800033569336,66.33999633789062,67.45999908447266,48.52275085449219,41742200,-0.032276745636858895,210,2011-11-01,66.9800033569336,68.4800033569336,66.33999633789062,67.45999908447266,48.52275085449219,41742200,-0.032276745636858895,210,2011-11-01,66.9800033569336,68.4800033569336,66.33999633789062,67.45999908447266,48.52275085449219,41742200,-0.032276745636858895
211,2011-11-02,69.12999725341797,69.68000030517578,68.44000244140625,69.48999786376953,49.9828987121582,20309400,0.030092025533437816,211,2011-11-02,69.12999725341797,69.68000030517578,68.44000244140625,69.48999786376953,49.9828987121582,20309400,0.030092025533437816,211,2011-11-02,69.12999725341797,69.68000030517578,68.44000244140625,69.48999786376953,49.9828987121582,20309400,0.030092025533437816,211,2011-11-02,69.12999725341797,69.68000030517578,68.44000244140625,69.48999786376953,49.9828987121582,20309400,0.030092025533437816,211,2011-11-02,69.12999725341797,69.68000030517578,68.44000244140625,69.48999786376953,49.9828987121582,20309400,0.030092025533437816
212,2011-11-03,70.5,71.55999755859375,69.56999969482422,71.31999969482422,51.29918670654297,19712200,0.026334767056328756,212,2011-11-03,70.5,71.55999755859375,69.56999969482422,71.31999969482422,51.29918670654297,19712200,0.026334767056328756,212,2011-11-03,70.5,71.55999755859375,69.56999969482422,71.31999969482422,51.29918670654297,19712200,0.026334767056328756,212,2011-11-03,70.5,71.55999755859375,69.56999969482422,71.31999969482422,51.29918670654297,19712200,0.026334767056328756,212,2011-11-03,70.5,71.55999755859375,69.56999969482422,71.31999969482422,51.29918670654297,19712200,0.026334767056328756
213,2011-11-04,70.69999694824219,71.45999908447266,70.0,71.26000213623047,51.25602340698242,12552900,-0.0008414031943130285,213,2011-11-04,70.69999694824219,71.45999908447266,70.0,71.26000213623047,51.25602340698242,12552900,-0.0008414031943130285,213,2011-11-04,70.69999694824219,71.45999908447266,70.0,71.26000213623047,51.25602340698242,12552900,-0.0008414031943130285,213,2011-11-04,70.69999694824219,71.45999908447266,70.0,71.26000213623047,51.25602340698242,12552900,-0.0008414031943130285,213,2011-11-04,70.69999694824219,71.45999908447266,70.0,71.26000213623047,51.25602340698242,12552900,-0.0008414031943130285
214,2011-11-07,71.27999877929688,72.1500015258789,70.4000015258789,71.6500015258789,51.53654098510742,13468900,0.005472870493632209,214,2011-11-07,71.27999877929688,72.1500015258789,70.4000015258789,71.6500015258789,51.53654098510742,13468900,0.005472870493632209,214,2011-11-07,71.27999877929688,72.1500015258789,70.4000015258789,71.6500015258789,51.53654098510742,13468900,0.005472870493632209,214,2011-11-07,71.27999877929688,72.1500015258789,70.4000015258789,71.6500015258789,51.53654098510742,13468900,0.005472870493632209,214,2011-11-07,71.27999877929688,72.1500015258789,70.4000015258789,71.6500015258789,51.53654098510742,13468900,0.005472870493632209
215,2011-11-08,72.2300033569336,72.9000015258789,71.2699966430664,72.81999969482422,52.37811279296875,19152700,0.016329613741529858,215,2011-11-08,72.2300033569336,72.9000015258789,71.2699966430664,72.81999969482422,52.37811279296875,19152700,0.016329613741529858,215,2011-11-08,72.2300033569336,72.9000015258789,71.2699966430664,72.81999969482422,52.37811279296875,19152700,0.016329613741529858,215,2011-11-08,72.2300033569336,72.9000015258789,71.2699966430664,72.81999969482422,52.37811279296875,19152700,0.016329613741529858,215,2011-11-08,72.2300033569336,72.9000015258789,71.2699966430664,72.81999969482422,52.37811279296875,19152700,0.016329613741529858
216,2011-11-09,70.66999816894531,71.3499984741211,69.41999816894531,69.5999984741211,50.06201171875,25271600,-0.044218872172302914,216,2011-11-09,70.66999816894531,71.3499984741211,69.41999816894531,69.5999984741211,50.06201171875,25271600,-0.044218872172302914,216,2011-11-09,70.66999816894531,71.3499984741211,69.41999816894531,69.5999984741211,50.06201171875,25271600,-0.044218872172302914,216,2011-11-09,70.66999816894531,71.3499984741211,69.41999816894531,69.5999984741211,50.06201171875,25271600,-0.044218872172302914,216,2011-11-09,70.66999816894531,71.3499984741211,69.41999816894531,69.5999984741211,50.06201171875,25271600,-0.044218872172302914
217,2011-11-10,70.7300033569336,71.33000183105469,69.44999694824219,70.80999755859375,50.932334899902344,20353600,0.017384902269645952,217,2011-11-10,70.7300033569336,71.33000183105469,69.44999694824219,70.80999755859375,50.932334899902344,20353600,0.017384902269645952,217,2011-11-10,70.7300033569336,71.33000183105469,69.44999694824219,70.80999755859375,50.932334899902344,20353600,0.017384902269645952,217,2011-11-10,70.7300033569336,71.33000183105469,69.44999694824219,70.80999755859375,50.932334899902344,20353600,0.017384902269645952,217,2011-11-10,70.7300033569336,71.33000183105469,69.44999694824219,70.80999755859375,50.932334899902344,20353600,0.017384902269645952
218,2011-11-11,71.5999984741211,72.55000305175781,71.5,72.26000213623047,51.975311279296875,14401500,0.020477686354735125,218,2011-11-11,71.5999984741211,72.55000305175781,71.5,72.26000213623047,51.975311279296875,14401500,0.020477686354735125,218,2011-11-11,71.5999984741211,72.55000305175781,71.5,72.26000213623047,51.975311279296875,14401500,0.020477686354735125,218,2011-11-11,71.5999984741211,72.55000305175781,71.5,72.26000213623047,51.975311279296875,14401500,0.020477686354735125,218,2011-11-11,71.5999984741211,72.55000305175781,71.5,72.26000213623047,51.975311279296875,14401500,0.020477686354735125
219,2011-11-14,71.81999969482422,71.9800033569336,70.6500015258789,71.30999755859375,51.291988372802734,15382500,-0.01314706713004965,219,2011-11-14,71.81999969482422,71.9800033569336,70.6500015258789,71.30999755859375,51.291988372802734,15382500,-0.01314706713004965,219,2011-11-14,71.81999969482422,71.9800033569336,70.6500015258789,71.30999755859375,51.291988372802734,15382500,-0.01314706713004965,219,2011-11-14,71.81999969482422,71.9800033569336,70.6500015258789,71.30999755859375,51.291988372802734,15382500,-0.01314706713004965,219,2011-11-14,71.81999969482422,71.9800033569336,70.6500015258789,71.30999755859375,51.291988372802734,15382500,-0.01314706713004965
220,2011-11-15,71.08999633789062,71.81999969482422,70.66000366210938,71.2300033569336,51.23444366455078,16674700,-0.0011219044158261582,220,2011-11-15,71.08999633789062,71.81999969482422,70.66000366210938,71.2300033569336,51.23444366455078,16674700,-0.0011219044158261582,220,2011-11-15,71.08999633789062,71.81999969482422,70.66000366210938,71.2300033569336,51.23444366455078,16674700,-0.0011219044158261582,220,2011-11-15,71.08999633789062,71.81999969482422,70.66000366210938,71.2300033569336,51.23444366455078,16674700,-0.0011219044158261582,220,2011-11-15,71.08999633789062,71.81999969482422,70.66000366210938,71.2300033569336,51.23444366455078,16674700,-0.0011219044158261582
221,2011-11-16,70.66999816894531,71.9800033569336,70.06999969482422,70.16000366210938,50.464813232421875,21941100,-0.015021738835849119,221,2011-11-16,70.66999816894531,71.9800033569336,70.06999969482422,70.16000366210938,50.464813232421875,21941100,-0.015021738835849119,221,2011-11-16,70.66999816894531,71.9800033569336,70.06999969482422,70.16000366210938,50.464813232421875,21941100,-0.015021738835849119,221,2011-11-16,70.66999816894531,71.9800033569336,70.06999969482422,70.16000366210938,50.464813232421875,21941100,-0.015021738835849119,221,2011-11-16,70.66999816894531,71.9800033569336,70.06999969482422,70.16000366210938,50.464813232421875,21941100,-0.015021738835849119
222,2011-11-17,70.12999725341797,70.5,67.91000366210938,68.55999755859375,49.3139533996582,25535900,-0.022805193540759716,222,2011-11-17,70.12999725341797,70.5,67.91000366210938,68.55999755859375,49.3139533996582,25535900,-0.022805193540759716,222,2011-11-17,70.12999725341797,70.5,67.91000366210938,68.55999755859375,49.3139533996582,25535900,-0.022805193540759716,222,2011-11-17,70.12999725341797,70.5,67.91000366210938,68.55999755859375,49.3139533996582,25535900,-0.022805193540759716,222,2011-11-17,70.12999725341797,70.5,67.91000366210938,68.55999755859375,49.3139533996582,25535900,-0.022805193540759716
223,2011-11-18,68.94999694824219,69.31999969482422,67.7300033569336,68.1500015258789,49.01906967163086,26951700,-0.00597972191840912,223,2011-11-18,68.94999694824219,69.31999969482422,67.7300033569336,68.1500015258789,49.01906967163086,26951700,-0.00597972191840912,223,2011-11-18,68.94999694824219,69.31999969482422,67.7300033569336,68.1500015258789,49.01906967163086,26951700,-0.00597972191840912,223,2011-11-18,68.94999694824219,69.31999969482422,67.7300033569336,68.1500015258789,49.01906967163086,26951700,-0.00597972191840912,223,2011-11-18,68.94999694824219,69.31999969482422,67.7300033569336,68.1500015258789,49.01906967163086,26951700,-0.00597972191840912
224,2011-11-21,66.91999816894531,67.3499984741211,65.9800033569336,66.93000030517578,48.141536712646484,20008300,-0.017901868902506668,224,2011-11-21,66.91999816894531,67.3499984741211,65.9800033569336,66.93000030517578,48.141536712646484,20008300,-0.017901868902506668,224,2011-11-21,66.91999816894531,67.3499984741211,65.9800033569336,66.93000030517578,48.141536712646484,20008300,-0.017901868902506668,224,2011-11-21,66.91999816894531,67.3499984741211,65.9800033569336,66.93000030517578,48.141536712646484,20008300,-0.017901868902506668,224,2011-11-21,66.91999816894531,67.3499984741211,65.9800033569336,66.93000030517578,48.141536712646484,20008300,-0.017901868902506668
225,2011-11-22,66.86000061035156,67.30000305175781,65.87999725341797,66.30000305175781,47.688385009765625,18696300,-0.00941290481825896,225,2011-11-22,66.86000061035156,67.30000305175781,65.87999725341797,66.30000305175781,47.688385009765625,18696300,-0.00941290481825896,225,2011-11-22,66.86000061035156,67.30000305175781,65.87999725341797,66.30000305175781,47.688385009765625,18696300,-0.00941290481825896,225,2011-11-22,66.86000061035156,67.30000305175781,65.87999725341797,66.30000305175781,47.688385009765625,18696300,-0.00941290481825896,225,2011-11-22,66.86000061035156,67.30000305175781,65.87999725341797,66.30000305175781,47.688385009765625,18696300,-0.00941290481825896
226,2011-11-23,65.3499984741211,65.5,64.27999877929688,64.29000091552734,46.24263381958008,21787600,-0.030316631395453708,226,2011-11-23,65.3499984741211,65.5,64.27999877929688,64.29000091552734,46.24263381958008,21787600,-0.030316631395453708,226,2011-11-23,65.3499984741211,65.5,64.27999877929688,64.29000091552734,46.24263381958008,21787600,-0.030316631395453708,226,2011-11-23,65.3499984741211,65.5,64.27999877929688,64.29000091552734,46.24263381958008,21787600,-0.030316631395453708,226,2011-11-23,65.3499984741211,65.5,64.27999877929688,64.29000091552734,46.24263381958008,21787600,-0.030316631395453708
227,2011-11-25,64.01000213623047,64.93000030517578,63.83000183105469,63.83000183105469,45.91175842285156,7149800,-0.007155202232196789,227,2011-11-25,64.01000213623047,64.93000030517578,63.83000183105469,63.83000183105469,45.91175842285156,7149800,-0.007155202232196789,227,2011-11-25,64.01000213623047,64.93000030517578,63.83000183105469,63.83000183105469,45.91175842285156,7149800,-0.007155202232196789,227,2011-11-25,64.01000213623047,64.93000030517578,63.83000183105469,63.83000183105469,45.91175842285156,7149800,-0.007155202232196789,227,2011-11-25,64.01000213623047,64.93000030517578,63.83000183105469,63.83000183105469,45.91175842285156,7149800,-0.007155202232196789
228,2011-11-28,66.16000366210938,66.77999877929688,65.61000061035156,66.22000122070312,47.6308479309082,21849800,0.037443338419401506,228,2011-11-28,66.16000366210938,66.77999877929688,65.61000061035156,66.22000122070312,47.6308479309082,21849800,0.037443338419401506,228,2011-11-28,66.16000366210938,66.77999877929688,65.61000061035156,66.22000122070312,47.6308479309082,21849800,0.037443338419401506,228,2011-11-28,66.16000366210938,66.77999877929688,65.61000061035156,66.22000122070312,47.6308479309082,21849800,0.037443338419401506,228,2011-11-28,66.16000366210938,66.77999877929688,65.61000061035156,66.22000122070312,47.6308479309082,21849800,0.037443338419401506
229,2011-11-29,66.51000213623047,67.88999938964844,66.27999877929688,67.16999816894531,48.31415939331055,14477100,0.014345985681244455,229,2011-11-29,66.51000213623047,67.88999938964844,66.27999877929688,67.16999816894531,48.31415939331055,14477100,0.014345985681244455,229,2011-11-29,66.51000213623047,67.88999938964844,66.27999877929688,67.16999816894531,48.31415939331055,14477100,0.014345985681244455,229,2011-11-29,66.51000213623047,67.88999938964844,66.27999877929688,67.16999816894531,48.31415939331055,14477100,0.014345985681244455,229,2011-11-29,66.51000213623047,67.88999938964844,66.27999877929688,67.16999816894531,48.31415939331055,14477100,0.014345985681244455
230,2011-11-30,69.6500015258789,71.06999969482422,69.62999725341797,70.87000274658203,50.975502014160156,32999600,0.05508411311028816,230,2011-11-30,69.6500015258789,71.06999969482422,69.62999725341797,70.87000274658203,50.975502014160156,32999600,0.05508411311028816,230,2011-11-30,69.6500015258789,71.06999969482422,69.62999725341797,70.87000274658203,50.975502014160156,32999600,0.05508411311028816,230,2011-11-30,69.6500015258789,71.06999969482422,69.62999725341797,70.87000274658203,50.975502014160156,32999600,0.05508411311028816,230,2011-11-30,69.6500015258789,71.06999969482422,69.62999725341797,70.87000274658203,50.975502014160156,32999600,0.05508411311028816
231,2011-12-01,70.68000030517578,71.38999938964844,70.08999633789062,70.4800033569336,50.69498825073242,16332300,-0.005502913210149729,231,2011-12-01,70.68000030517578,71.38999938964844,70.08999633789062,70.4800033569336,50.69498825073242,16332300,-0.005502913210149729,231,2011-12-01,70.68000030517578,71.38999938964844,70.08999633789062,70.4800033569336,50.69498825073242,16332300,-0.005502913210149729,231,2011-12-01,70.68000030517578,71.38999938964844,70.08999633789062,70.4800033569336,50.69498825073242,16332300,-0.005502913210149729,231,2011-12-01,70.68000030517578,71.38999938964844,70.08999633789062,70.4800033569336,50.69498825073242,16332300,-0.005502913210149729
232,2011-12-02,71.16000366210938,71.54000091552734,70.27999877929688,70.41999816894531,50.651817321777344,14939700,-0.0008515817922978286,232,2011-12-02,71.16000366210938,71.54000091552734,70.27999877929688,70.41999816894531,50.651817321777344,14939700,-0.0008515817922978286,232,2011-12-02,71.16000366210938,71.54000091552734,70.27999877929688,70.41999816894531,50.651817321777344,14939700,-0.0008515817922978286,232,2011-12-02,71.16000366210938,71.54000091552734,70.27999877929688,70.41999816894531,50.651817321777344,14939700,-0.0008515817922978286,232,2011-12-02,71.16000366210938,71.54000091552734,70.27999877929688,70.41999816894531,50.651817321777344,14939700,-0.0008515817922978286
233,2011-12-05,71.69999694824219,72.16999816894531,70.68000030517578,71.29000091552734,51.27760314941406,14862000,0.012354656964453481,233,2011-12-05,71.69999694824219,72.16999816894531,70.68000030517578,71.29000091552734,51.27760314941406,14862000,0.012354656964453481,233,2011-12-05,71.69999694824219,72.16999816894531,70.68000030517578,71.29000091552734,51.27760314941406,14862000,0.012354656964453481,233,2011-12-05,71.69999694824219,72.16999816894531,70.68000030517578,71.29000091552734,51.27760314941406,14862000,0.012354656964453481,233,2011-12-05,71.69999694824219,72.16999816894531,70.68000030517578,71.29000091552734,51.27760314941406,14862000,0.012354656964453481
234,2011-12-06,71.23999786376953,71.86000061035156,70.69999694824219,71.27999877929688,51.27042007446289,13859400,-0.00014008211207228172,234,2011-12-06,71.23999786376953,71.86000061035156,70.69999694824219,71.27999877929688,51.27042007446289,13859400,-0.00014008211207228172,234,2011-12-06,71.23999786376953,71.86000061035156,70.69999694824219,71.27999877929688,51.27042007446289,13859400,-0.00014008211207228172,234,2011-12-06,71.23999786376953,71.86000061035156,70.69999694824219,71.27999877929688,51.27042007446289,13859400,-0.00014008211207228172,234,2011-12-06,71.23999786376953,71.86000061035156,70.69999694824219,71.27999877929688,51.27042007446289,13859400,-0.00014008211207228172
235,2011-12-07,71.0,71.1500015258789,70.0,70.5999984741211,50.78130340576172,17144300,-0.009539938779335122,235,2011-12-07,71.0,71.1500015258789,70.0,70.5999984741211,50.78130340576172,17144300,-0.009539938779335122,235,2011-12-07,71.0,71.1500015258789,70.0,70.5999984741211,50.78130340576172,17144300,-0.009539938779335122,235,2011-12-07,71.0,71.1500015258789,70.0,70.5999984741211,50.78130340576172,17144300,-0.009539938779335122,235,2011-12-07,71.0,71.1500015258789,70.0,70.5999984741211,50.78130340576172,17144300,-0.009539938779335122
236,2011-12-08,70.08999633789062,70.45999908447266,68.43000030517578,68.62999725341797,49.364315032958984,17144900,-0.027903741687771655,236,2011-12-08,70.08999633789062,70.45999908447266,68.43000030517578,68.62999725341797,49.364315032958984,17144900,-0.027903741687771655,236,2011-12-08,70.08999633789062,70.45999908447266,68.43000030517578,68.62999725341797,49.364315032958984,17144900,-0.027903741687771655,236,2011-12-08,70.08999633789062,70.45999908447266,68.43000030517578,68.62999725341797,49.364315032958984,17144900,-0.027903741687771655,236,2011-12-08,70.08999633789062,70.45999908447266,68.43000030517578,68.62999725341797,49.364315032958984,17144900,-0.027903741687771655
237,2011-12-09,69.05999755859375,70.4800033569336,68.91000366210938,70.19000244140625,50.48639678955078,15518300,0.02273062546988891,237,2011-12-09,69.05999755859375,70.4800033569336,68.91000366210938,70.19000244140625,50.48639678955078,15518300,0.02273062546988891,237,2011-12-09,69.05999755859375,70.4800033569336,68.91000366210938,70.19000244140625,50.48639678955078,15518300,0.02273062546988891,237,2011-12-09,69.05999755859375,70.4800033569336,68.91000366210938,70.19000244140625,50.48639678955078,15518300,0.02273062546988891,237,2011-12-09,69.05999755859375,70.4800033569336,68.91000366210938,70.19000244140625,50.48639678955078,15518300,0.02273062546988891
238,2011-12-12,69.33999633789062,69.38999938964844,67.58999633789062,68.55000305175781,49.3067741394043,19314900,-0.023365158243787154,238,2011-12-12,69.33999633789062,69.38999938964844,67.58999633789062,68.55000305175781,49.3067741394043,19314900,-0.023365158243787154,238,2011-12-12,69.33999633789062,69.38999938964844,67.58999633789062,68.55000305175781,49.3067741394043,19314900,-0.023365158243787154,238,2011-12-12,69.33999633789062,69.38999938964844,67.58999633789062,68.55000305175781,49.3067741394043,19314900,-0.023365158243787154,238,2011-12-12,69.33999633789062,69.38999938964844,67.58999633789062,68.55000305175781,49.3067741394043,19314900,-0.023365158243787154
239,2011-12-13,69.08000183105469,69.95999908447266,67.4800033569336,67.91000366210938,48.846435546875,18638800,-0.00933621394958406,239,2011-12-13,69.08000183105469,69.95999908447266,67.4800033569336,67.91000366210938,48.846435546875,18638800,-0.00933621394958406,239,2011-12-13,69.08000183105469,69.95999908447266,67.4800033569336,67.91000366210938,48.846435546875,18638800,-0.00933621394958406,239,2011-12-13,69.08000183105469,69.95999908447266,67.4800033569336,67.91000366210938,48.846435546875,18638800,-0.00933621394958406,239,2011-12-13,69.08000183105469,69.95999908447266,67.4800033569336,67.91000366210938,48.846435546875,18638800,-0.00933621394958406
240,2011-12-14,67.11000061035156,67.41999816894531,65.70999908447266,66.0,47.47262191772461,26684300,-0.02812515619142819,240,2011-12-14,67.11000061035156,67.41999816894531,65.70999908447266,66.0,47.47262191772461,26684300,-0.02812515619142819,240,2011-12-14,67.11000061035156,67.41999816894531,65.70999908447266,66.0,47.47262191772461,26684300,-0.02812515619142819,240,2011-12-14,67.11000061035156,67.41999816894531,65.70999908447266,66.0,47.47262191772461,26684300,-0.02812515619142819,240,2011-12-14,67.11000061035156,67.41999816894531,65.70999908447266,66.0,47.47262191772461,26684300,-0.02812515619142819
241,2011-12-15,66.91999816894531,66.98999786376953,65.55000305175781,65.72000122070312,47.271217346191406,17749300,-0.004242541561792379,241,2011-12-15,66.91999816894531,66.98999786376953,65.55000305175781,65.72000122070312,47.271217346191406,17749300,-0.004242541561792379,241,2011-12-15,66.91999816894531,66.98999786376953,65.55000305175781,65.72000122070312,47.271217346191406,17749300,-0.004242541561792379,241,2011-12-15,66.91999816894531,66.98999786376953,65.55000305175781,65.72000122070312,47.271217346191406,17749300,-0.004242541561792379,241,2011-12-15,66.91999816894531,66.98999786376953,65.55000305175781,65.72000122070312,47.271217346191406,17749300,-0.004242541561792379
242,2011-12-16,65.97000122070312,66.51000213623047,65.45999908447266,66.13999938964844,47.774658203125,21970600,0.010650050605776507,242,2011-12-16,65.97000122070312,66.51000213623047,65.45999908447266,66.13999938964844,47.774658203125,21970600,0.010650050605776507,242,2011-12-16,65.97000122070312,66.51000213623047,65.45999908447266,66.13999938964844,47.774658203125,21970600,0.010650050605776507,242,2011-12-16,65.97000122070312,66.51000213623047,65.45999908447266,66.13999938964844,47.774658203125,21970600,0.010650050605776507,242,2011-12-16,65.97000122070312,66.51000213623047,65.45999908447266,66.13999938964844,47.774658203125,21970600,0.010650050605776507
243,2011-12-19,66.41999816894531,66.41999816894531,64.80000305175781,64.9800033569336,46.936767578125,12537400,-0.01753839078110231,243,2011-12-19,66.41999816894531,66.41999816894531,64.80000305175781,64.9800033569336,46.936767578125,12537400,-0.01753839078110231,243,2011-12-19,66.41999816894531,66.41999816894531,64.80000305175781,64.9800033569336,46.936767578125,12537400,-0.01753839078110231,243,2011-12-19,66.41999816894531,66.41999816894531,64.80000305175781,64.9800033569336,46.936767578125,12537400,-0.01753839078110231,243,2011-12-19,66.41999816894531,66.41999816894531,64.80000305175781,64.9800033569336,46.936767578125,12537400,-0.01753839078110231
244,2011-12-20,66.29000091552734,67.77999877929688,66.20999908447266,67.6500015258789,48.86537170410156,12663300,0.04108941082843964,244,2011-12-20,66.29000091552734,67.77999877929688,66.20999908447266,67.6500015258789,48.86537170410156,12663300,0.04108941082843964,244,2011-12-20,66.29000091552734,67.77999877929688,66.20999908447266,67.6500015258789,48.86537170410156,12663300,0.04108941082843964,244,2011-12-20,66.29000091552734,67.77999877929688,66.20999908447266,67.6500015258789,48.86537170410156,12663300,0.04108941082843964,244,2011-12-20,66.29000091552734,67.77999877929688,66.20999908447266,67.6500015258789,48.86537170410156,12663300,0.04108941082843964
245,2011-12-21,67.66000366210938,68.58000183105469,67.2300033569336,68.4000015258789,49.4071159362793,12025800,0.011086464980931687,245,2011-12-21,67.66000366210938,68.58000183105469,67.2300033569336,68.4000015258789,49.4071159362793,12025800,0.011086464980931687,245,2011-12-21,67.66000366210938,68.58000183105469,67.2300033569336,68.4000015258789,49.4071159362793,12025800,0.011086464980931687,245,2011-12-21,67.66000366210938,68.58000183105469,67.2300033569336,68.4000015258789,49.4071159362793,12025800,0.011086464980931687,245,2011-12-21,67.66000366210938,68.58000183105469,67.2300033569336,68.4000015258789,49.4071159362793,12025800,0.011086464980931687
246,2011-12-22,68.77999877929688,69.3499984741211,68.55000305175781,69.19999694824219,49.984989166259766,10988100,0.011696153864268366,246,2011-12-22,68.77999877929688,69.3499984741211,68.55000305175781,69.19999694824219,49.984989166259766,10988100,0.011696153864268366,246,2011-12-22,68.77999877929688,69.3499984741211,68.55000305175781,69.19999694824219,49.984989166259766,10988100,0.011696153864268366,246,2011-12-22,68.77999877929688,69.3499984741211,68.55000305175781,69.19999694824219,49.984989166259766,10988100,0.011696153864268366,246,2011-12-22,68.77999877929688,69.3499984741211,68.55000305175781,69.19999694824219,49.984989166259766,10988100,0.011696153864268366
247,2011-12-23,69.45999908447266,69.68000030517578,69.05000305175781,69.5999984741211,50.27390670776367,5214100,0.005780086108309712,247,2011-12-23,69.45999908447266,69.68000030517578,69.05000305175781,69.5999984741211,50.27390670776367,5214100,0.005780086108309712,247,2011-12-23,69.45999908447266,69.68000030517578,69.05000305175781,69.5999984741211,50.27390670776367,5214100,0.005780086108309712,247,2011-12-23,69.45999908447266,69.68000030517578,69.05000305175781,69.5999984741211,50.27390670776367,5214100,0.005780086108309712,247,2011-12-23,69.45999908447266,69.68000030517578,69.05000305175781,69.5999984741211,50.27390670776367,5214100,0.005780086108309712
248,2011-12-27,69.44999694824219,70.0999984741211,69.44999694824219,69.77999877929688,50.403926849365234,5630300,0.002586235089255151,248,2011-12-27,69.44999694824219,70.0999984741211,69.44999694824219,69.77999877929688,50.403926849365234,5630300,0.002586235089255151,248,2011-12-27,69.44999694824219,70.0999984741211,69.44999694824219,69.77999877929688,50.403926849365234,5630300,0.002586235089255151,248,2011-12-27,69.44999694824219,70.0999984741211,69.44999694824219,69.77999877929688,50.403926849365234,5630300,0.002586235089255151,248,2011-12-27,69.44999694824219,70.0999984741211,69.44999694824219,69.77999877929688,50.403926849365234,5630300,0.002586235089255151
249,2011-12-28,69.80000305175781,69.97000122070312,68.36000061035156,68.44999694824219,49.4432373046875,11320700,-0.019059815469314678,249,2011-12-28,69.80000305175781,69.97000122070312,68.36000061035156,68.44999694824219,49.4432373046875,11320700,-0.019059815469314678,249,2011-12-28,69.80000305175781,69.97000122070312,68.36000061035156,68.44999694824219,49.4432373046875,11320700,-0.019059815469314678,249,2011-12-28,69.80000305175781,69.97000122070312,68.36000061035156,68.44999694824219,49.4432373046875,11320700,-0.019059815469314678,249,2011-12-28,69.80000305175781,69.97000122070312,68.36000061035156,68.44999694824219,49.4432373046875,11320700,-0.019059815469314678
250,2011-12-29,68.61000061035156,69.23999786376953,68.55000305175781,69.16000366210938,49.95610427856445,7702100,0.010372843726159653,250,2011-12-29,68.61000061035156,69.23999786376953,68.55000305175781,69.16000366210938,49.95610427856445,7702100,0.010372843726159653,250,2011-12-29,68.61000061035156,69.23999786376953,68.55000305175781,69.16000366210938,49.95610427856445,7702100,0.010372843726159653,250,2011-12-29,68.61000061035156,69.23999786376953,68.55000305175781,69.16000366210938,49.95610427856445,7702100,0.010372843726159653,250,2011-12-29,68.61000061035156,69.23999786376953,68.55000305175781,69.16000366210938,49.95610427856445,7702100,0.010372843726159653
251,2011-12-30,69.0,69.45999908447266,68.93000030517578,69.12999725341797,49.93442153930664,6580000,-0.0004340358314752768,251,2011-12-30,69.0,69.45999908447266,68.93000030517578,69.12999725341797,49.93442153930664,6580000,-0.0004340358314752768,251,2011-12-30,69.0,69.45999908447266,68.93000030517578,69.12999725341797,49.93442153930664,6580000,-0.0004340358314752768,251,2011-12-30,69.0,69.45999908447266,68.93000030517578,69.12999725341797,49.93442153930664,6580000,-0.0004340358314752768,251,2011-12-30,69.0,69.45999908447266,68.93000030517578,69.12999725341797,49.93442153930664,6580000,-0.0004340358314752768
252,2012-01-03,70.5999984741211,71.4000015258789,70.48999786376953,71.05000305175781,51.32129669189453,24254800,0.02777393048392862,252,2012-01-03,70.5999984741211,71.4000015258789,70.48999786376953,71.05000305175781,51.32129669189453,24254800,0.02777393048392862,252,2012-01-03,70.5999984741211,71.4000015258789,70.48999786376953,71.05000305175781,51.32129669189453,24254800,0.02777393048392862,252,2012-01-03,70.5999984741211,71.4000015258789,70.48999786376953,71.05000305175781,51.32129669189453,24254800,0.02777393048392862,252,2012-01-03,70.5999984741211,71.4000015258789,70.48999786376953,71.05000305175781,51.32129669189453,24254800,0.02777393048392862
253,2012-01-04,70.77999877929688,71.31999969482422,70.36000061035156,71.19999694824219,51.42963409423828,14018500,0.0021109638556904287,253,2012-01-04,70.77999877929688,71.31999969482422,70.36000061035156,71.19999694824219,51.42963409423828,14018500,0.0021109638556904287,253,2012-01-04,70.77999877929688,71.31999969482422,70.36000061035156,71.19999694824219,51.42963409423828,14018500,0.0021109638556904287,253,2012-01-04,70.77999877929688,71.31999969482422,70.36000061035156,71.19999694824219,51.42963409423828,14018500,0.0021109638556904287,253,2012-01-04,70.77999877929688,71.31999969482422,70.36000061035156,71.19999694824219,51.42963409423828,14018500,0.0021109638556904287
254,2012-01-05,70.73999786376953,70.91000366210938,70.0,70.86000061035156,51.18404006958008,12674700,-0.004775340695758801,254,2012-01-05,70.73999786376953,70.91000366210938,70.0,70.86000061035156,51.18404006958008,12674700,-0.004775340695758801,254,2012-01-05,70.73999786376953,70.91000366210938,70.0,70.86000061035156,51.18404006958008,12674700,-0.004775340695758801,254,2012-01-05,70.73999786376953,70.91000366210938,70.0,70.86000061035156,51.18404006958008,12674700,-0.004775340695758801,254,2012-01-05,70.73999786376953,70.91000366210938,70.0,70.86000061035156,51.18404006958008,12674700,-0.004775340695758801
255,2012-01-06,70.98999786376953,71.0199966430664,70.29000091552734,70.44000244140625,50.880680084228516,8893100,-0.00592684721524861,255,2012-01-06,70.98999786376953,71.0199966430664,70.29000091552734,70.44000244140625,50.880680084228516,8893100,-0.00592684721524861,255,2012-01-06,70.98999786376953,71.0199966430664,70.29000091552734,70.44000244140625,50.880680084228516,8893100,-0.00592684721524861,255,2012-01-06,70.98999786376953,71.0199966430664,70.29000091552734,70.44000244140625,50.880680084228516,8893100,-0.00592684721524861,255,2012-01-06,70.98999786376953,71.0199966430664,70.29000091552734,70.44000244140625,50.880680084228516,8893100,-0.00592684721524861
256,2012-01-09,70.58999633789062,70.94000244140625,70.37999725341797,70.77999877929688,51.126251220703125,12043200,0.004826412226961008,256,2012-01-09,70.58999633789062,70.94000244140625,70.37999725341797,70.77999877929688,51.126251220703125,12043200,0.004826412226961008,256,2012-01-09,70.58999633789062,70.94000244140625,70.37999725341797,70.77999877929688,51.126251220703125,12043200,0.004826412226961008,256,2012-01-09,70.58999633789062,70.94000244140625,70.37999725341797,70.77999877929688,51.126251220703125,12043200,0.004826412226961008,256,2012-01-09,70.58999633789062,70.94000244140625,70.37999725341797,70.77999877929688,51.126251220703125,12043200,0.004826412226961008
257,2012-01-10,71.88999938964844,71.9800033569336,71.20999908447266,71.41000366210938,51.58131790161133,13633400,0.008900841936244408,257,2012-01-10,71.88999938964844,71.9800033569336,71.20999908447266,71.41000366210938,51.58131790161133,13633400,0.008900841936244408,257,2012-01-10,71.88999938964844,71.9800033569336,71.20999908447266,71.41000366210938,51.58131790161133,13633400,0.008900841936244408,257,2012-01-10,71.88999938964844,71.9800033569336,71.20999908447266,71.41000366210938,51.58131790161133,13633400,0.008900841936244408,257,2012-01-10,71.88999938964844,71.9800033569336,71.20999908447266,71.41000366210938,51.58131790161133,13633400,0.008900841936244408
258,2012-01-11,71.08000183105469,71.08999633789062,70.16999816894531,70.44999694824219,50.887882232666016,13472000,-0.013443543072474529,258,2012-01-11,71.08000183105469,71.08999633789062,70.16999816894531,70.44999694824219,50.887882232666016,13472000,-0.013443543072474529,258,2012-01-11,71.08000183105469,71.08999633789062,70.16999816894531,70.44999694824219,50.887882232666016,13472000,-0.013443543072474529,258,2012-01-11,71.08000183105469,71.08999633789062,70.16999816894531,70.44999694824219,50.887882232666016,13472000,-0.013443543072474529,258,2012-01-11,71.08000183105469,71.08999633789062,70.16999816894531,70.44999694824219,50.887882232666016,13472000,-0.013443543072474529
259,2012-01-12,70.06999969482422,70.37999725341797,69.4800033569336,69.79000091552734,50.411163330078125,19704800,-0.009368024010279474,259,2012-01-12,70.06999969482422,70.37999725341797,69.4800033569336,69.79000091552734,50.411163330078125,19704800,-0.009368024010279474,259,2012-01-12,70.06999969482422,70.37999725341797,69.4800033569336,69.79000091552734,50.411163330078125,19704800,-0.009368024010279474,259,2012-01-12,70.06999969482422,70.37999725341797,69.4800033569336,69.79000091552734,50.411163330078125,19704800,-0.009368024010279474,259,2012-01-12,70.06999969482422,70.37999725341797,69.4800033569336,69.79000091552734,50.411163330078125,19704800,-0.009368024010279474
260,2012-01-13,69.3499984741211,69.54000091552734,68.73999786376953,69.44000244140625,50.15834426879883,16217400,-0.005015140389121875,260,2012-01-13,69.3499984741211,69.54000091552734,68.73999786376953,69.44000244140625,50.15834426879883,16217400,-0.005015140389121875,260,2012-01-13,69.3499984741211,69.54000091552734,68.73999786376953,69.44000244140625,50.15834426879883,16217400,-0.005015140389121875,260,2012-01-13,69.3499984741211,69.54000091552734,68.73999786376953,69.44000244140625,50.15834426879883,16217400,-0.005015140389121875,260,2012-01-13,69.3499984741211,69.54000091552734,68.73999786376953,69.44000244140625,50.15834426879883,16217400,-0.005015140389121875
261,2012-01-17,70.22000122070312,70.55000305175781,69.70999908447266,69.93000030517578,50.51229476928711,12527000,0.007056662368906341,261,2012-01-17,70.22000122070312,70.55000305175781,69.70999908447266,69.93000030517578,50.51229476928711,12527000,0.007056662368906341,261,2012-01-17,70.22000122070312,70.55000305175781,69.70999908447266,69.93000030517578,50.51229476928711,12527000,0.007056662368906341,261,2012-01-17,70.22000122070312,70.55000305175781,69.70999908447266,69.93000030517578,50.51229476928711,12527000,0.007056662368906341,261,2012-01-17,70.22000122070312,70.55000305175781,69.70999908447266,69.93000030517578,50.51229476928711,12527000,0.007056662368906341
262,2012-01-18,69.88999938964844,71.11000061035156,69.55000305175781,71.08000183105469,51.34294891357422,15361800,0.016444593303097665,262,2012-01-18,69.88999938964844,71.11000061035156,69.55000305175781,71.08000183105469,51.34294891357422,15361800,0.016444593303097665,262,2012-01-18,69.88999938964844,71.11000061035156,69.55000305175781,71.08000183105469,51.34294891357422,15361800,0.016444593303097665,262,2012-01-18,69.88999938964844,71.11000061035156,69.55000305175781,71.08000183105469,51.34294891357422,15361800,0.016444593303097665,262,2012-01-18,69.88999938964844,71.11000061035156,69.55000305175781,71.08000183105469,51.34294891357422,15361800,0.016444593303097665
263,2012-01-19,71.44999694824219,71.62999725341797,71.04000091552734,71.37000274658203,51.55244064331055,13304400,0.00408024342522606,263,2012-01-19,71.44999694824219,71.62999725341797,71.04000091552734,71.37000274658203,51.55244064331055,13304400,0.00408024342522606,263,2012-01-19,71.44999694824219,71.62999725341797,71.04000091552734,71.37000274658203,51.55244064331055,13304400,0.00408024342522606,263,2012-01-19,71.44999694824219,71.62999725341797,71.04000091552734,71.37000274658203,51.55244064331055,13304400,0.00408024342522606,263,2012-01-19,71.44999694824219,71.62999725341797,71.04000091552734,71.37000274658203,51.55244064331055,13304400,0.00408024342522606
264,2012-01-20,71.36000061035156,71.63999938964844,70.81999969482422,71.37999725341797,51.55966567993164,15393300,0.00014014926414596118,264,2012-01-20,71.36000061035156,71.63999938964844,70.81999969482422,71.37999725341797,51.55966567993164,15393300,0.00014014926414596118,264,2012-01-20,71.36000061035156,71.63999938964844,70.81999969482422,71.37999725341797,51.55966567993164,15393300,0.00014014926414596118,264,2012-01-20,71.36000061035156,71.63999938964844,70.81999969482422,71.37999725341797,51.55966567993164,15393300,0.00014014926414596118,264,2012-01-20,71.36000061035156,71.63999938964844,70.81999969482422,71.37999725341797,51.55966567993164,15393300,0.00014014926414596118
265,2012-01-23,71.62999725341797,72.1500015258789,71.43000030517578,71.94999694824219,51.971370697021484,12987000,0.00798502107530319,265,2012-01-23,71.62999725341797,72.1500015258789,71.43000030517578,71.94999694824219,51.971370697021484,12987000,0.00798502107530319,265,2012-01-23,71.62999725341797,72.1500015258789,71.43000030517578,71.94999694824219,51.971370697021484,12987000,0.00798502107530319,265,2012-01-23,71.62999725341797,72.1500015258789,71.43000030517578,71.94999694824219,51.971370697021484,12987000,0.00798502107530319,265,2012-01-23,71.62999725341797,72.1500015258789,71.43000030517578,71.94999694824219,51.971370697021484,12987000,0.00798502107530319
266,2012-01-24,71.31999969482422,71.79000091552734,71.02999877929688,71.73999786376953,51.81969451904297,10617200,-0.0029184563721196266,266,2012-01-24,71.31999969482422,71.79000091552734,71.02999877929688,71.73999786376953,51.81969451904297,10617200,-0.0029184563721196266,266,2012-01-24,71.31999969482422,71.79000091552734,71.02999877929688,71.73999786376953,51.81969451904297,10617200,-0.0029184563721196266,266,2012-01-24,71.31999969482422,71.79000091552734,71.02999877929688,71.73999786376953,51.81969451904297,10617200,-0.0029184563721196266,266,2012-01-24,71.31999969482422,71.79000091552734,71.02999877929688,71.73999786376953,51.81969451904297,10617200,-0.0029184563721196266
267,2012-01-25,71.62999725341797,72.86000061035156,70.70999908447266,72.62000274658203,52.45534133911133,19638100,0.012266510367689776,267,2012-01-25,71.62999725341797,72.86000061035156,70.70999908447266,72.62000274658203,52.45534133911133,19638100,0.012266510367689776,267,2012-01-25,71.62999725341797,72.86000061035156,70.70999908447266,72.62000274658203,52.45534133911133,19638100,0.012266510367689776,267,2012-01-25,71.62999725341797,72.86000061035156,70.70999908447266,72.62000274658203,52.45534133911133,19638100,0.012266510367689776,267,2012-01-25,71.62999725341797,72.86000061035156,70.70999908447266,72.62000274658203,52.45534133911133,19638100,0.012266510367689776
268,2012-01-26,73.06999969482422,73.16000366210938,71.3499984741211,71.62999725341797,51.74024200439453,16979200,-0.013632536105214754,268,2012-01-26,73.06999969482422,73.16000366210938,71.3499984741211,71.62999725341797,51.74024200439453,16979200,-0.013632536105214754,268,2012-01-26,73.06999969482422,73.16000366210938,71.3499984741211,71.62999725341797,51.74024200439453,16979200,-0.013632536105214754,268,2012-01-26,73.06999969482422,73.16000366210938,71.3499984741211,71.62999725341797,51.74024200439453,16979200,-0.013632536105214754,268,2012-01-26,73.06999969482422,73.16000366210938,71.3499984741211,71.62999725341797,51.74024200439453,16979200,-0.013632536105214754
269,2012-01-27,71.30999755859375,71.79000091552734,71.19999694824219,71.4800033569336,51.631900787353516,9224100,-0.002093944922635149,269,2012-01-27,71.30999755859375,71.79000091552734,71.19999694824219,71.4800033569336,51.631900787353516,9224100,-0.002093944922635149,269,2012-01-27,71.30999755859375,71.79000091552734,71.19999694824219,71.4800033569336,51.631900787353516,9224100,-0.002093944922635149,269,2012-01-27,71.30999755859375,71.79000091552734,71.19999694824219,71.4800033569336,51.631900787353516,9224100,-0.002093944922635149,269,2012-01-27,71.30999755859375,71.79000091552734,71.19999694824219,71.4800033569336,51.631900787353516,9224100,-0.002093944922635149
270,2012-01-30,70.66000366210938,71.19000244140625,70.12999725341797,71.13999938964844,51.386287689208984,13625800,-0.004757002829628321,270,2012-01-30,70.66000366210938,71.19000244140625,70.12999725341797,71.13999938964844,51.386287689208984,13625800,-0.004757002829628321,270,2012-01-30,70.66000366210938,71.19000244140625,70.12999725341797,71.13999938964844,51.386287689208984,13625800,-0.004757002829628321,270,2012-01-30,70.66000366210938,71.19000244140625,70.12999725341797,71.13999938964844,51.386287689208984,13625800,-0.004757002829628321,270,2012-01-30,70.66000366210938,71.19000244140625,70.12999725341797,71.13999938964844,51.386287689208984,13625800,-0.004757002829628321
271,2012-01-31,71.6500015258789,71.72000122070312,70.33999633789062,70.69000244140625,51.06125259399414,14680900,-0.006325327433277517,271,2012-01-31,71.6500015258789,71.72000122070312,70.33999633789062,70.69000244140625,51.06125259399414,14680900,-0.006325327433277517,271,2012-01-31,71.6500015258789,71.72000122070312,70.33999633789062,70.69000244140625,51.06125259399414,14680900,-0.006325327433277517,271,2012-01-31,71.6500015258789,71.72000122070312,70.33999633789062,70.69000244140625,51.06125259399414,14680900,-0.006325327433277517,271,2012-01-31,71.6500015258789,71.72000122070312,70.33999633789062,70.69000244140625,51.06125259399414,14680900,-0.006325327433277517
272,2012-02-01,71.33000183105469,71.58000183105469,70.81999969482422,70.97000122070312,51.26350784301758,12776500,0.003961031873456866,272,2012-02-01,71.33000183105469,71.58000183105469,70.81999969482422,70.97000122070312,51.26350784301758,12776500,0.003961031873456866,272,2012-02-01,71.33000183105469,71.58000183105469,70.81999969482422,70.97000122070312,51.26350784301758,12776500,0.003961031873456866,272,2012-02-01,71.33000183105469,71.58000183105469,70.81999969482422,70.97000122070312,51.26350784301758,12776500,0.003961031873456866,272,2012-02-01,71.33000183105469,71.58000183105469,70.81999969482422,70.97000122070312,51.26350784301758,12776500,0.003961031873456866
273,2012-02-02,71.08000183105469,71.77999877929688,70.86000061035156,71.51000213623047,51.6535530090332,15471100,0.00760863199627404,273,2012-02-02,71.08000183105469,71.77999877929688,70.86000061035156,71.51000213623047,51.6535530090332,15471100,0.00760863199627404,273,2012-02-02,71.08000183105469,71.77999877929688,70.86000061035156,71.51000213623047,51.6535530090332,15471100,0.00760863199627404,273,2012-02-02,71.08000183105469,71.77999877929688,70.86000061035156,71.51000213623047,51.6535530090332,15471100,0.00760863199627404,273,2012-02-02,71.08000183105469,71.77999877929688,70.86000061035156,71.51000213623047,51.6535530090332,15471100,0.00760863199627404
274,2012-02-03,72.44000244140625,72.83999633789062,72.02999877929688,72.7699966430664,52.56367874145508,14996500,0.017619808888320154,274,2012-02-03,72.44000244140625,72.83999633789062,72.02999877929688,72.7699966430664,52.56367874145508,14996500,0.017619808888320154,274,2012-02-03,72.44000244140625,72.83999633789062,72.02999877929688,72.7699966430664,52.56367874145508,14996500,0.017619808888320154,274,2012-02-03,72.44000244140625,72.83999633789062,72.02999877929688,72.7699966430664,52.56367874145508,14996500,0.017619808888320154,274,2012-02-03,72.44000244140625,72.83999633789062,72.02999877929688,72.7699966430664,52.56367874145508,14996500,0.017619808888320154
275,2012-02-06,72.36000061035156,73.6500015258789,72.25,73.63999938964844,53.19209671020508,13384600,0.01195536506949968,275,2012-02-06,72.36000061035156,73.6500015258789,72.25,73.63999938964844,53.19209671020508,13384600,0.01195536506949968,275,2012-02-06,72.36000061035156,73.6500015258789,72.25,73.63999938964844,53.19209671020508,13384600,0.01195536506949968,275,2012-02-06,72.36000061035156,73.6500015258789,72.25,73.63999938964844,53.19209671020508,13384600,0.01195536506949968,275,2012-02-06,72.36000061035156,73.6500015258789,72.25,73.63999938964844,53.19209671020508,13384600,0.01195536506949968
276,2012-02-07,73.45999908447266,74.13999938964844,72.69999694824219,74.0199966430664,53.466583251953125,17548700,0.005160288063910556,276,2012-02-07,73.45999908447266,74.13999938964844,72.69999694824219,74.0199966430664,53.466583251953125,17548700,0.005160288063910556,276,2012-02-07,73.45999908447266,74.13999938964844,72.69999694824219,74.0199966430664,53.466583251953125,17548700,0.005160288063910556,276,2012-02-07,73.45999908447266,74.13999938964844,72.69999694824219,74.0199966430664,53.466583251953125,17548700,0.005160288063910556,276,2012-02-07,73.45999908447266,74.13999938964844,72.69999694824219,74.0199966430664,53.466583251953125,17548700,0.005160288063910556
277,2012-02-08,74.19999694824219,74.30000305175781,73.29000091552734,73.7699966430664,53.2860107421875,11027800,-0.0033772965987878267,277,2012-02-08,74.19999694824219,74.30000305175781,73.29000091552734,73.7699966430664,53.2860107421875,11027800,-0.0033772965987878267,277,2012-02-08,74.19999694824219,74.30000305175781,73.29000091552734,73.7699966430664,53.2860107421875,11027800,-0.0033772965987878267,277,2012-02-08,74.19999694824219,74.30000305175781,73.29000091552734,73.7699966430664,53.2860107421875,11027800,-0.0033772965987878267,277,2012-02-08,74.19999694824219,74.30000305175781,73.29000091552734,73.7699966430664,53.2860107421875,11027800,-0.0033772965987878267
278,2012-02-09,73.87999725341797,74.05999755859375,73.19000244140625,73.77999877929688,53.29323959350586,9605400,0.00013566133432907357,278,2012-02-09,73.87999725341797,74.05999755859375,73.19000244140625,73.77999877929688,53.29323959350586,9605400,0.00013566133432907357,278,2012-02-09,73.87999725341797,74.05999755859375,73.19000244140625,73.77999877929688,53.29323959350586,9605400,0.00013566133432907357,278,2012-02-09,73.87999725341797,74.05999755859375,73.19000244140625,73.77999877929688,53.29323959350586,9605400,0.00013566133432907357,278,2012-02-09,73.87999725341797,74.05999755859375,73.19000244140625,73.77999877929688,53.29323959350586,9605400,0.00013566133432907357
279,2012-02-10,72.91999816894531,73.16999816894531,72.55999755859375,73.04000091552734,52.75870895385742,14837000,-0.010029989614547152,279,2012-02-10,72.91999816894531,73.16999816894531,72.55999755859375,73.04000091552734,52.75870895385742,14837000,-0.010029989614547152,279,2012-02-10,72.91999816894531,73.16999816894531,72.55999755859375,73.04000091552734,52.75870895385742,14837000,-0.010029989614547152,279,2012-02-10,72.91999816894531,73.16999816894531,72.55999755859375,73.04000091552734,52.75870895385742,14837000,-0.010029989614547152,279,2012-02-10,72.91999816894531,73.16999816894531,72.55999755859375,73.04000091552734,52.75870895385742,14837000,-0.010029989614547152
280,2012-02-13,73.77999877929688,73.83000183105469,73.05999755859375,73.62000274658203,53.17766189575195,9914300,0.007940924829319629,280,2012-02-13,73.77999877929688,73.83000183105469,73.05999755859375,73.62000274658203,53.17766189575195,9914300,0.007940924829319629,280,2012-02-13,73.77999877929688,73.83000183105469,73.05999755859375,73.62000274658203,53.17766189575195,9914300,0.007940924829319629,280,2012-02-13,73.77999877929688,73.83000183105469,73.05999755859375,73.62000274658203,53.17766189575195,9914300,0.007940924829319629,280,2012-02-13,73.77999877929688,73.83000183105469,73.05999755859375,73.62000274658203,53.17766189575195,9914300,0.007940924829319629
281,2012-02-14,73.54000091552734,73.87999725341797,73.1500015258789,73.75,53.27156066894531,14547900,0.0017657559555257496,281,2012-02-14,73.54000091552734,73.87999725341797,73.1500015258789,73.75,53.27156066894531,14547900,0.0017657559555257496,281,2012-02-14,73.54000091552734,73.87999725341797,73.1500015258789,73.75,53.27156066894531,14547900,0.0017657559555257496,281,2012-02-14,73.54000091552734,73.87999725341797,73.1500015258789,73.75,53.27156066894531,14547900,0.0017657559555257496,281,2012-02-14,73.54000091552734,73.87999725341797,73.1500015258789,73.75,53.27156066894531,14547900,0.0017657559555257496
282,2012-02-15,73.98999786376953,74.19999694824219,73.38999938964844,73.62999725341797,53.184879302978516,14739400,-0.001627160249827786,282,2012-02-15,73.98999786376953,74.19999694824219,73.38999938964844,73.62999725341797,53.184879302978516,14739400,-0.001627160249827786,282,2012-02-15,73.98999786376953,74.19999694824219,73.38999938964844,73.62999725341797,53.184879302978516,14739400,-0.001627160249827786,282,2012-02-15,73.98999786376953,74.19999694824219,73.38999938964844,73.62999725341797,53.184879302978516,14739400,-0.001627160249827786,282,2012-02-15,73.98999786376953,74.19999694824219,73.38999938964844,73.62999725341797,53.184879302978516,14739400,-0.001627160249827786
283,2012-02-16,73.77999877929688,74.72000122070312,73.33000183105469,74.58999633789062,53.87833786010742,18101600,0.013038641174279553,283,2012-02-16,73.77999877929688,74.72000122070312,73.33000183105469,74.58999633789062,53.87833786010742,18101600,0.013038641174279553,283,2012-02-16,73.77999877929688,74.72000122070312,73.33000183105469,74.58999633789062,53.87833786010742,18101600,0.013038641174279553,283,2012-02-16,73.77999877929688,74.72000122070312,73.33000183105469,74.58999633789062,53.87833786010742,18101600,0.013038641174279553,283,2012-02-16,73.77999877929688,74.72000122070312,73.33000183105469,74.58999633789062,53.87833786010742,18101600,0.013038641174279553
284,2012-02-17,75.18000030517578,75.2699966430664,74.43000030517578,74.87000274658203,54.080570220947266,13493000,0.0037535003653033083,284,2012-02-17,75.18000030517578,75.2699966430664,74.43000030517578,74.87000274658203,54.080570220947266,13493000,0.0037535003653033083,284,2012-02-17,75.18000030517578,75.2699966430664,74.43000030517578,74.87000274658203,54.080570220947266,13493000,0.0037535003653033083,284,2012-02-17,75.18000030517578,75.2699966430664,74.43000030517578,74.87000274658203,54.080570220947266,13493000,0.0037535003653033083,284,2012-02-17,75.18000030517578,75.2699966430664,74.43000030517578,74.87000274658203,54.080570220947266,13493000,0.0037535003653033083
285,2012-02-21,75.37000274658203,75.79000091552734,75.16999816894531,75.37999725341797,54.4489631652832,14382300,0.00681192788520657,285,2012-02-21,75.37000274658203,75.79000091552734,75.16999816894531,75.37999725341797,54.4489631652832,14382300,0.00681192788520657,285,2012-02-21,75.37000274658203,75.79000091552734,75.16999816894531,75.37999725341797,54.4489631652832,14382300,0.00681192788520657,285,2012-02-21,75.37000274658203,75.79000091552734,75.16999816894531,75.37999725341797,54.4489631652832,14382300,0.00681192788520657,285,2012-02-21,75.37000274658203,75.79000091552734,75.16999816894531,75.37999725341797,54.4489631652832,14382300,0.00681192788520657
286,2012-02-22,75.54000091552734,76.06999969482422,75.36000061035156,75.55000305175781,54.57177734375,12342300,0.002255583418438789,286,2012-02-22,75.54000091552734,76.06999969482422,75.36000061035156,75.55000305175781,54.57177734375,12342300,0.002255583418438789,286,2012-02-22,75.54000091552734,76.06999969482422,75.36000061035156,75.55000305175781,54.57177734375,12342300,0.002255583418438789,286,2012-02-22,75.54000091552734,76.06999969482422,75.36000061035156,75.55000305175781,54.57177734375,12342300,0.002255583418438789,286,2012-02-22,75.54000091552734,76.06999969482422,75.36000061035156,75.55000305175781,54.57177734375,12342300,0.002255583418438789
287,2012-02-23,75.5999984741211,76.0199966430664,75.05000305175781,75.93000030517578,54.846248626708984,14088100,0.005029546339128332,287,2012-02-23,75.5999984741211,76.0199966430664,75.05000305175781,75.93000030517578,54.846248626708984,14088100,0.005029546339128332,287,2012-02-23,75.5999984741211,76.0199966430664,75.05000305175781,75.93000030517578,54.846248626708984,14088100,0.005029546339128332,287,2012-02-23,75.5999984741211,76.0199966430664,75.05000305175781,75.93000030517578,54.846248626708984,14088100,0.005029546339128332,287,2012-02-23,75.5999984741211,76.0199966430664,75.05000305175781,75.93000030517578,54.846248626708984,14088100,0.005029546339128332
288,2012-02-24,76.0999984741211,76.5,76.04000091552734,76.2300033569336,55.06294250488281,12274900,0.003950933447584903,288,2012-02-24,76.0999984741211,76.5,76.04000091552734,76.2300033569336,55.06294250488281,12274900,0.003950933447584903,288,2012-02-24,76.0999984741211,76.5,76.04000091552734,76.2300033569336,55.06294250488281,12274900,0.003950933447584903,288,2012-02-24,76.0999984741211,76.5,76.04000091552734,76.2300033569336,55.06294250488281,12274900,0.003950933447584903,288,2012-02-24,76.0999984741211,76.5,76.04000091552734,76.2300033569336,55.06294250488281,12274900,0.003950933447584903
289,2012-02-27,75.93000030517578,76.30999755859375,75.41000366210938,75.98999786376953,54.889564514160156,11183200,-0.0031487236757694603,289,2012-02-27,75.93000030517578,76.30999755859375,75.41000366210938,75.98999786376953,54.889564514160156,11183200,-0.0031487236757694603,289,2012-02-27,75.93000030517578,76.30999755859375,75.41000366210938,75.98999786376953,54.889564514160156,11183200,-0.0031487236757694603,289,2012-02-27,75.93000030517578,76.30999755859375,75.41000366210938,75.98999786376953,54.889564514160156,11183200,-0.0031487236757694603,289,2012-02-27,75.93000030517578,76.30999755859375,75.41000366210938,75.98999786376953,54.889564514160156,11183200,-0.0031487236757694603
290,2012-02-28,75.88999938964844,76.23999786376953,75.30999755859375,75.73999786376953,54.70899963378906,16606300,-0.00328960307791315,290,2012-02-28,75.88999938964844,76.23999786376953,75.30999755859375,75.73999786376953,54.70899963378906,16606300,-0.00328960307791315,290,2012-02-28,75.88999938964844,76.23999786376953,75.30999755859375,75.73999786376953,54.70899963378906,16606300,-0.00328960307791315,290,2012-02-28,75.88999938964844,76.23999786376953,75.30999755859375,75.73999786376953,54.70899963378906,16606300,-0.00328960307791315,290,2012-02-28,75.88999938964844,76.23999786376953,75.30999755859375,75.73999786376953,54.70899963378906,16606300,-0.00328960307791315
291,2012-02-29,75.81999969482422,76.13999938964844,74.66999816894531,74.87999725341797,54.087799072265625,17244300,-0.01135463206568621,291,2012-02-29,75.81999969482422,76.13999938964844,74.66999816894531,74.87999725341797,54.087799072265625,17244300,-0.01135463206568621,291,2012-02-29,75.81999969482422,76.13999938964844,74.66999816894531,74.87999725341797,54.087799072265625,17244300,-0.01135463206568621,291,2012-02-29,75.81999969482422,76.13999938964844,74.66999816894531,74.87999725341797,54.087799072265625,17244300,-0.01135463206568621,291,2012-02-29,75.81999969482422,76.13999938964844,74.66999816894531,74.87999725341797,54.087799072265625,17244300,-0.01135463206568621
292,2012-03-01,75.20999908447266,75.76000213623047,75.02999877929688,75.5999984741211,54.60786437988281,14007500,0.00961520558309914,292,2012-03-01,75.20999908447266,75.76000213623047,75.02999877929688,75.5999984741211,54.60786437988281,14007500,0.00961520558309914,292,2012-03-01,75.20999908447266,75.76000213623047,75.02999877929688,75.5999984741211,54.60786437988281,14007500,0.00961520558309914,292,2012-03-01,75.20999908447266,75.76000213623047,75.02999877929688,75.5999984741211,54.60786437988281,14007500,0.00961520558309914,292,2012-03-01,75.20999908447266,75.76000213623047,75.02999877929688,75.5999984741211,54.60786437988281,14007500,0.00961520558309914
293,2012-03-02,75.31999969482422,75.62000274658203,74.44000244140625,74.73999786376953,53.98667526245117,14521300,-0.011375451585330265,293,2012-03-02,75.31999969482422,75.62000274658203,74.44000244140625,74.73999786376953,53.98667526245117,14521300,-0.011375451585330265,293,2012-03-02,75.31999969482422,75.62000274658203,74.44000244140625,74.73999786376953,53.98667526245117,14521300,-0.011375451585330265,293,2012-03-02,75.31999969482422,75.62000274658203,74.44000244140625,74.73999786376953,53.98667526245117,14521300,-0.011375451585330265,293,2012-03-02,75.31999969482422,75.62000274658203,74.44000244140625,74.73999786376953,53.98667526245117,14521300,-0.011375451585330265
294,2012-03-05,74.41999816894531,74.4800033569336,73.54000091552734,74.26000213623047,53.639957427978516,12685200,-0.006422285365548452,294,2012-03-05,74.41999816894531,74.4800033569336,73.54000091552734,74.26000213623047,53.639957427978516,12685200,-0.006422285365548452,294,2012-03-05,74.41999816894531,74.4800033569336,73.54000091552734,74.26000213623047,53.639957427978516,12685200,-0.006422285365548452,294,2012-03-05,74.41999816894531,74.4800033569336,73.54000091552734,74.26000213623047,53.639957427978516,12685200,-0.006422285365548452,294,2012-03-05,74.41999816894531,74.4800033569336,73.54000091552734,74.26000213623047,53.639957427978516,12685200,-0.006422285365548452
295,2012-03-06,73.12999725341797,73.33000183105469,72.58000183105469,73.05000305175781,52.76594924926758,13867800,-0.016293975995123722,295,2012-03-06,73.12999725341797,73.33000183105469,72.58000183105469,73.05000305175781,52.76594924926758,13867800,-0.016293975995123722,295,2012-03-06,73.12999725341797,73.33000183105469,72.58000183105469,73.05000305175781,52.76594924926758,13867800,-0.016293975995123722,295,2012-03-06,73.12999725341797,73.33000183105469,72.58000183105469,73.05000305175781,52.76594924926758,13867800,-0.016293975995123722,295,2012-03-06,73.12999725341797,73.33000183105469,72.58000183105469,73.05000305175781,52.76594924926758,13867800,-0.016293975995123722
296,2012-03-07,73.31999969482422,73.86000061035156,72.81999969482422,73.66000366210938,53.206546783447266,14482200,0.008350035211122542,296,2012-03-07,73.31999969482422,73.86000061035156,72.81999969482422,73.66000366210938,53.206546783447266,14482200,0.008350035211122542,296,2012-03-07,73.31999969482422,73.86000061035156,72.81999969482422,73.66000366210938,53.206546783447266,14482200,0.008350035211122542,296,2012-03-07,73.31999969482422,73.86000061035156,72.81999969482422,73.66000366210938,53.206546783447266,14482200,0.008350035211122542,296,2012-03-07,73.31999969482422,73.86000061035156,72.81999969482422,73.66000366210938,53.206546783447266,14482200,0.008350035211122542
297,2012-03-08,74.04000091552734,74.51000213623047,73.66999816894531,74.26000213623047,53.639957427978516,10298100,0.008145814203940782,297,2012-03-08,74.04000091552734,74.51000213623047,73.66999816894531,74.26000213623047,53.639957427978516,10298100,0.008145814203940782,297,2012-03-08,74.04000091552734,74.51000213623047,73.66999816894531,74.26000213623047,53.639957427978516,10298100,0.008145814203940782,297,2012-03-08,74.04000091552734,74.51000213623047,73.66999816894531,74.26000213623047,53.639957427978516,10298100,0.008145814203940782,297,2012-03-08,74.04000091552734,74.51000213623047,73.66999816894531,74.26000213623047,53.639957427978516,10298100,0.008145814203940782
298,2012-03-09,74.41999816894531,74.87000274658203,74.06999969482422,74.19000244140625,53.58940505981445,14653200,-0.0009424386332136381,298,2012-03-09,74.41999816894531,74.87000274658203,74.06999969482422,74.19000244140625,53.58940505981445,14653200,-0.0009424386332136381,298,2012-03-09,74.41999816894531,74.87000274658203,74.06999969482422,74.19000244140625,53.58940505981445,14653200,-0.0009424386332136381,298,2012-03-09,74.41999816894531,74.87000274658203,74.06999969482422,74.19000244140625,53.58940505981445,14653200,-0.0009424386332136381,298,2012-03-09,74.41999816894531,74.87000274658203,74.06999969482422,74.19000244140625,53.58940505981445,14653200,-0.0009424386332136381
299,2012-03-12,74.12000274658203,74.2300033569336,73.45999908447266,73.77999877929688,53.29323959350586,12258700,-0.005526567536587201,299,2012-03-12,74.12000274658203,74.2300033569336,73.45999908447266,73.77999877929688,53.29323959350586,12258700,-0.005526567536587201,299,2012-03-12,74.12000274658203,74.2300033569336,73.45999908447266,73.77999877929688,53.29323959350586,12258700,-0.005526567536587201,299,2012-03-12,74.12000274658203,74.2300033569336,73.45999908447266,73.77999877929688,53.29323959350586,12258700,-0.005526567536587201,299,2012-03-12,74.12000274658203,74.2300033569336,73.45999908447266,73.77999877929688,53.29323959350586,12258700,-0.005526567536587201
300,2012-03-13,74.18000030517578,74.7699966430664,73.44000244140625,74.66999816894531,53.936119079589844,17792800,0.012063058860514841,300,2012-03-13,74.18000030517578,74.7699966430664,73.44000244140625,74.66999816894531,53.936119079589844,17792800,0.012063058860514841,300,2012-03-13,74.18000030517578,74.7699966430664,73.44000244140625,74.66999816894531,53.936119079589844,17792800,0.012063058860514841,300,2012-03-13,74.18000030517578,74.7699966430664,73.44000244140625,74.66999816894531,53.936119079589844,17792800,0.012063058860514841,300,2012-03-13,74.18000030517578,74.7699966430664,73.44000244140625,74.66999816894531,53.936119079589844,17792800,0.012063058860514841
301,2012-03-14,74.72000122070312,74.91999816894531,73.7699966430664,73.94999694824219,53.4160270690918,13856400,-0.009642740697204832,301,2012-03-14,74.72000122070312,74.91999816894531,73.7699966430664,73.94999694824219,53.4160270690918,13856400,-0.009642740697204832,301,2012-03-14,74.72000122070312,74.91999816894531,73.7699966430664,73.94999694824219,53.4160270690918,13856400,-0.009642740697204832,301,2012-03-14,74.72000122070312,74.91999816894531,73.7699966430664,73.94999694824219,53.4160270690918,13856400,-0.009642740697204832,301,2012-03-14,74.72000122070312,74.91999816894531,73.7699966430664,73.94999694824219,53.4160270690918,13856400,-0.009642740697204832
302,2012-03-15,74.04000091552734,74.41000366210938,73.56999969482422,74.06999969482422,53.5026969909668,15176600,0.0016225452664777595,302,2012-03-15,74.04000091552734,74.41000366210938,73.56999969482422,74.06999969482422,53.5026969909668,15176600,0.0016225452664777595,302,2012-03-15,74.04000091552734,74.41000366210938,73.56999969482422,74.06999969482422,53.5026969909668,15176600,0.0016225452664777595,302,2012-03-15,74.04000091552734,74.41000366210938,73.56999969482422,74.06999969482422,53.5026969909668,15176600,0.0016225452664777595,302,2012-03-15,74.04000091552734,74.41000366210938,73.56999969482422,74.06999969482422,53.5026969909668,15176600,0.0016225452664777595
303,2012-03-16,74.13999938964844,75.02999877929688,74.02999877929688,74.80000305175781,54.238704681396484,23590400,0.013756459614623795,303,2012-03-16,74.13999938964844,75.02999877929688,74.02999877929688,74.80000305175781,54.238704681396484,23590400,0.013756459614623795,303,2012-03-16,74.13999938964844,75.02999877929688,74.02999877929688,74.80000305175781,54.238704681396484,23590400,0.013756459614623795,303,2012-03-16,74.13999938964844,75.02999877929688,74.02999877929688,74.80000305175781,54.238704681396484,23590400,0.013756459614623795,303,2012-03-16,74.13999938964844,75.02999877929688,74.02999877929688,74.80000305175781,54.238704681396484,23590400,0.013756459614623795
304,2012-03-19,74.76000213623047,75.47000122070312,74.54000091552734,75.13999938964844,54.48524856567383,14202700,0.004545534148088004,304,2012-03-19,74.76000213623047,75.47000122070312,74.54000091552734,75.13999938964844,54.48524856567383,14202700,0.004545534148088004,304,2012-03-19,74.76000213623047,75.47000122070312,74.54000091552734,75.13999938964844,54.48524856567383,14202700,0.004545534148088004,304,2012-03-19,74.76000213623047,75.47000122070312,74.54000091552734,75.13999938964844,54.48524856567383,14202700,0.004545534148088004,304,2012-03-19,74.76000213623047,75.47000122070312,74.54000091552734,75.13999938964844,54.48524856567383,14202700,0.004545534148088004
305,2012-03-20,74.47000122070312,74.55999755859375,73.86000061035156,74.01000213623047,53.665855407714844,13284100,-0.015038807375015062,305,2012-03-20,74.47000122070312,74.55999755859375,73.86000061035156,74.01000213623047,53.665855407714844,13284100,-0.015038807375015062,305,2012-03-20,74.47000122070312,74.55999755859375,73.86000061035156,74.01000213623047,53.665855407714844,13284100,-0.015038807375015062,305,2012-03-20,74.47000122070312,74.55999755859375,73.86000061035156,74.01000213623047,53.665855407714844,13284100,-0.015038807375015062,305,2012-03-20,74.47000122070312,74.55999755859375,73.86000061035156,74.01000213623047,53.665855407714844,13284100,-0.015038807375015062
306,2012-03-21,73.91999816894531,73.93000030517578,73.0199966430664,73.12999725341797,53.02775955200195,16581900,-0.011890164628236999,306,2012-03-21,73.91999816894531,73.93000030517578,73.0199966430664,73.12999725341797,53.02775955200195,16581900,-0.011890164628236999,306,2012-03-21,73.91999816894531,73.93000030517578,73.0199966430664,73.12999725341797,53.02775955200195,16581900,-0.011890164628236999,306,2012-03-21,73.91999816894531,73.93000030517578,73.0199966430664,73.12999725341797,53.02775955200195,16581900,-0.011890164628236999,306,2012-03-21,73.91999816894531,73.93000030517578,73.0199966430664,73.12999725341797,53.02775955200195,16581900,-0.011890164628236999
307,2012-03-22,72.31999969482422,72.43000030517578,71.1500015258789,71.4800033569336,51.83133316040039,20215300,-0.022562265532419468,307,2012-03-22,72.31999969482422,72.43000030517578,71.1500015258789,71.4800033569336,51.83133316040039,20215300,-0.022562265532419468,307,2012-03-22,72.31999969482422,72.43000030517578,71.1500015258789,71.4800033569336,51.83133316040039,20215300,-0.022562265532419468,307,2012-03-22,72.31999969482422,72.43000030517578,71.1500015258789,71.4800033569336,51.83133316040039,20215300,-0.022562265532419468,307,2012-03-22,72.31999969482422,72.43000030517578,71.1500015258789,71.4800033569336,51.83133316040039,20215300,-0.022562265532419468
308,2012-03-23,71.63999938964844,72.48999786376953,71.2699966430664,72.26000213623047,52.396915435791016,13221900,0.010911976229520004,308,2012-03-23,71.63999938964844,72.48999786376953,71.2699966430664,72.26000213623047,52.396915435791016,13221900,0.010911976229520004,308,2012-03-23,71.63999938964844,72.48999786376953,71.2699966430664,72.26000213623047,52.396915435791016,13221900,0.010911976229520004,308,2012-03-23,71.63999938964844,72.48999786376953,71.2699966430664,72.26000213623047,52.396915435791016,13221900,0.010911976229520004,308,2012-03-23,71.63999938964844,72.48999786376953,71.2699966430664,72.26000213623047,52.396915435791016,13221900,0.010911976229520004
309,2012-03-26,72.9000015258789,73.0,72.38999938964844,72.80000305175781,52.788475036621094,10188600,0.00747295136695425,309,2012-03-26,72.9000015258789,73.0,72.38999938964844,72.80000305175781,52.788475036621094,10188600,0.00747295136695425,309,2012-03-26,72.9000015258789,73.0,72.38999938964844,72.80000305175781,52.788475036621094,10188600,0.00747295136695425,309,2012-03-26,72.9000015258789,73.0,72.38999938964844,72.80000305175781,52.788475036621094,10188600,0.00747295136695425,309,2012-03-26,72.9000015258789,73.0,72.38999938964844,72.80000305175781,52.788475036621094,10188600,0.00747295136695425
310,2012-03-27,72.93000030517578,72.94999694824219,72.05000305175781,72.06999969482422,52.25914001464844,12772900,-0.010027473262022468,310,2012-03-27,72.93000030517578,72.94999694824219,72.05000305175781,72.06999969482422,52.25914001464844,12772900,-0.010027473262022468,310,2012-03-27,72.93000030517578,72.94999694824219,72.05000305175781,72.06999969482422,52.25914001464844,12772900,-0.010027473262022468,310,2012-03-27,72.93000030517578,72.94999694824219,72.05000305175781,72.06999969482422,52.25914001464844,12772900,-0.010027473262022468,310,2012-03-27,72.93000030517578,72.94999694824219,72.05000305175781,72.06999969482422,52.25914001464844,12772900,-0.010027473262022468
311,2012-03-28,71.73999786376953,71.98999786376953,70.58999633789062,71.16999816894531,51.60653305053711,15285200,-0.012487900947631414,311,2012-03-28,71.73999786376953,71.98999786376953,70.58999633789062,71.16999816894531,51.60653305053711,15285200,-0.012487900947631414,311,2012-03-28,71.73999786376953,71.98999786376953,70.58999633789062,71.16999816894531,51.60653305053711,15285200,-0.012487900947631414,311,2012-03-28,71.73999786376953,71.98999786376953,70.58999633789062,71.16999816894531,51.60653305053711,15285200,-0.012487900947631414,311,2012-03-28,71.73999786376953,71.98999786376953,70.58999633789062,71.16999816894531,51.60653305053711,15285200,-0.012487900947631414
312,2012-03-29,70.68000030517578,71.29000091552734,70.16999816894531,71.16999816894531,51.60653305053711,16330300,0.0,312,2012-03-29,70.68000030517578,71.29000091552734,70.16999816894531,71.16999816894531,51.60653305053711,16330300,0.0,312,2012-03-29,70.68000030517578,71.29000091552734,70.16999816894531,71.16999816894531,51.60653305053711,16330300,0.0,312,2012-03-29,70.68000030517578,71.29000091552734,70.16999816894531,71.16999816894531,51.60653305053711,16330300,0.0,312,2012-03-29,70.68000030517578,71.29000091552734,70.16999816894531,71.16999816894531,51.60653305053711,16330300,0.0
313,2012-03-30,71.69999694824219,71.93000030517578,71.04000091552734,71.75,52.0271110534668,12753300,0.008149704660799895,313,2012-03-30,71.69999694824219,71.93000030517578,71.04000091552734,71.75,52.0271110534668,12753300,0.008149704660799895,313,2012-03-30,71.69999694824219,71.93000030517578,71.04000091552734,71.75,52.0271110534668,12753300,0.008149704660799895,313,2012-03-30,71.69999694824219,71.93000030517578,71.04000091552734,71.75,52.0271110534668,12753300,0.008149704660799895,313,2012-03-30,71.69999694824219,71.93000030517578,71.04000091552734,71.75,52.0271110534668,12753300,0.008149704660799895
314,2012-04-02,71.56999969482422,72.98999786376953,71.3499984741211,72.44999694824219,52.534690856933594,17888200,0.009756063582795793,314,2012-04-02,71.56999969482422,72.98999786376953,71.3499984741211,72.44999694824219,52.534690856933594,17888200,0.009756063582795793,314,2012-04-02,71.56999969482422,72.98999786376953,71.3499984741211,72.44999694824219,52.534690856933594,17888200,0.009756063582795793,314,2012-04-02,71.56999969482422,72.98999786376953,71.3499984741211,72.44999694824219,52.534690856933594,17888200,0.009756063582795793,314,2012-04-02,71.56999969482422,72.98999786376953,71.3499984741211,72.44999694824219,52.534690856933594,17888200,0.009756063582795793
315,2012-04-03,72.30000305175781,72.41000366210938,71.08999633789062,71.81999969482422,52.077850341796875,13994800,-0.008695977984924719,315,2012-04-03,72.30000305175781,72.41000366210938,71.08999633789062,71.81999969482422,52.077850341796875,13994800,-0.008695977984924719,315,2012-04-03,72.30000305175781,72.41000366210938,71.08999633789062,71.81999969482422,52.077850341796875,13994800,-0.008695977984924719,315,2012-04-03,72.30000305175781,72.41000366210938,71.08999633789062,71.81999969482422,52.077850341796875,13994800,-0.008695977984924719,315,2012-04-03,72.30000305175781,72.41000366210938,71.08999633789062,71.81999969482422,52.077850341796875,13994800,-0.008695977984924719
316,2012-04-04,70.94999694824219,71.27999877929688,70.52999877929688,70.9000015258789,51.4107666015625,15830300,-0.012809356297469598,316,2012-04-04,70.94999694824219,71.27999877929688,70.52999877929688,70.9000015258789,51.4107666015625,15830300,-0.012809356297469598,316,2012-04-04,70.94999694824219,71.27999877929688,70.52999877929688,70.9000015258789,51.4107666015625,15830300,-0.012809356297469598,316,2012-04-04,70.94999694824219,71.27999877929688,70.52999877929688,70.9000015258789,51.4107666015625,15830300,-0.012809356297469598,316,2012-04-04,70.94999694824219,71.27999877929688,70.52999877929688,70.9000015258789,51.4107666015625,15830300,-0.012809356297469598
317,2012-04-05,70.6500015258789,71.48999786376953,70.41000366210938,70.5,51.120697021484375,9578900,-0.005642195190867061,317,2012-04-05,70.6500015258789,71.48999786376953,70.41000366210938,70.5,51.120697021484375,9578900,-0.005642195190867061,317,2012-04-05,70.6500015258789,71.48999786376953,70.41000366210938,70.5,51.120697021484375,9578900,-0.005642195190867061,317,2012-04-05,70.6500015258789,71.48999786376953,70.41000366210938,70.5,51.120697021484375,9578900,-0.005642195190867061,317,2012-04-05,70.6500015258789,71.48999786376953,70.41000366210938,70.5,51.120697021484375,9578900,-0.005642195190867061
318,2012-04-09,69.41999816894531,70.13999938964844,69.3499984741211,69.61000061035156,50.4753532409668,14429600,-0.01262392373574961,318,2012-04-09,69.41999816894531,70.13999938964844,69.3499984741211,69.61000061035156,50.4753532409668,14429600,-0.01262392373574961,318,2012-04-09,69.41999816894531,70.13999938964844,69.3499984741211,69.61000061035156,50.4753532409668,14429600,-0.01262392373574961,318,2012-04-09,69.41999816894531,70.13999938964844,69.3499984741211,69.61000061035156,50.4753532409668,14429600,-0.01262392373574961,318,2012-04-09,69.41999816894531,70.13999938964844,69.3499984741211,69.61000061035156,50.4753532409668,14429600,-0.01262392373574961
319,2012-04-10,69.51000213623047,69.62999725341797,68.0999984741211,68.23999786376953,49.48194122314453,21953000,-0.01968113057237597,319,2012-04-10,69.51000213623047,69.62999725341797,68.0999984741211,68.23999786376953,49.48194122314453,21953000,-0.01968113057237597,319,2012-04-10,69.51000213623047,69.62999725341797,68.0999984741211,68.23999786376953,49.48194122314453,21953000,-0.01968113057237597,319,2012-04-10,69.51000213623047,69.62999725341797,68.0999984741211,68.23999786376953,49.48194122314453,21953000,-0.01968113057237597,319,2012-04-10,69.51000213623047,69.62999725341797,68.0999984741211,68.23999786376953,49.48194122314453,21953000,-0.01968113057237597
320,2012-04-11,69.0,69.19999694824219,68.12000274658203,68.26000213623047,49.49644470214844,12825000,0.00029310650805913774,320,2012-04-11,69.0,69.19999694824219,68.12000274658203,68.26000213623047,49.49644470214844,12825000,0.00029310650805913774,320,2012-04-11,69.0,69.19999694824219,68.12000274658203,68.26000213623047,49.49644470214844,12825000,0.00029310650805913774,320,2012-04-11,69.0,69.19999694824219,68.12000274658203,68.26000213623047,49.49644470214844,12825000,0.00029310650805913774,320,2012-04-11,69.0,69.19999694824219,68.12000274658203,68.26000213623047,49.49644470214844,12825000,0.00029310650805913774
321,2012-04-12,68.31999969482422,69.91999816894531,68.2699966430664,69.75,50.57686233520508,15058900,0.02182818664165076,321,2012-04-12,68.31999969482422,69.91999816894531,68.2699966430664,69.75,50.57686233520508,15058900,0.02182818664165076,321,2012-04-12,68.31999969482422,69.91999816894531,68.2699966430664,69.75,50.57686233520508,15058900,0.02182818664165076,321,2012-04-12,68.31999969482422,69.91999816894531,68.2699966430664,69.75,50.57686233520508,15058900,0.02182818664165076,321,2012-04-12,68.31999969482422,69.91999816894531,68.2699966430664,69.75,50.57686233520508,15058900,0.02182818664165076
322,2012-04-13,69.44999694824219,69.66000366210938,68.55999755859375,68.69999694824219,49.81550216674805,13107500,-0.015053527113070286,322,2012-04-13,69.44999694824219,69.66000366210938,68.55999755859375,68.69999694824219,49.81550216674805,13107500,-0.015053527113070286,322,2012-04-13,69.44999694824219,69.66000366210938,68.55999755859375,68.69999694824219,49.81550216674805,13107500,-0.015053527113070286,322,2012-04-13,69.44999694824219,69.66000366210938,68.55999755859375,68.69999694824219,49.81550216674805,13107500,-0.015053527113070286,322,2012-04-13,69.44999694824219,69.66000366210938,68.55999755859375,68.69999694824219,49.81550216674805,13107500,-0.015053527113070286
323,2012-04-16,68.9800033569336,69.19999694824219,67.94999694824219,68.23999786376953,49.48194122314453,15125400,-0.006695926550875364,323,2012-04-16,68.9800033569336,69.19999694824219,67.94999694824219,68.23999786376953,49.48194122314453,15125400,-0.006695926550875364,323,2012-04-16,68.9800033569336,69.19999694824219,67.94999694824219,68.23999786376953,49.48194122314453,15125400,-0.006695926550875364,323,2012-04-16,68.9800033569336,69.19999694824219,67.94999694824219,68.23999786376953,49.48194122314453,15125400,-0.006695926550875364,323,2012-04-16,68.9800033569336,69.19999694824219,67.94999694824219,68.23999786376953,49.48194122314453,15125400,-0.006695926550875364
324,2012-04-17,68.87000274658203,69.69999694824219,68.80999755859375,69.3499984741211,50.28681564331055,12755300,0.016266023528388684,324,2012-04-17,68.87000274658203,69.69999694824219,68.80999755859375,69.3499984741211,50.28681564331055,12755300,0.016266023528388684,324,2012-04-17,68.87000274658203,69.69999694824219,68.80999755859375,69.3499984741211,50.28681564331055,12755300,0.016266023528388684,324,2012-04-17,68.87000274658203,69.69999694824219,68.80999755859375,69.3499984741211,50.28681564331055,12755300,0.016266023528388684,324,2012-04-17,68.87000274658203,69.69999694824219,68.80999755859375,69.3499984741211,50.28681564331055,12755300,0.016266023528388684
325,2012-04-18,69.13999938964844,69.63999938964844,69.0,69.20999908447266,50.185306549072266,10794300,-0.00201860254899211,325,2012-04-18,69.13999938964844,69.63999938964844,69.0,69.20999908447266,50.185306549072266,10794300,-0.00201860254899211,325,2012-04-18,69.13999938964844,69.63999938964844,69.0,69.20999908447266,50.185306549072266,10794300,-0.00201860254899211,325,2012-04-18,69.13999938964844,69.63999938964844,69.0,69.20999908447266,50.185306549072266,10794300,-0.00201860254899211,325,2012-04-18,69.13999938964844,69.63999938964844,69.0,69.20999908447266,50.185306549072266,10794300,-0.00201860254899211
326,2012-04-19,69.25,69.80000305175781,68.86000061035156,69.12000274658203,50.120052337646484,20972900,-0.0013002652750955246,326,2012-04-19,69.25,69.80000305175781,68.86000061035156,69.12000274658203,50.120052337646484,20972900,-0.0013002652750955246,326,2012-04-19,69.25,69.80000305175781,68.86000061035156,69.12000274658203,50.120052337646484,20972900,-0.0013002652750955246,326,2012-04-19,69.25,69.80000305175781,68.86000061035156,69.12000274658203,50.120052337646484,20972900,-0.0013002652750955246,326,2012-04-19,69.25,69.80000305175781,68.86000061035156,69.12000274658203,50.120052337646484,20972900,-0.0013002652750955246
327,2012-04-20,69.77999877929688,70.12000274658203,68.94000244140625,68.95999908447266,50.004024505615234,15095300,-0.0023149982216618126,327,2012-04-20,69.77999877929688,70.12000274658203,68.94000244140625,68.95999908447266,50.004024505615234,15095300,-0.0023149982216618126,327,2012-04-20,69.77999877929688,70.12000274658203,68.94000244140625,68.95999908447266,50.004024505615234,15095300,-0.0023149982216618126,327,2012-04-20,69.77999877929688,70.12000274658203,68.94000244140625,68.95999908447266,50.004024505615234,15095300,-0.0023149982216618126,327,2012-04-20,69.77999877929688,70.12000274658203,68.94000244140625,68.95999908447266,50.004024505615234,15095300,-0.0023149982216618126
328,2012-04-23,67.80999755859375,69.08000183105469,67.68000030517578,68.88999938964844,49.953269958496094,17027600,-0.0010150092441747471,328,2012-04-23,67.80999755859375,69.08000183105469,67.68000030517578,68.88999938964844,49.953269958496094,17027600,-0.0010150092441747471,328,2012-04-23,67.80999755859375,69.08000183105469,67.68000030517578,68.88999938964844,49.953269958496094,17027600,-0.0010150092441747471,328,2012-04-23,67.80999755859375,69.08000183105469,67.68000030517578,68.88999938964844,49.953269958496094,17027600,-0.0010150092441747471,328,2012-04-23,67.80999755859375,69.08000183105469,67.68000030517578,68.88999938964844,49.953269958496094,17027600,-0.0010150092441747471
329,2012-04-24,69.13999938964844,69.62999725341797,68.80999755859375,69.4000015258789,50.32307815551758,9915300,0.0074030828678230964,329,2012-04-24,69.13999938964844,69.62999725341797,68.80999755859375,69.4000015258789,50.32307815551758,9915300,0.0074030828678230964,329,2012-04-24,69.13999938964844,69.62999725341797,68.80999755859375,69.4000015258789,50.32307815551758,9915300,0.0074030828678230964,329,2012-04-24,69.13999938964844,69.62999725341797,68.80999755859375,69.4000015258789,50.32307815551758,9915300,0.0074030828678230964,329,2012-04-24,69.13999938964844,69.62999725341797,68.80999755859375,69.4000015258789,50.32307815551758,9915300,0.0074030828678230964
330,2012-04-25,69.83000183105469,70.12999725341797,69.36000061035156,70.08999633789062,50.82341003417969,14642800,0.009942394165871393,330,2012-04-25,69.83000183105469,70.12999725341797,69.36000061035156,70.08999633789062,50.82341003417969,14642800,0.009942394165871393,330,2012-04-25,69.83000183105469,70.12999725341797,69.36000061035156,70.08999633789062,50.82341003417969,14642800,0.009942394165871393,330,2012-04-25,69.83000183105469,70.12999725341797,69.36000061035156,70.08999633789062,50.82341003417969,14642800,0.009942394165871393,330,2012-04-25,69.83000183105469,70.12999725341797,69.36000061035156,70.08999633789062,50.82341003417969,14642800,0.009942394165871393
331,2012-04-26,69.75,70.86000061035156,69.63999938964844,70.83000183105469,51.35999298095703,11229800,0.010557791112727033,331,2012-04-26,69.75,70.86000061035156,69.63999938964844,70.83000183105469,51.35999298095703,11229800,0.010557791112727033,331,2012-04-26,69.75,70.86000061035156,69.63999938964844,70.83000183105469,51.35999298095703,11229800,0.010557791112727033,331,2012-04-26,69.75,70.86000061035156,69.63999938964844,70.83000183105469,51.35999298095703,11229800,0.010557791112727033,331,2012-04-26,69.75,70.86000061035156,69.63999938964844,70.83000183105469,51.35999298095703,11229800,0.010557791112727033
332,2012-04-27,71.0,71.05000305175781,70.44000244140625,70.80000305175781,51.338233947753906,6835000,-0.0004236572464328958,332,2012-04-27,71.0,71.05000305175781,70.44000244140625,70.80000305175781,51.338233947753906,6835000,-0.0004236572464328958,332,2012-04-27,71.0,71.05000305175781,70.44000244140625,70.80000305175781,51.338233947753906,6835000,-0.0004236572464328958,332,2012-04-27,71.0,71.05000305175781,70.44000244140625,70.80000305175781,51.338233947753906,6835000,-0.0004236572464328958,332,2012-04-27,71.0,71.05000305175781,70.44000244140625,70.80000305175781,51.338233947753906,6835000,-0.0004236572464328958
333,2012-04-30,70.7300033569336,71.29000091552734,70.52999877929688,71.23999786376953,51.65730285644531,7609000,0.006215034763683569,333,2012-04-30,70.7300033569336,71.29000091552734,70.52999877929688,71.23999786376953,51.65730285644531,7609000,0.006215034763683569,333,2012-04-30,70.7300033569336,71.29000091552734,70.52999877929688,71.23999786376953,51.65730285644531,7609000,0.006215034763683569,333,2012-04-30,70.7300033569336,71.29000091552734,70.52999877929688,71.23999786376953,51.65730285644531,7609000,0.006215034763683569,333,2012-04-30,70.7300033569336,71.29000091552734,70.52999877929688,71.23999786376953,51.65730285644531,7609000,0.006215034763683569
334,2012-05-01,71.37999725341797,72.7699966430664,71.26000213623047,72.26000213623047,52.396915435791016,14255200,0.014317677045607047,334,2012-05-01,71.37999725341797,72.7699966430664,71.26000213623047,72.26000213623047,52.396915435791016,14255200,0.014317677045607047,334,2012-05-01,71.37999725341797,72.7699966430664,71.26000213623047,72.26000213623047,52.396915435791016,14255200,0.014317677045607047,334,2012-05-01,71.37999725341797,72.7699966430664,71.26000213623047,72.26000213623047,52.396915435791016,14255200,0.014317677045607047,334,2012-05-01,71.37999725341797,72.7699966430664,71.26000213623047,72.26000213623047,52.396915435791016,14255200,0.014317677045607047
335,2012-05-02,71.63999938964844,71.66000366210938,70.87999725341797,71.08000183105469,51.54126739501953,12082200,-0.016330122367986033,335,2012-05-02,71.63999938964844,71.66000366210938,70.87999725341797,71.08000183105469,51.54126739501953,12082200,-0.016330122367986033,335,2012-05-02,71.63999938964844,71.66000366210938,70.87999725341797,71.08000183105469,51.54126739501953,12082200,-0.016330122367986033,335,2012-05-02,71.63999938964844,71.66000366210938,70.87999725341797,71.08000183105469,51.54126739501953,12082200,-0.016330122367986033,335,2012-05-02,71.63999938964844,71.66000366210938,70.87999725341797,71.08000183105469,51.54126739501953,12082200,-0.016330122367986033
336,2012-05-03,71.05999755859375,71.1500015258789,69.69000244140625,69.9000015258789,50.685638427734375,16040400,-0.0166008522981691,336,2012-05-03,71.05999755859375,71.1500015258789,69.69000244140625,69.9000015258789,50.685638427734375,16040400,-0.0166008522981691,336,2012-05-03,71.05999755859375,71.1500015258789,69.69000244140625,69.9000015258789,50.685638427734375,16040400,-0.0166008522981691,336,2012-05-03,71.05999755859375,71.1500015258789,69.69000244140625,69.9000015258789,50.685638427734375,16040400,-0.0166008522981691,336,2012-05-03,71.05999755859375,71.1500015258789,69.69000244140625,69.9000015258789,50.685638427734375,16040400,-0.0166008522981691
337,2012-05-04,69.19000244140625,69.30000305175781,67.97000122070312,68.30000305175781,49.525455474853516,22188500,-0.02288977684546689,337,2012-05-04,69.19000244140625,69.30000305175781,67.97000122070312,68.30000305175781,49.525455474853516,22188500,-0.02288977684546689,337,2012-05-04,69.19000244140625,69.30000305175781,67.97000122070312,68.30000305175781,49.525455474853516,22188500,-0.02288977684546689,337,2012-05-04,69.19000244140625,69.30000305175781,67.97000122070312,68.30000305175781,49.525455474853516,22188500,-0.02288977684546689,337,2012-05-04,69.19000244140625,69.30000305175781,67.97000122070312,68.30000305175781,49.525455474853516,22188500,-0.02288977684546689
338,2012-05-07,67.9000015258789,68.52999877929688,67.44000244140625,68.0999984741211,49.380428314208984,15208000,-0.002928335726627873,338,2012-05-07,67.9000015258789,68.52999877929688,67.44000244140625,68.0999984741211,49.380428314208984,15208000,-0.002928335726627873,338,2012-05-07,67.9000015258789,68.52999877929688,67.44000244140625,68.0999984741211,49.380428314208984,15208000,-0.002928335726627873,338,2012-05-07,67.9000015258789,68.52999877929688,67.44000244140625,68.0999984741211,49.380428314208984,15208000,-0.002928335726627873,338,2012-05-07,67.9000015258789,68.52999877929688,67.44000244140625,68.0999984741211,49.380428314208984,15208000,-0.002928335726627873
339,2012-05-08,67.55999755859375,68.0,66.43000030517578,67.87999725341797,49.22088623046875,25175200,-0.0032308768714006675,339,2012-05-08,67.55999755859375,68.0,66.43000030517578,67.87999725341797,49.22088623046875,25175200,-0.0032308768714006675,339,2012-05-08,67.55999755859375,68.0,66.43000030517578,67.87999725341797,49.22088623046875,25175200,-0.0032308768714006675,339,2012-05-08,67.55999755859375,68.0,66.43000030517578,67.87999725341797,49.22088623046875,25175200,-0.0032308768714006675,339,2012-05-08,67.55999755859375,68.0,66.43000030517578,67.87999725341797,49.22088623046875,25175200,-0.0032308768714006675
340,2012-05-09,66.83999633789062,67.94999694824219,66.48999786376953,67.55000305175781,48.98160934448242,21954900,-0.004861287642525469,340,2012-05-09,66.83999633789062,67.94999694824219,66.48999786376953,67.55000305175781,48.98160934448242,21954900,-0.004861287642525469,340,2012-05-09,66.83999633789062,67.94999694824219,66.48999786376953,67.55000305175781,48.98160934448242,21954900,-0.004861287642525469,340,2012-05-09,66.83999633789062,67.94999694824219,66.48999786376953,67.55000305175781,48.98160934448242,21954900,-0.004861287642525469,340,2012-05-09,66.83999633789062,67.94999694824219,66.48999786376953,67.55000305175781,48.98160934448242,21954900,-0.004861287642525469
341,2012-05-10,68.22000122070312,68.58999633789062,67.69999694824219,67.83999633789062,49.19190216064453,12300000,0.004293301485525758,341,2012-05-10,68.22000122070312,68.58999633789062,67.69999694824219,67.83999633789062,49.19190216064453,12300000,0.004293301485525758,341,2012-05-10,68.22000122070312,68.58999633789062,67.69999694824219,67.83999633789062,49.19190216064453,12300000,0.004293301485525758,341,2012-05-10,68.22000122070312,68.58999633789062,67.69999694824219,67.83999633789062,49.19190216064453,12300000,0.004293301485525758,341,2012-05-10,68.22000122070312,68.58999633789062,67.69999694824219,67.83999633789062,49.19190216064453,12300000,0.004293301485525758
342,2012-05-11,67.36000061035156,68.33999633789062,67.22000122070312,67.33999633789062,48.82933807373047,10303400,-0.007370401854558284,342,2012-05-11,67.36000061035156,68.33999633789062,67.22000122070312,67.33999633789062,48.82933807373047,10303400,-0.007370401854558284,342,2012-05-11,67.36000061035156,68.33999633789062,67.22000122070312,67.33999633789062,48.82933807373047,10303400,-0.007370401854558284,342,2012-05-11,67.36000061035156,68.33999633789062,67.22000122070312,67.33999633789062,48.82933807373047,10303400,-0.007370401854558284,342,2012-05-11,67.36000061035156,68.33999633789062,67.22000122070312,67.33999633789062,48.82933807373047,10303400,-0.007370401854558284
343,2012-05-14,66.51000213623047,66.62000274658203,66.08000183105469,66.22000122070312,48.0172119140625,13552900,-0.016631930550475404,343,2012-05-14,66.51000213623047,66.62000274658203,66.08000183105469,66.22000122070312,48.0172119140625,13552900,-0.016631930550475404,343,2012-05-14,66.51000213623047,66.62000274658203,66.08000183105469,66.22000122070312,48.0172119140625,13552900,-0.016631930550475404,343,2012-05-14,66.51000213623047,66.62000274658203,66.08000183105469,66.22000122070312,48.0172119140625,13552900,-0.016631930550475404,343,2012-05-14,66.51000213623047,66.62000274658203,66.08000183105469,66.22000122070312,48.0172119140625,13552900,-0.016631930550475404
344,2012-05-15,66.26000213623047,66.51000213623047,64.91999816894531,65.12000274658203,47.21957778930664,16975500,-0.016611421050089392,344,2012-05-15,66.26000213623047,66.51000213623047,64.91999816894531,65.12000274658203,47.21957778930664,16975500,-0.016611421050089392,344,2012-05-15,66.26000213623047,66.51000213623047,64.91999816894531,65.12000274658203,47.21957778930664,16975500,-0.016611421050089392,344,2012-05-15,66.26000213623047,66.51000213623047,64.91999816894531,65.12000274658203,47.21957778930664,16975500,-0.016611421050089392,344,2012-05-15,66.26000213623047,66.51000213623047,64.91999816894531,65.12000274658203,47.21957778930664,16975500,-0.016611421050089392
345,2012-05-16,65.27999877929688,66.30999755859375,64.75,64.75,46.95127868652344,16513300,-0.005681946246541059,345,2012-05-16,65.27999877929688,66.30999755859375,64.75,64.75,46.95127868652344,16513300,-0.005681946246541059,345,2012-05-16,65.27999877929688,66.30999755859375,64.75,64.75,46.95127868652344,16513300,-0.005681946246541059,345,2012-05-16,65.27999877929688,66.30999755859375,64.75,64.75,46.95127868652344,16513300,-0.005681946246541059,345,2012-05-16,65.27999877929688,66.30999755859375,64.75,64.75,46.95127868652344,16513300,-0.005681946246541059
346,2012-05-17,64.9000015258789,65.41000366210938,64.33000183105469,64.33999633789062,46.653987884521484,19182200,-0.0063319000103672085,346,2012-05-17,64.9000015258789,65.41000366210938,64.33000183105469,64.33999633789062,46.653987884521484,19182200,-0.0063319000103672085,346,2012-05-17,64.9000015258789,65.41000366210938,64.33000183105469,64.33999633789062,46.653987884521484,19182200,-0.0063319000103672085,346,2012-05-17,64.9000015258789,65.41000366210938,64.33000183105469,64.33999633789062,46.653987884521484,19182200,-0.0063319000103672085,346,2012-05-17,64.9000015258789,65.41000366210938,64.33000183105469,64.33999633789062,46.653987884521484,19182200,-0.0063319000103672085
347,2012-05-18,64.80000305175781,65.16000366210938,63.66999816894531,63.939998626708984,46.36394119262695,18483400,-0.006216975333651176,347,2012-05-18,64.80000305175781,65.16000366210938,63.66999816894531,63.939998626708984,46.36394119262695,18483400,-0.006216975333651176,347,2012-05-18,64.80000305175781,65.16000366210938,63.66999816894531,63.939998626708984,46.36394119262695,18483400,-0.006216975333651176,347,2012-05-18,64.80000305175781,65.16000366210938,63.66999816894531,63.939998626708984,46.36394119262695,18483400,-0.006216975333651176,347,2012-05-18,64.80000305175781,65.16000366210938,63.66999816894531,63.939998626708984,46.36394119262695,18483400,-0.006216975333651176
348,2012-05-21,64.02999877929688,65.47000122070312,63.9900016784668,65.41000366210938,47.42987060546875,13670400,0.022990483238109816,348,2012-05-21,64.02999877929688,65.47000122070312,63.9900016784668,65.41000366210938,47.42987060546875,13670400,0.022990483238109816,348,2012-05-21,64.02999877929688,65.47000122070312,63.9900016784668,65.41000366210938,47.42987060546875,13670400,0.022990483238109816,348,2012-05-21,64.02999877929688,65.47000122070312,63.9900016784668,65.41000366210938,47.42987060546875,13670400,0.022990483238109816,348,2012-05-21,64.02999877929688,65.47000122070312,63.9900016784668,65.41000366210938,47.42987060546875,13670400,0.022990483238109816
349,2012-05-22,65.5,66.41999816894531,64.80999755859375,65.25,47.3138427734375,21336000,-0.002446302942641254,349,2012-05-22,65.5,66.41999816894531,64.80999755859375,65.25,47.3138427734375,21336000,-0.002446302942641254,349,2012-05-22,65.5,66.41999816894531,64.80999755859375,65.25,47.3138427734375,21336000,-0.002446302942641254,349,2012-05-22,65.5,66.41999816894531,64.80999755859375,65.25,47.3138427734375,21336000,-0.002446302942641254,349,2012-05-22,65.5,66.41999816894531,64.80999755859375,65.25,47.3138427734375,21336000,-0.002446302942641254
350,2012-05-23,64.69999694824219,65.58000183105469,63.779998779296875,65.48999786376953,47.48786926269531,18881000,0.0036781305228394956,350,2012-05-23,64.69999694824219,65.58000183105469,63.779998779296875,65.48999786376953,47.48786926269531,18881000,0.0036781305228394956,350,2012-05-23,64.69999694824219,65.58000183105469,63.779998779296875,65.48999786376953,47.48786926269531,18881000,0.0036781305228394956,350,2012-05-23,64.69999694824219,65.58000183105469,63.779998779296875,65.48999786376953,47.48786926269531,18881000,0.0036781305228394956,350,2012-05-23,64.69999694824219,65.58000183105469,63.779998779296875,65.48999786376953,47.48786926269531,18881000,0.0036781305228394956
351,2012-05-24,65.83000183105469,65.83000183105469,64.62000274658203,65.44000244140625,47.451629638671875,18681500,-0.0007631343453833317,351,2012-05-24,65.83000183105469,65.83000183105469,64.62000274658203,65.44000244140625,47.451629638671875,18681500,-0.0007631343453833317,351,2012-05-24,65.83000183105469,65.83000183105469,64.62000274658203,65.44000244140625,47.451629638671875,18681500,-0.0007631343453833317,351,2012-05-24,65.83000183105469,65.83000183105469,64.62000274658203,65.44000244140625,47.451629638671875,18681500,-0.0007631343453833317,351,2012-05-24,65.83000183105469,65.83000183105469,64.62000274658203,65.44000244140625,47.451629638671875,18681500,-0.0007631343453833317
352,2012-05-25,65.37000274658203,65.80999755859375,64.98999786376953,65.12999725341797,47.2268180847168,8014300,-0.0047376993301798676,352,2012-05-25,65.37000274658203,65.80999755859375,64.98999786376953,65.12999725341797,47.2268180847168,8014300,-0.0047376993301798676,352,2012-05-25,65.37000274658203,65.80999755859375,64.98999786376953,65.12999725341797,47.2268180847168,8014300,-0.0047376993301798676,352,2012-05-25,65.37000274658203,65.80999755859375,64.98999786376953,65.12999725341797,47.2268180847168,8014300,-0.0047376993301798676,352,2012-05-25,65.37000274658203,65.80999755859375,64.98999786376953,65.12999725341797,47.2268180847168,8014300,-0.0047376993301798676
353,2012-05-29,65.87999725341797,66.69000244140625,65.54000091552734,66.22000122070312,48.0172119140625,14053700,0.016736122851382262,353,2012-05-29,65.87999725341797,66.69000244140625,65.54000091552734,66.22000122070312,48.0172119140625,14053700,0.016736122851382262,353,2012-05-29,65.87999725341797,66.69000244140625,65.54000091552734,66.22000122070312,48.0172119140625,14053700,0.016736122851382262,353,2012-05-29,65.87999725341797,66.69000244140625,65.54000091552734,66.22000122070312,48.0172119140625,14053700,0.016736122851382262,353,2012-05-29,65.87999725341797,66.69000244140625,65.54000091552734,66.22000122070312,48.0172119140625,14053700,0.016736122851382262
354,2012-05-30,65.30000305175781,65.33999633789062,63.97999954223633,64.19000244140625,46.54522705078125,23233700,-0.030655358872474614,354,2012-05-30,65.30000305175781,65.33999633789062,63.97999954223633,64.19000244140625,46.54522705078125,23233700,-0.030655358872474614,354,2012-05-30,65.30000305175781,65.33999633789062,63.97999954223633,64.19000244140625,46.54522705078125,23233700,-0.030655358872474614,354,2012-05-30,65.30000305175781,65.33999633789062,63.97999954223633,64.19000244140625,46.54522705078125,23233700,-0.030655358872474614,354,2012-05-30,65.30000305175781,65.33999633789062,63.97999954223633,64.19000244140625,46.54522705078125,23233700,-0.030655358872474614
355,2012-05-31,64.1500015258789,64.31999969482422,62.540000915527344,63.630001068115234,46.13915252685547,26688500,-0.008724299990689688,355,2012-05-31,64.1500015258789,64.31999969482422,62.540000915527344,63.630001068115234,46.13915252685547,26688500,-0.008724299990689688,355,2012-05-31,64.1500015258789,64.31999969482422,62.540000915527344,63.630001068115234,46.13915252685547,26688500,-0.008724299990689688,355,2012-05-31,64.1500015258789,64.31999969482422,62.540000915527344,63.630001068115234,46.13915252685547,26688500,-0.008724299990689688,355,2012-05-31,64.1500015258789,64.31999969482422,62.540000915527344,63.630001068115234,46.13915252685547,26688500,-0.008724299990689688
356,2012-06-01,62.349998474121094,62.72999954223633,61.959999084472656,62.040000915527344,44.986236572265625,19510300,-0.024987800846987485,356,2012-06-01,62.349998474121094,62.72999954223633,61.959999084472656,62.040000915527344,44.986236572265625,19510300,-0.024987800846987485,356,2012-06-01,62.349998474121094,62.72999954223633,61.959999084472656,62.040000915527344,44.986236572265625,19510300,-0.024987800846987485,356,2012-06-01,62.349998474121094,62.72999954223633,61.959999084472656,62.040000915527344,44.986236572265625,19510300,-0.024987800846987485,356,2012-06-01,62.349998474121094,62.72999954223633,61.959999084472656,62.040000915527344,44.986236572265625,19510300,-0.024987800846987485
357,2012-06-04,62.279998779296875,62.470001220703125,61.11000061035156,61.9900016784668,44.94996643066406,19034900,-0.0008062497413692249,357,2012-06-04,62.279998779296875,62.470001220703125,61.11000061035156,61.9900016784668,44.94996643066406,19034900,-0.0008062497413692249,357,2012-06-04,62.279998779296875,62.470001220703125,61.11000061035156,61.9900016784668,44.94996643066406,19034900,-0.0008062497413692249,357,2012-06-04,62.279998779296875,62.470001220703125,61.11000061035156,61.9900016784668,44.94996643066406,19034900,-0.0008062497413692249,357,2012-06-04,62.279998779296875,62.470001220703125,61.11000061035156,61.9900016784668,44.94996643066406,19034900,-0.0008062497413692249
358,2012-06-05,61.849998474121094,62.93000030517578,61.81999969482422,62.52000045776367,45.33427047729492,15802300,0.00854959585395143,358,2012-06-05,61.849998474121094,62.93000030517578,61.81999969482422,62.52000045776367,45.33427047729492,15802300,0.00854959585395143,358,2012-06-05,61.849998474121094,62.93000030517578,61.81999969482422,62.52000045776367,45.33427047729492,15802300,0.00854959585395143,358,2012-06-05,61.849998474121094,62.93000030517578,61.81999969482422,62.52000045776367,45.33427047729492,15802300,0.00854959585395143,358,2012-06-05,61.849998474121094,62.93000030517578,61.81999969482422,62.52000045776367,45.33427047729492,15802300,0.00854959585395143
359,2012-06-06,63.18000030517578,64.51000213623047,63.18000030517578,64.44999694824219,46.73374938964844,20784000,0.03087022020249397,359,2012-06-06,63.18000030517578,64.51000213623047,63.18000030517578,64.44999694824219,46.73374938964844,20784000,0.03087022020249397,359,2012-06-06,63.18000030517578,64.51000213623047,63.18000030517578,64.44999694824219,46.73374938964844,20784000,0.03087022020249397,359,2012-06-06,63.18000030517578,64.51000213623047,63.18000030517578,64.44999694824219,46.73374938964844,20784000,0.03087022020249397,359,2012-06-06,63.18000030517578,64.51000213623047,63.18000030517578,64.44999694824219,46.73374938964844,20784000,0.03087022020249397
360,2012-06-07,65.29000091552734,65.87999725341797,64.36000061035156,64.48999786376953,46.76274871826172,14686000,0.0006205221920350112,360,2012-06-07,65.29000091552734,65.87999725341797,64.36000061035156,64.48999786376953,46.76274871826172,14686000,0.0006205221920350112,360,2012-06-07,65.29000091552734,65.87999725341797,64.36000061035156,64.48999786376953,46.76274871826172,14686000,0.0006205221920350112,360,2012-06-07,65.29000091552734,65.87999725341797,64.36000061035156,64.48999786376953,46.76274871826172,14686000,0.0006205221920350112,360,2012-06-07,65.29000091552734,65.87999725341797,64.36000061035156,64.48999786376953,46.76274871826172,14686000,0.0006205221920350112
361,2012-06-08,64.0199966430664,64.58999633789062,63.470001220703125,64.5,46.76998519897461,15584000,0.00015474883130783823,361,2012-06-08,64.0199966430664,64.58999633789062,63.470001220703125,64.5,46.76998519897461,15584000,0.00015474883130783823,361,2012-06-08,64.0199966430664,64.58999633789062,63.470001220703125,64.5,46.76998519897461,15584000,0.00015474883130783823,361,2012-06-08,64.0199966430664,64.58999633789062,63.470001220703125,64.5,46.76998519897461,15584000,0.00015474883130783823,361,2012-06-08,64.0199966430664,64.58999633789062,63.470001220703125,64.5,46.76998519897461,15584000,0.00015474883130783823
362,2012-06-11,65.16000366210938,65.45999908447266,63.529998779296875,63.619998931884766,46.13188934326172,16148300,-0.01364327683659139,362,2012-06-11,65.16000366210938,65.45999908447266,63.529998779296875,63.619998931884766,46.13188934326172,16148300,-0.01364327683659139,362,2012-06-11,65.16000366210938,65.45999908447266,63.529998779296875,63.619998931884766,46.13188934326172,16148300,-0.01364327683659139,362,2012-06-11,65.16000366210938,65.45999908447266,63.529998779296875,63.619998931884766,46.13188934326172,16148300,-0.01364327683659139,362,2012-06-11,65.16000366210938,65.45999908447266,63.529998779296875,63.619998931884766,46.13188934326172,16148300,-0.01364327683659139
363,2012-06-12,63.970001220703125,64.68000030517578,63.619998931884766,64.5199966430664,46.78451156616211,14516300,0.014146878269916785,363,2012-06-12,63.970001220703125,64.68000030517578,63.619998931884766,64.5199966430664,46.78451156616211,14516300,0.014146878269916785,363,2012-06-12,63.970001220703125,64.68000030517578,63.619998931884766,64.5199966430664,46.78451156616211,14516300,0.014146878269916785,363,2012-06-12,63.970001220703125,64.68000030517578,63.619998931884766,64.5199966430664,46.78451156616211,14516300,0.014146878269916785,363,2012-06-12,63.970001220703125,64.68000030517578,63.619998931884766,64.5199966430664,46.78451156616211,14516300,0.014146878269916785
364,2012-06-13,64.1500015258789,64.79000091552734,63.40999984741211,63.70000076293945,46.18991470336914,12172400,-0.012709267295696769,364,2012-06-13,64.1500015258789,64.79000091552734,63.40999984741211,63.70000076293945,46.18991470336914,12172400,-0.012709267295696769,364,2012-06-13,64.1500015258789,64.79000091552734,63.40999984741211,63.70000076293945,46.18991470336914,12172400,-0.012709267295696769,364,2012-06-13,64.1500015258789,64.79000091552734,63.40999984741211,63.70000076293945,46.18991470336914,12172400,-0.012709267295696769,364,2012-06-13,64.1500015258789,64.79000091552734,63.40999984741211,63.70000076293945,46.18991470336914,12172400,-0.012709267295696769
365,2012-06-14,63.849998474121094,64.9800033569336,63.599998474121094,64.69999694824219,46.9150276184082,14564700,0.015698511670690918,365,2012-06-14,63.849998474121094,64.9800033569336,63.599998474121094,64.69999694824219,46.9150276184082,14564700,0.015698511670690918,365,2012-06-14,63.849998474121094,64.9800033569336,63.599998474121094,64.69999694824219,46.9150276184082,14564700,0.015698511670690918,365,2012-06-14,63.849998474121094,64.9800033569336,63.599998474121094,64.69999694824219,46.9150276184082,14564700,0.015698511670690918,365,2012-06-14,63.849998474121094,64.9800033569336,63.599998474121094,64.69999694824219,46.9150276184082,14564700,0.015698511670690918
366,2012-06-15,64.83000183105469,65.69000244140625,64.51000213623047,65.62000274658203,47.811954498291016,15501000,0.01911811471535585,366,2012-06-15,64.83000183105469,65.69000244140625,64.51000213623047,65.62000274658203,47.811954498291016,15501000,0.01911811471535585,366,2012-06-15,64.83000183105469,65.69000244140625,64.51000213623047,65.62000274658203,47.811954498291016,15501000,0.01911811471535585,366,2012-06-15,64.83000183105469,65.69000244140625,64.51000213623047,65.62000274658203,47.811954498291016,15501000,0.01911811471535585,366,2012-06-15,64.83000183105469,65.69000244140625,64.51000213623047,65.62000274658203,47.811954498291016,15501000,0.01911811471535585
367,2012-06-18,64.97000122070312,65.22000122070312,64.58999633789062,65.02999877929688,47.38206100463867,14037000,-0.008991339052406011,367,2012-06-18,64.97000122070312,65.22000122070312,64.58999633789062,65.02999877929688,47.38206100463867,14037000,-0.008991339052406011,367,2012-06-18,64.97000122070312,65.22000122070312,64.58999633789062,65.02999877929688,47.38206100463867,14037000,-0.008991339052406011,367,2012-06-18,64.97000122070312,65.22000122070312,64.58999633789062,65.02999877929688,47.38206100463867,14037000,-0.008991339052406011,367,2012-06-18,64.97000122070312,65.22000122070312,64.58999633789062,65.02999877929688,47.38206100463867,14037000,-0.008991339052406011
368,2012-06-19,65.54000091552734,66.30000305175781,65.19999694824219,65.97000122070312,48.066978454589844,15372900,0.014455205945645089,368,2012-06-19,65.54000091552734,66.30000305175781,65.19999694824219,65.97000122070312,48.066978454589844,15372900,0.014455205945645089,368,2012-06-19,65.54000091552734,66.30000305175781,65.19999694824219,65.97000122070312,48.066978454589844,15372900,0.014455205945645089,368,2012-06-19,65.54000091552734,66.30000305175781,65.19999694824219,65.97000122070312,48.066978454589844,15372900,0.014455205945645089,368,2012-06-19,65.54000091552734,66.30000305175781,65.19999694824219,65.97000122070312,48.066978454589844,15372900,0.014455205945645089
369,2012-06-20,65.94000244140625,66.43000030517578,65.0999984741211,65.70999908447266,47.87752914428711,17623500,-0.003941360917489534,369,2012-06-20,65.94000244140625,66.43000030517578,65.0999984741211,65.70999908447266,47.87752914428711,17623500,-0.003941360917489534,369,2012-06-20,65.94000244140625,66.43000030517578,65.0999984741211,65.70999908447266,47.87752914428711,17623500,-0.003941360917489534,369,2012-06-20,65.94000244140625,66.43000030517578,65.0999984741211,65.70999908447266,47.87752914428711,17623500,-0.003941360917489534,369,2012-06-20,65.94000244140625,66.43000030517578,65.0999984741211,65.70999908447266,47.87752914428711,17623500,-0.003941360917489534
370,2012-06-21,65.7300033569336,65.7300033569336,62.90999984741211,63.02000045776367,45.917545318603516,18964500,-0.040937447289245976,370,2012-06-21,65.7300033569336,65.7300033569336,62.90999984741211,63.02000045776367,45.917545318603516,18964500,-0.040937447289245976,370,2012-06-21,65.7300033569336,65.7300033569336,62.90999984741211,63.02000045776367,45.917545318603516,18964500,-0.040937447289245976,370,2012-06-21,65.7300033569336,65.7300033569336,62.90999984741211,63.02000045776367,45.917545318603516,18964500,-0.040937447289245976,370,2012-06-21,65.7300033569336,65.7300033569336,62.90999984741211,63.02000045776367,45.917545318603516,18964500,-0.040937447289245976
371,2012-06-22,63.439998626708984,63.72999954223633,62.66999816894531,63.439998626708984,46.223567962646484,20063000,0.006664612446497298,371,2012-06-22,63.439998626708984,63.72999954223633,62.66999816894531,63.439998626708984,46.223567962646484,20063000,0.006664612446497298,371,2012-06-22,63.439998626708984,63.72999954223633,62.66999816894531,63.439998626708984,46.223567962646484,20063000,0.006664612446497298,371,2012-06-22,63.439998626708984,63.72999954223633,62.66999816894531,63.439998626708984,46.223567962646484,20063000,0.006664612446497298,371,2012-06-22,63.439998626708984,63.72999954223633,62.66999816894531,63.439998626708984,46.223567962646484,20063000,0.006664612446497298
372,2012-06-25,62.5,62.52000045776367,61.470001220703125,62.02000045776367,45.188934326171875,15553800,-0.022383249110295877,372,2012-06-25,62.5,62.52000045776367,61.470001220703125,62.02000045776367,45.188934326171875,15553800,-0.022383249110295877,372,2012-06-25,62.5,62.52000045776367,61.470001220703125,62.02000045776367,45.188934326171875,15553800,-0.022383249110295877,372,2012-06-25,62.5,62.52000045776367,61.470001220703125,62.02000045776367,45.188934326171875,15553800,-0.022383249110295877,372,2012-06-25,62.5,62.52000045776367,61.470001220703125,62.02000045776367,45.188934326171875,15553800,-0.022383249110295877
373,2012-06-26,62.119998931884766,62.91999816894531,61.66999816894531,62.689998626708984,45.67710494995117,14262000,0.010802879754935102,373,2012-06-26,62.119998931884766,62.91999816894531,61.66999816894531,62.689998626708984,45.67710494995117,14262000,0.010802879754935102,373,2012-06-26,62.119998931884766,62.91999816894531,61.66999816894531,62.689998626708984,45.67710494995117,14262000,0.010802879754935102,373,2012-06-26,62.119998931884766,62.91999816894531,61.66999816894531,62.689998626708984,45.67710494995117,14262000,0.010802879754935102,373,2012-06-26,62.119998931884766,62.91999816894531,61.66999816894531,62.689998626708984,45.67710494995117,14262000,0.010802879754935102
374,2012-06-27,63.029998779296875,64.2300033569336,63.029998779296875,63.9900016784668,46.62432098388672,11657800,0.020737216926804303,374,2012-06-27,63.029998779296875,64.2300033569336,63.029998779296875,63.9900016784668,46.62432098388672,11657800,0.020737216926804303,374,2012-06-27,63.029998779296875,64.2300033569336,63.029998779296875,63.9900016784668,46.62432098388672,11657800,0.020737216926804303,374,2012-06-27,63.029998779296875,64.2300033569336,63.029998779296875,63.9900016784668,46.62432098388672,11657800,0.020737216926804303,374,2012-06-27,63.029998779296875,64.2300033569336,63.029998779296875,63.9900016784668,46.62432098388672,11657800,0.020737216926804303
375,2012-06-28,63.619998931884766,64.54000091552734,63.33000183105469,64.43000030517578,46.94490051269531,16523500,0.006875800484459349,375,2012-06-28,63.619998931884766,64.54000091552734,63.33000183105469,64.43000030517578,46.94490051269531,16523500,0.006875800484459349,375,2012-06-28,63.619998931884766,64.54000091552734,63.33000183105469,64.43000030517578,46.94490051269531,16523500,0.006875800484459349,375,2012-06-28,63.619998931884766,64.54000091552734,63.33000183105469,64.43000030517578,46.94490051269531,16523500,0.006875800484459349,375,2012-06-28,63.619998931884766,64.54000091552734,63.33000183105469,64.43000030517578,46.94490051269531,16523500,0.006875800484459349
376,2012-06-29,66.13999938964844,66.5,65.47000122070312,66.37000274658203,48.358428955078125,21745500,0.030110372520665063,376,2012-06-29,66.13999938964844,66.5,65.47000122070312,66.37000274658203,48.358428955078125,21745500,0.030110372520665063,376,2012-06-29,66.13999938964844,66.5,65.47000122070312,66.37000274658203,48.358428955078125,21745500,0.030110372520665063,376,2012-06-29,66.13999938964844,66.5,65.47000122070312,66.37000274658203,48.358428955078125,21745500,0.030110372520665063,376,2012-06-29,66.13999938964844,66.5,65.47000122070312,66.37000274658203,48.358428955078125,21745500,0.030110372520665063
377,2012-07-02,66.37000274658203,66.66000366210938,65.66999816894531,66.4000015258789,48.38027572631836,14556300,0.0004517675969277768,377,2012-07-02,66.37000274658203,66.66000366210938,65.66999816894531,66.4000015258789,48.38027572631836,14556300,0.0004517675969277768,377,2012-07-02,66.37000274658203,66.66000366210938,65.66999816894531,66.4000015258789,48.38027572631836,14556300,0.0004517675969277768,377,2012-07-02,66.37000274658203,66.66000366210938,65.66999816894531,66.4000015258789,48.38027572631836,14556300,0.0004517675969277768,377,2012-07-02,66.37000274658203,66.66000366210938,65.66999816894531,66.4000015258789,48.38027572631836,14556300,0.0004517675969277768
378,2012-07-03,66.93000030517578,68.69999694824219,66.87000274658203,67.98999786376953,49.538787841796875,15691600,0.023945959341614476,378,2012-07-03,66.93000030517578,68.69999694824219,66.87000274658203,67.98999786376953,49.538787841796875,15691600,0.023945959341614476,378,2012-07-03,66.93000030517578,68.69999694824219,66.87000274658203,67.98999786376953,49.538787841796875,15691600,0.023945959341614476,378,2012-07-03,66.93000030517578,68.69999694824219,66.87000274658203,67.98999786376953,49.538787841796875,15691600,0.023945959341614476,378,2012-07-03,66.93000030517578,68.69999694824219,66.87000274658203,67.98999786376953,49.538787841796875,15691600,0.023945959341614476
379,2012-07-05,67.58999633789062,67.62999725341797,66.86000061035156,67.0999984741211,48.890316009521484,12141000,-0.013090183682860745,379,2012-07-05,67.58999633789062,67.62999725341797,66.86000061035156,67.0999984741211,48.890316009521484,12141000,-0.013090183682860745,379,2012-07-05,67.58999633789062,67.62999725341797,66.86000061035156,67.0999984741211,48.890316009521484,12141000,-0.013090183682860745,379,2012-07-05,67.58999633789062,67.62999725341797,66.86000061035156,67.0999984741211,48.890316009521484,12141000,-0.013090183682860745,379,2012-07-05,67.58999633789062,67.62999725341797,66.86000061035156,67.0999984741211,48.890316009521484,12141000,-0.013090183682860745
380,2012-07-06,66.06999969482422,66.58999633789062,65.7699966430664,66.29000091552734,48.300132751464844,11190600,-0.01207157789574731,380,2012-07-06,66.06999969482422,66.58999633789062,65.7699966430664,66.29000091552734,48.300132751464844,11190600,-0.01207157789574731,380,2012-07-06,66.06999969482422,66.58999633789062,65.7699966430664,66.29000091552734,48.300132751464844,11190600,-0.01207157789574731,380,2012-07-06,66.06999969482422,66.58999633789062,65.7699966430664,66.29000091552734,48.300132751464844,11190600,-0.01207157789574731,380,2012-07-06,66.06999969482422,66.58999633789062,65.7699966430664,66.29000091552734,48.300132751464844,11190600,-0.01207157789574731
381,2012-07-09,66.23999786376953,66.36000061035156,65.5199966430664,65.98999786376953,48.081546783447266,9563900,-0.0045255769615032415,381,2012-07-09,66.23999786376953,66.36000061035156,65.5199966430664,65.98999786376953,48.081546783447266,9563900,-0.0045255769615032415,381,2012-07-09,66.23999786376953,66.36000061035156,65.5199966430664,65.98999786376953,48.081546783447266,9563900,-0.0045255769615032415,381,2012-07-09,66.23999786376953,66.36000061035156,65.5199966430664,65.98999786376953,48.081546783447266,9563900,-0.0045255769615032415,381,2012-07-09,66.23999786376953,66.36000061035156,65.5199966430664,65.98999786376953,48.081546783447266,9563900,-0.0045255769615032415
382,2012-07-10,66.38999938964844,66.58999633789062,64.63999938964844,64.95999908447266,47.33107376098633,18801100,-0.015608337765025904,382,2012-07-10,66.38999938964844,66.58999633789062,64.63999938964844,64.95999908447266,47.33107376098633,18801100,-0.015608337765025904,382,2012-07-10,66.38999938964844,66.58999633789062,64.63999938964844,64.95999908447266,47.33107376098633,18801100,-0.015608337765025904,382,2012-07-10,66.38999938964844,66.58999633789062,64.63999938964844,64.95999908447266,47.33107376098633,18801100,-0.015608337765025904,382,2012-07-10,66.38999938964844,66.58999633789062,64.63999938964844,64.95999908447266,47.33107376098633,18801100,-0.015608337765025904
383,2012-07-11,65.30000305175781,66.16999816894531,65.12999725341797,65.83999633789062,47.97224044799805,20964900,0.01354642174926135,383,2012-07-11,65.30000305175781,66.16999816894531,65.12999725341797,65.83999633789062,47.97224044799805,20964900,0.01354642174926135,383,2012-07-11,65.30000305175781,66.16999816894531,65.12999725341797,65.83999633789062,47.97224044799805,20964900,0.01354642174926135,383,2012-07-11,65.30000305175781,66.16999816894531,65.12999725341797,65.83999633789062,47.97224044799805,20964900,0.01354642174926135,383,2012-07-11,65.30000305175781,66.16999816894531,65.12999725341797,65.83999633789062,47.97224044799805,20964900,0.01354642174926135
384,2012-07-12,65.05999755859375,65.95999908447266,64.81999969482422,65.62000274658203,47.811954498291016,19368400,-0.0033412229283054096,384,2012-07-12,65.05999755859375,65.95999908447266,64.81999969482422,65.62000274658203,47.811954498291016,19368400,-0.0033412229283054096,384,2012-07-12,65.05999755859375,65.95999908447266,64.81999969482422,65.62000274658203,47.811954498291016,19368400,-0.0033412229283054096,384,2012-07-12,65.05999755859375,65.95999908447266,64.81999969482422,65.62000274658203,47.811954498291016,19368400,-0.0033412229283054096,384,2012-07-12,65.05999755859375,65.95999908447266,64.81999969482422,65.62000274658203,47.811954498291016,19368400,-0.0033412229283054096
385,2012-07-13,65.88999938964844,66.83000183105469,65.80000305175781,66.7699966430664,48.649864196777344,10209600,0.017525108673737133,385,2012-07-13,65.88999938964844,66.83000183105469,65.80000305175781,66.7699966430664,48.649864196777344,10209600,0.017525108673737133,385,2012-07-13,65.88999938964844,66.83000183105469,65.80000305175781,66.7699966430664,48.649864196777344,10209600,0.017525108673737133,385,2012-07-13,65.88999938964844,66.83000183105469,65.80000305175781,66.7699966430664,48.649864196777344,10209600,0.017525108673737133,385,2012-07-13,65.88999938964844,66.83000183105469,65.80000305175781,66.7699966430664,48.649864196777344,10209600,0.017525108673737133
386,2012-07-16,66.55999755859375,67.30000305175781,66.16999816894531,66.98999786376953,48.8101692199707,11334800,0.003295076478424752,386,2012-07-16,66.55999755859375,67.30000305175781,66.16999816894531,66.98999786376953,48.8101692199707,11334800,0.003295076478424752,386,2012-07-16,66.55999755859375,67.30000305175781,66.16999816894531,66.98999786376953,48.8101692199707,11334800,0.003295076478424752,386,2012-07-16,66.55999755859375,67.30000305175781,66.16999816894531,66.98999786376953,48.8101692199707,11334800,0.003295076478424752,386,2012-07-16,66.55999755859375,67.30000305175781,66.16999816894531,66.98999786376953,48.8101692199707,11334800,0.003295076478424752
387,2012-07-17,67.37000274658203,67.9000015258789,66.30000305175781,67.83000183105469,49.422218322753906,17984600,0.012539376784884926,387,2012-07-17,67.37000274658203,67.9000015258789,66.30000305175781,67.83000183105469,49.422218322753906,17984600,0.012539376784884926,387,2012-07-17,67.37000274658203,67.9000015258789,66.30000305175781,67.83000183105469,49.422218322753906,17984600,0.012539376784884926,387,2012-07-17,67.37000274658203,67.9000015258789,66.30000305175781,67.83000183105469,49.422218322753906,17984600,0.012539376784884926,387,2012-07-17,67.37000274658203,67.9000015258789,66.30000305175781,67.83000183105469,49.422218322753906,17984600,0.012539376784884926
388,2012-07-18,67.58999633789062,68.5,67.44999694824219,68.41999816894531,49.852088928222656,15518000,0.008697922109879075,388,2012-07-18,67.58999633789062,68.5,67.44999694824219,68.41999816894531,49.852088928222656,15518000,0.008697922109879075,388,2012-07-18,67.58999633789062,68.5,67.44999694824219,68.41999816894531,49.852088928222656,15518000,0.008697922109879075,388,2012-07-18,67.58999633789062,68.5,67.44999694824219,68.41999816894531,49.852088928222656,15518000,0.008697922109879075,388,2012-07-18,67.58999633789062,68.5,67.44999694824219,68.41999816894531,49.852088928222656,15518000,0.008697922109879075
389,2012-07-19,68.69999694824219,68.83999633789062,68.20999908447266,68.62999725341797,50.005088806152344,13989400,0.0030690765666805397,389,2012-07-19,68.69999694824219,68.83999633789062,68.20999908447266,68.62999725341797,50.005088806152344,13989400,0.0030690765666805397,389,2012-07-19,68.69999694824219,68.83999633789062,68.20999908447266,68.62999725341797,50.005088806152344,13989400,0.0030690765666805397,389,2012-07-19,68.69999694824219,68.83999633789062,68.20999908447266,68.62999725341797,50.005088806152344,13989400,0.0030690765666805397,389,2012-07-19,68.69999694824219,68.83999633789062,68.20999908447266,68.62999725341797,50.005088806152344,13989400,0.0030690765666805397
390,2012-07-20,68.41000366210938,68.80999755859375,68.0999984741211,68.79000091552734,50.121665954589844,13664400,0.0023313056974945123,390,2012-07-20,68.41000366210938,68.80999755859375,68.0999984741211,68.79000091552734,50.121665954589844,13664400,0.0023313056974945123,390,2012-07-20,68.41000366210938,68.80999755859375,68.0999984741211,68.79000091552734,50.121665954589844,13664400,0.0023313056974945123,390,2012-07-20,68.41000366210938,68.80999755859375,68.0999984741211,68.79000091552734,50.121665954589844,13664400,0.0023313056974945123,390,2012-07-20,68.41000366210938,68.80999755859375,68.0999984741211,68.79000091552734,50.121665954589844,13664400,0.0023313056974945123
391,2012-07-23,67.36000061035156,68.2699966430664,66.93000030517578,68.12999725341797,49.64080047607422,12720500,-0.009593964393587617,391,2012-07-23,67.36000061035156,68.2699966430664,66.93000030517578,68.12999725341797,49.64080047607422,12720500,-0.009593964393587617,391,2012-07-23,67.36000061035156,68.2699966430664,66.93000030517578,68.12999725341797,49.64080047607422,12720500,-0.009593964393587617,391,2012-07-23,67.36000061035156,68.2699966430664,66.93000030517578,68.12999725341797,49.64080047607422,12720500,-0.009593964393587617,391,2012-07-23,67.36000061035156,68.2699966430664,66.93000030517578,68.12999725341797,49.64080047607422,12720500,-0.009593964393587617
392,2012-07-24,68.16000366210938,68.2300033569336,66.16000366210938,67.04000091552734,48.846588134765625,12658900,-0.015999184817565237,392,2012-07-24,68.16000366210938,68.2300033569336,66.16000366210938,67.04000091552734,48.846588134765625,12658900,-0.015999184817565237,392,2012-07-24,68.16000366210938,68.2300033569336,66.16000366210938,67.04000091552734,48.846588134765625,12658900,-0.015999184817565237,392,2012-07-24,68.16000366210938,68.2300033569336,66.16000366210938,67.04000091552734,48.846588134765625,12658900,-0.015999184817565237,392,2012-07-24,68.16000366210938,68.2300033569336,66.16000366210938,67.04000091552734,48.846588134765625,12658900,-0.015999184817565237
393,2012-07-25,67.30000305175781,67.58000183105469,66.51000213623047,67.08999633789062,48.883018493652344,9499500,0.000745811739935931,393,2012-07-25,67.30000305175781,67.58000183105469,66.51000213623047,67.08999633789062,48.883018493652344,9499500,0.000745811739935931,393,2012-07-25,67.30000305175781,67.58000183105469,66.51000213623047,67.08999633789062,48.883018493652344,9499500,0.000745811739935931,393,2012-07-25,67.30000305175781,67.58000183105469,66.51000213623047,67.08999633789062,48.883018493652344,9499500,0.000745811739935931,393,2012-07-25,67.30000305175781,67.58000183105469,66.51000213623047,67.08999633789062,48.883018493652344,9499500,0.000745811739935931
394,2012-07-26,68.12000274658203,69.2300033569336,68.08000183105469,69.0,50.274688720703125,14040500,0.0284694004162509,394,2012-07-26,68.12000274658203,69.2300033569336,68.08000183105469,69.0,50.274688720703125,14040500,0.0284694004162509,394,2012-07-26,68.12000274658203,69.2300033569336,68.08000183105469,69.0,50.274688720703125,14040500,0.0284694004162509,394,2012-07-26,68.12000274658203,69.2300033569336,68.08000183105469,69.0,50.274688720703125,14040500,0.0284694004162509,394,2012-07-26,68.12000274658203,69.2300033569336,68.08000183105469,69.0,50.274688720703125,14040500,0.0284694004162509
395,2012-07-27,69.37000274658203,70.48999786376953,68.9000015258789,70.22000122070312,51.163612365722656,15360300,0.017681335631094086,395,2012-07-27,69.37000274658203,70.48999786376953,68.9000015258789,70.22000122070312,51.163612365722656,15360300,0.017681335631094086,395,2012-07-27,69.37000274658203,70.48999786376953,68.9000015258789,70.22000122070312,51.163612365722656,15360300,0.017681335631094086,395,2012-07-27,69.37000274658203,70.48999786376953,68.9000015258789,70.22000122070312,51.163612365722656,15360300,0.017681335631094086,395,2012-07-27,69.37000274658203,70.48999786376953,68.9000015258789,70.22000122070312,51.163612365722656,15360300,0.017681335631094086
396,2012-07-30,70.12000274658203,70.68000030517578,69.9000015258789,70.41999816894531,51.30930709838867,9733300,0.0028476240423482846,396,2012-07-30,70.12000274658203,70.68000030517578,69.9000015258789,70.41999816894531,51.30930709838867,9733300,0.0028476240423482846,396,2012-07-30,70.12000274658203,70.68000030517578,69.9000015258789,70.41999816894531,51.30930709838867,9733300,0.0028476240423482846,396,2012-07-30,70.12000274658203,70.68000030517578,69.9000015258789,70.41999816894531,51.30930709838867,9733300,0.0028476240423482846,396,2012-07-30,70.12000274658203,70.68000030517578,69.9000015258789,70.41999816894531,51.30930709838867,9733300,0.0028476240423482846
397,2012-07-31,70.26000213623047,70.55000305175781,69.58000183105469,69.6500015258789,50.748287200927734,12015600,-0.010934076665372827,397,2012-07-31,70.26000213623047,70.55000305175781,69.58000183105469,69.6500015258789,50.748287200927734,12015600,-0.010934076665372827,397,2012-07-31,70.26000213623047,70.55000305175781,69.58000183105469,69.6500015258789,50.748287200927734,12015600,-0.010934076665372827,397,2012-07-31,70.26000213623047,70.55000305175781,69.58000183105469,69.6500015258789,50.748287200927734,12015600,-0.010934076665372827,397,2012-07-31,70.26000213623047,70.55000305175781,69.58000183105469,69.6500015258789,50.748287200927734,12015600,-0.010934076665372827
398,2012-08-01,69.91000366210938,70.33999633789062,69.16000366210938,69.98999786376953,50.99601745605469,16144600,0.004881549088467052,398,2012-08-01,69.91000366210938,70.33999633789062,69.16000366210938,69.98999786376953,50.99601745605469,16144600,0.004881549088467052,398,2012-08-01,69.91000366210938,70.33999633789062,69.16000366210938,69.98999786376953,50.99601745605469,16144600,0.004881549088467052,398,2012-08-01,69.91000366210938,70.33999633789062,69.16000366210938,69.98999786376953,50.99601745605469,16144600,0.004881549088467052,398,2012-08-01,69.91000366210938,70.33999633789062,69.16000366210938,69.98999786376953,50.99601745605469,16144600,0.004881549088467052
399,2012-08-02,69.12000274658203,69.5199966430664,68.16000366210938,68.81999969482422,50.143531799316406,15441300,-0.01671671042690548,399,2012-08-02,69.12000274658203,69.5199966430664,68.16000366210938,68.81999969482422,50.143531799316406,15441300,-0.01671671042690548,399,2012-08-02,69.12000274658203,69.5199966430664,68.16000366210938,68.81999969482422,50.143531799316406,15441300,-0.01671671042690548,399,2012-08-02,69.12000274658203,69.5199966430664,68.16000366210938,68.81999969482422,50.143531799316406,15441300,-0.01671671042690548,399,2012-08-02,69.12000274658203,69.5199966430664,68.16000366210938,68.81999969482422,50.143531799316406,15441300,-0.01671671042690548
400,2012-08-03,70.0999984741211,70.87000274658203,70.0199966430664,70.44000244140625,51.32390594482422,14376000,0.023539908401982723,400,2012-08-03,70.0999984741211,70.87000274658203,70.0199966430664,70.44000244140625,51.32390594482422,14376000,0.023539908401982723,400,2012-08-03,70.0999984741211,70.87000274658203,70.0199966430664,70.44000244140625,51.32390594482422,14376000,0.023539908401982723,400,2012-08-03,70.0999984741211,70.87000274658203,70.0199966430664,70.44000244140625,51.32390594482422,14376000,0.023539908401982723,400,2012-08-03,70.0999984741211,70.87000274658203,70.0199966430664,70.44000244140625,51.32390594482422,14376000,0.023539908401982723
401,2012-08-06,70.56999969482422,71.0199966430664,70.5,70.62999725341797,51.462337493896484,5936200,0.0026972138328889006,401,2012-08-06,70.56999969482422,71.0199966430664,70.5,70.62999725341797,51.462337493896484,5936200,0.0026972138328889006,401,2012-08-06,70.56999969482422,71.0199966430664,70.5,70.62999725341797,51.462337493896484,5936200,0.0026972138328889006,401,2012-08-06,70.56999969482422,71.0199966430664,70.5,70.62999725341797,51.462337493896484,5936200,0.0026972138328889006,401,2012-08-06,70.56999969482422,71.0199966430664,70.5,70.62999725341797,51.462337493896484,5936200,0.0026972138328889006
402,2012-08-07,71.16000366210938,72.0,71.0999984741211,71.69000244140625,52.234683990478516,12250900,0.015007994859806528,402,2012-08-07,71.16000366210938,72.0,71.0999984741211,71.69000244140625,52.234683990478516,12250900,0.015007994859806528,402,2012-08-07,71.16000366210938,72.0,71.0999984741211,71.69000244140625,52.234683990478516,12250900,0.015007994859806528,402,2012-08-07,71.16000366210938,72.0,71.0999984741211,71.69000244140625,52.234683990478516,12250900,0.015007994859806528,402,2012-08-07,71.16000366210938,72.0,71.0999984741211,71.69000244140625,52.234683990478516,12250900,0.015007994859806528
403,2012-08-08,71.37999725341797,72.0,71.25,71.75,52.27840042114258,9499000,0.0008369234256693225,403,2012-08-08,71.37999725341797,72.0,71.25,71.75,52.27840042114258,9499000,0.0008369234256693225,403,2012-08-08,71.37999725341797,72.0,71.25,71.75,52.27840042114258,9499000,0.0008369234256693225,403,2012-08-08,71.37999725341797,72.0,71.25,71.75,52.27840042114258,9499000,0.0008369234256693225,403,2012-08-08,71.37999725341797,72.0,71.25,71.75,52.27840042114258,9499000,0.0008369234256693225
404,2012-08-09,71.5999984741211,72.51000213623047,71.5,72.23999786376953,52.63542938232422,11983000,0.006829378066381064,404,2012-08-09,71.5999984741211,72.51000213623047,71.5,72.23999786376953,52.63542938232422,11983000,0.006829378066381064,404,2012-08-09,71.5999984741211,72.51000213623047,71.5,72.23999786376953,52.63542938232422,11983000,0.006829378066381064,404,2012-08-09,71.5999984741211,72.51000213623047,71.5,72.23999786376953,52.63542938232422,11983000,0.006829378066381064,404,2012-08-09,71.5999984741211,72.51000213623047,71.5,72.23999786376953,52.63542938232422,11983000,0.006829378066381064
405,2012-08-10,71.75,72.45999908447266,71.30999755859375,72.37000274658203,52.73012924194336,11315500,0.001799165708923578,405,2012-08-10,71.75,72.45999908447266,71.30999755859375,72.37000274658203,52.73012924194336,11315500,0.001799165708923578,405,2012-08-10,71.75,72.45999908447266,71.30999755859375,72.37000274658203,52.73012924194336,11315500,0.001799165708923578,405,2012-08-10,71.75,72.45999908447266,71.30999755859375,72.37000274658203,52.73012924194336,11315500,0.001799165708923578,405,2012-08-10,71.75,72.45999908447266,71.30999755859375,72.37000274658203,52.73012924194336,11315500,0.001799165708923578
406,2012-08-13,72.36000061035156,72.45999908447266,71.75,72.0999984741211,52.53340148925781,8289000,-0.0037308414660410794,406,2012-08-13,72.36000061035156,72.45999908447266,71.75,72.0999984741211,52.53340148925781,8289000,-0.0037308414660410794,406,2012-08-13,72.36000061035156,72.45999908447266,71.75,72.0999984741211,52.53340148925781,8289000,-0.0037308414660410794,406,2012-08-13,72.36000061035156,72.45999908447266,71.75,72.0999984741211,52.53340148925781,8289000,-0.0037308414660410794,406,2012-08-13,72.36000061035156,72.45999908447266,71.75,72.0999984741211,52.53340148925781,8289000,-0.0037308414660410794
407,2012-08-14,72.44999694824219,72.52999877929688,71.73999786376953,71.97000122070312,52.438682556152344,7121300,-0.0018030230371592904,407,2012-08-14,72.44999694824219,72.52999877929688,71.73999786376953,71.97000122070312,52.438682556152344,7121300,-0.0018030230371592904,407,2012-08-14,72.44999694824219,72.52999877929688,71.73999786376953,71.97000122070312,52.438682556152344,7121300,-0.0018030230371592904,407,2012-08-14,72.44999694824219,72.52999877929688,71.73999786376953,71.97000122070312,52.438682556152344,7121300,-0.0018030230371592904,407,2012-08-14,72.44999694824219,72.52999877929688,71.73999786376953,71.97000122070312,52.438682556152344,7121300,-0.0018030230371592904
408,2012-08-15,71.98999786376953,72.16999816894531,71.66999816894531,71.95999908447266,52.431400299072266,6532100,-0.0001388718542324474,408,2012-08-15,71.98999786376953,72.16999816894531,71.66999816894531,71.95999908447266,52.431400299072266,6532100,-0.0001388718542324474,408,2012-08-15,71.98999786376953,72.16999816894531,71.66999816894531,71.95999908447266,52.431400299072266,6532100,-0.0001388718542324474,408,2012-08-15,71.98999786376953,72.16999816894531,71.66999816894531,71.95999908447266,52.431400299072266,6532100,-0.0001388718542324474,408,2012-08-15,71.98999786376953,72.16999816894531,71.66999816894531,71.95999908447266,52.431400299072266,6532100,-0.0001388718542324474
409,2012-08-16,72.08000183105469,72.7300033569336,71.87999725341797,72.5999984741211,52.8977165222168,6883900,0.008893835001251738,409,2012-08-16,72.08000183105469,72.7300033569336,71.87999725341797,72.5999984741211,52.8977165222168,6883900,0.008893835001251738,409,2012-08-16,72.08000183105469,72.7300033569336,71.87999725341797,72.5999984741211,52.8977165222168,6883900,0.008893835001251738,409,2012-08-16,72.08000183105469,72.7300033569336,71.87999725341797,72.5999984741211,52.8977165222168,6883900,0.008893835001251738,409,2012-08-16,72.08000183105469,72.7300033569336,71.87999725341797,72.5999984741211,52.8977165222168,6883900,0.008893835001251738
410,2012-08-17,72.75,72.77999877929688,72.31999969482422,72.56999969482422,52.8758544921875,12104100,-0.0004132887290156928,410,2012-08-17,72.75,72.77999877929688,72.31999969482422,72.56999969482422,52.8758544921875,12104100,-0.0004132887290156928,410,2012-08-17,72.75,72.77999877929688,72.31999969482422,72.56999969482422,52.8758544921875,12104100,-0.0004132887290156928,410,2012-08-17,72.75,72.77999877929688,72.31999969482422,72.56999969482422,52.8758544921875,12104100,-0.0004132887290156928,410,2012-08-17,72.75,72.77999877929688,72.31999969482422,72.56999969482422,52.8758544921875,12104100,-0.0004132887290156928
411,2012-08-20,72.37999725341797,72.58000183105469,72.06999969482422,72.31999969482422,52.693702697753906,5567800,-0.003444895523352809,411,2012-08-20,72.37999725341797,72.58000183105469,72.06999969482422,72.31999969482422,52.693702697753906,5567800,-0.003444895523352809,411,2012-08-20,72.37999725341797,72.58000183105469,72.06999969482422,72.31999969482422,52.693702697753906,5567800,-0.003444895523352809,411,2012-08-20,72.37999725341797,72.58000183105469,72.06999969482422,72.31999969482422,52.693702697753906,5567800,-0.003444895523352809,411,2012-08-20,72.37999725341797,72.58000183105469,72.06999969482422,72.31999969482422,52.693702697753906,5567800,-0.003444895523352809
412,2012-08-21,72.6500015258789,73.02999877929688,71.97000122070312,72.08999633789062,52.52610778808594,8730200,-0.0031805491185403767,412,2012-08-21,72.6500015258789,73.02999877929688,71.97000122070312,72.08999633789062,52.52610778808594,8730200,-0.0031805491185403767,412,2012-08-21,72.6500015258789,73.02999877929688,71.97000122070312,72.08999633789062,52.52610778808594,8730200,-0.0031805491185403767,412,2012-08-21,72.6500015258789,73.02999877929688,71.97000122070312,72.08999633789062,52.52610778808594,8730200,-0.0031805491185403767,412,2012-08-21,72.6500015258789,73.02999877929688,71.97000122070312,72.08999633789062,52.52610778808594,8730200,-0.0031805491185403767
413,2012-08-22,71.86000061035156,72.43000030517578,71.63999938964844,72.36000061035156,52.72283935546875,8538800,0.0037454053930003894,413,2012-08-22,71.86000061035156,72.43000030517578,71.63999938964844,72.36000061035156,52.72283935546875,8538800,0.0037454053930003894,413,2012-08-22,71.86000061035156,72.43000030517578,71.63999938964844,72.36000061035156,52.72283935546875,8538800,0.0037454053930003894,413,2012-08-22,71.86000061035156,72.43000030517578,71.63999938964844,72.36000061035156,52.72283935546875,8538800,0.0037454053930003894,413,2012-08-22,71.86000061035156,72.43000030517578,71.63999938964844,72.36000061035156,52.72283935546875,8538800,0.0037454053930003894
414,2012-08-23,72.19000244140625,72.38999938964844,71.41999816894531,71.55999755859375,52.13996505737305,7328600,-0.011055442104812241,414,2012-08-23,72.19000244140625,72.38999938964844,71.41999816894531,71.55999755859375,52.13996505737305,7328600,-0.011055442104812241,414,2012-08-23,72.19000244140625,72.38999938964844,71.41999816894531,71.55999755859375,52.13996505737305,7328600,-0.011055442104812241,414,2012-08-23,72.19000244140625,72.38999938964844,71.41999816894531,71.55999755859375,52.13996505737305,7328600,-0.011055442104812241,414,2012-08-23,72.19000244140625,72.38999938964844,71.41999816894531,71.55999755859375,52.13996505737305,7328600,-0.011055442104812241
415,2012-08-24,71.44000244140625,72.18000030517578,71.05999755859375,71.9800033569336,52.44597244262695,7491600,0.005868960305538851,415,2012-08-24,71.44000244140625,72.18000030517578,71.05999755859375,71.9800033569336,52.44597244262695,7491600,0.005868960305538851,415,2012-08-24,71.44000244140625,72.18000030517578,71.05999755859375,71.9800033569336,52.44597244262695,7491600,0.005868960305538851,415,2012-08-24,71.44000244140625,72.18000030517578,71.05999755859375,71.9800033569336,52.44597244262695,7491600,0.005868960305538851,415,2012-08-24,71.44000244140625,72.18000030517578,71.05999755859375,71.9800033569336,52.44597244262695,7491600,0.005868960305538851
416,2012-08-27,72.05999755859375,72.5,71.7699966430664,72.01000213623047,52.46784591674805,6067800,0.0004170668042244863,416,2012-08-27,72.05999755859375,72.5,71.7699966430664,72.01000213623047,52.46784591674805,6067800,0.0004170668042244863,416,2012-08-27,72.05999755859375,72.5,71.7699966430664,72.01000213623047,52.46784591674805,6067800,0.0004170668042244863,416,2012-08-27,72.05999755859375,72.5,71.7699966430664,72.01000213623047,52.46784591674805,6067800,0.0004170668042244863,416,2012-08-27,72.05999755859375,72.5,71.7699966430664,72.01000213623047,52.46784591674805,6067800,0.0004170668042244863
417,2012-08-28,71.86000061035156,72.27999877929688,71.7300033569336,72.05999755859375,52.5042610168457,6820800,0.000694046028789419,417,2012-08-28,71.86000061035156,72.27999877929688,71.7300033569336,72.05999755859375,52.5042610168457,6820800,0.000694046028789419,417,2012-08-28,71.86000061035156,72.27999877929688,71.7300033569336,72.05999755859375,52.5042610168457,6820800,0.000694046028789419,417,2012-08-28,71.86000061035156,72.27999877929688,71.7300033569336,72.05999755859375,52.5042610168457,6820800,0.000694046028789419,417,2012-08-28,71.86000061035156,72.27999877929688,71.7300033569336,72.05999755859375,52.5042610168457,6820800,0.000694046028789419
418,2012-08-29,72.0999984741211,72.16000366210938,71.51000213623047,71.58000183105469,52.15452575683594,6351900,-0.006661083371834464,418,2012-08-29,72.0999984741211,72.16000366210938,71.51000213623047,71.58000183105469,52.15452575683594,6351900,-0.006661083371834464,418,2012-08-29,72.0999984741211,72.16000366210938,71.51000213623047,71.58000183105469,52.15452575683594,6351900,-0.006661083371834464,418,2012-08-29,72.0999984741211,72.16000366210938,71.51000213623047,71.58000183105469,52.15452575683594,6351900,-0.006661083371834464,418,2012-08-29,72.0999984741211,72.16000366210938,71.51000213623047,71.58000183105469,52.15452575683594,6351900,-0.006661083371834464
419,2012-08-30,71.30000305175781,71.30000305175781,70.61000061035156,70.81999969482422,51.60078811645508,7785400,-0.010617250034303694,419,2012-08-30,71.30000305175781,71.30000305175781,70.61000061035156,70.81999969482422,51.60078811645508,7785400,-0.010617250034303694,419,2012-08-30,71.30000305175781,71.30000305175781,70.61000061035156,70.81999969482422,51.60078811645508,7785400,-0.010617250034303694,419,2012-08-30,71.30000305175781,71.30000305175781,70.61000061035156,70.81999969482422,51.60078811645508,7785400,-0.010617250034303694,419,2012-08-30,71.30000305175781,71.30000305175781,70.61000061035156,70.81999969482422,51.60078811645508,7785400,-0.010617250034303694
420,2012-08-31,71.41000366210938,71.88999938964844,70.9800033569336,71.52999877929688,52.11809158325195,10149900,0.01002510786520161,420,2012-08-31,71.41000366210938,71.88999938964844,70.9800033569336,71.52999877929688,52.11809158325195,10149900,0.01002510786520161,420,2012-08-31,71.41000366210938,71.88999938964844,70.9800033569336,71.52999877929688,52.11809158325195,10149900,0.01002510786520161,420,2012-08-31,71.41000366210938,71.88999938964844,70.9800033569336,71.52999877929688,52.11809158325195,10149900,0.01002510786520161,420,2012-08-31,71.41000366210938,71.88999938964844,70.9800033569336,71.52999877929688,52.11809158325195,10149900,0.01002510786520161
421,2012-09-04,71.45999908447266,71.51000213623047,70.4000015258789,70.9800033569336,51.71735763549805,8775000,-0.00768896050450707,421,2012-09-04,71.45999908447266,71.51000213623047,70.4000015258789,70.9800033569336,51.71735763549805,8775000,-0.00768896050450707,421,2012-09-04,71.45999908447266,71.51000213623047,70.4000015258789,70.9800033569336,51.71735763549805,8775000,-0.00768896050450707,421,2012-09-04,71.45999908447266,71.51000213623047,70.4000015258789,70.9800033569336,51.71735763549805,8775000,-0.00768896050450707,421,2012-09-04,71.45999908447266,71.51000213623047,70.4000015258789,70.9800033569336,51.71735763549805,8775000,-0.00768896050450707
422,2012-09-05,70.94000244140625,71.19999694824219,70.58999633789062,70.70999908447266,51.520626068115234,7225000,-0.0038039756162595584,422,2012-09-05,70.94000244140625,71.19999694824219,70.58999633789062,70.70999908447266,51.520626068115234,7225000,-0.0038039756162595584,422,2012-09-05,70.94000244140625,71.19999694824219,70.58999633789062,70.70999908447266,51.520626068115234,7225000,-0.0038039756162595584,422,2012-09-05,70.94000244140625,71.19999694824219,70.58999633789062,70.70999908447266,51.520626068115234,7225000,-0.0038039756162595584,422,2012-09-05,70.94000244140625,71.19999694824219,70.58999633789062,70.70999908447266,51.520626068115234,7225000,-0.0038039756162595584
423,2012-09-06,71.2699966430664,72.68000030517578,71.26000213623047,72.19999694824219,52.606258392333984,13522100,0.021071799919190504,423,2012-09-06,71.2699966430664,72.68000030517578,71.26000213623047,72.19999694824219,52.606258392333984,13522100,0.021071799919190504,423,2012-09-06,71.2699966430664,72.68000030517578,71.26000213623047,72.19999694824219,52.606258392333984,13522100,0.021071799919190504,423,2012-09-06,71.2699966430664,72.68000030517578,71.26000213623047,72.19999694824219,52.606258392333984,13522100,0.021071799919190504,423,2012-09-06,71.2699966430664,72.68000030517578,71.26000213623047,72.19999694824219,52.606258392333984,13522100,0.021071799919190504
424,2012-09-07,72.37000274658203,73.47000122070312,72.30000305175781,73.44999694824219,53.517032623291016,13422600,0.01731303952781693,424,2012-09-07,72.37000274658203,73.47000122070312,72.30000305175781,73.44999694824219,53.517032623291016,13422600,0.01731303952781693,424,2012-09-07,72.37000274658203,73.47000122070312,72.30000305175781,73.44999694824219,53.517032623291016,13422600,0.01731303952781693,424,2012-09-07,72.37000274658203,73.47000122070312,72.30000305175781,73.44999694824219,53.517032623291016,13422600,0.01731303952781693,424,2012-09-07,72.37000274658203,73.47000122070312,72.30000305175781,73.44999694824219,53.517032623291016,13422600,0.01731303952781693
425,2012-09-10,73.3499984741211,73.83000183105469,73.0999984741211,73.12999725341797,53.283897399902344,5842100,-0.004356280831744219,425,2012-09-10,73.3499984741211,73.83000183105469,73.0999984741211,73.12999725341797,53.283897399902344,5842100,-0.004356280831744219,425,2012-09-10,73.3499984741211,73.83000183105469,73.0999984741211,73.12999725341797,53.283897399902344,5842100,-0.004356280831744219,425,2012-09-10,73.3499984741211,73.83000183105469,73.0999984741211,73.12999725341797,53.283897399902344,5842100,-0.004356280831744219,425,2012-09-10,73.3499984741211,73.83000183105469,73.0999984741211,73.12999725341797,53.283897399902344,5842100,-0.004356280831744219
426,2012-09-11,73.3499984741211,74.11000061035156,73.3499984741211,73.91000366210938,53.85221481323242,7505500,0.01066583791843878,426,2012-09-11,73.3499984741211,74.11000061035156,73.3499984741211,73.91000366210938,53.85221481323242,7505500,0.01066583791843878,426,2012-09-11,73.3499984741211,74.11000061035156,73.3499984741211,73.91000366210938,53.85221481323242,7505500,0.01066583791843878,426,2012-09-11,73.3499984741211,74.11000061035156,73.3499984741211,73.91000366210938,53.85221481323242,7505500,0.01066583791843878,426,2012-09-11,73.3499984741211,74.11000061035156,73.3499984741211,73.91000366210938,53.85221481323242,7505500,0.01066583791843878
427,2012-09-12,74.3499984741211,74.55000305175781,74.05000305175781,74.36000061035156,54.18010711669922,8341700,0.0060887431390515,427,2012-09-12,74.3499984741211,74.55000305175781,74.05000305175781,74.36000061035156,54.18010711669922,8341700,0.0060887431390515,427,2012-09-12,74.3499984741211,74.55000305175781,74.05000305175781,74.36000061035156,54.18010711669922,8341700,0.0060887431390515,427,2012-09-12,74.3499984741211,74.55000305175781,74.05000305175781,74.36000061035156,54.18010711669922,8341700,0.0060887431390515,427,2012-09-12,74.3499984741211,74.55000305175781,74.05000305175781,74.36000061035156,54.18010711669922,8341700,0.0060887431390515
428,2012-09-13,74.52999877929688,76.01000213623047,73.94999694824219,75.56999969482422,55.06171417236328,14174200,0.01627178502554738,428,2012-09-13,74.52999877929688,76.01000213623047,73.94999694824219,75.56999969482422,55.06171417236328,14174200,0.01627178502554738,428,2012-09-13,74.52999877929688,76.01000213623047,73.94999694824219,75.56999969482422,55.06171417236328,14174200,0.01627178502554738,428,2012-09-13,74.52999877929688,76.01000213623047,73.94999694824219,75.56999969482422,55.06171417236328,14174200,0.01627178502554738,428,2012-09-13,74.52999877929688,76.01000213623047,73.94999694824219,75.56999969482422,55.06171417236328,14174200,0.01627178502554738
429,2012-09-14,76.0999984741211,77.3499984741211,76.0199966430664,76.56999969482422,55.790340423583984,15240300,0.013232901702621147,429,2012-09-14,76.0999984741211,77.3499984741211,76.0199966430664,76.56999969482422,55.790340423583984,15240300,0.013232901702621147,429,2012-09-14,76.0999984741211,77.3499984741211,76.0199966430664,76.56999969482422,55.790340423583984,15240300,0.013232901702621147,429,2012-09-14,76.0999984741211,77.3499984741211,76.0199966430664,76.56999969482422,55.790340423583984,15240300,0.013232901702621147,429,2012-09-14,76.0999984741211,77.3499984741211,76.0199966430664,76.56999969482422,55.790340423583984,15240300,0.013232901702621147
430,2012-09-17,76.26000213623047,76.80999755859375,75.73999786376953,75.98999786376953,55.36771774291992,10183500,-0.007575194513160022,430,2012-09-17,76.26000213623047,76.80999755859375,75.73999786376953,75.98999786376953,55.36771774291992,10183500,-0.007575194513160022,430,2012-09-17,76.26000213623047,76.80999755859375,75.73999786376953,75.98999786376953,55.36771774291992,10183500,-0.007575194513160022,430,2012-09-17,76.26000213623047,76.80999755859375,75.73999786376953,75.98999786376953,55.36771774291992,10183500,-0.007575194513160022,430,2012-09-17,76.26000213623047,76.80999755859375,75.73999786376953,75.98999786376953,55.36771774291992,10183500,-0.007575194513160022
431,2012-09-18,75.73999786376953,75.7699966430664,74.86000061035156,75.44999694824219,54.97428894042969,9920200,-0.007105743536639508,431,2012-09-18,75.73999786376953,75.7699966430664,74.86000061035156,75.44999694824219,54.97428894042969,9920200,-0.007105743536639508,431,2012-09-18,75.73999786376953,75.7699966430664,74.86000061035156,75.44999694824219,54.97428894042969,9920200,-0.007105743536639508,431,2012-09-18,75.73999786376953,75.7699966430664,74.86000061035156,75.44999694824219,54.97428894042969,9920200,-0.007105743536639508,431,2012-09-18,75.73999786376953,75.7699966430664,74.86000061035156,75.44999694824219,54.97428894042969,9920200,-0.007105743536639508
432,2012-09-19,75.37999725341797,75.44999694824219,74.6500015258789,74.72000122070312,54.44239807128906,14806800,-0.00967526600875157,432,2012-09-19,75.37999725341797,75.44999694824219,74.6500015258789,74.72000122070312,54.44239807128906,14806800,-0.00967526600875157,432,2012-09-19,75.37999725341797,75.44999694824219,74.6500015258789,74.72000122070312,54.44239807128906,14806800,-0.00967526600875157,432,2012-09-19,75.37999725341797,75.44999694824219,74.6500015258789,74.72000122070312,54.44239807128906,14806800,-0.00967526600875157,432,2012-09-19,75.37999725341797,75.44999694824219,74.6500015258789,74.72000122070312,54.44239807128906,14806800,-0.00967526600875157
433,2012-09-20,74.08000183105469,75.08000183105469,73.77999877929688,74.93000030517578,54.595394134521484,11743800,0.0028102374004921327,433,2012-09-20,74.08000183105469,75.08000183105469,73.77999877929688,74.93000030517578,54.595394134521484,11743800,0.0028102374004921327,433,2012-09-20,74.08000183105469,75.08000183105469,73.77999877929688,74.93000030517578,54.595394134521484,11743800,0.0028102374004921327,433,2012-09-20,74.08000183105469,75.08000183105469,73.77999877929688,74.93000030517578,54.595394134521484,11743800,0.0028102374004921327,433,2012-09-20,74.08000183105469,75.08000183105469,73.77999877929688,74.93000030517578,54.595394134521484,11743800,0.0028102374004921327
434,2012-09-21,75.23999786376953,75.2699966430664,74.5,74.68000030517578,54.656890869140625,12698200,0.0011264088407827444,434,2012-09-21,75.23999786376953,75.2699966430664,74.5,74.68000030517578,54.656890869140625,12698200,0.0011264088407827444,434,2012-09-21,75.23999786376953,75.2699966430664,74.5,74.68000030517578,54.656890869140625,12698200,0.0011264088407827444,434,2012-09-21,75.23999786376953,75.2699966430664,74.5,74.68000030517578,54.656890869140625,12698200,0.0011264088407827444,434,2012-09-21,75.23999786376953,75.2699966430664,74.5,74.68000030517578,54.656890869140625,12698200,0.0011264088407827444
435,2012-09-24,74.02999877929688,74.5,74.0199966430664,74.30000305175781,54.37876510620117,7390500,-0.0050885763627744884,435,2012-09-24,74.02999877929688,74.5,74.0199966430664,74.30000305175781,54.37876510620117,7390500,-0.0050885763627744884,435,2012-09-24,74.02999877929688,74.5,74.0199966430664,74.30000305175781,54.37876510620117,7390500,-0.0050885763627744884,435,2012-09-24,74.02999877929688,74.5,74.0199966430664,74.30000305175781,54.37876510620117,7390500,-0.0050885763627744884,435,2012-09-24,74.02999877929688,74.5,74.0199966430664,74.30000305175781,54.37876510620117,7390500,-0.0050885763627744884
436,2012-09-25,74.5,74.63999938964844,73.41999816894531,73.48999786376953,53.78593826293945,13493300,-0.010901807757199622,436,2012-09-25,74.5,74.63999938964844,73.41999816894531,73.48999786376953,53.78593826293945,13493300,-0.010901807757199622,436,2012-09-25,74.5,74.63999938964844,73.41999816894531,73.48999786376953,53.78593826293945,13493300,-0.010901807757199622,436,2012-09-25,74.5,74.63999938964844,73.41999816894531,73.48999786376953,53.78593826293945,13493300,-0.010901807757199622,436,2012-09-25,74.5,74.63999938964844,73.41999816894531,73.48999786376953,53.78593826293945,13493300,-0.010901807757199622
437,2012-09-26,73.19000244140625,73.27999877929688,72.54000091552734,72.79000091552734,53.27363586425781,15803100,-0.009524838930524693,437,2012-09-26,73.19000244140625,73.27999877929688,72.54000091552734,72.79000091552734,53.27363586425781,15803100,-0.009524838930524693,437,2012-09-26,73.19000244140625,73.27999877929688,72.54000091552734,72.79000091552734,53.27363586425781,15803100,-0.009524838930524693,437,2012-09-26,73.19000244140625,73.27999877929688,72.54000091552734,72.79000091552734,53.27363586425781,15803100,-0.009524838930524693,437,2012-09-26,73.19000244140625,73.27999877929688,72.54000091552734,72.79000091552734,53.27363586425781,15803100,-0.009524838930524693
438,2012-09-27,73.3499984741211,73.98999786376953,73.04000091552734,73.77999877929688,53.99819564819336,8327300,0.013600719608883871,438,2012-09-27,73.3499984741211,73.98999786376953,73.04000091552734,73.77999877929688,53.99819564819336,8327300,0.013600719608883871,438,2012-09-27,73.3499984741211,73.98999786376953,73.04000091552734,73.77999877929688,53.99819564819336,8327300,0.013600719608883871,438,2012-09-27,73.3499984741211,73.98999786376953,73.04000091552734,73.77999877929688,53.99819564819336,8327300,0.013600719608883871,438,2012-09-27,73.3499984741211,73.98999786376953,73.04000091552734,73.77999877929688,53.99819564819336,8327300,0.013600719608883871
439,2012-09-28,73.56999969482422,73.63999938964844,72.98999786376953,73.43000030517578,53.74201202392578,8448600,-0.004744299715802591,439,2012-09-28,73.56999969482422,73.63999938964844,72.98999786376953,73.43000030517578,53.74201202392578,8448600,-0.004744299715802591,439,2012-09-28,73.56999969482422,73.63999938964844,72.98999786376953,73.43000030517578,53.74201202392578,8448600,-0.004744299715802591,439,2012-09-28,73.56999969482422,73.63999938964844,72.98999786376953,73.43000030517578,53.74201202392578,8448600,-0.004744299715802591,439,2012-09-28,73.56999969482422,73.63999938964844,72.98999786376953,73.43000030517578,53.74201202392578,8448600,-0.004744299715802591
440,2012-10-01,73.94000244140625,74.52999877929688,73.69999694824219,73.80000305175781,54.0128288269043,11121400,0.005039201041783681,440,2012-10-01,73.94000244140625,74.52999877929688,73.69999694824219,73.80000305175781,54.0128288269043,11121400,0.005039201041783681,440,2012-10-01,73.94000244140625,74.52999877929688,73.69999694824219,73.80000305175781,54.0128288269043,11121400,0.005039201041783681,440,2012-10-01,73.94000244140625,74.52999877929688,73.69999694824219,73.80000305175781,54.0128288269043,11121400,0.005039201041783681,440,2012-10-01,73.94000244140625,74.52999877929688,73.69999694824219,73.80000305175781,54.0128288269043,11121400,0.005039201041783681
441,2012-10-02,74.30000305175781,74.30000305175781,73.4800033569336,73.93000030517578,54.107967376708984,8791100,0.0017614065375020083,441,2012-10-02,74.30000305175781,74.30000305175781,73.4800033569336,73.93000030517578,54.107967376708984,8791100,0.0017614065375020083,441,2012-10-02,74.30000305175781,74.30000305175781,73.4800033569336,73.93000030517578,54.107967376708984,8791100,0.0017614065375020083,441,2012-10-02,74.30000305175781,74.30000305175781,73.4800033569336,73.93000030517578,54.107967376708984,8791100,0.0017614065375020083,441,2012-10-02,74.30000305175781,74.30000305175781,73.4800033569336,73.93000030517578,54.107967376708984,8791100,0.0017614065375020083
442,2012-10-03,73.79000091552734,73.88999938964844,72.66999816894531,73.0199966430664,53.441959381103516,12575800,-0.012308871094133034,442,2012-10-03,73.79000091552734,73.88999938964844,72.66999816894531,73.0199966430664,53.441959381103516,12575800,-0.012308871094133034,442,2012-10-03,73.79000091552734,73.88999938964844,72.66999816894531,73.0199966430664,53.441959381103516,12575800,-0.012308871094133034,442,2012-10-03,73.79000091552734,73.88999938964844,72.66999816894531,73.0199966430664,53.441959381103516,12575800,-0.012308871094133034,442,2012-10-03,73.79000091552734,73.88999938964844,72.66999816894531,73.0199966430664,53.441959381103516,12575800,-0.012308871094133034
443,2012-10-04,73.43000030517578,73.94000244140625,73.27999877929688,73.75,53.97621536254883,11377300,0.009996938503610053,443,2012-10-04,73.43000030517578,73.94000244140625,73.27999877929688,73.75,53.97621536254883,11377300,0.009996938503610053,443,2012-10-04,73.43000030517578,73.94000244140625,73.27999877929688,73.75,53.97621536254883,11377300,0.009996938503610053,443,2012-10-04,73.43000030517578,73.94000244140625,73.27999877929688,73.75,53.97621536254883,11377300,0.009996938503610053,443,2012-10-04,73.43000030517578,73.94000244140625,73.27999877929688,73.75,53.97621536254883,11377300,0.009996938503610053
444,2012-10-05,74.16999816894531,74.26000213623047,73.33999633789062,73.58000183105469,53.85181427001953,13889200,-0.0023047390724547645,444,2012-10-05,74.16999816894531,74.26000213623047,73.33999633789062,73.58000183105469,53.85181427001953,13889200,-0.0023047390724547645,444,2012-10-05,74.16999816894531,74.26000213623047,73.33999633789062,73.58000183105469,53.85181427001953,13889200,-0.0023047390724547645,444,2012-10-05,74.16999816894531,74.26000213623047,73.33999633789062,73.58000183105469,53.85181427001953,13889200,-0.0023047390724547645,444,2012-10-05,74.16999816894531,74.26000213623047,73.33999633789062,73.58000183105469,53.85181427001953,13889200,-0.0023047390724547645
445,2012-10-08,73.16999816894531,73.79000091552734,73.0999984741211,73.69999694824219,53.93963623046875,5442800,0.0016308078314477559,445,2012-10-08,73.16999816894531,73.79000091552734,73.0999984741211,73.69999694824219,53.93963623046875,5442800,0.0016308078314477559,445,2012-10-08,73.16999816894531,73.79000091552734,73.0999984741211,73.69999694824219,53.93963623046875,5442800,0.0016308078314477559,445,2012-10-08,73.16999816894531,73.79000091552734,73.0999984741211,73.69999694824219,53.93963623046875,5442800,0.0016308078314477559,445,2012-10-08,73.16999816894531,73.79000091552734,73.0999984741211,73.69999694824219,53.93963623046875,5442800,0.0016308078314477559
446,2012-10-09,73.7699966430664,74.37999725341797,73.68000030517578,73.80000305175781,54.0128288269043,10290600,0.001356935299356099,446,2012-10-09,73.7699966430664,74.37999725341797,73.68000030517578,73.80000305175781,54.0128288269043,10290600,0.001356935299356099,446,2012-10-09,73.7699966430664,74.37999725341797,73.68000030517578,73.80000305175781,54.0128288269043,10290600,0.001356935299356099,446,2012-10-09,73.7699966430664,74.37999725341797,73.68000030517578,73.80000305175781,54.0128288269043,10290600,0.001356935299356099,446,2012-10-09,73.7699966430664,74.37999725341797,73.68000030517578,73.80000305175781,54.0128288269043,10290600,0.001356935299356099
447,2012-10-10,73.37000274658203,73.48999786376953,72.22000122070312,72.41999816894531,53.00282669067383,15191800,-0.018699300854381096,447,2012-10-10,73.37000274658203,73.48999786376953,72.22000122070312,72.41999816894531,53.00282669067383,15191800,-0.018699300854381096,447,2012-10-10,73.37000274658203,73.48999786376953,72.22000122070312,72.41999816894531,53.00282669067383,15191800,-0.018699300854381096,447,2012-10-10,73.37000274658203,73.48999786376953,72.22000122070312,72.41999816894531,53.00282669067383,15191800,-0.018699300854381096,447,2012-10-10,73.37000274658203,73.48999786376953,72.22000122070312,72.41999816894531,53.00282669067383,15191800,-0.018699300854381096
448,2012-10-11,73.12000274658203,73.56999969482422,72.91999816894531,72.95999908447266,53.39804458618164,8271700,0.0074565437389653155,448,2012-10-11,73.12000274658203,73.56999969482422,72.91999816894531,72.95999908447266,53.39804458618164,8271700,0.0074565437389653155,448,2012-10-11,73.12000274658203,73.56999969482422,72.91999816894531,72.95999908447266,53.39804458618164,8271700,0.0074565437389653155,448,2012-10-11,73.12000274658203,73.56999969482422,72.91999816894531,72.95999908447266,53.39804458618164,8271700,0.0074565437389653155,448,2012-10-11,73.12000274658203,73.56999969482422,72.91999816894531,72.95999908447266,53.39804458618164,8271700,0.0074565437389653155
449,2012-10-12,72.94000244140625,73.06999969482422,72.04000091552734,72.55999755859375,53.10529708862305,10761800,-0.005482363630116005,449,2012-10-12,72.94000244140625,73.06999969482422,72.04000091552734,72.55999755859375,53.10529708862305,10761800,-0.005482363630116005,449,2012-10-12,72.94000244140625,73.06999969482422,72.04000091552734,72.55999755859375,53.10529708862305,10761800,-0.005482363630116005,449,2012-10-12,72.94000244140625,73.06999969482422,72.04000091552734,72.55999755859375,53.10529708862305,10761800,-0.005482363630116005,449,2012-10-12,72.94000244140625,73.06999969482422,72.04000091552734,72.55999755859375,53.10529708862305,10761800,-0.005482363630116005
450,2012-10-15,72.43000030517578,73.04000091552734,71.91000366210938,72.93000030517578,53.376094818115234,8094000,0.005099260230863045,450,2012-10-15,72.43000030517578,73.04000091552734,71.91000366210938,72.93000030517578,53.376094818115234,8094000,0.005099260230863045,450,2012-10-15,72.43000030517578,73.04000091552734,71.91000366210938,72.93000030517578,53.376094818115234,8094000,0.005099260230863045,450,2012-10-15,72.43000030517578,73.04000091552734,71.91000366210938,72.93000030517578,53.376094818115234,8094000,0.005099260230863045,450,2012-10-15,72.43000030517578,73.04000091552734,71.91000366210938,72.93000030517578,53.376094818115234,8094000,0.005099260230863045
451,2012-10-16,73.36000061035156,74.2300033569336,73.36000061035156,74.08999633789062,54.225067138671875,13349300,0.015905478350366486,451,2012-10-16,73.36000061035156,74.2300033569336,73.36000061035156,74.08999633789062,54.225067138671875,13349300,0.015905478350366486,451,2012-10-16,73.36000061035156,74.2300033569336,73.36000061035156,74.08999633789062,54.225067138671875,13349300,0.015905478350366486,451,2012-10-16,73.36000061035156,74.2300033569336,73.36000061035156,74.08999633789062,54.225067138671875,13349300,0.015905478350366486,451,2012-10-16,73.36000061035156,74.2300033569336,73.36000061035156,74.08999633789062,54.225067138671875,13349300,0.015905478350366486
452,2012-10-17,74.30000305175781,75.06999969482422,74.1500015258789,75.0199966430664,54.905731201171875,10345700,0.012552572056007127,452,2012-10-17,74.30000305175781,75.06999969482422,74.1500015258789,75.0199966430664,54.905731201171875,10345700,0.012552572056007127,452,2012-10-17,74.30000305175781,75.06999969482422,74.1500015258789,75.0199966430664,54.905731201171875,10345700,0.012552572056007127,452,2012-10-17,74.30000305175781,75.06999969482422,74.1500015258789,75.0199966430664,54.905731201171875,10345700,0.012552572056007127,452,2012-10-17,74.30000305175781,75.06999969482422,74.1500015258789,75.0199966430664,54.905731201171875,10345700,0.012552572056007127
453,2012-10-18,74.68000030517578,75.19000244140625,74.62999725341797,75.01000213623047,54.89840316772461,14412400,-0.00013346572911332455,453,2012-10-18,74.68000030517578,75.19000244140625,74.62999725341797,75.01000213623047,54.89840316772461,14412400,-0.00013346572911332455,453,2012-10-18,74.68000030517578,75.19000244140625,74.62999725341797,75.01000213623047,54.89840316772461,14412400,-0.00013346572911332455,453,2012-10-18,74.68000030517578,75.19000244140625,74.62999725341797,75.01000213623047,54.89840316772461,14412400,-0.00013346572911332455,453,2012-10-18,74.68000030517578,75.19000244140625,74.62999725341797,75.01000213623047,54.89840316772461,14412400,-0.00013346572911332455
454,2012-10-19,74.94999694824219,75.0999984741211,73.55999755859375,73.83000183105469,54.0347785949707,14092600,-0.015731324099088617,454,2012-10-19,74.94999694824219,75.0999984741211,73.55999755859375,73.83000183105469,54.0347785949707,14092600,-0.015731324099088617,454,2012-10-19,74.94999694824219,75.0999984741211,73.55999755859375,73.83000183105469,54.0347785949707,14092600,-0.015731324099088617,454,2012-10-19,74.94999694824219,75.0999984741211,73.55999755859375,73.83000183105469,54.0347785949707,14092600,-0.015731324099088617,454,2012-10-19,74.94999694824219,75.0999984741211,73.55999755859375,73.83000183105469,54.0347785949707,14092600,-0.015731324099088617
455,2012-10-22,73.86000061035156,74.0999984741211,72.72000122070312,73.45999908447266,53.76399612426758,10843900,-0.005011262704208264,455,2012-10-22,73.86000061035156,74.0999984741211,72.72000122070312,73.45999908447266,53.76399612426758,10843900,-0.005011262704208264,455,2012-10-22,73.86000061035156,74.0999984741211,72.72000122070312,73.45999908447266,53.76399612426758,10843900,-0.005011262704208264,455,2012-10-22,73.86000061035156,74.0999984741211,72.72000122070312,73.45999908447266,53.76399612426758,10843900,-0.005011262704208264,455,2012-10-22,73.86000061035156,74.0999984741211,72.72000122070312,73.45999908447266,53.76399612426758,10843900,-0.005011262704208264
456,2012-10-23,72.22000122070312,72.29000091552734,71.2300033569336,71.75,52.512474060058594,15428500,-0.02327806998044335,456,2012-10-23,72.22000122070312,72.29000091552734,71.2300033569336,71.75,52.512474060058594,15428500,-0.02327806998044335,456,2012-10-23,72.22000122070312,72.29000091552734,71.2300033569336,71.75,52.512474060058594,15428500,-0.02327806998044335,456,2012-10-23,72.22000122070312,72.29000091552734,71.2300033569336,71.75,52.512474060058594,15428500,-0.02327806998044335,456,2012-10-23,72.22000122070312,72.29000091552734,71.2300033569336,71.75,52.512474060058594,15428500,-0.02327806998044335
457,2012-10-24,72.11000061035156,72.25,71.06999969482422,71.19999694824219,52.109928131103516,10695500,-0.007665720120036301,457,2012-10-24,72.11000061035156,72.25,71.06999969482422,71.19999694824219,52.109928131103516,10695500,-0.007665720120036301,457,2012-10-24,72.11000061035156,72.25,71.06999969482422,71.19999694824219,52.109928131103516,10695500,-0.007665720120036301,457,2012-10-24,72.11000061035156,72.25,71.06999969482422,71.19999694824219,52.109928131103516,10695500,-0.007665720120036301,457,2012-10-24,72.11000061035156,72.25,71.06999969482422,71.19999694824219,52.109928131103516,10695500,-0.007665720120036301
458,2012-10-25,71.91000366210938,72.04000091552734,71.0199966430664,71.87000274658203,52.60028839111328,9793200,0.009410111999695436,458,2012-10-25,71.91000366210938,72.04000091552734,71.0199966430664,71.87000274658203,52.60028839111328,9793200,0.009410111999695436,458,2012-10-25,71.91000366210938,72.04000091552734,71.0199966430664,71.87000274658203,52.60028839111328,9793200,0.009410111999695436,458,2012-10-25,71.91000366210938,72.04000091552734,71.0199966430664,71.87000274658203,52.60028839111328,9793200,0.009410111999695436,458,2012-10-25,71.91000366210938,72.04000091552734,71.0199966430664,71.87000274658203,52.60028839111328,9793200,0.009410111999695436
459,2012-10-26,71.7300033569336,72.4000015258789,71.5999984741211,71.95999908447266,52.666160583496094,11008400,0.0012523161830029217,459,2012-10-26,71.7300033569336,72.4000015258789,71.5999984741211,71.95999908447266,52.666160583496094,11008400,0.0012523161830029217,459,2012-10-26,71.7300033569336,72.4000015258789,71.5999984741211,71.95999908447266,52.666160583496094,11008400,0.0012523161830029217,459,2012-10-26,71.7300033569336,72.4000015258789,71.5999984741211,71.95999908447266,52.666160583496094,11008400,0.0012523161830029217,459,2012-10-26,71.7300033569336,72.4000015258789,71.5999984741211,71.95999908447266,52.666160583496094,11008400,0.0012523161830029217
460,2012-10-31,72.25,72.47000122070312,71.3499984741211,71.94000244140625,52.65153884887695,11125800,-0.00027763054031548773,460,2012-10-31,72.25,72.47000122070312,71.3499984741211,71.94000244140625,52.65153884887695,11125800,-0.00027763054031548773,460,2012-10-31,72.25,72.47000122070312,71.3499984741211,71.94000244140625,52.65153884887695,11125800,-0.00027763054031548773,460,2012-10-31,72.25,72.47000122070312,71.3499984741211,71.94000244140625,52.65153884887695,11125800,-0.00027763054031548773,460,2012-10-31,72.25,72.47000122070312,71.3499984741211,71.94000244140625,52.65153884887695,11125800,-0.00027763054031548773
461,2012-11-01,71.66000366210938,72.38999938964844,71.54000091552734,72.25,52.8784065246582,9490800,0.004308851758966004,461,2012-11-01,71.66000366210938,72.38999938964844,71.54000091552734,72.25,52.8784065246582,9490800,0.004308851758966004,461,2012-11-01,71.66000366210938,72.38999938964844,71.54000091552734,72.25,52.8784065246582,9490800,0.004308851758966004,461,2012-11-01,71.66000366210938,72.38999938964844,71.54000091552734,72.25,52.8784065246582,9490800,0.004308851758966004,461,2012-11-01,71.66000366210938,72.38999938964844,71.54000091552734,72.25,52.8784065246582,9490800,0.004308851758966004
462,2012-11-02,72.48999786376953,72.69000244140625,70.81999969482422,71.05999755859375,52.0074577331543,11264900,-0.016470783609898842,462,2012-11-02,72.48999786376953,72.69000244140625,70.81999969482422,71.05999755859375,52.0074577331543,11264900,-0.016470783609898842,462,2012-11-02,72.48999786376953,72.69000244140625,70.81999969482422,71.05999755859375,52.0074577331543,11264900,-0.016470783609898842,462,2012-11-02,72.48999786376953,72.69000244140625,70.81999969482422,71.05999755859375,52.0074577331543,11264900,-0.016470783609898842,462,2012-11-02,72.48999786376953,72.69000244140625,70.81999969482422,71.05999755859375,52.0074577331543,11264900,-0.016470783609898842
463,2012-11-05,70.91999816894531,71.79000091552734,70.83999633789062,71.5999984741211,52.40269088745117,7417400,0.007599547671120144,463,2012-11-05,70.91999816894531,71.79000091552734,70.83999633789062,71.5999984741211,52.40269088745117,7417400,0.007599547671120144,463,2012-11-05,70.91999816894531,71.79000091552734,70.83999633789062,71.5999984741211,52.40269088745117,7417400,0.007599547671120144,463,2012-11-05,70.91999816894531,71.79000091552734,70.83999633789062,71.5999984741211,52.40269088745117,7417400,0.007599547671120144,463,2012-11-05,70.91999816894531,71.79000091552734,70.83999633789062,71.5999984741211,52.40269088745117,7417400,0.007599547671120144
464,2012-11-06,71.95999908447266,73.05999755859375,71.91999816894531,72.75,53.244346618652344,10519200,0.01606130748149659,464,2012-11-06,71.95999908447266,73.05999755859375,71.91999816894531,72.75,53.244346618652344,10519200,0.01606130748149659,464,2012-11-06,71.95999908447266,73.05999755859375,71.91999816894531,72.75,53.244346618652344,10519200,0.01606130748149659,464,2012-11-06,71.95999908447266,73.05999755859375,71.91999816894531,72.75,53.244346618652344,10519200,0.01606130748149659,464,2012-11-06,71.95999908447266,73.05999755859375,71.91999816894531,72.75,53.244346618652344,10519200,0.01606130748149659
465,2012-11-07,71.68000030517578,71.83999633789062,70.3499984741211,70.8499984741211,51.85377502441406,19043600,-0.0261167932850761,465,2012-11-07,71.68000030517578,71.83999633789062,70.3499984741211,70.8499984741211,51.85377502441406,19043600,-0.0261167932850761,465,2012-11-07,71.68000030517578,71.83999633789062,70.3499984741211,70.8499984741211,51.85377502441406,19043600,-0.0261167932850761,465,2012-11-07,71.68000030517578,71.83999633789062,70.3499984741211,70.8499984741211,51.85377502441406,19043600,-0.0261167932850761,465,2012-11-07,71.68000030517578,71.83999633789062,70.3499984741211,70.8499984741211,51.85377502441406,19043600,-0.0261167932850761
466,2012-11-08,70.80000305175781,71.06999969482422,69.52999877929688,69.56999969482422,50.91697311401367,15013300,-0.018066223914446344,466,2012-11-08,70.80000305175781,71.06999969482422,69.52999877929688,69.56999969482422,50.91697311401367,15013300,-0.018066223914446344,466,2012-11-08,70.80000305175781,71.06999969482422,69.52999877929688,69.56999969482422,50.91697311401367,15013300,-0.018066223914446344,466,2012-11-08,70.80000305175781,71.06999969482422,69.52999877929688,69.56999969482422,50.91697311401367,15013300,-0.018066223914446344,466,2012-11-08,70.80000305175781,71.06999969482422,69.52999877929688,69.56999969482422,50.91697311401367,15013300,-0.018066223914446344
467,2012-11-09,69.3499984741211,70.37000274658203,69.1500015258789,69.55000305175781,50.902320861816406,12227700,-0.00028776754196402354,467,2012-11-09,69.3499984741211,70.37000274658203,69.1500015258789,69.55000305175781,50.902320861816406,12227700,-0.00028776754196402354,467,2012-11-09,69.3499984741211,70.37000274658203,69.1500015258789,69.55000305175781,50.902320861816406,12227700,-0.00028776754196402354,467,2012-11-09,69.3499984741211,70.37000274658203,69.1500015258789,69.55000305175781,50.902320861816406,12227700,-0.00028776754196402354,467,2012-11-09,69.3499984741211,70.37000274658203,69.1500015258789,69.55000305175781,50.902320861816406,12227700,-0.00028776754196402354
468,2012-11-12,69.81999969482422,69.9000015258789,69.4000015258789,69.69000244140625,51.004798889160156,5583400,0.0020132289767680334,468,2012-11-12,69.81999969482422,69.9000015258789,69.4000015258789,69.69000244140625,51.004798889160156,5583400,0.0020132289767680334,468,2012-11-12,69.81999969482422,69.9000015258789,69.4000015258789,69.69000244140625,51.004798889160156,5583400,0.0020132289767680334,468,2012-11-12,69.81999969482422,69.9000015258789,69.4000015258789,69.69000244140625,51.004798889160156,5583400,0.0020132289767680334,468,2012-11-12,69.81999969482422,69.9000015258789,69.4000015258789,69.69000244140625,51.004798889160156,5583400,0.0020132289767680334
469,2012-11-13,69.06999969482422,70.30999755859375,69.0,69.4000015258789,50.792537689208984,11300600,-0.004161592724097218,469,2012-11-13,69.06999969482422,70.30999755859375,69.0,69.4000015258789,50.792537689208984,11300600,-0.004161592724097218,469,2012-11-13,69.06999969482422,70.30999755859375,69.0,69.4000015258789,50.792537689208984,11300600,-0.004161592724097218,469,2012-11-13,69.06999969482422,70.30999755859375,69.0,69.4000015258789,50.792537689208984,11300600,-0.004161592724097218,469,2012-11-13,69.06999969482422,70.30999755859375,69.0,69.4000015258789,50.792537689208984,11300600,-0.004161592724097218
470,2012-11-14,69.62000274658203,69.75,68.37999725341797,68.55999755859375,50.177757263183594,19242100,-0.012103754882008988,470,2012-11-14,69.62000274658203,69.75,68.37999725341797,68.55999755859375,50.177757263183594,19242100,-0.012103754882008988,470,2012-11-14,69.62000274658203,69.75,68.37999725341797,68.55999755859375,50.177757263183594,19242100,-0.012103754882008988,470,2012-11-14,69.62000274658203,69.75,68.37999725341797,68.55999755859375,50.177757263183594,19242100,-0.012103754882008988,470,2012-11-14,69.62000274658203,69.75,68.37999725341797,68.55999755859375,50.177757263183594,19242100,-0.012103754882008988
471,2012-11-15,68.58999633789062,69.2699966430664,68.19000244140625,68.6500015258789,50.24364471435547,14651100,0.001313080830342761,471,2012-11-15,68.58999633789062,69.2699966430664,68.19000244140625,68.6500015258789,50.24364471435547,14651100,0.001313080830342761,471,2012-11-15,68.58999633789062,69.2699966430664,68.19000244140625,68.6500015258789,50.24364471435547,14651100,0.001313080830342761,471,2012-11-15,68.58999633789062,69.2699966430664,68.19000244140625,68.6500015258789,50.24364471435547,14651100,0.001313080830342761,471,2012-11-15,68.58999633789062,69.2699966430664,68.19000244140625,68.6500015258789,50.24364471435547,14651100,0.001313080830342761
472,2012-11-16,68.75,69.0199966430664,67.7699966430664,68.91999816894531,50.44123458862305,21477700,0.003932634174748095,472,2012-11-16,68.75,69.0199966430664,67.7699966430664,68.91999816894531,50.44123458862305,21477700,0.003932634174748095,472,2012-11-16,68.75,69.0199966430664,67.7699966430664,68.91999816894531,50.44123458862305,21477700,0.003932634174748095,472,2012-11-16,68.75,69.0199966430664,67.7699966430664,68.91999816894531,50.44123458862305,21477700,0.003932634174748095,472,2012-11-16,68.75,69.0199966430664,67.7699966430664,68.91999816894531,50.44123458862305,21477700,0.003932634174748095
473,2012-11-19,69.86000061035156,70.62000274658203,69.80999755859375,70.51000213623047,51.60492706298828,11458100,0.023070261540103276,473,2012-11-19,69.86000061035156,70.62000274658203,69.80999755859375,70.51000213623047,51.60492706298828,11458100,0.023070261540103276,473,2012-11-19,69.86000061035156,70.62000274658203,69.80999755859375,70.51000213623047,51.60492706298828,11458100,0.023070261540103276,473,2012-11-19,69.86000061035156,70.62000274658203,69.80999755859375,70.51000213623047,51.60492706298828,11458100,0.023070261540103276,473,2012-11-19,69.86000061035156,70.62000274658203,69.80999755859375,70.51000213623047,51.60492706298828,11458100,0.023070261540103276
474,2012-11-20,70.31999969482422,70.58999633789062,69.73999786376953,70.2300033569336,51.400020599365234,7712500,-0.003970676353692748,474,2012-11-20,70.31999969482422,70.58999633789062,69.73999786376953,70.2300033569336,51.400020599365234,7712500,-0.003970676353692748,474,2012-11-20,70.31999969482422,70.58999633789062,69.73999786376953,70.2300033569336,51.400020599365234,7712500,-0.003970676353692748,474,2012-11-20,70.31999969482422,70.58999633789062,69.73999786376953,70.2300033569336,51.400020599365234,7712500,-0.003970676353692748,474,2012-11-20,70.31999969482422,70.58999633789062,69.73999786376953,70.2300033569336,51.400020599365234,7712500,-0.003970676353692748
475,2012-11-21,70.44999694824219,70.69999694824219,70.16000366210938,70.61000061035156,51.67811965942383,5868500,0.005410485381440289,475,2012-11-21,70.44999694824219,70.69999694824219,70.16000366210938,70.61000061035156,51.67811965942383,5868500,0.005410485381440289,475,2012-11-21,70.44999694824219,70.69999694824219,70.16000366210938,70.61000061035156,51.67811965942383,5868500,0.005410485381440289,475,2012-11-21,70.44999694824219,70.69999694824219,70.16000366210938,70.61000061035156,51.67811965942383,5868500,0.005410485381440289,475,2012-11-21,70.44999694824219,70.69999694824219,70.16000366210938,70.61000061035156,51.67811965942383,5868500,0.005410485381440289
476,2012-11-23,70.94000244140625,71.61000061035156,70.7699966430664,71.61000061035156,52.41001510620117,4502400,0.014162578894138855,476,2012-11-23,70.94000244140625,71.61000061035156,70.7699966430664,71.61000061035156,52.41001510620117,4502400,0.014162578894138855,476,2012-11-23,70.94000244140625,71.61000061035156,70.7699966430664,71.61000061035156,52.41001510620117,4502400,0.014162578894138855,476,2012-11-23,70.94000244140625,71.61000061035156,70.7699966430664,71.61000061035156,52.41001510620117,4502400,0.014162578894138855,476,2012-11-23,70.94000244140625,71.61000061035156,70.7699966430664,71.61000061035156,52.41001510620117,4502400,0.014162578894138855
477,2012-11-26,70.98999786376953,71.04000091552734,70.41999816894531,70.91000366210938,51.89768981933594,9390500,-0.009775331791587627,477,2012-11-26,70.98999786376953,71.04000091552734,70.41999816894531,70.91000366210938,51.89768981933594,9390500,-0.009775331791587627,477,2012-11-26,70.98999786376953,71.04000091552734,70.41999816894531,70.91000366210938,51.89768981933594,9390500,-0.009775331791587627,477,2012-11-26,70.98999786376953,71.04000091552734,70.41999816894531,70.91000366210938,51.89768981933594,9390500,-0.009775331791587627,477,2012-11-26,70.98999786376953,71.04000091552734,70.41999816894531,70.91000366210938,51.89768981933594,9390500,-0.009775331791587627
478,2012-11-27,70.69999694824219,71.01000213623047,70.19000244140625,70.31999969482422,51.465877532958984,7788000,-0.008320452950413837,478,2012-11-27,70.69999694824219,71.01000213623047,70.19000244140625,70.31999969482422,51.465877532958984,7788000,-0.008320452950413837,478,2012-11-27,70.69999694824219,71.01000213623047,70.19000244140625,70.31999969482422,51.465877532958984,7788000,-0.008320452950413837,478,2012-11-27,70.69999694824219,71.01000213623047,70.19000244140625,70.31999969482422,51.465877532958984,7788000,-0.008320452950413837,478,2012-11-27,70.69999694824219,71.01000213623047,70.19000244140625,70.31999969482422,51.465877532958984,7788000,-0.008320452950413837
479,2012-11-28,69.6500015258789,71.06999969482422,69.43000030517578,70.95999908447266,51.93427276611328,11587900,0.009101083195449888,479,2012-11-28,69.6500015258789,71.06999969482422,69.43000030517578,70.95999908447266,51.93427276611328,11587900,0.009101083195449888,479,2012-11-28,69.6500015258789,71.06999969482422,69.43000030517578,70.95999908447266,51.93427276611328,11587900,0.009101083195449888,479,2012-11-28,69.6500015258789,71.06999969482422,69.43000030517578,70.95999908447266,51.93427276611328,11587900,0.009101083195449888,479,2012-11-28,69.6500015258789,71.06999969482422,69.43000030517578,70.95999908447266,51.93427276611328,11587900,0.009101083195449888
480,2012-11-29,71.43000030517578,71.70999908447266,70.87000274658203,71.12000274658203,52.0513916015625,10951100,0.0022551357554705387,480,2012-11-29,71.43000030517578,71.70999908447266,70.87000274658203,71.12000274658203,52.0513916015625,10951100,0.0022551357554705387,480,2012-11-29,71.43000030517578,71.70999908447266,70.87000274658203,71.12000274658203,52.0513916015625,10951100,0.0022551357554705387,480,2012-11-29,71.43000030517578,71.70999908447266,70.87000274658203,71.12000274658203,52.0513916015625,10951100,0.0022551357554705387,480,2012-11-29,71.43000030517578,71.70999908447266,70.87000274658203,71.12000274658203,52.0513916015625,10951100,0.0022551357554705387
481,2012-11-30,71.19999694824219,71.44999694824219,70.80000305175781,71.05999755859375,52.0074577331543,8365100,-0.0008440479121961664,481,2012-11-30,71.19999694824219,71.44999694824219,70.80000305175781,71.05999755859375,52.0074577331543,8365100,-0.0008440479121961664,481,2012-11-30,71.19999694824219,71.44999694824219,70.80000305175781,71.05999755859375,52.0074577331543,8365100,-0.0008440479121961664,481,2012-11-30,71.19999694824219,71.44999694824219,70.80000305175781,71.05999755859375,52.0074577331543,8365100,-0.0008440479121961664,481,2012-11-30,71.19999694824219,71.44999694824219,70.80000305175781,71.05999755859375,52.0074577331543,8365100,-0.0008440479121961664
482,2012-12-03,71.5999984741211,71.69999694824219,70.58999633789062,70.66999816894531,51.7220344543457,9766500,-0.005488122112660809,482,2012-12-03,71.5999984741211,71.69999694824219,70.58999633789062,70.66999816894531,51.7220344543457,9766500,-0.005488122112660809,482,2012-12-03,71.5999984741211,71.69999694824219,70.58999633789062,70.66999816894531,51.7220344543457,9766500,-0.005488122112660809,482,2012-12-03,71.5999984741211,71.69999694824219,70.58999633789062,70.66999816894531,51.7220344543457,9766500,-0.005488122112660809,482,2012-12-03,71.5999984741211,71.69999694824219,70.58999633789062,70.66999816894531,51.7220344543457,9766500,-0.005488122112660809
483,2012-12-04,70.69999694824219,71.02999877929688,70.37000274658203,70.41000366210938,51.53175354003906,11395800,-0.0036789139544500804,483,2012-12-04,70.69999694824219,71.02999877929688,70.37000274658203,70.41000366210938,51.53175354003906,11395800,-0.0036789139544500804,483,2012-12-04,70.69999694824219,71.02999877929688,70.37000274658203,70.41000366210938,51.53175354003906,11395800,-0.0036789139544500804,483,2012-12-04,70.69999694824219,71.02999877929688,70.37000274658203,70.41000366210938,51.53175354003906,11395800,-0.0036789139544500804,483,2012-12-04,70.69999694824219,71.02999877929688,70.37000274658203,70.41000366210938,51.53175354003906,11395800,-0.0036789139544500804
484,2012-12-05,70.62999725341797,71.29000091552734,70.44000244140625,70.9000015258789,51.890384674072266,12531100,0.006959420345642897,484,2012-12-05,70.62999725341797,71.29000091552734,70.44000244140625,70.9000015258789,51.890384674072266,12531100,0.006959420345642897,484,2012-12-05,70.62999725341797,71.29000091552734,70.44000244140625,70.9000015258789,51.890384674072266,12531100,0.006959420345642897,484,2012-12-05,70.62999725341797,71.29000091552734,70.44000244140625,70.9000015258789,51.890384674072266,12531100,0.006959420345642897,484,2012-12-05,70.62999725341797,71.29000091552734,70.44000244140625,70.9000015258789,51.890384674072266,12531100,0.006959420345642897
485,2012-12-06,70.75,71.12999725341797,70.62999725341797,71.12999725341797,52.058712005615234,8106800,0.0032439021718617678,485,2012-12-06,70.75,71.12999725341797,70.62999725341797,71.12999725341797,52.058712005615234,8106800,0.0032439021718617678,485,2012-12-06,70.75,71.12999725341797,70.62999725341797,71.12999725341797,52.058712005615234,8106800,0.0032439021718617678,485,2012-12-06,70.75,71.12999725341797,70.62999725341797,71.12999725341797,52.058712005615234,8106800,0.0032439021718617678,485,2012-12-06,70.75,71.12999725341797,70.62999725341797,71.12999725341797,52.058712005615234,8106800,0.0032439021718617678
486,2012-12-07,71.37000274658203,71.56999969482422,71.0199966430664,71.55999755859375,52.373416900634766,10384400,0.006045191724789234,486,2012-12-07,71.37000274658203,71.56999969482422,71.0199966430664,71.55999755859375,52.373416900634766,10384400,0.006045191724789234,486,2012-12-07,71.37000274658203,71.56999969482422,71.0199966430664,71.55999755859375,52.373416900634766,10384400,0.006045191724789234,486,2012-12-07,71.37000274658203,71.56999969482422,71.0199966430664,71.55999755859375,52.373416900634766,10384400,0.006045191724789234,486,2012-12-07,71.37000274658203,71.56999969482422,71.0199966430664,71.55999755859375,52.373416900634766,10384400,0.006045191724789234
487,2012-12-10,71.52999877929688,71.80999755859375,71.33000183105469,71.4800033569336,52.31486129760742,5835800,-0.0011180405345413424,487,2012-12-10,71.52999877929688,71.80999755859375,71.33000183105469,71.4800033569336,52.31486129760742,5835800,-0.0011180405345413424,487,2012-12-10,71.52999877929688,71.80999755859375,71.33000183105469,71.4800033569336,52.31486129760742,5835800,-0.0011180405345413424,487,2012-12-10,71.52999877929688,71.80999755859375,71.33000183105469,71.4800033569336,52.31486129760742,5835800,-0.0011180405345413424,487,2012-12-10,71.52999877929688,71.80999755859375,71.33000183105469,71.4800033569336,52.31486129760742,5835800,-0.0011180405345413424
488,2012-12-11,71.7699966430664,72.16999816894531,71.62999725341797,71.9000015258789,52.622249603271484,7874700,0.005875735843308361,488,2012-12-11,71.7699966430664,72.16999816894531,71.62999725341797,71.9000015258789,52.622249603271484,7874700,0.005875735843308361,488,2012-12-11,71.7699966430664,72.16999816894531,71.62999725341797,71.9000015258789,52.622249603271484,7874700,0.005875735843308361,488,2012-12-11,71.7699966430664,72.16999816894531,71.62999725341797,71.9000015258789,52.622249603271484,7874700,0.005875735843308361,488,2012-12-11,71.7699966430664,72.16999816894531,71.62999725341797,71.9000015258789,52.622249603271484,7874700,0.005875735843308361
489,2012-12-12,72.12000274658203,72.81999969482422,71.91999816894531,72.16000366210938,52.81254577636719,9193300,0.0036162682996332407,489,2012-12-12,72.12000274658203,72.81999969482422,71.91999816894531,72.16000366210938,52.81254577636719,9193300,0.0036162682996332407,489,2012-12-12,72.12000274658203,72.81999969482422,71.91999816894531,72.16000366210938,52.81254577636719,9193300,0.0036162682996332407,489,2012-12-12,72.12000274658203,72.81999969482422,71.91999816894531,72.16000366210938,52.81254577636719,9193300,0.0036162682996332407,489,2012-12-12,72.12000274658203,72.81999969482422,71.91999816894531,72.16000366210938,52.81254577636719,9193300,0.0036162682996332407
490,2012-12-13,72.06999969482422,72.08000183105469,71.19999694824219,71.48999786376953,52.32217788696289,10767300,-0.009285064414064403,490,2012-12-13,72.06999969482422,72.08000183105469,71.19999694824219,71.48999786376953,52.32217788696289,10767300,-0.009285064414064403,490,2012-12-13,72.06999969482422,72.08000183105469,71.19999694824219,71.48999786376953,52.32217788696289,10767300,-0.009285064414064403,490,2012-12-13,72.06999969482422,72.08000183105469,71.19999694824219,71.48999786376953,52.32217788696289,10767300,-0.009285064414064403,490,2012-12-13,72.06999969482422,72.08000183105469,71.19999694824219,71.48999786376953,52.32217788696289,10767300,-0.009285064414064403
491,2012-12-14,71.01000213623047,71.36000061035156,70.91000366210938,71.22000122070312,52.12458419799805,9441700,-0.003776480585187536,491,2012-12-14,71.01000213623047,71.36000061035156,70.91000366210938,71.22000122070312,52.12458419799805,9441700,-0.003776480585187536,491,2012-12-14,71.01000213623047,71.36000061035156,70.91000366210938,71.22000122070312,52.12458419799805,9441700,-0.003776480585187536,491,2012-12-14,71.01000213623047,71.36000061035156,70.91000366210938,71.22000122070312,52.12458419799805,9441700,-0.003776480585187536,491,2012-12-14,71.01000213623047,71.36000061035156,70.91000366210938,71.22000122070312,52.12458419799805,9441700,-0.003776480585187536
492,2012-12-17,71.45999908447266,71.9000015258789,71.33000183105469,71.87000274658203,52.60028839111328,9494500,0.009126292332774177,492,2012-12-17,71.45999908447266,71.9000015258789,71.33000183105469,71.87000274658203,52.60028839111328,9494500,0.009126292332774177,492,2012-12-17,71.45999908447266,71.9000015258789,71.33000183105469,71.87000274658203,52.60028839111328,9494500,0.009126292332774177,492,2012-12-17,71.45999908447266,71.9000015258789,71.33000183105469,71.87000274658203,52.60028839111328,9494500,0.009126292332774177,492,2012-12-17,71.45999908447266,71.9000015258789,71.33000183105469,71.87000274658203,52.60028839111328,9494500,0.009126292332774177
493,2012-12-18,71.86000061035156,73.3499984741211,71.72000122070312,73.19000244140625,53.566375732421875,11187000,0.01836657879373549,493,2012-12-18,71.86000061035156,73.3499984741211,71.72000122070312,73.19000244140625,53.566375732421875,11187000,0.01836657879373549,493,2012-12-18,71.86000061035156,73.3499984741211,71.72000122070312,73.19000244140625,53.566375732421875,11187000,0.01836657879373549,493,2012-12-18,71.86000061035156,73.3499984741211,71.72000122070312,73.19000244140625,53.566375732421875,11187000,0.01836657879373549,493,2012-12-18,71.86000061035156,73.3499984741211,71.72000122070312,73.19000244140625,53.566375732421875,11187000,0.01836657879373549
494,2012-12-19,73.30999755859375,73.38999938964844,72.6500015258789,72.69000244140625,53.20042419433594,8090600,-0.006831739744984078,494,2012-12-19,73.30999755859375,73.38999938964844,72.6500015258789,72.69000244140625,53.20042419433594,8090600,-0.006831739744984078,494,2012-12-19,73.30999755859375,73.38999938964844,72.6500015258789,72.69000244140625,53.20042419433594,8090600,-0.006831739744984078,494,2012-12-19,73.30999755859375,73.38999938964844,72.6500015258789,72.69000244140625,53.20042419433594,8090600,-0.006831739744984078,494,2012-12-19,73.30999755859375,73.38999938964844,72.6500015258789,72.69000244140625,53.20042419433594,8090600,-0.006831739744984078
495,2012-12-20,72.69999694824219,73.23999786376953,72.55000305175781,73.18000030517578,53.55906677246094,9007400,0.006741348091791721,495,2012-12-20,72.69999694824219,73.23999786376953,72.55000305175781,73.18000030517578,53.55906677246094,9007400,0.006741348091791721,495,2012-12-20,72.69999694824219,73.23999786376953,72.55000305175781,73.18000030517578,53.55906677246094,9007400,0.006741348091791721,495,2012-12-20,72.69999694824219,73.23999786376953,72.55000305175781,73.18000030517578,53.55906677246094,9007400,0.006741348091791721,495,2012-12-20,72.69999694824219,73.23999786376953,72.55000305175781,73.18000030517578,53.55906677246094,9007400,0.006741348091791721
496,2012-12-21,71.91999816894531,72.27999877929688,71.63999938964844,72.06999969482422,53.01544189453125,15210200,-0.010150006538373946,496,2012-12-21,71.91999816894531,72.27999877929688,71.63999938964844,72.06999969482422,53.01544189453125,15210200,-0.010150006538373946,496,2012-12-21,71.91999816894531,72.27999877929688,71.63999938964844,72.06999969482422,53.01544189453125,15210200,-0.010150006538373946,496,2012-12-21,71.91999816894531,72.27999877929688,71.63999938964844,72.06999969482422,53.01544189453125,15210200,-0.010150006538373946,496,2012-12-21,71.91999816894531,72.27999877929688,71.63999938964844,72.06999969482422,53.01544189453125,15210200,-0.010150006538373946
497,2012-12-24,71.91999816894531,71.98999786376953,71.4000015258789,71.5199966430664,52.610843658447266,3589800,-0.007631705435727443,497,2012-12-24,71.91999816894531,71.98999786376953,71.4000015258789,71.5199966430664,52.610843658447266,3589800,-0.007631705435727443,497,2012-12-24,71.91999816894531,71.98999786376953,71.4000015258789,71.5199966430664,52.610843658447266,3589800,-0.007631705435727443,497,2012-12-24,71.91999816894531,71.98999786376953,71.4000015258789,71.5199966430664,52.610843658447266,3589800,-0.007631705435727443,497,2012-12-24,71.91999816894531,71.98999786376953,71.4000015258789,71.5199966430664,52.610843658447266,3589800,-0.007631705435727443
498,2012-12-26,71.94999694824219,71.9800033569336,71.0999984741211,71.19999694824219,52.37545394897461,6520100,-0.004474167169810528,498,2012-12-26,71.94999694824219,71.9800033569336,71.0999984741211,71.19999694824219,52.37545394897461,6520100,-0.004474167169810528,498,2012-12-26,71.94999694824219,71.9800033569336,71.0999984741211,71.19999694824219,52.37545394897461,6520100,-0.004474167169810528,498,2012-12-26,71.94999694824219,71.9800033569336,71.0999984741211,71.19999694824219,52.37545394897461,6520100,-0.004474167169810528,498,2012-12-26,71.94999694824219,71.9800033569336,71.0999984741211,71.19999694824219,52.37545394897461,6520100,-0.004474167169810528
499,2012-12-27,71.20999908447266,71.29000091552734,70.19000244140625,71.06999969482422,52.27983474731445,11660800,-0.0018256491247466977,499,2012-12-27,71.20999908447266,71.29000091552734,70.19000244140625,71.06999969482422,52.27983474731445,11660800,-0.0018256491247466977,499,2012-12-27,71.20999908447266,71.29000091552734,70.19000244140625,71.06999969482422,52.27983474731445,11660800,-0.0018256491247466977,499,2012-12-27,71.20999908447266,71.29000091552734,70.19000244140625,71.06999969482422,52.27983474731445,11660800,-0.0018256491247466977,499,2012-12-27,71.20999908447266,71.29000091552734,70.19000244140625,71.06999969482422,52.27983474731445,11660800,-0.0018256491247466977
500,2012-12-28,70.63999938964844,70.68000030517578,69.7699966430664,69.83000183105469,51.3676643371582,11802400,-0.017447844174815597,500,2012-12-28,70.63999938964844,70.68000030517578,69.7699966430664,69.83000183105469,51.3676643371582,11802400,-0.017447844174815597,500,2012-12-28,70.63999938964844,70.68000030517578,69.7699966430664,69.83000183105469,51.3676643371582,11802400,-0.017447844174815597,500,2012-12-28,70.63999938964844,70.68000030517578,69.7699966430664,69.83000183105469,51.3676643371582,11802400,-0.017447844174815597,500,2012-12-28,70.63999938964844,70.68000030517578,69.7699966430664,69.83000183105469,51.3676643371582,11802400,-0.017447844174815597
501,2012-12-31,69.70999908447266,71.44000244140625,69.56999969482422,71.41999816894531,52.537296295166016,16384800,0.022769810017655878,501,2012-12-31,69.70999908447266,71.44000244140625,69.56999969482422,71.41999816894531,52.537296295166016,16384800,0.022769810017655878,501,2012-12-31,69.70999908447266,71.44000244140625,69.56999969482422,71.41999816894531,52.537296295166016,16384800,0.022769810017655878,501,2012-12-31,69.70999908447266,71.44000244140625,69.56999969482422,71.41999816894531,52.537296295166016,16384800,0.022769810017655878,501,2012-12-31,69.70999908447266,71.44000244140625,69.56999969482422,71.41999816894531,52.537296295166016,16384800,0.022769810017655878
502,2013-01-02,72.94999694824219,73.0199966430664,72.0,73.0,53.69955825805664,14545800,0.022122607078232326,502,2013-01-02,72.94999694824219,73.0199966430664,72.0,73.0,53.69955825805664,14545800,0.022122607078232326,502,2013-01-02,72.94999694824219,73.0199966430664,72.0,73.0,53.69955825805664,14545800,0.022122607078232326,502,2013-01-02,72.94999694824219,73.0199966430664,72.0,73.0,53.69955825805664,14545800,0.022122607078232326,502,2013-01-02,72.94999694824219,73.0199966430664,72.0,73.0,53.69955825805664,14545800,0.022122607078232326
503,2013-01-03,72.88999938964844,73.62999725341797,72.55999755859375,72.9800033569336,53.68483352661133,9786000,-0.0002742058207360065,503,2013-01-03,72.88999938964844,73.62999725341797,72.55999755859375,72.9800033569336,53.68483352661133,9786000,-0.0002742058207360065,503,2013-01-03,72.88999938964844,73.62999725341797,72.55999755859375,72.9800033569336,53.68483352661133,9786000,-0.0002742058207360065,503,2013-01-03,72.88999938964844,73.62999725341797,72.55999755859375,72.9800033569336,53.68483352661133,9786000,-0.0002742058207360065,503,2013-01-03,72.88999938964844,73.62999725341797,72.55999755859375,72.9800033569336,53.68483352661133,9786000,-0.0002742058207360065
504,2013-01-04,73.08999633789062,73.88999938964844,73.05000305175781,73.79000091552734,54.28069305419922,9292700,0.011099215335976131,504,2013-01-04,73.08999633789062,73.88999938964844,73.05000305175781,73.79000091552734,54.28069305419922,9292700,0.011099215335976131,504,2013-01-04,73.08999633789062,73.88999938964844,73.05000305175781,73.79000091552734,54.28069305419922,9292700,0.011099215335976131,504,2013-01-04,73.08999633789062,73.88999938964844,73.05000305175781,73.79000091552734,54.28069305419922,9292700,0.011099215335976131,504,2013-01-04,73.08999633789062,73.88999938964844,73.05000305175781,73.79000091552734,54.28069305419922,9292700,0.011099215335976131
505,2013-01-07,73.44999694824219,73.44999694824219,72.94000244140625,73.22000122070312,53.86140060424805,7973400,-0.007724522778891352,505,2013-01-07,73.44999694824219,73.44999694824219,72.94000244140625,73.22000122070312,53.86140060424805,7973400,-0.007724522778891352,505,2013-01-07,73.44999694824219,73.44999694824219,72.94000244140625,73.22000122070312,53.86140060424805,7973400,-0.007724522778891352,505,2013-01-07,73.44999694824219,73.44999694824219,72.94000244140625,73.22000122070312,53.86140060424805,7973400,-0.007724522778891352,505,2013-01-07,73.44999694824219,73.44999694824219,72.94000244140625,73.22000122070312,53.86140060424805,7973400,-0.007724522778891352
506,2013-01-08,73.0199966430664,73.04000091552734,72.5199966430664,72.9800033569336,53.68483352661133,7375700,-0.0032781746418750757,506,2013-01-08,73.0199966430664,73.04000091552734,72.5199966430664,72.9800033569336,53.68483352661133,7375700,-0.0032781746418750757,506,2013-01-08,73.0199966430664,73.04000091552734,72.5199966430664,72.9800033569336,53.68483352661133,7375700,-0.0032781746418750757,506,2013-01-08,73.0199966430664,73.04000091552734,72.5199966430664,72.9800033569336,53.68483352661133,7375700,-0.0032781746418750757,506,2013-01-08,73.0199966430664,73.04000091552734,72.5199966430664,72.9800033569336,53.68483352661133,7375700,-0.0032781746418750757
507,2013-01-09,73.19000244140625,73.27999877929688,72.55000305175781,72.86000061035156,53.59657287597656,7372500,-0.0016440518641268609,507,2013-01-09,73.19000244140625,73.27999877929688,72.55000305175781,72.86000061035156,53.59657287597656,7372500,-0.0016440518641268609,507,2013-01-09,73.19000244140625,73.27999877929688,72.55000305175781,72.86000061035156,53.59657287597656,7372500,-0.0016440518641268609,507,2013-01-09,73.19000244140625,73.27999877929688,72.55000305175781,72.86000061035156,53.59657287597656,7372500,-0.0016440518641268609,507,2013-01-09,73.19000244140625,73.27999877929688,72.55000305175781,72.86000061035156,53.59657287597656,7372500,-0.0016440518641268609
508,2013-01-10,73.45999908447266,73.6500015258789,73.05999755859375,73.5199966430664,54.082069396972656,8366800,0.009058350094875323,508,2013-01-10,73.45999908447266,73.6500015258789,73.05999755859375,73.5199966430664,54.082069396972656,8366800,0.009058350094875323,508,2013-01-10,73.45999908447266,73.6500015258789,73.05999755859375,73.5199966430664,54.082069396972656,8366800,0.009058350094875323,508,2013-01-10,73.45999908447266,73.6500015258789,73.05999755859375,73.5199966430664,54.082069396972656,8366800,0.009058350094875323,508,2013-01-10,73.45999908447266,73.6500015258789,73.05999755859375,73.5199966430664,54.082069396972656,8366800,0.009058350094875323
509,2013-01-11,73.5999984741211,73.72000122070312,73.33999633789062,73.61000061035156,54.14829635620117,6366400,0.0012245640739521058,509,2013-01-11,73.5999984741211,73.72000122070312,73.33999633789062,73.61000061035156,54.14829635620117,6366400,0.0012245640739521058,509,2013-01-11,73.5999984741211,73.72000122070312,73.33999633789062,73.61000061035156,54.14829635620117,6366400,0.0012245640739521058,509,2013-01-11,73.5999984741211,73.72000122070312,73.33999633789062,73.61000061035156,54.14829635620117,6366400,0.0012245640739521058,509,2013-01-11,73.5999984741211,73.72000122070312,73.33999633789062,73.61000061035156,54.14829635620117,6366400,0.0012245640739521058
510,2013-01-14,73.56999969482422,73.83000183105469,73.36000061035156,73.62000274658203,54.155635833740234,8397100,0.0001355440158408161,510,2013-01-14,73.56999969482422,73.83000183105469,73.36000061035156,73.62000274658203,54.155635833740234,8397100,0.0001355440158408161,510,2013-01-14,73.56999969482422,73.83000183105469,73.36000061035156,73.62000274658203,54.155635833740234,8397100,0.0001355440158408161,510,2013-01-14,73.56999969482422,73.83000183105469,73.36000061035156,73.62000274658203,54.155635833740234,8397100,0.0001355440158408161,510,2013-01-14,73.56999969482422,73.83000183105469,73.36000061035156,73.62000274658203,54.155635833740234,8397100,0.0001355440158408161
511,2013-01-15,73.33999633789062,74.01000213623047,73.19000244140625,73.94999694824219,54.398372650146484,9639500,0.004482207856472353,511,2013-01-15,73.33999633789062,74.01000213623047,73.19000244140625,73.94999694824219,54.398372650146484,9639500,0.004482207856472353,511,2013-01-15,73.33999633789062,74.01000213623047,73.19000244140625,73.94999694824219,54.398372650146484,9639500,0.004482207856472353,511,2013-01-15,73.33999633789062,74.01000213623047,73.19000244140625,73.94999694824219,54.398372650146484,9639500,0.004482207856472353,511,2013-01-15,73.33999633789062,74.01000213623047,73.19000244140625,73.94999694824219,54.398372650146484,9639500,0.004482207856472353
512,2013-01-16,73.83000183105469,74.29000091552734,73.72000122070312,74.27999877929688,54.641136169433594,8585200,0.004462698192249315,512,2013-01-16,73.83000183105469,74.29000091552734,73.72000122070312,74.27999877929688,54.641136169433594,8585200,0.004462698192249315,512,2013-01-16,73.83000183105469,74.29000091552734,73.72000122070312,74.27999877929688,54.641136169433594,8585200,0.004462698192249315,512,2013-01-16,73.83000183105469,74.29000091552734,73.72000122070312,74.27999877929688,54.641136169433594,8585200,0.004462698192249315,512,2013-01-16,73.83000183105469,74.29000091552734,73.72000122070312,74.27999877929688,54.641136169433594,8585200,0.004462698192249315
513,2013-01-17,74.6500015258789,75.22000122070312,74.44000244140625,74.75,54.98687744140625,10502000,0.0063274905357122435,513,2013-01-17,74.6500015258789,75.22000122070312,74.44000244140625,74.75,54.98687744140625,10502000,0.0063274905357122435,513,2013-01-17,74.6500015258789,75.22000122070312,74.44000244140625,74.75,54.98687744140625,10502000,0.0063274905357122435,513,2013-01-17,74.6500015258789,75.22000122070312,74.44000244140625,74.75,54.98687744140625,10502000,0.0063274905357122435,513,2013-01-17,74.6500015258789,75.22000122070312,74.44000244140625,74.75,54.98687744140625,10502000,0.0063274905357122435
514,2013-01-18,74.80999755859375,75.48999786376953,74.6500015258789,75.48999786376953,55.53122329711914,13406500,0.009899559332005037,514,2013-01-18,74.80999755859375,75.48999786376953,74.6500015258789,75.48999786376953,55.53122329711914,13406500,0.009899559332005037,514,2013-01-18,74.80999755859375,75.48999786376953,74.6500015258789,75.48999786376953,55.53122329711914,13406500,0.009899559332005037,514,2013-01-18,74.80999755859375,75.48999786376953,74.6500015258789,75.48999786376953,55.53122329711914,13406500,0.009899559332005037,514,2013-01-18,74.80999755859375,75.48999786376953,74.6500015258789,75.48999786376953,55.53122329711914,13406500,0.009899559332005037
515,2013-01-22,75.36000061035156,76.30999755859375,75.1500015258789,76.20999908447266,56.06085968017578,10149800,0.00953763219338466,515,2013-01-22,75.36000061035156,76.30999755859375,75.1500015258789,76.20999908447266,56.06085968017578,10149800,0.00953763219338466,515,2013-01-22,75.36000061035156,76.30999755859375,75.1500015258789,76.20999908447266,56.06085968017578,10149800,0.00953763219338466,515,2013-01-22,75.36000061035156,76.30999755859375,75.1500015258789,76.20999908447266,56.06085968017578,10149800,0.00953763219338466,515,2013-01-22,75.36000061035156,76.30999755859375,75.1500015258789,76.20999908447266,56.06085968017578,10149800,0.00953763219338466
516,2013-01-23,76.02999877929688,76.16000366210938,75.66000366210938,75.94999694824219,55.86960220336914,7169300,-0.0034116044223679864,516,2013-01-23,76.02999877929688,76.16000366210938,75.66000366210938,75.94999694824219,55.86960220336914,7169300,-0.0034116044223679864,516,2013-01-23,76.02999877929688,76.16000366210938,75.66000366210938,75.94999694824219,55.86960220336914,7169300,-0.0034116044223679864,516,2013-01-23,76.02999877929688,76.16000366210938,75.66000366210938,75.94999694824219,55.86960220336914,7169300,-0.0034116044223679864,516,2013-01-23,76.02999877929688,76.16000366210938,75.66000366210938,75.94999694824219,55.86960220336914,7169300,-0.0034116044223679864
517,2013-01-24,76.04000091552734,76.79000091552734,75.95999908447266,76.16999816894531,56.03144836425781,8820800,0.0028968554366923804,517,2013-01-24,76.04000091552734,76.79000091552734,75.95999908447266,76.16999816894531,56.03144836425781,8820800,0.0028968554366923804,517,2013-01-24,76.04000091552734,76.79000091552734,75.95999908447266,76.16999816894531,56.03144836425781,8820800,0.0028968554366923804,517,2013-01-24,76.04000091552734,76.79000091552734,75.95999908447266,76.16999816894531,56.03144836425781,8820800,0.0028968554366923804,517,2013-01-24,76.04000091552734,76.79000091552734,75.95999908447266,76.16999816894531,56.03144836425781,8820800,0.0028968554366923804
518,2013-01-25,76.54000091552734,77.05000305175781,76.41000366210938,76.88999938964844,56.56106948852539,7795300,0.009452211922571285,518,2013-01-25,76.54000091552734,77.05000305175781,76.41000366210938,76.88999938964844,56.56106948852539,7795300,0.009452211922571285,518,2013-01-25,76.54000091552734,77.05000305175781,76.41000366210938,76.88999938964844,56.56106948852539,7795300,0.009452211922571285,518,2013-01-25,76.54000091552734,77.05000305175781,76.41000366210938,76.88999938964844,56.56106948852539,7795300,0.009452211922571285,518,2013-01-25,76.54000091552734,77.05000305175781,76.41000366210938,76.88999938964844,56.56106948852539,7795300,0.009452211922571285
519,2013-01-28,77.18000030517578,77.18000030517578,76.30999755859375,76.76000213623047,56.46544647216797,7451200,-0.0016906154219170633,519,2013-01-28,77.18000030517578,77.18000030517578,76.30999755859375,76.76000213623047,56.46544647216797,7451200,-0.0016906154219170633,519,2013-01-28,77.18000030517578,77.18000030517578,76.30999755859375,76.76000213623047,56.46544647216797,7451200,-0.0016906154219170633,519,2013-01-28,77.18000030517578,77.18000030517578,76.30999755859375,76.76000213623047,56.46544647216797,7451200,-0.0016906154219170633,519,2013-01-28,77.18000030517578,77.18000030517578,76.30999755859375,76.76000213623047,56.46544647216797,7451200,-0.0016906154219170633
520,2013-01-29,76.97000122070312,78.1500015258789,76.94000244140625,78.0,57.37760543823242,11646000,0.01615428590499257,520,2013-01-29,76.97000122070312,78.1500015258789,76.94000244140625,78.0,57.37760543823242,11646000,0.01615428590499257,520,2013-01-29,76.97000122070312,78.1500015258789,76.94000244140625,78.0,57.37760543823242,11646000,0.01615428590499257,520,2013-01-29,76.97000122070312,78.1500015258789,76.94000244140625,78.0,57.37760543823242,11646000,0.01615428590499257,520,2013-01-29,76.97000122070312,78.1500015258789,76.94000244140625,78.0,57.37760543823242,11646000,0.01615428590499257
521,2013-01-30,78.16000366210938,78.58999633789062,77.4800033569336,77.61000061035156,57.09071350097656,9943000,-0.005000068146181258,521,2013-01-30,78.16000366210938,78.58999633789062,77.4800033569336,77.61000061035156,57.09071350097656,9943000,-0.005000068146181258,521,2013-01-30,78.16000366210938,78.58999633789062,77.4800033569336,77.61000061035156,57.09071350097656,9943000,-0.005000068146181258,521,2013-01-30,78.16000366210938,78.58999633789062,77.4800033569336,77.61000061035156,57.09071350097656,9943000,-0.005000068146181258,521,2013-01-30,78.16000366210938,78.58999633789062,77.4800033569336,77.61000061035156,57.09071350097656,9943000,-0.005000068146181258
522,2013-01-31,77.36000061035156,77.73999786376953,77.06999969482422,77.3499984741211,56.89945983886719,10515300,-0.0033499960042731036,522,2013-01-31,77.36000061035156,77.73999786376953,77.06999969482422,77.3499984741211,56.89945983886719,10515300,-0.0033499960042731036,522,2013-01-31,77.36000061035156,77.73999786376953,77.06999969482422,77.3499984741211,56.89945983886719,10515300,-0.0033499960042731036,522,2013-01-31,77.36000061035156,77.73999786376953,77.06999969482422,77.3499984741211,56.89945983886719,10515300,-0.0033499960042731036,522,2013-01-31,77.36000061035156,77.73999786376953,77.06999969482422,77.3499984741211,56.89945983886719,10515300,-0.0033499960042731036
523,2013-02-01,77.76000213623047,78.16999816894531,77.16000366210938,78.06999969482422,57.42908477783203,11818300,0.009308083775569687,523,2013-02-01,77.76000213623047,78.16999816894531,77.16000366210938,78.06999969482422,57.42908477783203,11818300,0.009308083775569687,523,2013-02-01,77.76000213623047,78.16999816894531,77.16000366210938,78.06999969482422,57.42908477783203,11818300,0.009308083775569687,523,2013-02-01,77.76000213623047,78.16999816894531,77.16000366210938,78.06999969482422,57.42908477783203,11818300,0.009308083775569687,523,2013-02-01,77.76000213623047,78.16999816894531,77.16000366210938,78.06999969482422,57.42908477783203,11818300,0.009308083775569687
524,2013-02-04,77.4000015258789,77.68000030517578,77.27999877929688,77.33000183105469,56.88475799560547,10674000,-0.009478242328470388,524,2013-02-04,77.4000015258789,77.68000030517578,77.27999877929688,77.33000183105469,56.88475799560547,10674000,-0.009478242328470388,524,2013-02-04,77.4000015258789,77.68000030517578,77.27999877929688,77.33000183105469,56.88475799560547,10674000,-0.009478242328470388,524,2013-02-04,77.4000015258789,77.68000030517578,77.27999877929688,77.33000183105469,56.88475799560547,10674000,-0.009478242328470388,524,2013-02-04,77.4000015258789,77.68000030517578,77.27999877929688,77.33000183105469,56.88475799560547,10674000,-0.009478242328470388
525,2013-02-05,77.86000061035156,78.20999908447266,77.55999755859375,78.0,57.37760543823242,11685100,0.00866396307188344,525,2013-02-05,77.86000061035156,78.20999908447266,77.55999755859375,78.0,57.37760543823242,11685100,0.00866396307188344,525,2013-02-05,77.86000061035156,78.20999908447266,77.55999755859375,78.0,57.37760543823242,11685100,0.00866396307188344,525,2013-02-05,77.86000061035156,78.20999908447266,77.55999755859375,78.0,57.37760543823242,11685100,0.00866396307188344,525,2013-02-05,77.86000061035156,78.20999908447266,77.55999755859375,78.0,57.37760543823242,11685100,0.00866396307188344
526,2013-02-06,77.58000183105469,78.08999633789062,77.3499984741211,78.05000305175781,57.41439437866211,11386400,0.000641172460033923,526,2013-02-06,77.58000183105469,78.08999633789062,77.3499984741211,78.05000305175781,57.41439437866211,11386400,0.000641172460033923,526,2013-02-06,77.58000183105469,78.08999633789062,77.3499984741211,78.05000305175781,57.41439437866211,11386400,0.000641172460033923,526,2013-02-06,77.58000183105469,78.08999633789062,77.3499984741211,78.05000305175781,57.41439437866211,11386400,0.000641172460033923,526,2013-02-06,77.58000183105469,78.08999633789062,77.3499984741211,78.05000305175781,57.41439437866211,11386400,0.000641172460033923
527,2013-02-07,77.98999786376953,78.16999816894531,77.33000183105469,77.8499984741211,57.267276763916016,11930900,-0.0025623820705277245,527,2013-02-07,77.98999786376953,78.16999816894531,77.33000183105469,77.8499984741211,57.267276763916016,11930900,-0.0025623820705277245,527,2013-02-07,77.98999786376953,78.16999816894531,77.33000183105469,77.8499984741211,57.267276763916016,11930900,-0.0025623820705277245,527,2013-02-07,77.98999786376953,78.16999816894531,77.33000183105469,77.8499984741211,57.267276763916016,11930900,-0.0025623820705277245,527,2013-02-07,77.98999786376953,78.16999816894531,77.33000183105469,77.8499984741211,57.267276763916016,11930900,-0.0025623820705277245
528,2013-02-08,77.95999908447266,78.61000061035156,77.95999908447266,78.58000183105469,57.80426025390625,9447700,0.009376794573346725,528,2013-02-08,77.95999908447266,78.61000061035156,77.95999908447266,78.58000183105469,57.80426025390625,9447700,0.009376794573346725,528,2013-02-08,77.95999908447266,78.61000061035156,77.95999908447266,78.58000183105469,57.80426025390625,9447700,0.009376794573346725,528,2013-02-08,77.95999908447266,78.61000061035156,77.95999908447266,78.58000183105469,57.80426025390625,9447700,0.009376794573346725,528,2013-02-08,77.95999908447266,78.61000061035156,77.95999908447266,78.58000183105469,57.80426025390625,9447700,0.009376794573346725
529,2013-02-11,78.58999633789062,78.58999633789062,78.08000183105469,78.19000244140625,57.51739501953125,6961000,-0.004962700553816313,529,2013-02-11,78.58999633789062,78.58999633789062,78.08000183105469,78.19000244140625,57.51739501953125,6961000,-0.004962700553816313,529,2013-02-11,78.58999633789062,78.58999633789062,78.08000183105469,78.19000244140625,57.51739501953125,6961000,-0.004962700553816313,529,2013-02-11,78.58999633789062,78.58999633789062,78.08000183105469,78.19000244140625,57.51739501953125,6961000,-0.004962700553816313,529,2013-02-11,78.58999633789062,78.58999633789062,78.08000183105469,78.19000244140625,57.51739501953125,6961000,-0.004962700553816313
530,2013-02-12,78.37000274658203,78.54000091552734,77.94999694824219,78.4000015258789,57.67184066772461,7202700,0.002685198940962419,530,2013-02-12,78.37000274658203,78.54000091552734,77.94999694824219,78.4000015258789,57.67184066772461,7202700,0.002685198940962419,530,2013-02-12,78.37000274658203,78.54000091552734,77.94999694824219,78.4000015258789,57.67184066772461,7202700,0.002685198940962419,530,2013-02-12,78.37000274658203,78.54000091552734,77.94999694824219,78.4000015258789,57.67184066772461,7202700,0.002685198940962419,530,2013-02-12,78.37000274658203,78.54000091552734,77.94999694824219,78.4000015258789,57.67184066772461,7202700,0.002685198940962419
531,2013-02-13,78.4800033569336,78.75,78.43000030517578,78.68000030517578,57.87782287597656,5692900,0.0035716253524613606,531,2013-02-13,78.4800033569336,78.75,78.43000030517578,78.68000030517578,57.87782287597656,5692900,0.0035716253524613606,531,2013-02-13,78.4800033569336,78.75,78.43000030517578,78.68000030517578,57.87782287597656,5692900,0.0035716253524613606,531,2013-02-13,78.4800033569336,78.75,78.43000030517578,78.68000030517578,57.87782287597656,5692900,0.0035716253524613606,531,2013-02-13,78.4800033569336,78.75,78.43000030517578,78.68000030517578,57.87782287597656,5692900,0.0035716253524613606
532,2013-02-14,78.5199966430664,79.51000213623047,78.29000091552734,79.36000061035156,58.37803649902344,7310700,0.00864257842107774,532,2013-02-14,78.5199966430664,79.51000213623047,78.29000091552734,79.36000061035156,58.37803649902344,7310700,0.00864257842107774,532,2013-02-14,78.5199966430664,79.51000213623047,78.29000091552734,79.36000061035156,58.37803649902344,7310700,0.00864257842107774,532,2013-02-14,78.5199966430664,79.51000213623047,78.29000091552734,79.36000061035156,58.37803649902344,7310700,0.00864257842107774,532,2013-02-14,78.5199966430664,79.51000213623047,78.29000091552734,79.36000061035156,58.37803649902344,7310700,0.00864257842107774
533,2013-02-15,79.26000213623047,79.29000091552734,78.02999877929688,78.44999694824219,57.7086296081543,14337800,-0.011466759264511017,533,2013-02-15,79.26000213623047,79.29000091552734,78.02999877929688,78.44999694824219,57.7086296081543,14337800,-0.011466759264511017,533,2013-02-15,79.26000213623047,79.29000091552734,78.02999877929688,78.44999694824219,57.7086296081543,14337800,-0.011466759264511017,533,2013-02-15,79.26000213623047,79.29000091552734,78.02999877929688,78.44999694824219,57.7086296081543,14337800,-0.011466759264511017,533,2013-02-15,79.26000213623047,79.29000091552734,78.02999877929688,78.44999694824219,57.7086296081543,14337800,-0.011466759264511017
534,2013-02-19,78.73999786376953,79.43000030517578,78.72000122070312,79.36000061035156,58.37803649902344,7697000,0.01159977104662624,534,2013-02-19,78.73999786376953,79.43000030517578,78.72000122070312,79.36000061035156,58.37803649902344,7697000,0.01159977104662624,534,2013-02-19,78.73999786376953,79.43000030517578,78.72000122070312,79.36000061035156,58.37803649902344,7697000,0.01159977104662624,534,2013-02-19,78.73999786376953,79.43000030517578,78.72000122070312,79.36000061035156,58.37803649902344,7697000,0.01159977104662624,534,2013-02-19,78.73999786376953,79.43000030517578,78.72000122070312,79.36000061035156,58.37803649902344,7697000,0.01159977104662624
535,2013-02-20,79.33000183105469,79.33999633789062,77.62999725341797,77.69999694824219,57.156917572021484,12767700,-0.020917437451367205,535,2013-02-20,79.33000183105469,79.33999633789062,77.62999725341797,77.69999694824219,57.156917572021484,12767700,-0.020917437451367205,535,2013-02-20,79.33000183105469,79.33999633789062,77.62999725341797,77.69999694824219,57.156917572021484,12767700,-0.020917437451367205,535,2013-02-20,79.33000183105469,79.33999633789062,77.62999725341797,77.69999694824219,57.156917572021484,12767700,-0.020917437451367205,535,2013-02-20,79.33000183105469,79.33999633789062,77.62999725341797,77.69999694824219,57.156917572021484,12767700,-0.020917437451367205
536,2013-02-21,77.30999755859375,77.44999694824219,76.58000183105469,77.16000366210938,56.75970458984375,12262400,-0.006949517207208045,536,2013-02-21,77.30999755859375,77.44999694824219,76.58000183105469,77.16000366210938,56.75970458984375,12262400,-0.006949517207208045,536,2013-02-21,77.30999755859375,77.44999694824219,76.58000183105469,77.16000366210938,56.75970458984375,12262400,-0.006949517207208045,536,2013-02-21,77.30999755859375,77.44999694824219,76.58000183105469,77.16000366210938,56.75970458984375,12262400,-0.006949517207208045,536,2013-02-21,77.30999755859375,77.44999694824219,76.58000183105469,77.16000366210938,56.75970458984375,12262400,-0.006949517207208045
537,2013-02-22,77.6500015258789,78.0,77.02999877929688,77.97000122070312,57.35554122924805,6564600,0.010497528902060349,537,2013-02-22,77.6500015258789,78.0,77.02999877929688,77.97000122070312,57.35554122924805,6564600,0.010497528902060349,537,2013-02-22,77.6500015258789,78.0,77.02999877929688,77.97000122070312,57.35554122924805,6564600,0.010497528902060349,537,2013-02-22,77.6500015258789,78.0,77.02999877929688,77.97000122070312,57.35554122924805,6564600,0.010497528902060349,537,2013-02-22,77.6500015258789,78.0,77.02999877929688,77.97000122070312,57.35554122924805,6564600,0.010497528902060349
538,2013-02-25,78.4800033569336,78.72000122070312,75.87999725341797,75.93000030517578,55.85490036010742,13808000,-0.026163834164559918,538,2013-02-25,78.4800033569336,78.72000122070312,75.87999725341797,75.93000030517578,55.85490036010742,13808000,-0.026163834164559918,538,2013-02-25,78.4800033569336,78.72000122070312,75.87999725341797,75.93000030517578,55.85490036010742,13808000,-0.026163834164559918,538,2013-02-25,78.4800033569336,78.72000122070312,75.87999725341797,75.93000030517578,55.85490036010742,13808000,-0.026163834164559918,538,2013-02-25,78.4800033569336,78.72000122070312,75.87999725341797,75.93000030517578,55.85490036010742,13808000,-0.026163834164559918
539,2013-02-26,76.3499984741211,76.87000274658203,75.45999908447266,76.68000030517578,56.4066047668457,16851500,0.009877457540544032,539,2013-02-26,76.3499984741211,76.87000274658203,75.45999908447266,76.68000030517578,56.4066047668457,16851500,0.009877457540544032,539,2013-02-26,76.3499984741211,76.87000274658203,75.45999908447266,76.68000030517578,56.4066047668457,16851500,0.009877457540544032,539,2013-02-26,76.3499984741211,76.87000274658203,75.45999908447266,76.68000030517578,56.4066047668457,16851500,0.009877457540544032,539,2013-02-26,76.3499984741211,76.87000274658203,75.45999908447266,76.68000030517578,56.4066047668457,16851500,0.009877457540544032
540,2013-02-27,76.44999694824219,78.05999755859375,76.44999694824219,77.8499984741211,57.267276763916016,10994600,0.015258354950237862,540,2013-02-27,76.44999694824219,78.05999755859375,76.44999694824219,77.8499984741211,57.267276763916016,10994600,0.015258354950237862,540,2013-02-27,76.44999694824219,78.05999755859375,76.44999694824219,77.8499984741211,57.267276763916016,10994600,0.015258354950237862,540,2013-02-27,76.44999694824219,78.05999755859375,76.44999694824219,77.8499984741211,57.267276763916016,10994600,0.015258354950237862,540,2013-02-27,76.44999694824219,78.05999755859375,76.44999694824219,77.8499984741211,57.267276763916016,10994600,0.015258354950237862
541,2013-02-28,77.7699966430664,78.47000122070312,77.6500015258789,77.69000244140625,57.149574279785156,9939900,-0.00205531833853545,541,2013-02-28,77.7699966430664,78.47000122070312,77.6500015258789,77.69000244140625,57.149574279785156,9939900,-0.00205531833853545,541,2013-02-28,77.7699966430664,78.47000122070312,77.6500015258789,77.69000244140625,57.149574279785156,9939900,-0.00205531833853545,541,2013-02-28,77.7699966430664,78.47000122070312,77.6500015258789,77.69000244140625,57.149574279785156,9939900,-0.00205531833853545,541,2013-02-28,77.7699966430664,78.47000122070312,77.6500015258789,77.69000244140625,57.149574279785156,9939900,-0.00205531833853545
542,2013-03-01,77.37999725341797,77.93000030517578,77.02999877929688,77.79000091552734,57.22311782836914,13262700,0.0012868608298626238,542,2013-03-01,77.37999725341797,77.93000030517578,77.02999877929688,77.79000091552734,57.22311782836914,13262700,0.0012868608298626238,542,2013-03-01,77.37999725341797,77.93000030517578,77.02999877929688,77.79000091552734,57.22311782836914,13262700,0.0012868608298626238,542,2013-03-01,77.37999725341797,77.93000030517578,77.02999877929688,77.79000091552734,57.22311782836914,13262700,0.0012868608298626238,542,2013-03-01,77.37999725341797,77.93000030517578,77.02999877929688,77.79000091552734,57.22311782836914,13262700,0.0012868608298626238
543,2013-03-04,77.5199966430664,77.7300033569336,76.8499984741211,77.62000274658203,57.09807586669922,10421700,-0.0021851651293269825,543,2013-03-04,77.5199966430664,77.7300033569336,76.8499984741211,77.62000274658203,57.09807586669922,10421700,-0.0021851651293269825,543,2013-03-04,77.5199966430664,77.7300033569336,76.8499984741211,77.62000274658203,57.09807586669922,10421700,-0.0021851651293269825,543,2013-03-04,77.5199966430664,77.7300033569336,76.8499984741211,77.62000274658203,57.09807586669922,10421700,-0.0021851651293269825,543,2013-03-04,77.5199966430664,77.7300033569336,76.8499984741211,77.62000274658203,57.09807586669922,10421700,-0.0021851651293269825
544,2013-03-05,78.13999938964844,78.41999816894531,77.80999755859375,78.12000274658203,57.46588897705078,9984900,0.006441777674089266,544,2013-03-05,78.13999938964844,78.41999816894531,77.80999755859375,78.12000274658203,57.46588897705078,9984900,0.006441777674089266,544,2013-03-05,78.13999938964844,78.41999816894531,77.80999755859375,78.12000274658203,57.46588897705078,9984900,0.006441777674089266,544,2013-03-05,78.13999938964844,78.41999816894531,77.80999755859375,78.12000274658203,57.46588897705078,9984900,0.006441777674089266,544,2013-03-05,78.13999938964844,78.41999816894531,77.80999755859375,78.12000274658203,57.46588897705078,9984900,0.006441777674089266
545,2013-03-06,78.44999694824219,78.5999984741211,77.91999816894531,78.20999908447266,57.532081604003906,8200100,0.0011518594444708263,545,2013-03-06,78.44999694824219,78.5999984741211,77.91999816894531,78.20999908447266,57.532081604003906,8200100,0.0011518594444708263,545,2013-03-06,78.44999694824219,78.5999984741211,77.91999816894531,78.20999908447266,57.532081604003906,8200100,0.0011518594444708263,545,2013-03-06,78.44999694824219,78.5999984741211,77.91999816894531,78.20999908447266,57.532081604003906,8200100,0.0011518594444708263,545,2013-03-06,78.44999694824219,78.5999984741211,77.91999816894531,78.20999908447266,57.532081604003906,8200100,0.0011518594444708263
546,2013-03-07,78.38999938964844,78.73999786376953,78.04000091552734,78.61000061035156,57.82633972167969,8466200,0.005114678792628613,546,2013-03-07,78.38999938964844,78.73999786376953,78.04000091552734,78.61000061035156,57.82633972167969,8466200,0.005114678792628613,546,2013-03-07,78.38999938964844,78.73999786376953,78.04000091552734,78.61000061035156,57.82633972167969,8466200,0.005114678792628613,546,2013-03-07,78.38999938964844,78.73999786376953,78.04000091552734,78.61000061035156,57.82633972167969,8466200,0.005114678792628613,546,2013-03-07,78.38999938964844,78.73999786376953,78.04000091552734,78.61000061035156,57.82633972167969,8466200,0.005114678792628613
547,2013-03-08,78.93000030517578,79.12000274658203,78.48999786376953,78.98999786376953,58.10585021972656,7816700,0.004833619063426164,547,2013-03-08,78.93000030517578,79.12000274658203,78.48999786376953,78.98999786376953,58.10585021972656,7816700,0.004833619063426164,547,2013-03-08,78.93000030517578,79.12000274658203,78.48999786376953,78.98999786376953,58.10585021972656,7816700,0.004833619063426164,547,2013-03-08,78.93000030517578,79.12000274658203,78.48999786376953,78.98999786376953,58.10585021972656,7816700,0.004833619063426164,547,2013-03-08,78.93000030517578,79.12000274658203,78.48999786376953,78.98999786376953,58.10585021972656,7816700,0.004833619063426164
548,2013-03-11,78.7300033569336,79.16000366210938,78.38999938964844,79.02999877929688,58.135284423828125,8167100,0.0005065618004083117,548,2013-03-11,78.7300033569336,79.16000366210938,78.38999938964844,79.02999877929688,58.135284423828125,8167100,0.0005065618004083117,548,2013-03-11,78.7300033569336,79.16000366210938,78.38999938964844,79.02999877929688,58.135284423828125,8167100,0.0005065618004083117,548,2013-03-11,78.7300033569336,79.16000366210938,78.38999938964844,79.02999877929688,58.135284423828125,8167100,0.0005065618004083117,548,2013-03-11,78.7300033569336,79.16000366210938,78.38999938964844,79.02999877929688,58.135284423828125,8167100,0.0005065618004083117
549,2013-03-12,79.0999984741211,79.54000091552734,78.87000274658203,79.12000274658203,58.201507568359375,8523300,0.0011391213647198306,549,2013-03-12,79.0999984741211,79.54000091552734,78.87000274658203,79.12000274658203,58.201507568359375,8523300,0.0011391213647198306,549,2013-03-12,79.0999984741211,79.54000091552734,78.87000274658203,79.12000274658203,58.201507568359375,8523300,0.0011391213647198306,549,2013-03-12,79.0999984741211,79.54000091552734,78.87000274658203,79.12000274658203,58.201507568359375,8523300,0.0011391213647198306,549,2013-03-12,79.0999984741211,79.54000091552734,78.87000274658203,79.12000274658203,58.201507568359375,8523300,0.0011391213647198306
550,2013-03-13,79.0,79.23999786376953,78.73999786376953,78.94000244140625,58.0690803527832,7782700,-0.0022753227727070335,550,2013-03-13,79.0,79.23999786376953,78.73999786376953,78.94000244140625,58.0690803527832,7782700,-0.0022753227727070335,550,2013-03-13,79.0,79.23999786376953,78.73999786376953,78.94000244140625,58.0690803527832,7782700,-0.0022753227727070335,550,2013-03-13,79.0,79.23999786376953,78.73999786376953,78.94000244140625,58.0690803527832,7782700,-0.0022753227727070335,550,2013-03-13,79.0,79.23999786376953,78.73999786376953,78.94000244140625,58.0690803527832,7782700,-0.0022753227727070335
551,2013-03-14,79.06999969482422,80.13999938964844,79.06999969482422,80.0199966430664,58.8635139465332,10991100,0.013680836495491677,551,2013-03-14,79.06999969482422,80.13999938964844,79.06999969482422,80.0199966430664,58.8635139465332,10991100,0.013680836495491677,551,2013-03-14,79.06999969482422,80.13999938964844,79.06999969482422,80.0199966430664,58.8635139465332,10991100,0.013680836495491677,551,2013-03-14,79.06999969482422,80.13999938964844,79.06999969482422,80.0199966430664,58.8635139465332,10991100,0.013680836495491677,551,2013-03-14,79.06999969482422,80.13999938964844,79.06999969482422,80.0199966430664,58.8635139465332,10991100,0.013680836495491677
552,2013-03-15,79.63999938964844,79.94999694824219,79.26000213623047,79.5999984741211,58.81699752807617,11246600,-0.0007902419570003927,552,2013-03-15,79.63999938964844,79.94999694824219,79.26000213623047,79.5999984741211,58.81699752807617,11246600,-0.0007902419570003927,552,2013-03-15,79.63999938964844,79.94999694824219,79.26000213623047,79.5999984741211,58.81699752807617,11246600,-0.0007902419570003927,552,2013-03-15,79.63999938964844,79.94999694824219,79.26000213623047,79.5999984741211,58.81699752807617,11246600,-0.0007902419570003927,552,2013-03-15,79.63999938964844,79.94999694824219,79.26000213623047,79.5999984741211,58.81699752807617,11246600,-0.0007902419570003927
553,2013-03-18,78.58999633789062,79.44000244140625,78.52999877929688,78.95999908447266,58.344078063964844,8047000,-0.008040523725910687,553,2013-03-18,78.58999633789062,79.44000244140625,78.52999877929688,78.95999908447266,58.344078063964844,8047000,-0.008040523725910687,553,2013-03-18,78.58999633789062,79.44000244140625,78.52999877929688,78.95999908447266,58.344078063964844,8047000,-0.008040523725910687,553,2013-03-18,78.58999633789062,79.44000244140625,78.52999877929688,78.95999908447266,58.344078063964844,8047000,-0.008040523725910687,553,2013-03-18,78.58999633789062,79.44000244140625,78.52999877929688,78.95999908447266,58.344078063964844,8047000,-0.008040523725910687
554,2013-03-19,79.08999633789062,79.08999633789062,77.38999938964844,78.08999633789062,57.70123291015625,12352100,-0.011018173140105447,554,2013-03-19,79.08999633789062,79.08999633789062,77.38999938964844,78.08999633789062,57.70123291015625,12352100,-0.011018173140105447,554,2013-03-19,79.08999633789062,79.08999633789062,77.38999938964844,78.08999633789062,57.70123291015625,12352100,-0.011018173140105447,554,2013-03-19,79.08999633789062,79.08999633789062,77.38999938964844,78.08999633789062,57.70123291015625,12352100,-0.011018173140105447,554,2013-03-19,79.08999633789062,79.08999633789062,77.38999938964844,78.08999633789062,57.70123291015625,12352100,-0.011018173140105447
555,2013-03-20,78.66000366210938,78.79000091552734,78.08000183105469,78.52999877929688,58.02635955810547,6823000,0.005634656861760012,555,2013-03-20,78.66000366210938,78.79000091552734,78.08000183105469,78.52999877929688,58.02635955810547,6823000,0.005634656861760012,555,2013-03-20,78.66000366210938,78.79000091552734,78.08000183105469,78.52999877929688,58.02635955810547,6823000,0.005634656861760012,555,2013-03-20,78.66000366210938,78.79000091552734,78.08000183105469,78.52999877929688,58.02635955810547,6823000,0.005634656861760012,555,2013-03-20,78.66000366210938,78.79000091552734,78.08000183105469,78.52999877929688,58.02635955810547,6823000,0.005634656861760012
556,2013-03-21,78.1500015258789,78.76000213623047,78.06999969482422,78.12999725341797,57.73080062866211,8277500,-0.005093528728911556,556,2013-03-21,78.1500015258789,78.76000213623047,78.06999969482422,78.12999725341797,57.73080062866211,8277500,-0.005093528728911556,556,2013-03-21,78.1500015258789,78.76000213623047,78.06999969482422,78.12999725341797,57.73080062866211,8277500,-0.005093528728911556,556,2013-03-21,78.1500015258789,78.76000213623047,78.06999969482422,78.12999725341797,57.73080062866211,8277500,-0.005093528728911556,556,2013-03-21,78.1500015258789,78.76000213623047,78.06999969482422,78.12999725341797,57.73080062866211,8277500,-0.005093528728911556
557,2013-03-22,78.3499984741211,78.87999725341797,78.30000305175781,78.75,58.18893051147461,7904800,0.007935623234454958,557,2013-03-22,78.3499984741211,78.87999725341797,78.30000305175781,78.75,58.18893051147461,7904800,0.007935623234454958,557,2013-03-22,78.3499984741211,78.87999725341797,78.30000305175781,78.75,58.18893051147461,7904800,0.007935623234454958,557,2013-03-22,78.3499984741211,78.87999725341797,78.30000305175781,78.75,58.18893051147461,7904800,0.007935623234454958,557,2013-03-22,78.3499984741211,78.87999725341797,78.30000305175781,78.75,58.18893051147461,7904800,0.007935623234454958
558,2013-03-25,79.05999755859375,79.38999938964844,78.12000274658203,78.44999694824219,57.96725845336914,9839500,-0.0038095228105585743,558,2013-03-25,79.05999755859375,79.38999938964844,78.12000274658203,78.44999694824219,57.96725845336914,9839500,-0.0038095228105585743,558,2013-03-25,79.05999755859375,79.38999938964844,78.12000274658203,78.44999694824219,57.96725845336914,9839500,-0.0038095228105585743,558,2013-03-25,79.05999755859375,79.38999938964844,78.12000274658203,78.44999694824219,57.96725845336914,9839500,-0.0038095228105585743,558,2013-03-25,79.05999755859375,79.38999938964844,78.12000274658203,78.44999694824219,57.96725845336914,9839500,-0.0038095228105585743
559,2013-03-26,78.87000274658203,79.37999725341797,78.75,79.27999877929688,58.58054733276367,6931200,0.010579918660253318,559,2013-03-26,78.87000274658203,79.37999725341797,78.75,79.27999877929688,58.58054733276367,6931200,0.010579918660253318,559,2013-03-26,78.87000274658203,79.37999725341797,78.75,79.27999877929688,58.58054733276367,6931200,0.010579918660253318,559,2013-03-26,78.87000274658203,79.37999725341797,78.75,79.27999877929688,58.58054733276367,6931200,0.010579918660253318,559,2013-03-26,78.87000274658203,79.37999725341797,78.75,79.27999877929688,58.58054733276367,6931200,0.010579918660253318
560,2013-03-27,78.83999633789062,79.66999816894531,78.62999725341797,79.54000091552734,58.77265548706055,5694700,0.0032793847624128514,560,2013-03-27,78.83999633789062,79.66999816894531,78.62999725341797,79.54000091552734,58.77265548706055,5694700,0.0032793847624128514,560,2013-03-27,78.83999633789062,79.66999816894531,78.62999725341797,79.54000091552734,58.77265548706055,5694700,0.0032793847624128514,560,2013-03-27,78.83999633789062,79.66999816894531,78.62999725341797,79.54000091552734,58.77265548706055,5694700,0.0032793847624128514,560,2013-03-27,78.83999633789062,79.66999816894531,78.62999725341797,79.54000091552734,58.77265548706055,5694700,0.0032793847624128514
561,2013-03-28,79.54000091552734,79.87000274658203,79.2699966430664,79.30999755859375,58.602718353271484,6895300,-0.0028914319487652884,561,2013-03-28,79.54000091552734,79.87000274658203,79.2699966430664,79.30999755859375,58.602718353271484,6895300,-0.0028914319487652884,561,2013-03-28,79.54000091552734,79.87000274658203,79.2699966430664,79.30999755859375,58.602718353271484,6895300,-0.0028914319487652884,561,2013-03-28,79.54000091552734,79.87000274658203,79.2699966430664,79.30999755859375,58.602718353271484,6895300,-0.0028914319487652884,561,2013-03-28,79.54000091552734,79.87000274658203,79.2699966430664,79.30999755859375,58.602718353271484,6895300,-0.0028914319487652884
562,2013-04-01,79.30999755859375,79.54000091552734,78.61000061035156,79.1500015258789,58.484493255615234,7407800,-0.0020173995503682818,562,2013-04-01,79.30999755859375,79.54000091552734,78.61000061035156,79.1500015258789,58.484493255615234,7407800,-0.0020173995503682818,562,2013-04-01,79.30999755859375,79.54000091552734,78.61000061035156,79.1500015258789,58.484493255615234,7407800,-0.0020173995503682818,562,2013-04-01,79.30999755859375,79.54000091552734,78.61000061035156,79.1500015258789,58.484493255615234,7407800,-0.0020173995503682818,562,2013-04-01,79.30999755859375,79.54000091552734,78.61000061035156,79.1500015258789,58.484493255615234,7407800,-0.0020173995503682818
563,2013-04-02,79.27999877929688,79.33999633789062,78.44999694824219,78.69999694824219,58.151973724365234,8408100,-0.005685601648229621,563,2013-04-02,79.27999877929688,79.33999633789062,78.44999694824219,78.69999694824219,58.151973724365234,8408100,-0.005685601648229621,563,2013-04-02,79.27999877929688,79.33999633789062,78.44999694824219,78.69999694824219,58.151973724365234,8408100,-0.005685601648229621,563,2013-04-02,79.27999877929688,79.33999633789062,78.44999694824219,78.69999694824219,58.151973724365234,8408100,-0.005685601648229621,563,2013-04-02,79.27999877929688,79.33999633789062,78.44999694824219,78.69999694824219,58.151973724365234,8408100,-0.005685601648229621
564,2013-04-03,78.7300033569336,78.77999877929688,76.98999786376953,77.2300033569336,57.06578826904297,15743500,-0.018678393625480072,564,2013-04-03,78.7300033569336,78.77999877929688,76.98999786376953,77.2300033569336,57.06578826904297,15743500,-0.018678393625480072,564,2013-04-03,78.7300033569336,78.77999877929688,76.98999786376953,77.2300033569336,57.06578826904297,15743500,-0.018678393625480072,564,2013-04-03,78.7300033569336,78.77999877929688,76.98999786376953,77.2300033569336,57.06578826904297,15743500,-0.018678393625480072,564,2013-04-03,78.7300033569336,78.77999877929688,76.98999786376953,77.2300033569336,57.06578826904297,15743500,-0.018678393625480072
565,2013-04-04,77.16999816894531,77.5999984741211,76.63999938964844,77.12999725341797,56.991886138916016,13752700,-0.0012950338962905983,565,2013-04-04,77.16999816894531,77.5999984741211,76.63999938964844,77.12999725341797,56.991886138916016,13752700,-0.0012950338962905983,565,2013-04-04,77.16999816894531,77.5999984741211,76.63999938964844,77.12999725341797,56.991886138916016,13752700,-0.0012950338962905983,565,2013-04-04,77.16999816894531,77.5999984741211,76.63999938964844,77.12999725341797,56.991886138916016,13752700,-0.0012950338962905983,565,2013-04-04,77.16999816894531,77.5999984741211,76.63999938964844,77.12999725341797,56.991886138916016,13752700,-0.0012950338962905983
566,2013-04-05,76.12999725341797,77.38999938964844,75.98999786376953,77.30000305175781,57.11750411987305,16619800,0.0022041379829198515,566,2013-04-05,76.12999725341797,77.38999938964844,75.98999786376953,77.30000305175781,57.11750411987305,16619800,0.0022041379829198515,566,2013-04-05,76.12999725341797,77.38999938964844,75.98999786376953,77.30000305175781,57.11750411987305,16619800,0.0022041379829198515,566,2013-04-05,76.12999725341797,77.38999938964844,75.98999786376953,77.30000305175781,57.11750411987305,16619800,0.0022041379829198515,566,2013-04-05,76.12999725341797,77.38999938964844,75.98999786376953,77.30000305175781,57.11750411987305,16619800,0.0022041379829198515
567,2013-04-08,77.41999816894531,77.86000061035156,77.1500015258789,77.81999969482422,57.50173568725586,8903600,0.00672703706689326,567,2013-04-08,77.41999816894531,77.86000061035156,77.1500015258789,77.81999969482422,57.50173568725586,8903600,0.00672703706689326,567,2013-04-08,77.41999816894531,77.86000061035156,77.1500015258789,77.81999969482422,57.50173568725586,8903600,0.00672703706689326,567,2013-04-08,77.41999816894531,77.86000061035156,77.1500015258789,77.81999969482422,57.50173568725586,8903600,0.00672703706689326,567,2013-04-08,77.41999816894531,77.86000061035156,77.1500015258789,77.81999969482422,57.50173568725586,8903600,0.00672703706689326
568,2013-04-09,78.0,78.80999755859375,77.62999725341797,78.4800033569336,57.989418029785156,9579800,0.008481176032350213,568,2013-04-09,78.0,78.80999755859375,77.62999725341797,78.4800033569336,57.989418029785156,9579800,0.008481176032350213,568,2013-04-09,78.0,78.80999755859375,77.62999725341797,78.4800033569336,57.989418029785156,9579800,0.008481176032350213,568,2013-04-09,78.0,78.80999755859375,77.62999725341797,78.4800033569336,57.989418029785156,9579800,0.008481176032350213,568,2013-04-09,78.0,78.80999755859375,77.62999725341797,78.4800033569336,57.989418029785156,9579800,0.008481176032350213
569,2013-04-10,78.68000030517578,79.20999908447266,78.55999755859375,78.9000015258789,58.29975891113281,9191800,0.005351681253090934,569,2013-04-10,78.68000030517578,79.20999908447266,78.55999755859375,78.9000015258789,58.29975891113281,9191800,0.005351681253090934,569,2013-04-10,78.68000030517578,79.20999908447266,78.55999755859375,78.9000015258789,58.29975891113281,9191800,0.005351681253090934,569,2013-04-10,78.68000030517578,79.20999908447266,78.55999755859375,78.9000015258789,58.29975891113281,9191800,0.005351681253090934,569,2013-04-10,78.68000030517578,79.20999908447266,78.55999755859375,78.9000015258789,58.29975891113281,9191800,0.005351681253090934
570,2013-04-11,79.26000213623047,79.62000274658203,78.7300033569336,79.23999786376953,58.550968170166016,11311300,0.00430892449171405,570,2013-04-11,79.26000213623047,79.62000274658203,78.7300033569336,79.23999786376953,58.550968170166016,11311300,0.00430892449171405,570,2013-04-11,79.26000213623047,79.62000274658203,78.7300033569336,79.23999786376953,58.550968170166016,11311300,0.00430892449171405,570,2013-04-11,79.26000213623047,79.62000274658203,78.7300033569336,79.23999786376953,58.550968170166016,11311300,0.00430892449171405,570,2013-04-11,79.26000213623047,79.62000274658203,78.7300033569336,79.23999786376953,58.550968170166016,11311300,0.00430892449171405
571,2013-04-12,78.70999908447266,78.86000061035156,77.56999969482422,78.0,57.63472366333008,19437100,-0.01564866535038445,571,2013-04-12,78.70999908447266,78.86000061035156,77.56999969482422,78.0,57.63472366333008,19437100,-0.01564866535038445,571,2013-04-12,78.70999908447266,78.86000061035156,77.56999969482422,78.0,57.63472366333008,19437100,-0.01564866535038445,571,2013-04-12,78.70999908447266,78.86000061035156,77.56999969482422,78.0,57.63472366333008,19437100,-0.01564866535038445,571,2013-04-12,78.70999908447266,78.86000061035156,77.56999969482422,78.0,57.63472366333008,19437100,-0.01564866535038445
572,2013-04-15,77.12999725341797,77.16999816894531,74.76000213623047,74.81999969482422,55.285030364990234,24793200,-0.040768709364608746,572,2013-04-15,77.12999725341797,77.16999816894531,74.76000213623047,74.81999969482422,55.285030364990234,24793200,-0.040768709364608746,572,2013-04-15,77.12999725341797,77.16999816894531,74.76000213623047,74.81999969482422,55.285030364990234,24793200,-0.040768709364608746,572,2013-04-15,77.12999725341797,77.16999816894531,74.76000213623047,74.81999969482422,55.285030364990234,24793200,-0.040768709364608746,572,2013-04-15,77.12999725341797,77.16999816894531,74.76000213623047,74.81999969482422,55.285030364990234,24793200,-0.040768709364608746
573,2013-04-16,75.56999969482422,75.8499984741211,74.69999694824219,75.73999786376953,55.964813232421875,16460400,0.012295966248797141,573,2013-04-16,75.56999969482422,75.8499984741211,74.69999694824219,75.73999786376953,55.964813232421875,16460400,0.012295966248797141,573,2013-04-16,75.56999969482422,75.8499984741211,74.69999694824219,75.73999786376953,55.964813232421875,16460400,0.012295966248797141,573,2013-04-16,75.56999969482422,75.8499984741211,74.69999694824219,75.73999786376953,55.964813232421875,16460400,0.012295966248797141,573,2013-04-16,75.56999969482422,75.8499984741211,74.69999694824219,75.73999786376953,55.964813232421875,16460400,0.012295966248797141
574,2013-04-17,75.06999969482422,75.1500015258789,73.5199966430664,74.08000183105469,54.73822784423828,20626700,-0.021917081775821967,574,2013-04-17,75.06999969482422,75.1500015258789,73.5199966430664,74.08000183105469,54.73822784423828,20626700,-0.021917081775821967,574,2013-04-17,75.06999969482422,75.1500015258789,73.5199966430664,74.08000183105469,54.73822784423828,20626700,-0.021917081775821967,574,2013-04-17,75.06999969482422,75.1500015258789,73.5199966430664,74.08000183105469,54.73822784423828,20626700,-0.021917081775821967,574,2013-04-17,75.06999969482422,75.1500015258789,73.5199966430664,74.08000183105469,54.73822784423828,20626700,-0.021917081775821967
575,2013-04-18,74.29000091552734,75.18000030517578,73.61000061035156,74.70999908447266,55.203731536865234,20535600,0.008504179089457997,575,2013-04-18,74.29000091552734,75.18000030517578,73.61000061035156,74.70999908447266,55.203731536865234,20535600,0.008504179089457997,575,2013-04-18,74.29000091552734,75.18000030517578,73.61000061035156,74.70999908447266,55.203731536865234,20535600,0.008504179089457997,575,2013-04-18,74.29000091552734,75.18000030517578,73.61000061035156,74.70999908447266,55.203731536865234,20535600,0.008504179089457997,575,2013-04-18,74.29000091552734,75.18000030517578,73.61000061035156,74.70999908447266,55.203731536865234,20535600,0.008504179089457997
576,2013-04-19,75.27999877929688,75.43000030517578,74.11000061035156,74.55999755859375,55.0928955078125,13416500,-0.002007763351626335,576,2013-04-19,75.27999877929688,75.43000030517578,74.11000061035156,74.55999755859375,55.0928955078125,13416500,-0.002007763351626335,576,2013-04-19,75.27999877929688,75.43000030517578,74.11000061035156,74.55999755859375,55.0928955078125,13416500,-0.002007763351626335,576,2013-04-19,75.27999877929688,75.43000030517578,74.11000061035156,74.55999755859375,55.0928955078125,13416500,-0.002007763351626335,576,2013-04-19,75.27999877929688,75.43000030517578,74.11000061035156,74.55999755859375,55.0928955078125,13416500,-0.002007763351626335
577,2013-04-22,74.93000030517578,75.66999816894531,74.27999877929688,75.36000061035156,55.684024810791016,13348000,0.010729682975088695,577,2013-04-22,74.93000030517578,75.66999816894531,74.27999877929688,75.36000061035156,55.684024810791016,13348000,0.010729682975088695,577,2013-04-22,74.93000030517578,75.66999816894531,74.27999877929688,75.36000061035156,55.684024810791016,13348000,0.010729682975088695,577,2013-04-22,74.93000030517578,75.66999816894531,74.27999877929688,75.36000061035156,55.684024810791016,13348000,0.010729682975088695,577,2013-04-22,74.93000030517578,75.66999816894531,74.27999877929688,75.36000061035156,55.684024810791016,13348000,0.010729682975088695
578,2013-04-23,75.66000366210938,76.30000305175781,75.30000305175781,76.2300033569336,56.32688522338867,13947600,0.011544790714788311,578,2013-04-23,75.66000366210938,76.30000305175781,75.30000305175781,76.2300033569336,56.32688522338867,13947600,0.011544790714788311,578,2013-04-23,75.66000366210938,76.30000305175781,75.30000305175781,76.2300033569336,56.32688522338867,13947600,0.011544790714788311,578,2013-04-23,75.66000366210938,76.30000305175781,75.30000305175781,76.2300033569336,56.32688522338867,13947600,0.011544790714788311,578,2013-04-23,75.66000366210938,76.30000305175781,75.30000305175781,76.2300033569336,56.32688522338867,13947600,0.011544790714788311
579,2013-04-24,76.51000213623047,77.61000061035156,76.43000030517578,77.25,57.08055877685547,13715100,0.013380352037535514,579,2013-04-24,76.51000213623047,77.61000061035156,76.43000030517578,77.25,57.08055877685547,13715100,0.013380352037535514,579,2013-04-24,76.51000213623047,77.61000061035156,76.43000030517578,77.25,57.08055877685547,13715100,0.013380352037535514,579,2013-04-24,76.51000213623047,77.61000061035156,76.43000030517578,77.25,57.08055877685547,13715100,0.013380352037535514,579,2013-04-24,76.51000213623047,77.61000061035156,76.43000030517578,77.25,57.08055877685547,13715100,0.013380352037535514
580,2013-04-25,77.44000244140625,78.23999786376953,76.94000244140625,77.30999755859375,57.12488555908203,13638800,0.0007765653170959119,580,2013-04-25,77.44000244140625,78.23999786376953,76.94000244140625,77.30999755859375,57.12488555908203,13638800,0.0007765653170959119,580,2013-04-25,77.44000244140625,78.23999786376953,76.94000244140625,77.30999755859375,57.12488555908203,13638800,0.0007765653170959119,580,2013-04-25,77.44000244140625,78.23999786376953,76.94000244140625,77.30999755859375,57.12488555908203,13638800,0.0007765653170959119,580,2013-04-25,77.44000244140625,78.23999786376953,76.94000244140625,77.30999755859375,57.12488555908203,13638800,0.0007765653170959119
581,2013-04-26,77.13999938964844,77.37000274658203,76.56999969482422,77.18000030517578,57.02885055541992,11162400,-0.001681141287587895,581,2013-04-26,77.13999938964844,77.37000274658203,76.56999969482422,77.18000030517578,57.02885055541992,11162400,-0.001681141287587895,581,2013-04-26,77.13999938964844,77.37000274658203,76.56999969482422,77.18000030517578,57.02885055541992,11162400,-0.001681141287587895,581,2013-04-26,77.13999938964844,77.37000274658203,76.56999969482422,77.18000030517578,57.02885055541992,11162400,-0.001681141287587895,581,2013-04-26,77.13999938964844,77.37000274658203,76.56999969482422,77.18000030517578,57.02885055541992,11162400,-0.001681141287587895
582,2013-04-29,77.6500015258789,78.27999877929688,77.30000305175781,77.95999908447266,57.60519790649414,12214700,0.010106241761161483,582,2013-04-29,77.6500015258789,78.27999877929688,77.30000305175781,77.95999908447266,57.60519790649414,12214700,0.010106241761161483,582,2013-04-29,77.6500015258789,78.27999877929688,77.30000305175781,77.95999908447266,57.60519790649414,12214700,0.010106241761161483,582,2013-04-29,77.6500015258789,78.27999877929688,77.30000305175781,77.95999908447266,57.60519790649414,12214700,0.010106241761161483,582,2013-04-29,77.6500015258789,78.27999877929688,77.30000305175781,77.95999908447266,57.60519790649414,12214700,0.010106241761161483
583,2013-04-30,78.05000305175781,78.30000305175781,77.3499984741211,78.2699966430664,57.834251403808594,10035500,0.003976264393471096,583,2013-04-30,78.05000305175781,78.30000305175781,77.3499984741211,78.2699966430664,57.834251403808594,10035500,0.003976264393471096,583,2013-04-30,78.05000305175781,78.30000305175781,77.3499984741211,78.2699966430664,57.834251403808594,10035500,0.003976264393471096,583,2013-04-30,78.05000305175781,78.30000305175781,77.3499984741211,78.2699966430664,57.834251403808594,10035500,0.003976264393471096,583,2013-04-30,78.05000305175781,78.30000305175781,77.3499984741211,78.2699966430664,57.834251403808594,10035500,0.003976264393471096
584,2013-05-01,77.5999984741211,77.80999755859375,76.95999908447266,77.05000305175781,56.93278121948242,15324000,-0.015587133272149667,584,2013-05-01,77.5999984741211,77.80999755859375,76.95999908447266,77.05000305175781,56.93278121948242,15324000,-0.015587133272149667,584,2013-05-01,77.5999984741211,77.80999755859375,76.95999908447266,77.05000305175781,56.93278121948242,15324000,-0.015587133272149667,584,2013-05-01,77.5999984741211,77.80999755859375,76.95999908447266,77.05000305175781,56.93278121948242,15324000,-0.015587133272149667,584,2013-05-01,77.5999984741211,77.80999755859375,76.95999908447266,77.05000305175781,56.93278121948242,15324000,-0.015587133272149667
585,2013-05-02,77.36000061035156,78.27999877929688,77.08999633789062,78.05999755859375,57.67908477783203,13597100,0.013108503437984531,585,2013-05-02,77.36000061035156,78.27999877929688,77.08999633789062,78.05999755859375,57.67908477783203,13597100,0.013108503437984531,585,2013-05-02,77.36000061035156,78.27999877929688,77.08999633789062,78.05999755859375,57.67908477783203,13597100,0.013108503437984531,585,2013-05-02,77.36000061035156,78.27999877929688,77.08999633789062,78.05999755859375,57.67908477783203,13597100,0.013108503437984531,585,2013-05-02,77.36000061035156,78.27999877929688,77.08999633789062,78.05999755859375,57.67908477783203,13597100,0.013108503437984531
586,2013-05-03,78.61000061035156,79.68000030517578,78.58999633789062,79.47000122070312,58.72093200683594,14049000,0.018062825251421444,586,2013-05-03,78.61000061035156,79.68000030517578,78.58999633789062,79.47000122070312,58.72093200683594,14049000,0.018062825251421444,586,2013-05-03,78.61000061035156,79.68000030517578,78.58999633789062,79.47000122070312,58.72093200683594,14049000,0.018062825251421444,586,2013-05-03,78.61000061035156,79.68000030517578,78.58999633789062,79.47000122070312,58.72093200683594,14049000,0.018062825251421444,586,2013-05-03,78.61000061035156,79.68000030517578,78.58999633789062,79.47000122070312,58.72093200683594,14049000,0.018062825251421444
587,2013-05-06,79.51000213623047,80.33000183105469,79.51000213623047,80.01000213623047,59.119937896728516,12007200,0.006794951582957287,587,2013-05-06,79.51000213623047,80.33000183105469,79.51000213623047,80.01000213623047,59.119937896728516,12007200,0.006794951582957287,587,2013-05-06,79.51000213623047,80.33000183105469,79.51000213623047,80.01000213623047,59.119937896728516,12007200,0.006794951582957287,587,2013-05-06,79.51000213623047,80.33000183105469,79.51000213623047,80.01000213623047,59.119937896728516,12007200,0.006794951582957287,587,2013-05-06,79.51000213623047,80.33000183105469,79.51000213623047,80.01000213623047,59.119937896728516,12007200,0.006794951582957287
588,2013-05-07,80.37000274658203,80.9800033569336,80.06999969482422,80.62999725341797,59.578060150146484,9700600,0.00774903137107863,588,2013-05-07,80.37000274658203,80.9800033569336,80.06999969482422,80.62999725341797,59.578060150146484,9700600,0.00774903137107863,588,2013-05-07,80.37000274658203,80.9800033569336,80.06999969482422,80.62999725341797,59.578060150146484,9700600,0.00774903137107863,588,2013-05-07,80.37000274658203,80.9800033569336,80.06999969482422,80.62999725341797,59.578060150146484,9700600,0.00774903137107863,588,2013-05-07,80.37000274658203,80.9800033569336,80.06999969482422,80.62999725341797,59.578060150146484,9700600,0.00774903137107863
589,2013-05-08,80.56999969482422,80.91000366210938,80.26000213623047,80.76000213623047,59.67413330078125,7170400,0.0016125592272162592,589,2013-05-08,80.56999969482422,80.91000366210938,80.26000213623047,80.76000213623047,59.67413330078125,7170400,0.0016125592272162592,589,2013-05-08,80.56999969482422,80.91000366210938,80.26000213623047,80.76000213623047,59.67413330078125,7170400,0.0016125592272162592,589,2013-05-08,80.56999969482422,80.91000366210938,80.26000213623047,80.76000213623047,59.67413330078125,7170400,0.0016125592272162592,589,2013-05-08,80.56999969482422,80.91000366210938,80.26000213623047,80.76000213623047,59.67413330078125,7170400,0.0016125592272162592
590,2013-05-09,80.79000091552734,81.08000183105469,80.25,80.69000244140625,59.62239456176758,8135600,-0.000867021205869678,590,2013-05-09,80.79000091552734,81.08000183105469,80.25,80.69000244140625,59.62239456176758,8135600,-0.000867021205869678,590,2013-05-09,80.79000091552734,81.08000183105469,80.25,80.69000244140625,59.62239456176758,8135600,-0.000867021205869678,590,2013-05-09,80.79000091552734,81.08000183105469,80.25,80.69000244140625,59.62239456176758,8135600,-0.000867021205869678,590,2013-05-09,80.79000091552734,81.08000183105469,80.25,80.69000244140625,59.62239456176758,8135600,-0.000867021205869678
591,2013-05-10,80.23999786376953,80.4000015258789,79.56999969482422,80.2699966430664,59.312049865722656,13221100,-0.0052051699420325725,591,2013-05-10,80.23999786376953,80.4000015258789,79.56999969482422,80.2699966430664,59.312049865722656,13221100,-0.0052051699420325725,591,2013-05-10,80.23999786376953,80.4000015258789,79.56999969482422,80.2699966430664,59.312049865722656,13221100,-0.0052051699420325725,591,2013-05-10,80.23999786376953,80.4000015258789,79.56999969482422,80.2699966430664,59.312049865722656,13221100,-0.0052051699420325725,591,2013-05-10,80.23999786376953,80.4000015258789,79.56999969482422,80.2699966430664,59.312049865722656,13221100,-0.0052051699420325725
592,2013-05-13,80.06999969482422,80.30000305175781,79.80999755859375,80.26000213623047,59.3046760559082,7423100,-0.00012432228916636756,592,2013-05-13,80.06999969482422,80.30000305175781,79.80999755859375,80.26000213623047,59.3046760559082,7423100,-0.00012432228916636756,592,2013-05-13,80.06999969482422,80.30000305175781,79.80999755859375,80.26000213623047,59.3046760559082,7423100,-0.00012432228916636756,592,2013-05-13,80.06999969482422,80.30000305175781,79.80999755859375,80.26000213623047,59.3046760559082,7423100,-0.00012432228916636756,592,2013-05-13,80.06999969482422,80.30000305175781,79.80999755859375,80.26000213623047,59.3046760559082,7423100,-0.00012432228916636756
593,2013-05-14,80.33000183105469,81.4000015258789,80.27999877929688,81.4000015258789,60.14702606201172,9600300,0.014203770463384835,593,2013-05-14,80.33000183105469,81.4000015258789,80.27999877929688,81.4000015258789,60.14702606201172,9600300,0.014203770463384835,593,2013-05-14,80.33000183105469,81.4000015258789,80.27999877929688,81.4000015258789,60.14702606201172,9600300,0.014203770463384835,593,2013-05-14,80.33000183105469,81.4000015258789,80.27999877929688,81.4000015258789,60.14702606201172,9600300,0.014203770463384835,593,2013-05-14,80.33000183105469,81.4000015258789,80.27999877929688,81.4000015258789,60.14702606201172,9600300,0.014203770463384835
594,2013-05-15,81.0199966430664,81.43000030517578,80.48999786376953,81.16999816894531,59.977081298828125,13048600,-0.0028254890442692693,594,2013-05-15,81.0199966430664,81.43000030517578,80.48999786376953,81.16999816894531,59.977081298828125,13048600,-0.0028254890442692693,594,2013-05-15,81.0199966430664,81.43000030517578,80.48999786376953,81.16999816894531,59.977081298828125,13048600,-0.0028254890442692693,594,2013-05-15,81.0199966430664,81.43000030517578,80.48999786376953,81.16999816894531,59.977081298828125,13048600,-0.0028254890442692693,594,2013-05-15,81.0199966430664,81.43000030517578,80.48999786376953,81.16999816894531,59.977081298828125,13048600,-0.0028254890442692693
595,2013-05-16,80.94000244140625,81.38999938964844,80.58999633789062,80.7699966430664,59.68152618408203,12055400,-0.00492780089236966,595,2013-05-16,80.94000244140625,81.38999938964844,80.58999633789062,80.7699966430664,59.68152618408203,12055400,-0.00492780089236966,595,2013-05-16,80.94000244140625,81.38999938964844,80.58999633789062,80.7699966430664,59.68152618408203,12055400,-0.00492780089236966,595,2013-05-16,80.94000244140625,81.38999938964844,80.58999633789062,80.7699966430664,59.68152618408203,12055400,-0.00492780089236966,595,2013-05-16,80.94000244140625,81.38999938964844,80.58999633789062,80.7699966430664,59.68152618408203,12055400,-0.00492780089236966
596,2013-05-17,81.20999908447266,82.20999908447266,81.12000274658203,82.12000274658203,60.67905807495117,14657100,0.016714249025608918,596,2013-05-17,81.20999908447266,82.20999908447266,81.12000274658203,82.12000274658203,60.67905807495117,14657100,0.016714249025608918,596,2013-05-17,81.20999908447266,82.20999908447266,81.12000274658203,82.12000274658203,60.67905807495117,14657100,0.016714249025608918,596,2013-05-17,81.20999908447266,82.20999908447266,81.12000274658203,82.12000274658203,60.67905807495117,14657100,0.016714249025608918,596,2013-05-17,81.20999908447266,82.20999908447266,81.12000274658203,82.12000274658203,60.67905807495117,14657100,0.016714249025608918
597,2013-05-20,82.08000183105469,83.45999908447266,82.08000183105469,83.27999877929688,61.536170959472656,10192200,0.014125349201412618,597,2013-05-20,82.08000183105469,83.45999908447266,82.08000183105469,83.27999877929688,61.536170959472656,10192200,0.014125349201412618,597,2013-05-20,82.08000183105469,83.45999908447266,82.08000183105469,83.27999877929688,61.536170959472656,10192200,0.014125349201412618,597,2013-05-20,82.08000183105469,83.45999908447266,82.08000183105469,83.27999877929688,61.536170959472656,10192200,0.014125349201412618,597,2013-05-20,82.08000183105469,83.45999908447266,82.08000183105469,83.27999877929688,61.536170959472656,10192200,0.014125349201412618
598,2013-05-21,83.4800033569336,83.83000183105469,82.83000183105469,83.11000061035156,61.410545349121094,10838300,-0.002041492156447333,598,2013-05-21,83.4800033569336,83.83000183105469,82.83000183105469,83.11000061035156,61.410545349121094,10838300,-0.002041492156447333,598,2013-05-21,83.4800033569336,83.83000183105469,82.83000183105469,83.11000061035156,61.410545349121094,10838300,-0.002041492156447333,598,2013-05-21,83.4800033569336,83.83000183105469,82.83000183105469,83.11000061035156,61.410545349121094,10838300,-0.002041492156447333,598,2013-05-21,83.4800033569336,83.83000183105469,82.83000183105469,83.11000061035156,61.410545349121094,10838300,-0.002041492156447333
599,2013-05-22,83.2300033569336,83.94999694824219,81.75,82.1500015258789,60.70121383666992,19839400,-0.011550646691355637,599,2013-05-22,83.2300033569336,83.94999694824219,81.75,82.1500015258789,60.70121383666992,19839400,-0.011550646691355637,599,2013-05-22,83.2300033569336,83.94999694824219,81.75,82.1500015258789,60.70121383666992,19839400,-0.011550646691355637,599,2013-05-22,83.2300033569336,83.94999694824219,81.75,82.1500015258789,60.70121383666992,19839400,-0.011550646691355637,599,2013-05-22,83.2300033569336,83.94999694824219,81.75,82.1500015258789,60.70121383666992,19839400,-0.011550646691355637
600,2013-05-23,81.12000274658203,82.19000244140625,80.8499984741211,82.19000244140625,60.73076248168945,12791700,0.00048678837130067265,600,2013-05-23,81.12000274658203,82.19000244140625,80.8499984741211,82.19000244140625,60.73076248168945,12791700,0.00048678837130067265,600,2013-05-23,81.12000274658203,82.19000244140625,80.8499984741211,82.19000244140625,60.73076248168945,12791700,0.00048678837130067265,600,2013-05-23,81.12000274658203,82.19000244140625,80.8499984741211,82.19000244140625,60.73076248168945,12791700,0.00048678837130067265,600,2013-05-23,81.12000274658203,82.19000244140625,80.8499984741211,82.19000244140625,60.73076248168945,12791700,0.00048678837130067265
601,2013-05-24,81.45999908447266,81.72000122070312,81.0,81.70999908447266,60.37608337402344,8665000,-0.005840188615661712,601,2013-05-24,81.45999908447266,81.72000122070312,81.0,81.70999908447266,60.37608337402344,8665000,-0.005840188615661712,601,2013-05-24,81.45999908447266,81.72000122070312,81.0,81.70999908447266,60.37608337402344,8665000,-0.005840188615661712,601,2013-05-24,81.45999908447266,81.72000122070312,81.0,81.70999908447266,60.37608337402344,8665000,-0.005840188615661712,601,2013-05-24,81.45999908447266,81.72000122070312,81.0,81.70999908447266,60.37608337402344,8665000,-0.005840188615661712
602,2013-05-28,82.86000061035156,83.2300033569336,82.1500015258789,82.56999969482422,61.01153564453125,10708400,0.010524900506898582,602,2013-05-28,82.86000061035156,83.2300033569336,82.1500015258789,82.56999969482422,61.01153564453125,10708400,0.010524900506898582,602,2013-05-28,82.86000061035156,83.2300033569336,82.1500015258789,82.56999969482422,61.01153564453125,10708400,0.010524900506898582,602,2013-05-28,82.86000061035156,83.2300033569336,82.1500015258789,82.56999969482422,61.01153564453125,10708400,0.010524900506898582,602,2013-05-28,82.86000061035156,83.2300033569336,82.1500015258789,82.56999969482422,61.01153564453125,10708400,0.010524900506898582
603,2013-05-29,81.94999694824219,82.69999694824219,81.79000091552734,82.38999938964844,60.87854766845703,12753000,-0.002179718551079235,603,2013-05-29,81.94999694824219,82.69999694824219,81.79000091552734,82.38999938964844,60.87854766845703,12753000,-0.002179718551079235,603,2013-05-29,81.94999694824219,82.69999694824219,81.79000091552734,82.38999938964844,60.87854766845703,12753000,-0.002179718551079235,603,2013-05-29,81.94999694824219,82.69999694824219,81.79000091552734,82.38999938964844,60.87854766845703,12753000,-0.002179718551079235,603,2013-05-29,81.94999694824219,82.69999694824219,81.79000091552734,82.38999938964844,60.87854766845703,12753000,-0.002179718551079235
604,2013-05-30,82.16000366210938,82.61000061035156,81.62999725341797,82.19999694824219,60.7381477355957,12074800,-0.00230622999789587,604,2013-05-30,82.16000366210938,82.61000061035156,81.62999725341797,82.19999694824219,60.7381477355957,12074800,-0.00230622999789587,604,2013-05-30,82.16000366210938,82.61000061035156,81.62999725341797,82.19999694824219,60.7381477355957,12074800,-0.00230622999789587,604,2013-05-30,82.16000366210938,82.61000061035156,81.62999725341797,82.19999694824219,60.7381477355957,12074800,-0.00230622999789587,604,2013-05-30,82.16000366210938,82.61000061035156,81.62999725341797,82.19999694824219,60.7381477355957,12074800,-0.00230622999789587
605,2013-05-31,81.86000061035156,82.12000274658203,80.48999786376953,80.5,59.48200988769531,15007200,-0.020681201102288993,605,2013-05-31,81.86000061035156,82.12000274658203,80.48999786376953,80.5,59.48200988769531,15007200,-0.020681201102288993,605,2013-05-31,81.86000061035156,82.12000274658203,80.48999786376953,80.5,59.48200988769531,15007200,-0.020681201102288993,605,2013-05-31,81.86000061035156,82.12000274658203,80.48999786376953,80.5,59.48200988769531,15007200,-0.020681201102288993,605,2013-05-31,81.86000061035156,82.12000274658203,80.48999786376953,80.5,59.48200988769531,15007200,-0.020681201102288993
606,2013-06-03,80.80000305175781,81.30000305175781,80.43000030517578,81.27999877929688,60.058353424072266,18365400,0.009689375619033713,606,2013-06-03,80.80000305175781,81.30000305175781,80.43000030517578,81.27999877929688,60.058353424072266,18365400,0.009689375619033713,606,2013-06-03,80.80000305175781,81.30000305175781,80.43000030517578,81.27999877929688,60.058353424072266,18365400,0.009689375619033713,606,2013-06-03,80.80000305175781,81.30000305175781,80.43000030517578,81.27999877929688,60.058353424072266,18365400,0.009689375619033713,606,2013-06-03,80.80000305175781,81.30000305175781,80.43000030517578,81.27999877929688,60.058353424072266,18365400,0.009689375619033713
607,2013-06-04,80.87999725341797,81.38999938964844,80.04000091552734,80.63999938964844,59.5854606628418,15981000,-0.007873888214872782,607,2013-06-04,80.87999725341797,81.38999938964844,80.04000091552734,80.63999938964844,59.5854606628418,15981000,-0.007873888214872782,607,2013-06-04,80.87999725341797,81.38999938964844,80.04000091552734,80.63999938964844,59.5854606628418,15981000,-0.007873888214872782,607,2013-06-04,80.87999725341797,81.38999938964844,80.04000091552734,80.63999938964844,59.5854606628418,15981000,-0.007873888214872782,607,2013-06-04,80.87999725341797,81.38999938964844,80.04000091552734,80.63999938964844,59.5854606628418,15981000,-0.007873888214872782
608,2013-06-05,80.4000015258789,80.69000244140625,79.6500015258789,79.69999694824219,58.89088439941406,17796100,-0.011656807813535619,608,2013-06-05,80.4000015258789,80.69000244140625,79.6500015258789,79.69999694824219,58.89088439941406,17796100,-0.011656807813535619,608,2013-06-05,80.4000015258789,80.69000244140625,79.6500015258789,79.69999694824219,58.89088439941406,17796100,-0.011656807813535619,608,2013-06-05,80.4000015258789,80.69000244140625,79.6500015258789,79.69999694824219,58.89088439941406,17796100,-0.011656807813535619,608,2013-06-05,80.4000015258789,80.69000244140625,79.6500015258789,79.69999694824219,58.89088439941406,17796100,-0.011656807813535619
609,2013-06-06,79.75,80.33999633789062,79.0999984741211,80.30000305175781,59.334228515625,18324200,0.007528229890453986,609,2013-06-06,79.75,80.33999633789062,79.0999984741211,80.30000305175781,59.334228515625,18324200,0.007528229890453986,609,2013-06-06,79.75,80.33999633789062,79.0999984741211,80.30000305175781,59.334228515625,18324200,0.007528229890453986,609,2013-06-06,79.75,80.33999633789062,79.0999984741211,80.30000305175781,59.334228515625,18324200,0.007528229890453986,609,2013-06-06,79.75,80.33999633789062,79.0999984741211,80.30000305175781,59.334228515625,18324200,0.007528229890453986
610,2013-06-07,80.83000183105469,81.37999725341797,80.36000061035156,81.30999755859375,60.08051300048828,10582000,0.012577638633436639,610,2013-06-07,80.83000183105469,81.37999725341797,80.36000061035156,81.30999755859375,60.08051300048828,10582000,0.012577638633436639,610,2013-06-07,80.83000183105469,81.37999725341797,80.36000061035156,81.30999755859375,60.08051300048828,10582000,0.012577638633436639,610,2013-06-07,80.83000183105469,81.37999725341797,80.36000061035156,81.30999755859375,60.08051300048828,10582000,0.012577638633436639,610,2013-06-07,80.83000183105469,81.37999725341797,80.36000061035156,81.30999755859375,60.08051300048828,10582000,0.012577638633436639
611,2013-06-10,81.66000366210938,81.68000030517578,80.80999755859375,81.08000183105469,59.91058349609375,7944000,-0.002828363073283824,611,2013-06-10,81.66000366210938,81.68000030517578,80.80999755859375,81.08000183105469,59.91058349609375,7944000,-0.002828363073283824,611,2013-06-10,81.66000366210938,81.68000030517578,80.80999755859375,81.08000183105469,59.91058349609375,7944000,-0.002828363073283824,611,2013-06-10,81.66000366210938,81.68000030517578,80.80999755859375,81.08000183105469,59.91058349609375,7944000,-0.002828363073283824,611,2013-06-10,81.66000366210938,81.68000030517578,80.80999755859375,81.08000183105469,59.91058349609375,7944000,-0.002828363073283824
612,2013-06-11,80.08999633789062,80.62000274658203,79.75,79.8499984741211,59.001708984375,10595900,-0.015170516771515152,612,2013-06-11,80.08999633789062,80.62000274658203,79.75,79.8499984741211,59.001708984375,10595900,-0.015170516771515152,612,2013-06-11,80.08999633789062,80.62000274658203,79.75,79.8499984741211,59.001708984375,10595900,-0.015170516771515152,612,2013-06-11,80.08999633789062,80.62000274658203,79.75,79.8499984741211,59.001708984375,10595900,-0.015170516771515152,612,2013-06-11,80.08999633789062,80.62000274658203,79.75,79.8499984741211,59.001708984375,10595900,-0.015170516771515152
613,2013-06-12,80.6500015258789,80.79000091552734,79.18000030517578,79.36000061035156,58.639652252197266,9344700,-0.006136377037377239,613,2013-06-12,80.6500015258789,80.79000091552734,79.18000030517578,79.36000061035156,58.639652252197266,9344700,-0.006136377037377239,613,2013-06-12,80.6500015258789,80.79000091552734,79.18000030517578,79.36000061035156,58.639652252197266,9344700,-0.006136377037377239,613,2013-06-12,80.6500015258789,80.79000091552734,79.18000030517578,79.36000061035156,58.639652252197266,9344700,-0.006136377037377239,613,2013-06-12,80.6500015258789,80.79000091552734,79.18000030517578,79.36000061035156,58.639652252197266,9344700,-0.006136377037377239
614,2013-06-13,79.33999633789062,80.9000015258789,79.23999786376953,80.69000244140625,59.62239456176758,12393000,0.016759006437209623,614,2013-06-13,79.33999633789062,80.9000015258789,79.23999786376953,80.69000244140625,59.62239456176758,12393000,0.016759006437209623,614,2013-06-13,79.33999633789062,80.9000015258789,79.23999786376953,80.69000244140625,59.62239456176758,12393000,0.016759006437209623,614,2013-06-13,79.33999633789062,80.9000015258789,79.23999786376953,80.69000244140625,59.62239456176758,12393000,0.016759006437209623,614,2013-06-13,79.33999633789062,80.9000015258789,79.23999786376953,80.69000244140625,59.62239456176758,12393000,0.016759006437209623
615,2013-06-14,80.73999786376953,80.81999969482422,79.72000122070312,79.91000366210938,59.046051025390625,10398400,-0.009666561375354932,615,2013-06-14,80.73999786376953,80.81999969482422,79.72000122070312,79.91000366210938,59.046051025390625,10398400,-0.009666561375354932,615,2013-06-14,80.73999786376953,80.81999969482422,79.72000122070312,79.91000366210938,59.046051025390625,10398400,-0.009666561375354932,615,2013-06-14,80.73999786376953,80.81999969482422,79.72000122070312,79.91000366210938,59.046051025390625,10398400,-0.009666561375354932,615,2013-06-14,80.73999786376953,80.81999969482422,79.72000122070312,79.91000366210938,59.046051025390625,10398400,-0.009666561375354932
616,2013-06-17,80.44999694824219,81.2699966430664,80.41000366210938,81.05999755859375,59.89579391479492,11097500,0.014391189159100426,616,2013-06-17,80.44999694824219,81.2699966430664,80.41000366210938,81.05999755859375,59.89579391479492,11097500,0.014391189159100426,616,2013-06-17,80.44999694824219,81.2699966430664,80.41000366210938,81.05999755859375,59.89579391479492,11097500,0.014391189159100426,616,2013-06-17,80.44999694824219,81.2699966430664,80.41000366210938,81.05999755859375,59.89579391479492,11097500,0.014391189159100426,616,2013-06-17,80.44999694824219,81.2699966430664,80.41000366210938,81.05999755859375,59.89579391479492,11097500,0.014391189159100426
617,2013-06-18,80.94999694824219,81.7699966430664,80.91999816894531,81.5199966430664,60.23570251464844,7741700,0.005674999488896493,617,2013-06-18,80.94999694824219,81.7699966430664,80.91999816894531,81.5199966430664,60.23570251464844,7741700,0.005674999488896493,617,2013-06-18,80.94999694824219,81.7699966430664,80.91999816894531,81.5199966430664,60.23570251464844,7741700,0.005674999488896493,617,2013-06-18,80.94999694824219,81.7699966430664,80.91999816894531,81.5199966430664,60.23570251464844,7741700,0.005674999488896493,617,2013-06-18,80.94999694824219,81.7699966430664,80.91999816894531,81.5199966430664,60.23570251464844,7741700,0.005674999488896493
618,2013-06-19,81.44999694824219,81.9000015258789,80.69000244140625,80.7699966430664,59.68152618408203,15053600,-0.009200130610772517,618,2013-06-19,81.44999694824219,81.9000015258789,80.69000244140625,80.7699966430664,59.68152618408203,15053600,-0.009200130610772517,618,2013-06-19,81.44999694824219,81.9000015258789,80.69000244140625,80.7699966430664,59.68152618408203,15053600,-0.009200130610772517,618,2013-06-19,81.44999694824219,81.9000015258789,80.69000244140625,80.7699966430664,59.68152618408203,15053600,-0.009200130610772517,618,2013-06-19,81.44999694824219,81.9000015258789,80.69000244140625,80.7699966430664,59.68152618408203,15053600,-0.009200130610772517
619,2013-06-20,79.70999908447266,79.75,78.16999816894531,78.41000366210938,57.937705993652344,25489800,-0.029218760007092337,619,2013-06-20,79.70999908447266,79.75,78.16999816894531,78.41000366210938,57.937705993652344,25489800,-0.029218760007092337,619,2013-06-20,79.70999908447266,79.75,78.16999816894531,78.41000366210938,57.937705993652344,25489800,-0.029218760007092337,619,2013-06-20,79.70999908447266,79.75,78.16999816894531,78.41000366210938,57.937705993652344,25489800,-0.029218760007092337,619,2013-06-20,79.70999908447266,79.75,78.16999816894531,78.41000366210938,57.937705993652344,25489800,-0.029218760007092337
620,2013-06-21,78.69000244140625,78.7699966430664,77.25,78.16999816894531,58.037174224853516,20554200,0.0017168134204703644,620,2013-06-21,78.69000244140625,78.7699966430664,77.25,78.16999816894531,58.037174224853516,20554200,0.0017168134204703644,620,2013-06-21,78.69000244140625,78.7699966430664,77.25,78.16999816894531,58.037174224853516,20554200,0.0017168134204703644,620,2013-06-21,78.69000244140625,78.7699966430664,77.25,78.16999816894531,58.037174224853516,20554200,0.0017168134204703644,620,2013-06-21,78.69000244140625,78.7699966430664,77.25,78.16999816894531,58.037174224853516,20554200,0.0017168134204703644
621,2013-06-24,77.31999969482422,77.87000274658203,76.0199966430664,77.01000213623047,57.175941467285156,18904800,-0.014839329603327789,621,2013-06-24,77.31999969482422,77.87000274658203,76.0199966430664,77.01000213623047,57.175941467285156,18904800,-0.014839329603327789,621,2013-06-24,77.31999969482422,77.87000274658203,76.0199966430664,77.01000213623047,57.175941467285156,18904800,-0.014839329603327789,621,2013-06-24,77.31999969482422,77.87000274658203,76.0199966430664,77.01000213623047,57.175941467285156,18904800,-0.014839329603327789,621,2013-06-24,77.31999969482422,77.87000274658203,76.0199966430664,77.01000213623047,57.175941467285156,18904800,-0.014839329603327789
622,2013-06-25,77.86000061035156,78.25,77.33999633789062,78.0,57.91094970703125,12540300,0.012855201346647638,622,2013-06-25,77.86000061035156,78.25,77.33999633789062,78.0,57.91094970703125,12540300,0.012855201346647638,622,2013-06-25,77.86000061035156,78.25,77.33999633789062,78.0,57.91094970703125,12540300,0.012855201346647638,622,2013-06-25,77.86000061035156,78.25,77.33999633789062,78.0,57.91094970703125,12540300,0.012855201346647638,622,2013-06-25,77.86000061035156,78.25,77.33999633789062,78.0,57.91094970703125,12540300,0.012855201346647638
623,2013-06-26,78.37999725341797,78.72000122070312,77.80999755859375,78.4800033569336,58.267330169677734,11202800,0.006153939185066015,623,2013-06-26,78.37999725341797,78.72000122070312,77.80999755859375,78.4800033569336,58.267330169677734,11202800,0.006153939185066015,623,2013-06-26,78.37999725341797,78.72000122070312,77.80999755859375,78.4800033569336,58.267330169677734,11202800,0.006153939185066015,623,2013-06-26,78.37999725341797,78.72000122070312,77.80999755859375,78.4800033569336,58.267330169677734,11202800,0.006153939185066015,623,2013-06-26,78.37999725341797,78.72000122070312,77.80999755859375,78.4800033569336,58.267330169677734,11202800,0.006153939185066015
624,2013-06-27,78.87999725341797,79.33999633789062,78.58999633789062,78.62999725341797,58.37871170043945,8163500,0.001911560568115478,624,2013-06-27,78.87999725341797,79.33999633789062,78.58999633789062,78.62999725341797,58.37871170043945,8163500,0.001911560568115478,624,2013-06-27,78.87999725341797,79.33999633789062,78.58999633789062,78.62999725341797,58.37871170043945,8163500,0.001911560568115478,624,2013-06-27,78.87999725341797,79.33999633789062,78.58999633789062,78.62999725341797,58.37871170043945,8163500,0.001911560568115478,624,2013-06-27,78.87999725341797,79.33999633789062,78.58999633789062,78.62999725341797,58.37871170043945,8163500,0.001911560568115478
625,2013-06-28,78.33000183105469,78.91999816894531,78.05000305175781,78.30000305175781,58.13369369506836,10817700,-0.004197043720806315,625,2013-06-28,78.33000183105469,78.91999816894531,78.05000305175781,78.30000305175781,58.13369369506836,10817700,-0.004197043720806315,625,2013-06-28,78.33000183105469,78.91999816894531,78.05000305175781,78.30000305175781,58.13369369506836,10817700,-0.004197043720806315,625,2013-06-28,78.33000183105469,78.91999816894531,78.05000305175781,78.30000305175781,58.13369369506836,10817700,-0.004197043720806315,625,2013-06-28,78.33000183105469,78.91999816894531,78.05000305175781,78.30000305175781,58.13369369506836,10817700,-0.004197043720806315
626,2013-07-01,78.79000091552734,79.5199966430664,78.62999725341797,78.86000061035156,58.54948425292969,11960700,0.007152316177298168,626,2013-07-01,78.79000091552734,79.5199966430664,78.62999725341797,78.86000061035156,58.54948425292969,11960700,0.007152316177298168,626,2013-07-01,78.79000091552734,79.5199966430664,78.62999725341797,78.86000061035156,58.54948425292969,11960700,0.007152316177298168,626,2013-07-01,78.79000091552734,79.5199966430664,78.62999725341797,78.86000061035156,58.54948425292969,11960700,0.007152316177298168,626,2013-07-01,78.79000091552734,79.5199966430664,78.62999725341797,78.86000061035156,58.54948425292969,11960700,0.007152316177298168
627,2013-07-02,78.87999725341797,79.69999694824219,78.63999938964844,79.02999877929688,58.675682067871094,8691800,0.002155404382321091,627,2013-07-02,78.87999725341797,79.69999694824219,78.63999938964844,79.02999877929688,58.675682067871094,8691800,0.002155404382321091,627,2013-07-02,78.87999725341797,79.69999694824219,78.63999938964844,79.02999877929688,58.675682067871094,8691800,0.002155404382321091,627,2013-07-02,78.87999725341797,79.69999694824219,78.63999938964844,79.02999877929688,58.675682067871094,8691800,0.002155404382321091,627,2013-07-02,78.87999725341797,79.69999694824219,78.63999938964844,79.02999877929688,58.675682067871094,8691800,0.002155404382321091
628,2013-07-03,78.81999969482422,79.11000061035156,78.3499984741211,78.9800033569336,58.63856506347656,5255800,-0.0006325790018358868,628,2013-07-03,78.81999969482422,79.11000061035156,78.3499984741211,78.9800033569336,58.63856506347656,5255800,-0.0006325790018358868,628,2013-07-03,78.81999969482422,79.11000061035156,78.3499984741211,78.9800033569336,58.63856506347656,5255800,-0.0006325790018358868,628,2013-07-03,78.81999969482422,79.11000061035156,78.3499984741211,78.9800033569336,58.63856506347656,5255800,-0.0006325790018358868,628,2013-07-03,78.81999969482422,79.11000061035156,78.3499984741211,78.9800033569336,58.63856506347656,5255800,-0.0006325790018358868
629,2013-07-05,79.44000244140625,79.98999786376953,78.83999633789062,79.95999908447266,59.36616516113281,10308500,0.012408217985358627,629,2013-07-05,79.44000244140625,79.98999786376953,78.83999633789062,79.95999908447266,59.36616516113281,10308500,0.012408217985358627,629,2013-07-05,79.44000244140625,79.98999786376953,78.83999633789062,79.95999908447266,59.36616516113281,10308500,0.012408217985358627,629,2013-07-05,79.44000244140625,79.98999786376953,78.83999633789062,79.95999908447266,59.36616516113281,10308500,0.012408217985358627,629,2013-07-05,79.44000244140625,79.98999786376953,78.83999633789062,79.95999908447266,59.36616516113281,10308500,0.012408217985358627
630,2013-07-08,80.3499984741211,80.95999908447266,80.30000305175781,80.4800033569336,59.75223159790039,11579200,0.006503139216078813,630,2013-07-08,80.3499984741211,80.95999908447266,80.30000305175781,80.4800033569336,59.75223159790039,11579200,0.006503139216078813,630,2013-07-08,80.3499984741211,80.95999908447266,80.30000305175781,80.4800033569336,59.75223159790039,11579200,0.006503139216078813,630,2013-07-08,80.3499984741211,80.95999908447266,80.30000305175781,80.4800033569336,59.75223159790039,11579200,0.006503139216078813,630,2013-07-08,80.3499984741211,80.95999908447266,80.30000305175781,80.4800033569336,59.75223159790039,11579200,0.006503139216078813
631,2013-07-09,80.93000030517578,81.41000366210938,80.7699966430664,81.30000305175781,60.36103820800781,9257300,0.01018885142574022,631,2013-07-09,80.93000030517578,81.41000366210938,80.7699966430664,81.30000305175781,60.36103820800781,9257300,0.01018885142574022,631,2013-07-09,80.93000030517578,81.41000366210938,80.7699966430664,81.30000305175781,60.36103820800781,9257300,0.01018885142574022,631,2013-07-09,80.93000030517578,81.41000366210938,80.7699966430664,81.30000305175781,60.36103820800781,9257300,0.01018885142574022,631,2013-07-09,80.93000030517578,81.41000366210938,80.7699966430664,81.30000305175781,60.36103820800781,9257300,0.01018885142574022
632,2013-07-10,81.5999984741211,81.5999984741211,80.62999725341797,80.80000305175781,59.98983383178711,10811500,-0.006149734783247318,632,2013-07-10,81.5999984741211,81.5999984741211,80.62999725341797,80.80000305175781,59.98983383178711,10811500,-0.006149734783247318,632,2013-07-10,81.5999984741211,81.5999984741211,80.62999725341797,80.80000305175781,59.98983383178711,10811500,-0.006149734783247318,632,2013-07-10,81.5999984741211,81.5999984741211,80.62999725341797,80.80000305175781,59.98983383178711,10811500,-0.006149734783247318,632,2013-07-10,81.5999984741211,81.5999984741211,80.62999725341797,80.80000305175781,59.98983383178711,10811500,-0.006149734783247318
633,2013-07-11,81.81999969482422,81.87999725341797,81.01000213623047,81.44999694824219,60.47241973876953,14486200,0.008044461472182185,633,2013-07-11,81.81999969482422,81.87999725341797,81.01000213623047,81.44999694824219,60.47241973876953,14486200,0.008044461472182185,633,2013-07-11,81.81999969482422,81.87999725341797,81.01000213623047,81.44999694824219,60.47241973876953,14486200,0.008044461472182185,633,2013-07-11,81.81999969482422,81.87999725341797,81.01000213623047,81.44999694824219,60.47241973876953,14486200,0.008044461472182185,633,2013-07-11,81.81999969482422,81.87999725341797,81.01000213623047,81.44999694824219,60.47241973876953,14486200,0.008044461472182185
634,2013-07-12,81.3499984741211,81.95999908447266,81.33000183105469,81.91000366210938,60.81393051147461,8777800,0.005647380643611477,634,2013-07-12,81.3499984741211,81.95999908447266,81.33000183105469,81.91000366210938,60.81393051147461,8777800,0.005647380643611477,634,2013-07-12,81.3499984741211,81.95999908447266,81.33000183105469,81.91000366210938,60.81393051147461,8777800,0.005647380643611477,634,2013-07-12,81.3499984741211,81.95999908447266,81.33000183105469,81.91000366210938,60.81393051147461,8777800,0.005647380643611477,634,2013-07-12,81.3499984741211,81.95999908447266,81.33000183105469,81.91000366210938,60.81393051147461,8777800,0.005647380643611477
635,2013-07-15,81.95999908447266,82.12000274658203,81.69000244140625,81.83999633789062,60.7619743347168,10395100,-0.0008543466327671778,635,2013-07-15,81.95999908447266,82.12000274658203,81.69000244140625,81.83999633789062,60.7619743347168,10395100,-0.0008543466327671778,635,2013-07-15,81.95999908447266,82.12000274658203,81.69000244140625,81.83999633789062,60.7619743347168,10395100,-0.0008543466327671778,635,2013-07-15,81.95999908447266,82.12000274658203,81.69000244140625,81.83999633789062,60.7619743347168,10395100,-0.0008543466327671778,635,2013-07-15,81.95999908447266,82.12000274658203,81.69000244140625,81.83999633789062,60.7619743347168,10395100,-0.0008543466327671778
636,2013-07-16,81.88999938964844,82.05000305175781,80.81999969482422,81.33999633789062,60.39073944091797,6723800,-0.006109658184472844,636,2013-07-16,81.88999938964844,82.05000305175781,80.81999969482422,81.33999633789062,60.39073944091797,6723800,-0.006109658184472844,636,2013-07-16,81.88999938964844,82.05000305175781,80.81999969482422,81.33999633789062,60.39073944091797,6723800,-0.006109658184472844,636,2013-07-16,81.88999938964844,82.05000305175781,80.81999969482422,81.33999633789062,60.39073944091797,6723800,-0.006109658184472844,636,2013-07-16,81.88999938964844,82.05000305175781,80.81999969482422,81.33999633789062,60.39073944091797,6723800,-0.006109658184472844
637,2013-07-17,81.58000183105469,81.94000244140625,81.44999694824219,81.69999694824219,60.658016204833984,7923000,0.00442579054984904,637,2013-07-17,81.58000183105469,81.94000244140625,81.44999694824219,81.69999694824219,60.658016204833984,7923000,0.00442579054984904,637,2013-07-17,81.58000183105469,81.94000244140625,81.44999694824219,81.69999694824219,60.658016204833984,7923000,0.00442579054984904,637,2013-07-17,81.58000183105469,81.94000244140625,81.44999694824219,81.69999694824219,60.658016204833984,7923000,0.00442579054984904,637,2013-07-17,81.58000183105469,81.94000244140625,81.44999694824219,81.69999694824219,60.658016204833984,7923000,0.00442579054984904
638,2013-07-18,81.9800033569336,82.80000305175781,81.94000244140625,82.56999969482422,61.30393600463867,9419500,0.010648548043897588,638,2013-07-18,81.9800033569336,82.80000305175781,81.94000244140625,82.56999969482422,61.30393600463867,9419500,0.010648548043897588,638,2013-07-18,81.9800033569336,82.80000305175781,81.94000244140625,82.56999969482422,61.30393600463867,9419500,0.010648548043897588,638,2013-07-18,81.9800033569336,82.80000305175781,81.94000244140625,82.56999969482422,61.30393600463867,9419500,0.010648548043897588,638,2013-07-18,81.9800033569336,82.80000305175781,81.94000244140625,82.56999969482422,61.30393600463867,9419500,0.010648548043897588
639,2013-07-19,82.87000274658203,83.72000122070312,82.68000030517578,83.72000122070312,62.157772064208984,10684800,0.013927915811241087,639,2013-07-19,82.87000274658203,83.72000122070312,82.68000030517578,83.72000122070312,62.157772064208984,10684800,0.013927915811241087,639,2013-07-19,82.87000274658203,83.72000122070312,82.68000030517578,83.72000122070312,62.157772064208984,10684800,0.013927915811241087,639,2013-07-19,82.87000274658203,83.72000122070312,82.68000030517578,83.72000122070312,62.157772064208984,10684800,0.013927915811241087,639,2013-07-19,82.87000274658203,83.72000122070312,82.68000030517578,83.72000122070312,62.157772064208984,10684800,0.013927915811241087
640,2013-07-22,83.5999984741211,83.83000183105469,83.37000274658203,83.44999694824219,61.95730209350586,6802300,-0.003225179475481177,640,2013-07-22,83.5999984741211,83.83000183105469,83.37000274658203,83.44999694824219,61.95730209350586,6802300,-0.003225179475481177,640,2013-07-22,83.5999984741211,83.83000183105469,83.37000274658203,83.44999694824219,61.95730209350586,6802300,-0.003225179475481177,640,2013-07-22,83.5999984741211,83.83000183105469,83.37000274658203,83.44999694824219,61.95730209350586,6802300,-0.003225179475481177,640,2013-07-22,83.5999984741211,83.83000183105469,83.37000274658203,83.44999694824219,61.95730209350586,6802300,-0.003225179475481177
641,2013-07-23,83.66000366210938,83.95999908447266,83.48999786376953,83.58999633789062,62.061248779296875,6009700,0.0016777148500453087,641,2013-07-23,83.66000366210938,83.95999908447266,83.48999786376953,83.58999633789062,62.061248779296875,6009700,0.0016777148500453087,641,2013-07-23,83.66000366210938,83.95999908447266,83.48999786376953,83.58999633789062,62.061248779296875,6009700,0.0016777148500453087,641,2013-07-23,83.66000366210938,83.95999908447266,83.48999786376953,83.58999633789062,62.061248779296875,6009700,0.0016777148500453087,641,2013-07-23,83.66000366210938,83.95999908447266,83.48999786376953,83.58999633789062,62.061248779296875,6009700,0.0016777148500453087
642,2013-07-24,83.68000030517578,83.73999786376953,82.23999786376953,82.66000366210938,61.370792388916016,9338600,-0.0111254027909794,642,2013-07-24,83.68000030517578,83.73999786376953,82.23999786376953,82.66000366210938,61.370792388916016,9338600,-0.0111254027909794,642,2013-07-24,83.68000030517578,83.73999786376953,82.23999786376953,82.66000366210938,61.370792388916016,9338600,-0.0111254027909794,642,2013-07-24,83.68000030517578,83.73999786376953,82.23999786376953,82.66000366210938,61.370792388916016,9338600,-0.0111254027909794,642,2013-07-24,83.68000030517578,83.73999786376953,82.23999786376953,82.66000366210938,61.370792388916016,9338600,-0.0111254027909794
643,2013-07-25,82.58999633789062,83.31999969482422,82.3499984741211,83.20999908447266,61.77912521362305,9621100,0.0066535367853712835,643,2013-07-25,82.58999633789062,83.31999969482422,82.3499984741211,83.20999908447266,61.77912521362305,9621100,0.0066535367853712835,643,2013-07-25,82.58999633789062,83.31999969482422,82.3499984741211,83.20999908447266,61.77912521362305,9621100,0.0066535367853712835,643,2013-07-25,82.58999633789062,83.31999969482422,82.3499984741211,83.20999908447266,61.77912521362305,9621100,0.0066535367853712835,643,2013-07-25,82.58999633789062,83.31999969482422,82.3499984741211,83.20999908447266,61.77912521362305,9621100,0.0066535367853712835
644,2013-07-26,82.83000183105469,83.05999755859375,82.27999877929688,83.0,61.623199462890625,6830100,-0.002523922930168676,644,2013-07-26,82.83000183105469,83.05999755859375,82.27999877929688,83.0,61.623199462890625,6830100,-0.002523922930168676,644,2013-07-26,82.83000183105469,83.05999755859375,82.27999877929688,83.0,61.623199462890625,6830100,-0.002523922930168676,644,2013-07-26,82.83000183105469,83.05999755859375,82.27999877929688,83.0,61.623199462890625,6830100,-0.002523922930168676,644,2013-07-26,82.83000183105469,83.05999755859375,82.27999877929688,83.0,61.623199462890625,6830100,-0.002523922930168676
645,2013-07-29,82.73999786376953,82.80999755859375,81.9800033569336,82.30999755859375,61.11090850830078,8293600,-0.00831328069712356,645,2013-07-29,82.73999786376953,82.80999755859375,81.9800033569336,82.30999755859375,61.11090850830078,8293600,-0.00831328069712356,645,2013-07-29,82.73999786376953,82.80999755859375,81.9800033569336,82.30999755859375,61.11090850830078,8293600,-0.00831328069712356,645,2013-07-29,82.73999786376953,82.80999755859375,81.9800033569336,82.30999755859375,61.11090850830078,8293600,-0.00831328069712356,645,2013-07-29,82.73999786376953,82.80999755859375,81.9800033569336,82.30999755859375,61.11090850830078,8293600,-0.00831328069712356
646,2013-07-30,82.33000183105469,82.5,81.68000030517578,82.1500015258789,60.992130279541016,7935200,-0.001943650187161472,646,2013-07-30,82.33000183105469,82.5,81.68000030517578,82.1500015258789,60.992130279541016,7935200,-0.001943650187161472,646,2013-07-30,82.33000183105469,82.5,81.68000030517578,82.1500015258789,60.992130279541016,7935200,-0.001943650187161472,646,2013-07-30,82.33000183105469,82.5,81.68000030517578,82.1500015258789,60.992130279541016,7935200,-0.001943650187161472,646,2013-07-30,82.33000183105469,82.5,81.68000030517578,82.1500015258789,60.992130279541016,7935200,-0.001943650187161472
647,2013-07-31,82.30000305175781,83.0199966430664,82.23999786376953,82.41999816894531,61.19259262084961,11247500,0.0032866919123799576,647,2013-07-31,82.30000305175781,83.0199966430664,82.23999786376953,82.41999816894531,61.19259262084961,11247500,0.0032866919123799576,647,2013-07-31,82.30000305175781,83.0199966430664,82.23999786376953,82.41999816894531,61.19259262084961,11247500,0.0032866919123799576,647,2013-07-31,82.30000305175781,83.0199966430664,82.23999786376953,82.41999816894531,61.19259262084961,11247500,0.0032866919123799576,647,2013-07-31,82.30000305175781,83.0199966430664,82.23999786376953,82.41999816894531,61.19259262084961,11247500,0.0032866919123799576
648,2013-08-01,83.08999633789062,83.8499984741211,83.05999755859375,83.76000213623047,62.187469482421875,10646700,0.016258125680938873,648,2013-08-01,83.08999633789062,83.8499984741211,83.05999755859375,83.76000213623047,62.187469482421875,10646700,0.016258125680938873,648,2013-08-01,83.08999633789062,83.8499984741211,83.05999755859375,83.76000213623047,62.187469482421875,10646700,0.016258125680938873,648,2013-08-01,83.08999633789062,83.8499984741211,83.05999755859375,83.76000213623047,62.187469482421875,10646700,0.016258125680938873,648,2013-08-01,83.08999633789062,83.8499984741211,83.05999755859375,83.76000213623047,62.187469482421875,10646700,0.016258125680938873
649,2013-08-02,83.44999694824219,83.5,82.8499984741211,83.38999938964844,61.91276168823242,8185500,-0.004417413933639813,649,2013-08-02,83.44999694824219,83.5,82.8499984741211,83.38999938964844,61.91276168823242,8185500,-0.004417413933639813,649,2013-08-02,83.44999694824219,83.5,82.8499984741211,83.38999938964844,61.91276168823242,8185500,-0.004417413933639813,649,2013-08-02,83.44999694824219,83.5,82.8499984741211,83.38999938964844,61.91276168823242,8185500,-0.004417413933639813,649,2013-08-02,83.44999694824219,83.5,82.8499984741211,83.38999938964844,61.91276168823242,8185500,-0.004417413933639813
650,2013-08-05,83.08999633789062,83.25,82.7699966430664,83.19000244140625,61.764278411865234,5191000,-0.002398266081472644,650,2013-08-05,83.08999633789062,83.25,82.7699966430664,83.19000244140625,61.764278411865234,5191000,-0.002398266081472644,650,2013-08-05,83.08999633789062,83.25,82.7699966430664,83.19000244140625,61.764278411865234,5191000,-0.002398266081472644,650,2013-08-05,83.08999633789062,83.25,82.7699966430664,83.19000244140625,61.764278411865234,5191000,-0.002398266081472644,650,2013-08-05,83.08999633789062,83.25,82.7699966430664,83.19000244140625,61.764278411865234,5191000,-0.002398266081472644
651,2013-08-06,82.98999786376953,83.4000015258789,82.44999694824219,82.68000030517578,61.38563537597656,6494400,-0.006130453485811871,651,2013-08-06,82.98999786376953,83.4000015258789,82.44999694824219,82.68000030517578,61.38563537597656,6494400,-0.006130453485811871,651,2013-08-06,82.98999786376953,83.4000015258789,82.44999694824219,82.68000030517578,61.38563537597656,6494400,-0.006130453485811871,651,2013-08-06,82.98999786376953,83.4000015258789,82.44999694824219,82.68000030517578,61.38563537597656,6494400,-0.006130453485811871,651,2013-08-06,82.98999786376953,83.4000015258789,82.44999694824219,82.68000030517578,61.38563537597656,6494400,-0.006130453485811871
652,2013-08-07,82.44999694824219,82.69999694824219,82.05000305175781,82.38999938964844,61.17031478881836,7033600,-0.0035076705786198925,652,2013-08-07,82.44999694824219,82.69999694824219,82.05000305175781,82.38999938964844,61.17031478881836,7033600,-0.0035076705786198925,652,2013-08-07,82.44999694824219,82.69999694824219,82.05000305175781,82.38999938964844,61.17031478881836,7033600,-0.0035076705786198925,652,2013-08-07,82.44999694824219,82.69999694824219,82.05000305175781,82.38999938964844,61.17031478881836,7033600,-0.0035076705786198925,652,2013-08-07,82.44999694824219,82.69999694824219,82.05000305175781,82.38999938964844,61.17031478881836,7033600,-0.0035076705786198925
653,2013-08-08,82.79000091552734,83.0199966430664,82.12000274658203,82.83999633789062,61.50441360473633,6739300,0.005461780229043978,653,2013-08-08,82.79000091552734,83.0199966430664,82.12000274658203,82.83999633789062,61.50441360473633,6739300,0.005461780229043978,653,2013-08-08,82.79000091552734,83.0199966430664,82.12000274658203,82.83999633789062,61.50441360473633,6739300,0.005461780229043978,653,2013-08-08,82.79000091552734,83.0199966430664,82.12000274658203,82.83999633789062,61.50441360473633,6739300,0.005461780229043978,653,2013-08-08,82.79000091552734,83.0199966430664,82.12000274658203,82.83999633789062,61.50441360473633,6739300,0.005461780229043978
654,2013-08-09,82.81999969482422,83.01000213623047,82.19000244140625,82.58999633789062,61.31880569458008,9815000,-0.00301779822419046,654,2013-08-09,82.81999969482422,83.01000213623047,82.19000244140625,82.58999633789062,61.31880569458008,9815000,-0.00301779822419046,654,2013-08-09,82.81999969482422,83.01000213623047,82.19000244140625,82.58999633789062,61.31880569458008,9815000,-0.00301779822419046,654,2013-08-09,82.81999969482422,83.01000213623047,82.19000244140625,82.58999633789062,61.31880569458008,9815000,-0.00301779822419046,654,2013-08-09,82.81999969482422,83.01000213623047,82.19000244140625,82.58999633789062,61.31880569458008,9815000,-0.00301779822419046
655,2013-08-12,82.02999877929688,82.55999755859375,82.0,82.23999786376953,61.0589485168457,6313500,-0.004237805593094612,655,2013-08-12,82.02999877929688,82.55999755859375,82.0,82.23999786376953,61.0589485168457,6313500,-0.004237805593094612,655,2013-08-12,82.02999877929688,82.55999755859375,82.0,82.23999786376953,61.0589485168457,6313500,-0.004237805593094612,655,2013-08-12,82.02999877929688,82.55999755859375,82.0,82.23999786376953,61.0589485168457,6313500,-0.004237805593094612,655,2013-08-12,82.02999877929688,82.55999755859375,82.0,82.23999786376953,61.0589485168457,6313500,-0.004237805593094612
656,2013-08-13,82.31999969482422,82.58000183105469,81.86000061035156,82.38999938964844,61.17031478881836,6916300,0.0018239140155178468,656,2013-08-13,82.31999969482422,82.58000183105469,81.86000061035156,82.38999938964844,61.17031478881836,6916300,0.0018239140155178468,656,2013-08-13,82.31999969482422,82.58000183105469,81.86000061035156,82.38999938964844,61.17031478881836,6916300,0.0018239140155178468,656,2013-08-13,82.31999969482422,82.58000183105469,81.86000061035156,82.38999938964844,61.17031478881836,6916300,0.0018239140155178468,656,2013-08-13,82.31999969482422,82.58000183105469,81.86000061035156,82.38999938964844,61.17031478881836,6916300,0.0018239140155178468
657,2013-08-14,82.19999694824219,82.55000305175781,81.94999694824219,82.01000213623047,60.888187408447266,6212500,-0.004612161656272318,657,2013-08-14,82.19999694824219,82.55000305175781,81.94999694824219,82.01000213623047,60.888187408447266,6212500,-0.004612161656272318,657,2013-08-14,82.19999694824219,82.55000305175781,81.94999694824219,82.01000213623047,60.888187408447266,6212500,-0.004612161656272318,657,2013-08-14,82.19999694824219,82.55000305175781,81.94999694824219,82.01000213623047,60.888187408447266,6212500,-0.004612161656272318,657,2013-08-14,82.19999694824219,82.55000305175781,81.94999694824219,82.01000213623047,60.888187408447266,6212500,-0.004612161656272318
658,2013-08-15,81.5,81.91999816894531,81.19999694824219,81.55999755859375,60.554073333740234,10819000,-0.005487338167348366,658,2013-08-15,81.5,81.91999816894531,81.19999694824219,81.55999755859375,60.554073333740234,10819000,-0.005487338167348366,658,2013-08-15,81.5,81.91999816894531,81.19999694824219,81.55999755859375,60.554073333740234,10819000,-0.005487338167348366,658,2013-08-15,81.5,81.91999816894531,81.19999694824219,81.55999755859375,60.554073333740234,10819000,-0.005487338167348366,658,2013-08-15,81.5,81.91999816894531,81.19999694824219,81.55999755859375,60.554073333740234,10819000,-0.005487338167348366
659,2013-08-16,81.4000015258789,81.52999877929688,80.91000366210938,81.2300033569336,60.30908203125,8950400,-0.0040458269609705555,659,2013-08-16,81.4000015258789,81.52999877929688,80.91000366210938,81.2300033569336,60.30908203125,8950400,-0.0040458269609705555,659,2013-08-16,81.4000015258789,81.52999877929688,80.91000366210938,81.2300033569336,60.30908203125,8950400,-0.0040458269609705555,659,2013-08-16,81.4000015258789,81.52999877929688,80.91000366210938,81.2300033569336,60.30908203125,8950400,-0.0040458269609705555,659,2013-08-16,81.4000015258789,81.52999877929688,80.91000366210938,81.2300033569336,60.30908203125,8950400,-0.0040458269609705555
660,2013-08-19,81.02999877929688,81.12000274658203,79.88999938964844,79.94000244140625,59.35133743286133,10847400,-0.01588060315513351,660,2013-08-19,81.02999877929688,81.12000274658203,79.88999938964844,79.94000244140625,59.35133743286133,10847400,-0.01588060315513351,660,2013-08-19,81.02999877929688,81.12000274658203,79.88999938964844,79.94000244140625,59.35133743286133,10847400,-0.01588060315513351,660,2013-08-19,81.02999877929688,81.12000274658203,79.88999938964844,79.94000244140625,59.35133743286133,10847400,-0.01588060315513351,660,2013-08-19,81.02999877929688,81.12000274658203,79.88999938964844,79.94000244140625,59.35133743286133,10847400,-0.01588060315513351
661,2013-08-20,79.9800033569336,83.0,79.8499984741211,80.43000030517578,59.71510314941406,9035600,0.006129023073224493,661,2013-08-20,79.9800033569336,83.0,79.8499984741211,80.43000030517578,59.71510314941406,9035600,0.006129023073224493,661,2013-08-20,79.9800033569336,83.0,79.8499984741211,80.43000030517578,59.71510314941406,9035600,0.006129023073224493,661,2013-08-20,79.9800033569336,83.0,79.8499984741211,80.43000030517578,59.71510314941406,9035600,0.006129023073224493,661,2013-08-20,79.9800033569336,83.0,79.8499984741211,80.43000030517578,59.71510314941406,9035600,0.006129023073224493
662,2013-08-21,80.20999908447266,80.69000244140625,79.83000183105469,79.98999786376953,59.388450622558594,9487900,-0.005470182744860108,662,2013-08-21,80.20999908447266,80.69000244140625,79.83000183105469,79.98999786376953,59.388450622558594,9487900,-0.005470182744860108,662,2013-08-21,80.20999908447266,80.69000244140625,79.83000183105469,79.98999786376953,59.388450622558594,9487900,-0.005470182744860108,662,2013-08-21,80.20999908447266,80.69000244140625,79.83000183105469,79.98999786376953,59.388450622558594,9487900,-0.005470182744860108,662,2013-08-21,80.20999908447266,80.69000244140625,79.83000183105469,79.98999786376953,59.388450622558594,9487900,-0.005470182744860108
663,2013-08-22,80.3499984741211,81.5,80.18000030517578,81.18000030517578,60.27197265625,8337200,0.014877000905556548,663,2013-08-22,80.3499984741211,81.5,80.18000030517578,81.18000030517578,60.27197265625,8337200,0.014877000905556548,663,2013-08-22,80.3499984741211,81.5,80.18000030517578,81.18000030517578,60.27197265625,8337200,0.014877000905556548,663,2013-08-22,80.3499984741211,81.5,80.18000030517578,81.18000030517578,60.27197265625,8337200,0.014877000905556548,663,2013-08-22,80.3499984741211,81.5,80.18000030517578,81.18000030517578,60.27197265625,8337200,0.014877000905556548
664,2013-08-23,81.44000244140625,81.88999938964844,80.94999694824219,81.76000213623047,60.70258331298828,7392500,0.007144459319328833,664,2013-08-23,81.44000244140625,81.88999938964844,80.94999694824219,81.76000213623047,60.70258331298828,7392500,0.007144459319328833,664,2013-08-23,81.44000244140625,81.88999938964844,80.94999694824219,81.76000213623047,60.70258331298828,7392500,0.007144459319328833,664,2013-08-23,81.44000244140625,81.88999938964844,80.94999694824219,81.76000213623047,60.70258331298828,7392500,0.007144459319328833,664,2013-08-23,81.44000244140625,81.88999938964844,80.94999694824219,81.76000213623047,60.70258331298828,7392500,0.007144459319328833
665,2013-08-26,81.98999786376953,82.30999755859375,81.45999908447266,81.62000274658203,60.598636627197266,7262000,-0.0017123931160402117,665,2013-08-26,81.98999786376953,82.30999755859375,81.45999908447266,81.62000274658203,60.598636627197266,7262000,-0.0017123931160402117,665,2013-08-26,81.98999786376953,82.30999755859375,81.45999908447266,81.62000274658203,60.598636627197266,7262000,-0.0017123931160402117,665,2013-08-26,81.98999786376953,82.30999755859375,81.45999908447266,81.62000274658203,60.598636627197266,7262000,-0.0017123931160402117,665,2013-08-26,81.98999786376953,82.30999755859375,81.45999908447266,81.62000274658203,60.598636627197266,7262000,-0.0017123931160402117
666,2013-08-27,81.0199966430664,81.69999694824219,80.94999694824219,81.11000061035156,60.219974517822266,10200500,-0.006248690242068089,666,2013-08-27,81.0199966430664,81.69999694824219,80.94999694824219,81.11000061035156,60.219974517822266,10200500,-0.006248690242068089,666,2013-08-27,81.0199966430664,81.69999694824219,80.94999694824219,81.11000061035156,60.219974517822266,10200500,-0.006248690242068089,666,2013-08-27,81.0199966430664,81.69999694824219,80.94999694824219,81.11000061035156,60.219974517822266,10200500,-0.006248690242068089,666,2013-08-27,81.0199966430664,81.69999694824219,80.94999694824219,81.11000061035156,60.219974517822266,10200500,-0.006248690242068089
667,2013-08-28,81.37000274658203,82.77999877929688,81.33999633789062,82.45999908447266,61.22230911254883,11898200,0.016644553617835234,667,2013-08-28,81.37000274658203,82.77999877929688,81.33999633789062,82.45999908447266,61.22230911254883,11898200,0.016644553617835234,667,2013-08-28,81.37000274658203,82.77999877929688,81.33999633789062,82.45999908447266,61.22230911254883,11898200,0.016644553617835234,667,2013-08-28,81.37000274658203,82.77999877929688,81.33999633789062,82.45999908447266,61.22230911254883,11898200,0.016644553617835234,667,2013-08-28,81.37000274658203,82.77999877929688,81.33999633789062,82.45999908447266,61.22230911254883,11898200,0.016644553617835234
668,2013-08-29,82.30999755859375,82.36000061035156,81.45999908447266,81.5999984741211,60.58378601074219,11408800,-0.010429582141908478,668,2013-08-29,82.30999755859375,82.36000061035156,81.45999908447266,81.5999984741211,60.58378601074219,11408800,-0.010429582141908478,668,2013-08-29,82.30999755859375,82.36000061035156,81.45999908447266,81.5999984741211,60.58378601074219,11408800,-0.010429582141908478,668,2013-08-29,82.30999755859375,82.36000061035156,81.45999908447266,81.5999984741211,60.58378601074219,11408800,-0.010429582141908478,668,2013-08-29,82.30999755859375,82.36000061035156,81.45999908447266,81.5999984741211,60.58378601074219,11408800,-0.010429582141908478
669,2013-08-30,81.91000366210938,82.01000213623047,81.37000274658203,81.56999969482422,60.5615119934082,8541300,-0.00036765641107394664,669,2013-08-30,81.91000366210938,82.01000213623047,81.37000274658203,81.56999969482422,60.5615119934082,8541300,-0.00036765641107394664,669,2013-08-30,81.91000366210938,82.01000213623047,81.37000274658203,81.56999969482422,60.5615119934082,8541300,-0.00036765641107394664,669,2013-08-30,81.91000366210938,82.01000213623047,81.37000274658203,81.56999969482422,60.5615119934082,8541300,-0.00036765641107394664,669,2013-08-30,81.91000366210938,82.01000213623047,81.37000274658203,81.56999969482422,60.5615119934082,8541300,-0.00036765641107394664
670,2013-09-03,82.38999938964844,82.68000030517578,81.7699966430664,82.16999816894531,61.00697708129883,8634400,0.007355580685289187,670,2013-09-03,82.38999938964844,82.68000030517578,81.7699966430664,82.16999816894531,61.00697708129883,8634400,0.007355580685289187,670,2013-09-03,82.38999938964844,82.68000030517578,81.7699966430664,82.16999816894531,61.00697708129883,8634400,0.007355580685289187,670,2013-09-03,82.38999938964844,82.68000030517578,81.7699966430664,82.16999816894531,61.00697708129883,8634400,0.007355580685289187,670,2013-09-03,82.38999938964844,82.68000030517578,81.7699966430664,82.16999816894531,61.00697708129883,8634400,0.007355580685289187
671,2013-09-04,82.06999969482422,82.86000061035156,81.88999938964844,82.61000061035156,61.33365249633789,7490000,0.005354722208309459,671,2013-09-04,82.06999969482422,82.86000061035156,81.88999938964844,82.61000061035156,61.33365249633789,7490000,0.005354722208309459,671,2013-09-04,82.06999969482422,82.86000061035156,81.88999938964844,82.61000061035156,61.33365249633789,7490000,0.005354722208309459,671,2013-09-04,82.06999969482422,82.86000061035156,81.88999938964844,82.61000061035156,61.33365249633789,7490000,0.005354722208309459,671,2013-09-04,82.06999969482422,82.86000061035156,81.88999938964844,82.61000061035156,61.33365249633789,7490000,0.005354722208309459
672,2013-09-05,82.7699966430664,83.2699966430664,82.7300033569336,82.88999938964844,61.54154968261719,6115100,0.0033896103984956127,672,2013-09-05,82.7699966430664,83.2699966430664,82.7300033569336,82.88999938964844,61.54154968261719,6115100,0.0033896103984956127,672,2013-09-05,82.7699966430664,83.2699966430664,82.7300033569336,82.88999938964844,61.54154968261719,6115100,0.0033896103984956127,672,2013-09-05,82.7699966430664,83.2699966430664,82.7300033569336,82.88999938964844,61.54154968261719,6115100,0.0033896103984956127,672,2013-09-05,82.7699966430664,83.2699966430664,82.7300033569336,82.88999938964844,61.54154968261719,6115100,0.0033896103984956127
673,2013-09-06,83.22000122070312,83.52999877929688,82.30999755859375,82.87999725341797,61.53409957885742,8023100,-0.00012105811111662312,673,2013-09-06,83.22000122070312,83.52999877929688,82.30999755859375,82.87999725341797,61.53409957885742,8023100,-0.00012105811111662312,673,2013-09-06,83.22000122070312,83.52999877929688,82.30999755859375,82.87999725341797,61.53409957885742,8023100,-0.00012105811111662312,673,2013-09-06,83.22000122070312,83.52999877929688,82.30999755859375,82.87999725341797,61.53409957885742,8023100,-0.00012105811111662312,673,2013-09-06,83.22000122070312,83.52999877929688,82.30999755859375,82.87999725341797,61.53409957885742,8023100,-0.00012105811111662312
674,2013-09-09,83.18000030517578,83.91000366210938,83.05999755859375,83.80999755859375,62.224571228027344,8434900,0.011220959661318641,674,2013-09-09,83.18000030517578,83.91000366210938,83.05999755859375,83.80999755859375,62.224571228027344,8434900,0.011220959661318641,674,2013-09-09,83.18000030517578,83.91000366210938,83.05999755859375,83.80999755859375,62.224571228027344,8434900,0.011220959661318641,674,2013-09-09,83.18000030517578,83.91000366210938,83.05999755859375,83.80999755859375,62.224571228027344,8434900,0.011220959661318641,674,2013-09-09,83.18000030517578,83.91000366210938,83.05999755859375,83.80999755859375,62.224571228027344,8434900,0.011220959661318641
675,2013-09-10,83.9000015258789,83.95999908447266,83.12000274658203,83.83999633789062,62.24685287475586,9152200,0.00035808437549311734,675,2013-09-10,83.9000015258789,83.95999908447266,83.12000274658203,83.83999633789062,62.24685287475586,9152200,0.00035808437549311734,675,2013-09-10,83.9000015258789,83.95999908447266,83.12000274658203,83.83999633789062,62.24685287475586,9152200,0.00035808437549311734,675,2013-09-10,83.9000015258789,83.95999908447266,83.12000274658203,83.83999633789062,62.24685287475586,9152200,0.00035808437549311734,675,2013-09-10,83.9000015258789,83.95999908447266,83.12000274658203,83.83999633789062,62.24685287475586,9152200,0.00035808437549311734
676,2013-09-11,83.83000183105469,84.4800033569336,83.44999694824219,84.4800033569336,62.72203826904297,10700200,0.007633886250333122,676,2013-09-11,83.83000183105469,84.4800033569336,83.44999694824219,84.4800033569336,62.72203826904297,10700200,0.007633886250333122,676,2013-09-11,83.83000183105469,84.4800033569336,83.44999694824219,84.4800033569336,62.72203826904297,10700200,0.007633886250333122,676,2013-09-11,83.83000183105469,84.4800033569336,83.44999694824219,84.4800033569336,62.72203826904297,10700200,0.007633886250333122,676,2013-09-11,83.83000183105469,84.4800033569336,83.44999694824219,84.4800033569336,62.72203826904297,10700200,0.007633886250333122
677,2013-09-12,84.30999755859375,84.55999755859375,83.91999816894531,83.9800033569336,62.350826263427734,10702400,-0.005918366428446453,677,2013-09-12,84.30999755859375,84.55999755859375,83.91999816894531,83.9800033569336,62.350826263427734,10702400,-0.005918366428446453,677,2013-09-12,84.30999755859375,84.55999755859375,83.91999816894531,83.9800033569336,62.350826263427734,10702400,-0.005918366428446453,677,2013-09-12,84.30999755859375,84.55999755859375,83.91999816894531,83.9800033569336,62.350826263427734,10702400,-0.005918366428446453,677,2013-09-12,84.30999755859375,84.55999755859375,83.91999816894531,83.9800033569336,62.350826263427734,10702400,-0.005918366428446453
678,2013-09-13,84.05000305175781,84.27999877929688,83.80000305175781,83.94999694824219,62.32853698730469,5979000,-0.0003574816479395837,678,2013-09-13,84.05000305175781,84.27999877929688,83.80000305175781,83.94999694824219,62.32853698730469,5979000,-0.0003574816479395837,678,2013-09-13,84.05000305175781,84.27999877929688,83.80000305175781,83.94999694824219,62.32853698730469,5979000,-0.0003574816479395837,678,2013-09-13,84.05000305175781,84.27999877929688,83.80000305175781,83.94999694824219,62.32853698730469,5979000,-0.0003574816479395837,678,2013-09-13,84.05000305175781,84.27999877929688,83.80000305175781,83.94999694824219,62.32853698730469,5979000,-0.0003574816479395837
679,2013-09-16,84.5999984741211,84.66000366210938,83.80999755859375,83.93000030517578,62.31368637084961,8056300,-0.00023826351736933038,679,2013-09-16,84.5999984741211,84.66000366210938,83.80999755859375,83.93000030517578,62.31368637084961,8056300,-0.00023826351736933038,679,2013-09-16,84.5999984741211,84.66000366210938,83.80999755859375,83.93000030517578,62.31368637084961,8056300,-0.00023826351736933038,679,2013-09-16,84.5999984741211,84.66000366210938,83.80999755859375,83.93000030517578,62.31368637084961,8056300,-0.00023826351736933038,679,2013-09-16,84.5999984741211,84.66000366210938,83.80999755859375,83.93000030517578,62.31368637084961,8056300,-0.00023826351736933038
680,2013-09-17,83.94999694824219,84.55000305175781,83.83999633789062,84.30999755859375,62.5958251953125,5421900,0.004527718401761582,680,2013-09-17,83.94999694824219,84.55000305175781,83.83999633789062,84.30999755859375,62.5958251953125,5421900,0.004527718401761582,680,2013-09-17,83.94999694824219,84.55000305175781,83.83999633789062,84.30999755859375,62.5958251953125,5421900,0.004527718401761582,680,2013-09-17,83.94999694824219,84.55000305175781,83.83999633789062,84.30999755859375,62.5958251953125,5421900,0.004527718401761582,680,2013-09-17,83.94999694824219,84.55000305175781,83.83999633789062,84.30999755859375,62.5958251953125,5421900,0.004527718401761582
681,2013-09-18,84.29000091552734,85.68000030517578,84.04000091552734,85.33000183105469,63.35311508178711,11156600,0.012098089355187858,681,2013-09-18,84.29000091552734,85.68000030517578,84.04000091552734,85.33000183105469,63.35311508178711,11156600,0.012098089355187858,681,2013-09-18,84.29000091552734,85.68000030517578,84.04000091552734,85.33000183105469,63.35311508178711,11156600,0.012098089355187858,681,2013-09-18,84.29000091552734,85.68000030517578,84.04000091552734,85.33000183105469,63.35311508178711,11156600,0.012098089355187858,681,2013-09-18,84.29000091552734,85.68000030517578,84.04000091552734,85.33000183105469,63.35311508178711,11156600,0.012098089355187858
682,2013-09-19,85.45999908447266,85.73999786376953,84.97000122070312,85.12000274658203,63.197200775146484,9138500,-0.0024610361533027314,682,2013-09-19,85.45999908447266,85.73999786376953,84.97000122070312,85.12000274658203,63.197200775146484,9138500,-0.0024610361533027314,682,2013-09-19,85.45999908447266,85.73999786376953,84.97000122070312,85.12000274658203,63.197200775146484,9138500,-0.0024610361533027314,682,2013-09-19,85.45999908447266,85.73999786376953,84.97000122070312,85.12000274658203,63.197200775146484,9138500,-0.0024610361533027314,682,2013-09-19,85.45999908447266,85.73999786376953,84.97000122070312,85.12000274658203,63.197200775146484,9138500,-0.0024610361533027314
683,2013-09-20,84.77999877929688,84.98999786376953,83.87999725341797,84.04000091552734,62.684776306152344,13973900,-0.008108341235196992,683,2013-09-20,84.77999877929688,84.98999786376953,83.87999725341797,84.04000091552734,62.684776306152344,13973900,-0.008108341235196992,683,2013-09-20,84.77999877929688,84.98999786376953,83.87999725341797,84.04000091552734,62.684776306152344,13973900,-0.008108341235196992,683,2013-09-20,84.77999877929688,84.98999786376953,83.87999725341797,84.04000091552734,62.684776306152344,13973900,-0.008108341235196992,683,2013-09-20,84.77999877929688,84.98999786376953,83.87999725341797,84.04000091552734,62.684776306152344,13973900,-0.008108341235196992
684,2013-09-23,83.81999969482422,84.01000213623047,83.38999938964844,83.62999725341797,62.378963470458984,8520100,-0.00487858222863824,684,2013-09-23,83.81999969482422,84.01000213623047,83.38999938964844,83.62999725341797,62.378963470458984,8520100,-0.00487858222863824,684,2013-09-23,83.81999969482422,84.01000213623047,83.38999938964844,83.62999725341797,62.378963470458984,8520100,-0.00487858222863824,684,2013-09-23,83.81999969482422,84.01000213623047,83.38999938964844,83.62999725341797,62.378963470458984,8520100,-0.00487858222863824,684,2013-09-23,83.81999969482422,84.01000213623047,83.38999938964844,83.62999725341797,62.378963470458984,8520100,-0.00487858222863824
685,2013-09-24,83.61000061035156,84.33000183105469,83.37000274658203,83.70999908447266,62.438629150390625,5540400,0.0009565032282059516,685,2013-09-24,83.61000061035156,84.33000183105469,83.37000274658203,83.70999908447266,62.438629150390625,5540400,0.0009565032282059516,685,2013-09-24,83.61000061035156,84.33000183105469,83.37000274658203,83.70999908447266,62.438629150390625,5540400,0.0009565032282059516,685,2013-09-24,83.61000061035156,84.33000183105469,83.37000274658203,83.70999908447266,62.438629150390625,5540400,0.0009565032282059516,685,2013-09-24,83.61000061035156,84.33000183105469,83.37000274658203,83.70999908447266,62.438629150390625,5540400,0.0009565032282059516
686,2013-09-25,83.94999694824219,84.20999908447266,83.66999816894531,83.69000244140625,62.4236946105957,11193700,-0.00023918750296314517,686,2013-09-25,83.94999694824219,84.20999908447266,83.66999816894531,83.69000244140625,62.4236946105957,11193700,-0.00023918750296314517,686,2013-09-25,83.94999694824219,84.20999908447266,83.66999816894531,83.69000244140625,62.4236946105957,11193700,-0.00023918750296314517,686,2013-09-25,83.94999694824219,84.20999908447266,83.66999816894531,83.69000244140625,62.4236946105957,11193700,-0.00023918750296314517,686,2013-09-25,83.94999694824219,84.20999908447266,83.66999816894531,83.69000244140625,62.4236946105957,11193700,-0.00023918750296314517
687,2013-09-26,83.9000015258789,84.02999877929688,83.44000244140625,83.83999633789062,62.53559112548828,7720200,0.0017925327167929161,687,2013-09-26,83.9000015258789,84.02999877929688,83.44000244140625,83.83999633789062,62.53559112548828,7720200,0.0017925327167929161,687,2013-09-26,83.9000015258789,84.02999877929688,83.44000244140625,83.83999633789062,62.53559112548828,7720200,0.0017925327167929161,687,2013-09-26,83.9000015258789,84.02999877929688,83.44000244140625,83.83999633789062,62.53559112548828,7720200,0.0017925327167929161,687,2013-09-26,83.9000015258789,84.02999877929688,83.44000244140625,83.83999633789062,62.53559112548828,7720200,0.0017925327167929161
688,2013-09-27,83.48999786376953,83.66000366210938,83.22000122070312,83.55000305175781,62.31929397583008,7171000,-0.0034587847618513523,688,2013-09-27,83.48999786376953,83.66000366210938,83.22000122070312,83.55000305175781,62.31929397583008,7171000,-0.0034587847618513523,688,2013-09-27,83.48999786376953,83.66000366210938,83.22000122070312,83.55000305175781,62.31929397583008,7171000,-0.0034587847618513523,688,2013-09-27,83.48999786376953,83.66000366210938,83.22000122070312,83.55000305175781,62.31929397583008,7171000,-0.0034587847618513523,688,2013-09-27,83.48999786376953,83.66000366210938,83.22000122070312,83.55000305175781,62.31929397583008,7171000,-0.0034587847618513523
689,2013-09-30,82.54000091552734,83.19999694824219,82.38999938964844,82.91000366210938,61.84192657470703,10433200,-0.007660025822952776,689,2013-09-30,82.54000091552734,83.19999694824219,82.38999938964844,82.91000366210938,61.84192657470703,10433200,-0.007660025822952776,689,2013-09-30,82.54000091552734,83.19999694824219,82.38999938964844,82.91000366210938,61.84192657470703,10433200,-0.007660025822952776,689,2013-09-30,82.54000091552734,83.19999694824219,82.38999938964844,82.91000366210938,61.84192657470703,10433200,-0.007660025822952776,689,2013-09-30,82.54000091552734,83.19999694824219,82.38999938964844,82.91000366210938,61.84192657470703,10433200,-0.007660025822952776
690,2013-10-01,82.68000030517578,83.66000366210938,82.63999938964844,83.44000244140625,62.23722839355469,10844100,0.006392132987159016,690,2013-10-01,82.68000030517578,83.66000366210938,82.63999938964844,83.44000244140625,62.23722839355469,10844100,0.006392132987159016,690,2013-10-01,82.68000030517578,83.66000366210938,82.63999938964844,83.44000244140625,62.23722839355469,10844100,0.006392132987159016,690,2013-10-01,82.68000030517578,83.66000366210938,82.63999938964844,83.44000244140625,62.23722839355469,10844100,0.006392132987159016,690,2013-10-01,82.68000030517578,83.66000366210938,82.63999938964844,83.44000244140625,62.23722839355469,10844100,0.006392132987159016
691,2013-10-02,83.08999633789062,83.7300033569336,82.6500015258789,83.62999725341797,62.378963470458984,7714200,0.002277335938034364,691,2013-10-02,83.08999633789062,83.7300033569336,82.6500015258789,83.62999725341797,62.378963470458984,7714200,0.002277335938034364,691,2013-10-02,83.08999633789062,83.7300033569336,82.6500015258789,83.62999725341797,62.378963470458984,7714200,0.002277335938034364,691,2013-10-02,83.08999633789062,83.7300033569336,82.6500015258789,83.62999725341797,62.378963470458984,7714200,0.002277335938034364,691,2013-10-02,83.08999633789062,83.7300033569336,82.6500015258789,83.62999725341797,62.378963470458984,7714200,0.002277335938034364
692,2013-10-03,83.55000305175781,83.5999984741211,82.5,82.9000015258789,61.83447265625,10140100,-0.008728757002620657,692,2013-10-03,83.55000305175781,83.5999984741211,82.5,82.9000015258789,61.83447265625,10140100,-0.008728757002620657,692,2013-10-03,83.55000305175781,83.5999984741211,82.5,82.9000015258789,61.83447265625,10140100,-0.008728757002620657,692,2013-10-03,83.55000305175781,83.5999984741211,82.5,82.9000015258789,61.83447265625,10140100,-0.008728757002620657,692,2013-10-03,83.55000305175781,83.5999984741211,82.5,82.9000015258789,61.83447265625,10140100,-0.008728757002620657
693,2013-10-04,83.08000183105469,83.95999908447266,82.72000122070312,83.73999786376953,62.46099853515625,9313100,0.010132307303552635,693,2013-10-04,83.08000183105469,83.95999908447266,82.72000122070312,83.73999786376953,62.46099853515625,9313100,0.010132307303552635,693,2013-10-04,83.08000183105469,83.95999908447266,82.72000122070312,83.73999786376953,62.46099853515625,9313100,0.010132307303552635,693,2013-10-04,83.08000183105469,83.95999908447266,82.72000122070312,83.73999786376953,62.46099853515625,9313100,0.010132307303552635,693,2013-10-04,83.08000183105469,83.95999908447266,82.72000122070312,83.73999786376953,62.46099853515625,9313100,0.010132307303552635
694,2013-10-07,82.87000274658203,83.58000183105469,82.7699966430664,83.05000305175781,61.94633483886719,7928700,-0.008239760944573793,694,2013-10-07,82.87000274658203,83.58000183105469,82.7699966430664,83.05000305175781,61.94633483886719,7928700,-0.008239760944573793,694,2013-10-07,82.87000274658203,83.58000183105469,82.7699966430664,83.05000305175781,61.94633483886719,7928700,-0.008239760944573793,694,2013-10-07,82.87000274658203,83.58000183105469,82.7699966430664,83.05000305175781,61.94633483886719,7928700,-0.008239760944573793,694,2013-10-07,82.87000274658203,83.58000183105469,82.7699966430664,83.05000305175781,61.94633483886719,7928700,-0.008239760944573793
695,2013-10-08,83.08000183105469,83.26000213623047,82.08000183105469,82.16000366210938,61.282508850097656,10573400,-0.010716146330469023,695,2013-10-08,83.08000183105469,83.26000213623047,82.08000183105469,82.16000366210938,61.282508850097656,10573400,-0.010716146330469023,695,2013-10-08,83.08000183105469,83.26000213623047,82.08000183105469,82.16000366210938,61.282508850097656,10573400,-0.010716146330469023,695,2013-10-08,83.08000183105469,83.26000213623047,82.08000183105469,82.16000366210938,61.282508850097656,10573400,-0.010716146330469023,695,2013-10-08,83.08000183105469,83.26000213623047,82.08000183105469,82.16000366210938,61.282508850097656,10573400,-0.010716146330469023
696,2013-10-09,82.16000366210938,82.2300033569336,81.30999755859375,81.87000274658203,61.066200256347656,13109700,-0.0035296954679043813,696,2013-10-09,82.16000366210938,82.2300033569336,81.30999755859375,81.87000274658203,61.066200256347656,13109700,-0.0035296954679043813,696,2013-10-09,82.16000366210938,82.2300033569336,81.30999755859375,81.87000274658203,61.066200256347656,13109700,-0.0035296954679043813,696,2013-10-09,82.16000366210938,82.2300033569336,81.30999755859375,81.87000274658203,61.066200256347656,13109700,-0.0035296954679043813,696,2013-10-09,82.16000366210938,82.2300033569336,81.30999755859375,81.87000274658203,61.066200256347656,13109700,-0.0035296954679043813
697,2013-10-10,82.44000244140625,83.4000015258789,82.41999816894531,83.38999938964844,62.19993209838867,12827600,0.018565619561750513,697,2013-10-10,82.44000244140625,83.4000015258789,82.41999816894531,83.38999938964844,62.19993209838867,12827600,0.018565619561750513,697,2013-10-10,82.44000244140625,83.4000015258789,82.41999816894531,83.38999938964844,62.19993209838867,12827600,0.018565619561750513,697,2013-10-10,82.44000244140625,83.4000015258789,82.41999816894531,83.38999938964844,62.19993209838867,12827600,0.018565619561750513,697,2013-10-10,82.44000244140625,83.4000015258789,82.41999816894531,83.38999938964844,62.19993209838867,12827600,0.018565619561750513
698,2013-10-11,83.0199966430664,84.55000305175781,82.94000244140625,84.29000091552734,62.8712272644043,11925400,0.010792538566662069,698,2013-10-11,83.0199966430664,84.55000305175781,82.94000244140625,84.29000091552734,62.8712272644043,11925400,0.010792538566662069,698,2013-10-11,83.0199966430664,84.55000305175781,82.94000244140625,84.29000091552734,62.8712272644043,11925400,0.010792538566662069,698,2013-10-11,83.0199966430664,84.55000305175781,82.94000244140625,84.29000091552734,62.8712272644043,11925400,0.010792538566662069,698,2013-10-11,83.0199966430664,84.55000305175781,82.94000244140625,84.29000091552734,62.8712272644043,11925400,0.010792538566662069
699,2013-10-14,83.79000091552734,84.91000366210938,83.5999984741211,84.86000061035156,63.296409606933594,8369900,0.006762749210242003,699,2013-10-14,83.79000091552734,84.91000366210938,83.5999984741211,84.86000061035156,63.296409606933594,8369900,0.006762749210242003,699,2013-10-14,83.79000091552734,84.91000366210938,83.5999984741211,84.86000061035156,63.296409606933594,8369900,0.006762749210242003,699,2013-10-14,83.79000091552734,84.91000366210938,83.5999984741211,84.86000061035156,63.296409606933594,8369900,0.006762749210242003,699,2013-10-14,83.79000091552734,84.91000366210938,83.5999984741211,84.86000061035156,63.296409606933594,8369900,0.006762749210242003
700,2013-10-15,84.55000305175781,85.0999984741211,84.2300033569336,84.55000305175781,63.06517791748047,11391800,-0.0036531564884810797,700,2013-10-15,84.55000305175781,85.0999984741211,84.2300033569336,84.55000305175781,63.06517791748047,11391800,-0.0036531564884810797,700,2013-10-15,84.55000305175781,85.0999984741211,84.2300033569336,84.55000305175781,63.06517791748047,11391800,-0.0036531564884810797,700,2013-10-15,84.55000305175781,85.0999984741211,84.2300033569336,84.55000305175781,63.06517791748047,11391800,-0.0036531564884810797,700,2013-10-15,84.55000305175781,85.0999984741211,84.2300033569336,84.55000305175781,63.06517791748047,11391800,-0.0036531564884810797
701,2013-10-16,85.12000274658203,86.08000183105469,85.08000183105469,85.81999969482422,64.01244354248047,12604400,0.015020422621172536,701,2013-10-16,85.12000274658203,86.08000183105469,85.08000183105469,85.81999969482422,64.01244354248047,12604400,0.015020422621172536,701,2013-10-16,85.12000274658203,86.08000183105469,85.08000183105469,85.81999969482422,64.01244354248047,12604400,0.015020422621172536,701,2013-10-16,85.12000274658203,86.08000183105469,85.08000183105469,85.81999969482422,64.01244354248047,12604400,0.015020422621172536,701,2013-10-16,85.12000274658203,86.08000183105469,85.08000183105469,85.81999969482422,64.01244354248047,12604400,0.015020422621172536
702,2013-10-17,85.7300033569336,86.04000091552734,85.48999786376953,86.0,64.14673614501953,12287000,0.0020979140165136023,702,2013-10-17,85.7300033569336,86.04000091552734,85.48999786376953,86.0,64.14673614501953,12287000,0.0020979140165136023,702,2013-10-17,85.7300033569336,86.04000091552734,85.48999786376953,86.0,64.14673614501953,12287000,0.0020979140165136023,702,2013-10-17,85.7300033569336,86.04000091552734,85.48999786376953,86.0,64.14673614501953,12287000,0.0020979140165136023,702,2013-10-17,85.7300033569336,86.04000091552734,85.48999786376953,86.0,64.14673614501953,12287000,0.0020979140165136023
703,2013-10-18,86.66999816894531,86.98999786376953,86.27999877929688,86.94000244140625,64.84786987304688,12950600,0.010930154364241718,703,2013-10-18,86.66999816894531,86.98999786376953,86.27999877929688,86.94000244140625,64.84786987304688,12950600,0.010930154364241718,703,2013-10-18,86.66999816894531,86.98999786376953,86.27999877929688,86.94000244140625,64.84786987304688,12950600,0.010930154364241718,703,2013-10-18,86.66999816894531,86.98999786376953,86.27999877929688,86.94000244140625,64.84786987304688,12950600,0.010930154364241718,703,2013-10-18,86.66999816894531,86.98999786376953,86.27999877929688,86.94000244140625,64.84786987304688,12950600,0.010930154364241718
704,2013-10-21,86.9000015258789,87.23999786376953,86.36000061035156,86.55000305175781,64.55695343017578,7853500,-0.004486137223020936,704,2013-10-21,86.9000015258789,87.23999786376953,86.36000061035156,86.55000305175781,64.55695343017578,7853500,-0.004486137223020936,704,2013-10-21,86.9000015258789,87.23999786376953,86.36000061035156,86.55000305175781,64.55695343017578,7853500,-0.004486137223020936,704,2013-10-21,86.9000015258789,87.23999786376953,86.36000061035156,86.55000305175781,64.55695343017578,7853500,-0.004486137223020936,704,2013-10-21,86.9000015258789,87.23999786376953,86.36000061035156,86.55000305175781,64.55695343017578,7853500,-0.004486137223020936
705,2013-10-22,86.97000122070312,87.58999633789062,86.6500015258789,87.02999877929688,64.91500091552734,14287900,0.005546226491911943,705,2013-10-22,86.97000122070312,87.58999633789062,86.6500015258789,87.02999877929688,64.91500091552734,14287900,0.005546226491911943,705,2013-10-22,86.97000122070312,87.58999633789062,86.6500015258789,87.02999877929688,64.91500091552734,14287900,0.005546226491911943,705,2013-10-22,86.97000122070312,87.58999633789062,86.6500015258789,87.02999877929688,64.91500091552734,14287900,0.005546226491911943,705,2013-10-22,86.97000122070312,87.58999633789062,86.6500015258789,87.02999877929688,64.91500091552734,14287900,0.005546226491911943
706,2013-10-23,86.30999755859375,86.38999938964844,85.41999816894531,85.66999816894531,63.900577545166016,16835300,-0.015626948410296992,706,2013-10-23,86.30999755859375,86.38999938964844,85.41999816894531,85.66999816894531,63.900577545166016,16835300,-0.015626948410296992,706,2013-10-23,86.30999755859375,86.38999938964844,85.41999816894531,85.66999816894531,63.900577545166016,16835300,-0.015626948410296992,706,2013-10-23,86.30999755859375,86.38999938964844,85.41999816894531,85.66999816894531,63.900577545166016,16835300,-0.015626948410296992,706,2013-10-23,86.30999755859375,86.38999938964844,85.41999816894531,85.66999816894531,63.900577545166016,16835300,-0.015626948410296992
707,2013-10-24,85.76000213623047,86.2300033569336,85.20999908447266,86.08000183105469,64.20637512207031,7873300,0.004785521330979536,707,2013-10-24,85.76000213623047,86.2300033569336,85.20999908447266,86.08000183105469,64.20637512207031,7873300,0.004785521330979536,707,2013-10-24,85.76000213623047,86.2300033569336,85.20999908447266,86.08000183105469,64.20637512207031,7873300,0.004785521330979536,707,2013-10-24,85.76000213623047,86.2300033569336,85.20999908447266,86.08000183105469,64.20637512207031,7873300,0.004785521330979536,707,2013-10-24,85.76000213623047,86.2300033569336,85.20999908447266,86.08000183105469,64.20637512207031,7873300,0.004785521330979536
708,2013-10-25,86.2699966430664,86.83000183105469,86.0199966430664,86.5999984741211,64.59425354003906,8746100,0.00604112001699697,708,2013-10-25,86.2699966430664,86.83000183105469,86.0199966430664,86.5999984741211,64.59425354003906,8746100,0.00604112001699697,708,2013-10-25,86.2699966430664,86.83000183105469,86.0199966430664,86.5999984741211,64.59425354003906,8746100,0.00604112001699697,708,2013-10-25,86.2699966430664,86.83000183105469,86.0199966430664,86.5999984741211,64.59425354003906,8746100,0.00604112001699697,708,2013-10-25,86.2699966430664,86.83000183105469,86.0199966430664,86.5999984741211,64.59425354003906,8746100,0.00604112001699697
709,2013-10-28,86.6500015258789,86.86000061035156,86.19999694824219,86.66999816894531,64.646484375,7661200,0.0008085987854717924,709,2013-10-28,86.6500015258789,86.86000061035156,86.19999694824219,86.66999816894531,64.646484375,7661200,0.0008085987854717924,709,2013-10-28,86.6500015258789,86.86000061035156,86.19999694824219,86.66999816894531,64.646484375,7661200,0.0008085987854717924,709,2013-10-28,86.6500015258789,86.86000061035156,86.19999694824219,86.66999816894531,64.646484375,7661200,0.0008085987854717924,709,2013-10-28,86.6500015258789,86.86000061035156,86.19999694824219,86.66999816894531,64.646484375,7661200,0.0008085987854717924
710,2013-10-29,86.88999938964844,87.33999633789062,86.81999969482422,87.27999877929688,65.10144805908203,6467000,0.007037717340403038,710,2013-10-29,86.88999938964844,87.33999633789062,86.81999969482422,87.27999877929688,65.10144805908203,6467000,0.007037717340403038,710,2013-10-29,86.88999938964844,87.33999633789062,86.81999969482422,87.27999877929688,65.10144805908203,6467000,0.007037717340403038,710,2013-10-29,86.88999938964844,87.33999633789062,86.81999969482422,87.27999877929688,65.10144805908203,6467000,0.007037717340403038,710,2013-10-29,86.88999938964844,87.33999633789062,86.81999969482422,87.27999877929688,65.10144805908203,6467000,0.007037717340403038
711,2013-10-30,87.25,87.62000274658203,86.01000213623047,86.69000244140625,64.66139221191406,11396600,-0.006759540076107129,711,2013-10-30,87.25,87.62000274658203,86.01000213623047,86.69000244140625,64.66139221191406,11396600,-0.006759540076107129,711,2013-10-30,87.25,87.62000274658203,86.01000213623047,86.69000244140625,64.66139221191406,11396600,-0.006759540076107129,711,2013-10-30,87.25,87.62000274658203,86.01000213623047,86.69000244140625,64.66139221191406,11396600,-0.006759540076107129,711,2013-10-30,87.25,87.62000274658203,86.01000213623047,86.69000244140625,64.66139221191406,11396600,-0.006759540076107129
712,2013-10-31,86.76000213623047,87.18000030517578,86.11000061035156,86.38999938964844,64.43760681152344,9084800,-0.0034608812575085413,712,2013-10-31,86.76000213623047,87.18000030517578,86.11000061035156,86.38999938964844,64.43760681152344,9084800,-0.0034608812575085413,712,2013-10-31,86.76000213623047,87.18000030517578,86.11000061035156,86.38999938964844,64.43760681152344,9084800,-0.0034608812575085413,712,2013-10-31,86.76000213623047,87.18000030517578,86.11000061035156,86.38999938964844,64.43760681152344,9084800,-0.0034608812575085413,712,2013-10-31,86.76000213623047,87.18000030517578,86.11000061035156,86.38999938964844,64.43760681152344,9084800,-0.0034608812575085413
713,2013-11-01,86.36000061035156,86.44000244140625,85.04000091552734,86.08000183105469,64.20637512207031,12347600,-0.0035884586795636997,713,2013-11-01,86.36000061035156,86.44000244140625,85.04000091552734,86.08000183105469,64.20637512207031,12347600,-0.0035884586795636997,713,2013-11-01,86.36000061035156,86.44000244140625,85.04000091552734,86.08000183105469,64.20637512207031,12347600,-0.0035884586795636997,713,2013-11-01,86.36000061035156,86.44000244140625,85.04000091552734,86.08000183105469,64.20637512207031,12347600,-0.0035884586795636997,713,2013-11-01,86.36000061035156,86.44000244140625,85.04000091552734,86.08000183105469,64.20637512207031,12347600,-0.0035884586795636997
714,2013-11-04,86.5,87.22000122070312,86.30999755859375,87.1500015258789,65.0044937133789,7233200,0.012430519396106732,714,2013-11-04,86.5,87.22000122070312,86.30999755859375,87.1500015258789,65.0044937133789,7233200,0.012430519396106732,714,2013-11-04,86.5,87.22000122070312,86.30999755859375,87.1500015258789,65.0044937133789,7233200,0.012430519396106732,714,2013-11-04,86.5,87.22000122070312,86.30999755859375,87.1500015258789,65.0044937133789,7233200,0.012430519396106732,714,2013-11-04,86.5,87.22000122070312,86.30999755859375,87.1500015258789,65.0044937133789,7233200,0.012430519396106732
715,2013-11-05,86.7699966430664,87.01000213623047,86.27999877929688,86.36000061035156,64.41524505615234,8027300,-0.009064737275313761,715,2013-11-05,86.7699966430664,87.01000213623047,86.27999877929688,86.36000061035156,64.41524505615234,8027300,-0.009064737275313761,715,2013-11-05,86.7699966430664,87.01000213623047,86.27999877929688,86.36000061035156,64.41524505615234,8027300,-0.009064737275313761,715,2013-11-05,86.7699966430664,87.01000213623047,86.27999877929688,86.36000061035156,64.41524505615234,8027300,-0.009064737275313761,715,2013-11-05,86.7699966430664,87.01000213623047,86.27999877929688,86.36000061035156,64.41524505615234,8027300,-0.009064737275313761
716,2013-11-06,86.87999725341797,87.2699966430664,86.31999969482422,86.62000274658203,64.60919189453125,9083700,0.0030108841192770797,716,2013-11-06,86.87999725341797,87.2699966430664,86.31999969482422,86.62000274658203,64.60919189453125,9083700,0.0030108841192770797,716,2013-11-06,86.87999725341797,87.2699966430664,86.31999969482422,86.62000274658203,64.60919189453125,9083700,0.0030108841192770797,716,2013-11-06,86.87999725341797,87.2699966430664,86.31999969482422,86.62000274658203,64.60919189453125,9083700,0.0030108841192770797,716,2013-11-06,86.87999725341797,87.2699966430664,86.31999969482422,86.62000274658203,64.60919189453125,9083700,0.0030108841192770797
717,2013-11-07,86.8499984741211,86.97000122070312,85.0,85.27999877929688,63.60966491699219,20883500,-0.015470352564859513,717,2013-11-07,86.8499984741211,86.97000122070312,85.0,85.27999877929688,63.60966491699219,20883500,-0.015470352564859513,717,2013-11-07,86.8499984741211,86.97000122070312,85.0,85.27999877929688,63.60966491699219,20883500,-0.015470352564859513,717,2013-11-07,86.8499984741211,86.97000122070312,85.0,85.27999877929688,63.60966491699219,20883500,-0.015470352564859513,717,2013-11-07,86.8499984741211,86.97000122070312,85.0,85.27999877929688,63.60966491699219,20883500,-0.015470352564859513
718,2013-11-08,85.31999969482422,86.62999725341797,85.19999694824219,86.55000305175781,64.55695343017578,13242900,0.014892210396325156,718,2013-11-08,85.31999969482422,86.62999725341797,85.19999694824219,86.55000305175781,64.55695343017578,13242900,0.014892210396325156,718,2013-11-08,85.31999969482422,86.62999725341797,85.19999694824219,86.55000305175781,64.55695343017578,13242900,0.014892210396325156,718,2013-11-08,85.31999969482422,86.62999725341797,85.19999694824219,86.55000305175781,64.55695343017578,13242900,0.014892210396325156,718,2013-11-08,85.31999969482422,86.62999725341797,85.19999694824219,86.55000305175781,64.55695343017578,13242900,0.014892210396325156
719,2013-11-11,86.69999694824219,86.98999786376953,86.43000030517578,86.70999908447266,64.6762924194336,5179100,0.0018485845895266362,719,2013-11-11,86.69999694824219,86.98999786376953,86.43000030517578,86.70999908447266,64.6762924194336,5179100,0.0018485845895266362,719,2013-11-11,86.69999694824219,86.98999786376953,86.43000030517578,86.70999908447266,64.6762924194336,5179100,0.0018485845895266362,719,2013-11-11,86.69999694824219,86.98999786376953,86.43000030517578,86.70999908447266,64.6762924194336,5179100,0.0018485845895266362,719,2013-11-11,86.69999694824219,86.98999786376953,86.43000030517578,86.70999908447266,64.6762924194336,5179100,0.0018485845895266362
720,2013-11-12,86.55000305175781,86.69000244140625,85.66000366210938,85.91000366210938,64.07958984375,8680700,-0.009225986112715079,720,2013-11-12,86.55000305175781,86.69000244140625,85.66000366210938,85.91000366210938,64.07958984375,8680700,-0.009225986112715079,720,2013-11-12,86.55000305175781,86.69000244140625,85.66000366210938,85.91000366210938,64.07958984375,8680700,-0.009225986112715079,720,2013-11-12,86.55000305175781,86.69000244140625,85.66000366210938,85.91000366210938,64.07958984375,8680700,-0.009225986112715079,720,2013-11-12,86.55000305175781,86.69000244140625,85.66000366210938,85.91000366210938,64.07958984375,8680700,-0.009225986112715079
721,2013-11-13,85.52999877929688,86.66999816894531,85.5199966430664,86.66000366210938,64.63899230957031,10903400,0.008729807216062868,721,2013-11-13,85.52999877929688,86.66999816894531,85.5199966430664,86.66000366210938,64.63899230957031,10903400,0.008729807216062868,721,2013-11-13,85.52999877929688,86.66999816894531,85.5199966430664,86.66000366210938,64.63899230957031,10903400,0.008729807216062868,721,2013-11-13,85.52999877929688,86.66999816894531,85.5199966430664,86.66000366210938,64.63899230957031,10903400,0.008729807216062868,721,2013-11-13,85.52999877929688,86.66999816894531,85.5199966430664,86.66000366210938,64.63899230957031,10903400,0.008729807216062868
722,2013-11-14,86.62000274658203,87.23999786376953,86.56999969482422,87.18000030517578,65.0268783569336,9668100,0.006000805914572638,722,2013-11-14,86.62000274658203,87.23999786376953,86.56999969482422,87.18000030517578,65.0268783569336,9668100,0.006000805914572638,722,2013-11-14,86.62000274658203,87.23999786376953,86.56999969482422,87.18000030517578,65.0268783569336,9668100,0.006000805914572638,722,2013-11-14,86.62000274658203,87.23999786376953,86.56999969482422,87.18000030517578,65.0268783569336,9668100,0.006000805914572638,722,2013-11-14,86.62000274658203,87.23999786376953,86.56999969482422,87.18000030517578,65.0268783569336,9668100,0.006000805914572638
723,2013-11-15,87.51000213623047,87.68000030517578,87.01000213623047,87.66000366210938,65.38491821289062,7369800,0.005506028660821505,723,2013-11-15,87.51000213623047,87.68000030517578,87.01000213623047,87.66000366210938,65.38491821289062,7369800,0.005506028660821505,723,2013-11-15,87.51000213623047,87.68000030517578,87.01000213623047,87.66000366210938,65.38491821289062,7369800,0.005506028660821505,723,2013-11-15,87.51000213623047,87.68000030517578,87.01000213623047,87.66000366210938,65.38491821289062,7369800,0.005506028660821505,723,2013-11-15,87.51000213623047,87.68000030517578,87.01000213623047,87.66000366210938,65.38491821289062,7369800,0.005506028660821505
724,2013-11-18,88.02999877929688,88.11000061035156,86.70999908447266,86.98999786376953,64.8851547241211,10466200,-0.007643406192576752,724,2013-11-18,88.02999877929688,88.11000061035156,86.70999908447266,86.98999786376953,64.8851547241211,10466200,-0.007643406192576752,724,2013-11-18,88.02999877929688,88.11000061035156,86.70999908447266,86.98999786376953,64.8851547241211,10466200,-0.007643406192576752,724,2013-11-18,88.02999877929688,88.11000061035156,86.70999908447266,86.98999786376953,64.8851547241211,10466200,-0.007643406192576752,724,2013-11-18,88.02999877929688,88.11000061035156,86.70999908447266,86.98999786376953,64.8851547241211,10466200,-0.007643406192576752
725,2013-11-19,86.81999969482422,87.43000030517578,86.4000015258789,87.13999938964844,64.99701690673828,9456400,0.0017240027105245304,725,2013-11-19,86.81999969482422,87.43000030517578,86.4000015258789,87.13999938964844,64.99701690673828,9456400,0.0017240027105245304,725,2013-11-19,86.81999969482422,87.43000030517578,86.4000015258789,87.13999938964844,64.99701690673828,9456400,0.0017240027105245304,725,2013-11-19,86.81999969482422,87.43000030517578,86.4000015258789,87.13999938964844,64.99701690673828,9456400,0.0017240027105245304,725,2013-11-19,86.81999969482422,87.43000030517578,86.4000015258789,87.13999938964844,64.99701690673828,9456400,0.0017240027105245304
726,2013-11-20,87.5,87.79000091552734,86.66999816894531,86.93000030517578,64.84041595458984,13262800,-0.0024093559920317364,726,2013-11-20,87.5,87.79000091552734,86.66999816894531,86.93000030517578,64.84041595458984,13262800,-0.0024093559920317364,726,2013-11-20,87.5,87.79000091552734,86.66999816894531,86.93000030517578,64.84041595458984,13262800,-0.0024093559920317364,726,2013-11-20,87.5,87.79000091552734,86.66999816894531,86.93000030517578,64.84041595458984,13262800,-0.0024093559920317364,726,2013-11-20,87.5,87.79000091552734,86.66999816894531,86.93000030517578,64.84041595458984,13262800,-0.0024093559920317364
727,2013-11-21,87.2300033569336,87.9000015258789,87.12000274658203,87.76000213623047,65.45948791503906,7121400,0.009547624754331796,727,2013-11-21,87.2300033569336,87.9000015258789,87.12000274658203,87.76000213623047,65.45948791503906,7121400,0.009547624754331796,727,2013-11-21,87.2300033569336,87.9000015258789,87.12000274658203,87.76000213623047,65.45948791503906,7121400,0.009547624754331796,727,2013-11-21,87.2300033569336,87.9000015258789,87.12000274658203,87.76000213623047,65.45948791503906,7121400,0.009547624754331796,727,2013-11-21,87.2300033569336,87.9000015258789,87.12000274658203,87.76000213623047,65.45948791503906,7121400,0.009547624754331796
728,2013-11-22,88.05999755859375,88.23999786376953,87.27999877929688,88.2300033569336,65.81005859375,7559500,0.005355536529188187,728,2013-11-22,88.05999755859375,88.23999786376953,87.27999877929688,88.2300033569336,65.81005859375,7559500,0.005355536529188187,728,2013-11-22,88.05999755859375,88.23999786376953,87.27999877929688,88.2300033569336,65.81005859375,7559500,0.005355536529188187,728,2013-11-22,88.05999755859375,88.23999786376953,87.27999877929688,88.2300033569336,65.81005859375,7559500,0.005355536529188187,728,2013-11-22,88.05999755859375,88.23999786376953,87.27999877929688,88.2300033569336,65.81005859375,7559500,0.005355536529188187
729,2013-11-25,88.13999938964844,88.13999938964844,86.98999786376953,87.43000030517578,65.21334075927734,9752600,-0.009067274018949578,729,2013-11-25,88.13999938964844,88.13999938964844,86.98999786376953,87.43000030517578,65.21334075927734,9752600,-0.009067274018949578,729,2013-11-25,88.13999938964844,88.13999938964844,86.98999786376953,87.43000030517578,65.21334075927734,9752600,-0.009067274018949578,729,2013-11-25,88.13999938964844,88.13999938964844,86.98999786376953,87.43000030517578,65.21334075927734,9752600,-0.009067274018949578,729,2013-11-25,88.13999938964844,88.13999938964844,86.98999786376953,87.43000030517578,65.21334075927734,9752600,-0.009067274018949578
730,2013-11-26,87.33999633789062,87.76000213623047,86.86000061035156,87.20999908447266,65.04923248291016,6774600,-0.002516483198935715,730,2013-11-26,87.33999633789062,87.76000213623047,86.86000061035156,87.20999908447266,65.04923248291016,6774600,-0.002516483198935715,730,2013-11-26,87.33999633789062,87.76000213623047,86.86000061035156,87.20999908447266,65.04923248291016,6774600,-0.002516483198935715,730,2013-11-26,87.33999633789062,87.76000213623047,86.86000061035156,87.20999908447266,65.04923248291016,6774600,-0.002516483198935715,730,2013-11-26,87.33999633789062,87.76000213623047,86.86000061035156,87.20999908447266,65.04923248291016,6774600,-0.002516483198935715
731,2013-11-27,86.97000122070312,87.37000274658203,86.12000274658203,86.62000274658203,64.60919189453125,9319300,-0.006764731443903105,731,2013-11-27,86.97000122070312,87.37000274658203,86.12000274658203,86.62000274658203,64.60919189453125,9319300,-0.006764731443903105,731,2013-11-27,86.97000122070312,87.37000274658203,86.12000274658203,86.62000274658203,64.60919189453125,9319300,-0.006764731443903105,731,2013-11-27,86.97000122070312,87.37000274658203,86.12000274658203,86.62000274658203,64.60919189453125,9319300,-0.006764731443903105,731,2013-11-27,86.97000122070312,87.37000274658203,86.12000274658203,86.62000274658203,64.60919189453125,9319300,-0.006764731443903105
732,2013-11-29,86.61000061035156,87.19000244140625,86.19999694824219,86.44000244140625,64.47491455078125,4976700,-0.0020783009323068757,732,2013-11-29,86.61000061035156,87.19000244140625,86.19999694824219,86.44000244140625,64.47491455078125,4976700,-0.0020783009323068757,732,2013-11-29,86.61000061035156,87.19000244140625,86.19999694824219,86.44000244140625,64.47491455078125,4976700,-0.0020783009323068757,732,2013-11-29,86.61000061035156,87.19000244140625,86.19999694824219,86.44000244140625,64.47491455078125,4976700,-0.0020783009323068757,732,2013-11-29,86.61000061035156,87.19000244140625,86.19999694824219,86.44000244140625,64.47491455078125,4976700,-0.0020783009323068757
733,2013-12-02,86.52999877929688,87.08999633789062,86.01000213623047,86.5,64.51966094970703,9619400,0.0006940125355348048,733,2013-12-02,86.52999877929688,87.08999633789062,86.01000213623047,86.5,64.51966094970703,9619400,0.0006940125355348048,733,2013-12-02,86.52999877929688,87.08999633789062,86.01000213623047,86.5,64.51966094970703,9619400,0.0006940125355348048,733,2013-12-02,86.52999877929688,87.08999633789062,86.01000213623047,86.5,64.51966094970703,9619400,0.0006940125355348048,733,2013-12-02,86.52999877929688,87.08999633789062,86.01000213623047,86.5,64.51966094970703,9619400,0.0006940125355348048
734,2013-12-03,86.30000305175781,86.9800033569336,86.12000274658203,86.70999908447266,64.6762924194336,10845100,0.0024276548794739394,734,2013-12-03,86.30000305175781,86.9800033569336,86.12000274658203,86.70999908447266,64.6762924194336,10845100,0.0024276548794739394,734,2013-12-03,86.30000305175781,86.9800033569336,86.12000274658203,86.70999908447266,64.6762924194336,10845100,0.0024276548794739394,734,2013-12-03,86.30000305175781,86.9800033569336,86.12000274658203,86.70999908447266,64.6762924194336,10845100,0.0024276548794739394,734,2013-12-03,86.30000305175781,86.9800033569336,86.12000274658203,86.70999908447266,64.6762924194336,10845100,0.0024276548794739394
735,2013-12-04,86.5999984741211,86.88999938964844,85.73999786376953,86.43000030517578,64.46744537353516,10034300,-0.0032291128338656216,735,2013-12-04,86.5999984741211,86.88999938964844,85.73999786376953,86.43000030517578,64.46744537353516,10034300,-0.0032291128338656216,735,2013-12-04,86.5999984741211,86.88999938964844,85.73999786376953,86.43000030517578,64.46744537353516,10034300,-0.0032291128338656216,735,2013-12-04,86.5999984741211,86.88999938964844,85.73999786376953,86.43000030517578,64.46744537353516,10034300,-0.0032291128338656216,735,2013-12-04,86.5999984741211,86.88999938964844,85.73999786376953,86.43000030517578,64.46744537353516,10034300,-0.0032291128338656216
736,2013-12-05,86.20999908447266,86.58000183105469,85.97000122070312,86.13999938964844,64.25113677978516,10071100,-0.0033553151128709047,736,2013-12-05,86.20999908447266,86.58000183105469,85.97000122070312,86.13999938964844,64.25113677978516,10071100,-0.0033553151128709047,736,2013-12-05,86.20999908447266,86.58000183105469,85.97000122070312,86.13999938964844,64.25113677978516,10071100,-0.0033553151128709047,736,2013-12-05,86.20999908447266,86.58000183105469,85.97000122070312,86.13999938964844,64.25113677978516,10071100,-0.0033553151128709047,736,2013-12-05,86.20999908447266,86.58000183105469,85.97000122070312,86.13999938964844,64.25113677978516,10071100,-0.0033553151128709047
737,2013-12-06,86.88999938964844,87.04000091552734,86.13999938964844,86.41000366210938,64.45252990722656,11673000,0.0031344679259397434,737,2013-12-06,86.88999938964844,87.04000091552734,86.13999938964844,86.41000366210938,64.45252990722656,11673000,0.0031344679259397434,737,2013-12-06,86.88999938964844,87.04000091552734,86.13999938964844,86.41000366210938,64.45252990722656,11673000,0.0031344679259397434,737,2013-12-06,86.88999938964844,87.04000091552734,86.13999938964844,86.41000366210938,64.45252990722656,11673000,0.0031344679259397434,737,2013-12-06,86.88999938964844,87.04000091552734,86.13999938964844,86.41000366210938,64.45252990722656,11673000,0.0031344679259397434
738,2013-12-09,86.5999984741211,86.86000061035156,86.13999938964844,86.52999877929688,64.54205322265625,13072100,0.001388980627425207,738,2013-12-09,86.5999984741211,86.86000061035156,86.13999938964844,86.52999877929688,64.54205322265625,13072100,0.001388980627425207,738,2013-12-09,86.5999984741211,86.86000061035156,86.13999938964844,86.52999877929688,64.54205322265625,13072100,0.001388980627425207,738,2013-12-09,86.5999984741211,86.86000061035156,86.13999938964844,86.52999877929688,64.54205322265625,13072100,0.001388980627425207,738,2013-12-09,86.5999984741211,86.86000061035156,86.13999938964844,86.52999877929688,64.54205322265625,13072100,0.001388980627425207
739,2013-12-10,86.33000183105469,86.79000091552734,86.16000366210938,86.2699966430664,64.34810638427734,10561400,-0.003004968523542817,739,2013-12-10,86.33000183105469,86.79000091552734,86.16000366210938,86.2699966430664,64.34810638427734,10561400,-0.003004968523542817,739,2013-12-10,86.33000183105469,86.79000091552734,86.16000366210938,86.2699966430664,64.34810638427734,10561400,-0.003004968523542817,739,2013-12-10,86.33000183105469,86.79000091552734,86.16000366210938,86.2699966430664,64.34810638427734,10561400,-0.003004968523542817,739,2013-12-10,86.33000183105469,86.79000091552734,86.16000366210938,86.2699966430664,64.34810638427734,10561400,-0.003004968523542817
740,2013-12-11,86.36000061035156,86.36000061035156,84.87000274658203,85.05000305175781,63.438087463378906,14682700,-0.014142124330185246,740,2013-12-11,86.36000061035156,86.36000061035156,84.87000274658203,85.05000305175781,63.438087463378906,14682700,-0.014142124330185246,740,2013-12-11,86.36000061035156,86.36000061035156,84.87000274658203,85.05000305175781,63.438087463378906,14682700,-0.014142124330185246,740,2013-12-11,86.36000061035156,86.36000061035156,84.87000274658203,85.05000305175781,63.438087463378906,14682700,-0.014142124330185246,740,2013-12-11,86.36000061035156,86.36000061035156,84.87000274658203,85.05000305175781,63.438087463378906,14682700,-0.014142124330185246
741,2013-12-12,85.04000091552734,85.79000091552734,84.87999725341797,85.41000366210938,63.70663833618164,10983600,0.004233275048806551,741,2013-12-12,85.04000091552734,85.79000091552734,84.87999725341797,85.41000366210938,63.70663833618164,10983600,0.004233275048806551,741,2013-12-12,85.04000091552734,85.79000091552734,84.87999725341797,85.41000366210938,63.70663833618164,10983600,0.004233275048806551,741,2013-12-12,85.04000091552734,85.79000091552734,84.87999725341797,85.41000366210938,63.70663833618164,10983600,0.004233275048806551,741,2013-12-12,85.04000091552734,85.79000091552734,84.87999725341797,85.41000366210938,63.70663833618164,10983600,0.004233275048806551
742,2013-12-13,85.20999908447266,85.26000213623047,84.73999786376953,85.12999725341797,63.497798919677734,12163400,-0.0032781421521860254,742,2013-12-13,85.20999908447266,85.26000213623047,84.73999786376953,85.12999725341797,63.497798919677734,12163400,-0.0032781421521860254,742,2013-12-13,85.20999908447266,85.26000213623047,84.73999786376953,85.12999725341797,63.497798919677734,12163400,-0.0032781421521860254,742,2013-12-13,85.20999908447266,85.26000213623047,84.73999786376953,85.12999725341797,63.497798919677734,12163400,-0.0032781421521860254,742,2013-12-13,85.20999908447266,85.26000213623047,84.73999786376953,85.12999725341797,63.497798919677734,12163400,-0.0032781421521860254
743,2013-12-16,85.58999633789062,86.1500015258789,85.3499984741211,85.87000274658203,64.04975128173828,12160800,0.008692464486190321,743,2013-12-16,85.58999633789062,86.1500015258789,85.3499984741211,85.87000274658203,64.04975128173828,12160800,0.008692464486190321,743,2013-12-16,85.58999633789062,86.1500015258789,85.3499984741211,85.87000274658203,64.04975128173828,12160800,0.008692464486190321,743,2013-12-16,85.58999633789062,86.1500015258789,85.3499984741211,85.87000274658203,64.04975128173828,12160800,0.008692464486190321,743,2013-12-16,85.58999633789062,86.1500015258789,85.3499984741211,85.87000274658203,64.04975128173828,12160800,0.008692464486190321
744,2013-12-17,85.80000305175781,85.94999694824219,85.0999984741211,85.37999725341797,63.68428421020508,9856200,-0.005705987364815979,744,2013-12-17,85.80000305175781,85.94999694824219,85.0999984741211,85.37999725341797,63.68428421020508,9856200,-0.005705987364815979,744,2013-12-17,85.80000305175781,85.94999694824219,85.0999984741211,85.37999725341797,63.68428421020508,9856200,-0.005705987364815979,744,2013-12-17,85.80000305175781,85.94999694824219,85.0999984741211,85.37999725341797,63.68428421020508,9856200,-0.005705987364815979,744,2013-12-17,85.80000305175781,85.94999694824219,85.0999984741211,85.37999725341797,63.68428421020508,9856200,-0.005705987364815979
745,2013-12-18,85.62999725341797,86.69999694824219,84.80999755859375,86.66999816894531,64.646484375,15264000,0.015108910726215452,745,2013-12-18,85.62999725341797,86.69999694824219,84.80999755859375,86.66999816894531,64.646484375,15264000,0.015108910726215452,745,2013-12-18,85.62999725341797,86.69999694824219,84.80999755859375,86.66999816894531,64.646484375,15264000,0.015108910726215452,745,2013-12-18,85.62999725341797,86.69999694824219,84.80999755859375,86.66999816894531,64.646484375,15264000,0.015108910726215452,745,2013-12-18,85.62999725341797,86.69999694824219,84.80999755859375,86.66999816894531,64.646484375,15264000,0.015108910726215452
746,2013-12-19,86.37000274658203,86.95999908447266,86.18000030517578,86.91999816894531,64.83294677734375,11210600,0.0028843394060242833,746,2013-12-19,86.37000274658203,86.95999908447266,86.18000030517578,86.91999816894531,64.83294677734375,11210600,0.0028843394060242833,746,2013-12-19,86.37000274658203,86.95999908447266,86.18000030517578,86.91999816894531,64.83294677734375,11210600,0.0028843394060242833,746,2013-12-19,86.37000274658203,86.95999908447266,86.18000030517578,86.91999816894531,64.83294677734375,11210600,0.0028843394060242833,746,2013-12-19,86.37000274658203,86.95999908447266,86.18000030517578,86.91999816894531,64.83294677734375,11210600,0.0028843394060242833
747,2013-12-20,86.48999786376953,87.01000213623047,86.44000244140625,86.66999816894531,64.94759368896484,15694300,0.001768343370459835,747,2013-12-20,86.48999786376953,87.01000213623047,86.44000244140625,86.66999816894531,64.94759368896484,15694300,0.001768343370459835,747,2013-12-20,86.48999786376953,87.01000213623047,86.44000244140625,86.66999816894531,64.94759368896484,15694300,0.001768343370459835,747,2013-12-20,86.48999786376953,87.01000213623047,86.44000244140625,86.66999816894531,64.94759368896484,15694300,0.001768343370459835,747,2013-12-20,86.48999786376953,87.01000213623047,86.44000244140625,86.66999816894531,64.94759368896484,15694300,0.001768343370459835
748,2013-12-23,86.98999786376953,87.33999633789062,86.6500015258789,86.76000213623047,65.01505279541016,9767900,0.0010386698353810342,748,2013-12-23,86.98999786376953,87.33999633789062,86.6500015258789,86.76000213623047,65.01505279541016,9767900,0.0010386698353810342,748,2013-12-23,86.98999786376953,87.33999633789062,86.6500015258789,86.76000213623047,65.01505279541016,9767900,0.0010386698353810342,748,2013-12-23,86.98999786376953,87.33999633789062,86.6500015258789,86.76000213623047,65.01505279541016,9767900,0.0010386698353810342,748,2013-12-23,86.98999786376953,87.33999633789062,86.6500015258789,86.76000213623047,65.01505279541016,9767900,0.0010386698353810342
749,2013-12-24,86.83000183105469,87.31999969482422,86.72000122070312,87.23999786376953,65.37474060058594,5594400,0.005532377345099704,749,2013-12-24,86.83000183105469,87.31999969482422,86.72000122070312,87.23999786376953,65.37474060058594,5594400,0.005532377345099704,749,2013-12-24,86.83000183105469,87.31999969482422,86.72000122070312,87.23999786376953,65.37474060058594,5594400,0.005532377345099704,749,2013-12-24,86.83000183105469,87.31999969482422,86.72000122070312,87.23999786376953,65.37474060058594,5594400,0.005532377345099704,749,2013-12-24,86.83000183105469,87.31999969482422,86.72000122070312,87.23999786376953,65.37474060058594,5594400,0.005532377345099704
750,2013-12-26,87.4800033569336,87.9800033569336,87.33999633789062,87.86000061035156,65.83935546875,8857600,0.007106947788943163,750,2013-12-26,87.4800033569336,87.9800033569336,87.33999633789062,87.86000061035156,65.83935546875,8857600,0.007106947788943163,750,2013-12-26,87.4800033569336,87.9800033569336,87.33999633789062,87.86000061035156,65.83935546875,8857600,0.007106947788943163,750,2013-12-26,87.4800033569336,87.9800033569336,87.33999633789062,87.86000061035156,65.83935546875,8857600,0.007106947788943163,750,2013-12-26,87.4800033569336,87.9800033569336,87.33999633789062,87.86000061035156,65.83935546875,8857600,0.007106947788943163
751,2013-12-27,88.16000366210938,88.41000366210938,87.87000274658203,88.29000091552734,66.16157531738281,5865900,0.004894031029598178,751,2013-12-27,88.16000366210938,88.41000366210938,87.87000274658203,88.29000091552734,66.16157531738281,5865900,0.004894031029598178,751,2013-12-27,88.16000366210938,88.41000366210938,87.87000274658203,88.29000091552734,66.16157531738281,5865900,0.004894031029598178,751,2013-12-27,88.16000366210938,88.41000366210938,87.87000274658203,88.29000091552734,66.16157531738281,5865900,0.004894031029598178,751,2013-12-27,88.16000366210938,88.41000366210938,87.87000274658203,88.29000091552734,66.16157531738281,5865900,0.004894031029598178
752,2013-12-30,88.4000015258789,88.48999786376953,87.56999969482422,87.66000366210938,65.68949127197266,7045700,-0.007135320511120313,752,2013-12-30,88.4000015258789,88.48999786376953,87.56999969482422,87.66000366210938,65.68949127197266,7045700,-0.007135320511120313,752,2013-12-30,88.4000015258789,88.48999786376953,87.56999969482422,87.66000366210938,65.68949127197266,7045700,-0.007135320511120313,752,2013-12-30,88.4000015258789,88.48999786376953,87.56999969482422,87.66000366210938,65.68949127197266,7045700,-0.007135320511120313,752,2013-12-30,88.4000015258789,88.48999786376953,87.56999969482422,87.66000366210938,65.68949127197266,7045700,-0.007135320511120313
753,2013-12-31,87.87000274658203,88.54000091552734,87.55000305175781,88.51000213623047,66.32642364501953,8075400,0.009696107561707246,753,2013-12-31,87.87000274658203,88.54000091552734,87.55000305175781,88.51000213623047,66.32642364501953,8075400,0.009696107561707246,753,2013-12-31,87.87000274658203,88.54000091552734,87.55000305175781,88.51000213623047,66.32642364501953,8075400,0.009696107561707246,753,2013-12-31,87.87000274658203,88.54000091552734,87.55000305175781,88.51000213623047,66.32642364501953,8075400,0.009696107561707246,753,2013-12-31,87.87000274658203,88.54000091552734,87.55000305175781,88.51000213623047,66.32642364501953,8075400,0.009696107561707246
754,2014-01-02,87.9800033569336,88.23999786376953,86.9000015258789,87.25,65.38220977783203,11133600,-0.014235862802447374,754,2014-01-02,87.9800033569336,88.23999786376953,86.9000015258789,87.25,65.38220977783203,11133600,-0.014235862802447374,754,2014-01-02,87.9800033569336,88.23999786376953,86.9000015258789,87.25,65.38220977783203,11133600,-0.014235862802447374,754,2014-01-02,87.9800033569336,88.23999786376953,86.9000015258789,87.25,65.38220977783203,11133600,-0.014235862802447374,754,2014-01-02,87.9800033569336,88.23999786376953,86.9000015258789,87.25,65.38220977783203,11133600,-0.014235862802447374
755,2014-01-03,87.33999633789062,87.69000244140625,86.75,86.93000030517578,65.14244079589844,9714300,-0.003667189939714932,755,2014-01-03,87.33999633789062,87.69000244140625,86.75,86.93000030517578,65.14244079589844,9714300,-0.003667189939714932,755,2014-01-03,87.33999633789062,87.69000244140625,86.75,86.93000030517578,65.14244079589844,9714300,-0.003667189939714932,755,2014-01-03,87.33999633789062,87.69000244140625,86.75,86.93000030517578,65.14244079589844,9714300,-0.003667189939714932,755,2014-01-03,87.33999633789062,87.69000244140625,86.75,86.93000030517578,65.14244079589844,9714300,-0.003667189939714932
756,2014-01-06,87.19000244140625,87.33999633789062,86.55999755859375,87.05000305175781,65.23236083984375,9256600,0.001380360374076961,756,2014-01-06,87.19000244140625,87.33999633789062,86.55999755859375,87.05000305175781,65.23236083984375,9256600,0.001380360374076961,756,2014-01-06,87.19000244140625,87.33999633789062,86.55999755859375,87.05000305175781,65.23236083984375,9256600,0.001380360374076961,756,2014-01-06,87.19000244140625,87.33999633789062,86.55999755859375,87.05000305175781,65.23236083984375,9256600,0.001380360374076961,756,2014-01-06,87.19000244140625,87.33999633789062,86.55999755859375,87.05000305175781,65.23236083984375,9256600,0.001380360374076961
757,2014-01-07,87.30000305175781,87.7699966430664,86.8499984741211,87.70999908447266,65.72693634033203,6651000,0.007581750746420868,757,2014-01-07,87.30000305175781,87.7699966430664,86.8499984741211,87.70999908447266,65.72693634033203,6651000,0.007581750746420868,757,2014-01-07,87.30000305175781,87.7699966430664,86.8499984741211,87.70999908447266,65.72693634033203,6651000,0.007581750746420868,757,2014-01-07,87.30000305175781,87.7699966430664,86.8499984741211,87.70999908447266,65.72693634033203,6651000,0.007581750746420868,757,2014-01-07,87.30000305175781,87.7699966430664,86.8499984741211,87.70999908447266,65.72693634033203,6651000,0.007581750746420868
758,2014-01-08,87.72000122070312,87.75,86.7699966430664,87.0999984741211,65.26981353759766,10941500,-0.006954877683137517,758,2014-01-08,87.72000122070312,87.75,86.7699966430664,87.0999984741211,65.26981353759766,10941500,-0.006954877683137517,758,2014-01-08,87.72000122070312,87.75,86.7699966430664,87.0999984741211,65.26981353759766,10941500,-0.006954877683137517,758,2014-01-08,87.72000122070312,87.75,86.7699966430664,87.0999984741211,65.26981353759766,10941500,-0.006954877683137517,758,2014-01-08,87.72000122070312,87.75,86.7699966430664,87.0999984741211,65.26981353759766,10941500,-0.006954877683137517
759,2014-01-09,87.19000244140625,87.33999633789062,86.11000061035156,86.83000183105469,65.06749725341797,12222700,-0.003099691468601229,759,2014-01-09,87.19000244140625,87.33999633789062,86.11000061035156,86.83000183105469,65.06749725341797,12222700,-0.003099691468601229,759,2014-01-09,87.19000244140625,87.33999633789062,86.11000061035156,86.83000183105469,65.06749725341797,12222700,-0.003099691468601229,759,2014-01-09,87.19000244140625,87.33999633789062,86.11000061035156,86.83000183105469,65.06749725341797,12222700,-0.003099691468601229,759,2014-01-09,87.19000244140625,87.33999633789062,86.11000061035156,86.83000183105469,65.06749725341797,12222700,-0.003099691468601229
760,2014-01-10,86.88999938964844,87.01000213623047,86.33000183105469,86.9000015258789,65.11996459960938,10470100,0.0008063526093076145,760,2014-01-10,86.88999938964844,87.01000213623047,86.33000183105469,86.9000015258789,65.11996459960938,10470100,0.0008063526093076145,760,2014-01-10,86.88999938964844,87.01000213623047,86.33000183105469,86.9000015258789,65.11996459960938,10470100,0.0008063526093076145,760,2014-01-10,86.88999938964844,87.01000213623047,86.33000183105469,86.9000015258789,65.11996459960938,10470100,0.0008063526093076145,760,2014-01-10,86.88999938964844,87.01000213623047,86.33000183105469,86.9000015258789,65.11996459960938,10470100,0.0008063526093076145
761,2014-01-13,86.66000366210938,86.79000091552734,85.08999633789062,85.16999816894531,63.82353591918945,16717600,-0.01990831365451473,761,2014-01-13,86.66000366210938,86.79000091552734,85.08999633789062,85.16999816894531,63.82353591918945,16717600,-0.01990831365451473,761,2014-01-13,86.66000366210938,86.79000091552734,85.08999633789062,85.16999816894531,63.82353591918945,16717600,-0.01990831365451473,761,2014-01-13,86.66000366210938,86.79000091552734,85.08999633789062,85.16999816894531,63.82353591918945,16717600,-0.01990831365451473,761,2014-01-13,86.66000366210938,86.79000091552734,85.08999633789062,85.16999816894531,63.82353591918945,16717600,-0.01990831365451473
762,2014-01-14,85.51000213623047,86.31999969482422,85.51000213623047,86.27999877929688,64.65533447265625,13222100,0.013032787066513896,762,2014-01-14,85.51000213623047,86.31999969482422,85.51000213623047,86.27999877929688,64.65533447265625,13222100,0.013032787066513896,762,2014-01-14,85.51000213623047,86.31999969482422,85.51000213623047,86.27999877929688,64.65533447265625,13222100,0.013032787066513896,762,2014-01-14,85.51000213623047,86.31999969482422,85.51000213623047,86.27999877929688,64.65533447265625,13222100,0.013032787066513896,762,2014-01-14,85.51000213623047,86.31999969482422,85.51000213623047,86.27999877929688,64.65533447265625,13222100,0.013032787066513896
763,2014-01-15,86.4000015258789,86.4800033569336,85.9000015258789,86.02999877929688,64.46800994873047,11667900,-0.002897278707992834,763,2014-01-15,86.4000015258789,86.4800033569336,85.9000015258789,86.02999877929688,64.46800994873047,11667900,-0.002897278707992834,763,2014-01-15,86.4000015258789,86.4800033569336,85.9000015258789,86.02999877929688,64.46800994873047,11667900,-0.002897278707992834,763,2014-01-15,86.4000015258789,86.4800033569336,85.9000015258789,86.02999877929688,64.46800994873047,11667900,-0.002897278707992834,763,2014-01-15,86.4000015258789,86.4800033569336,85.9000015258789,86.02999877929688,64.46800994873047,11667900,-0.002897278707992834
764,2014-01-16,85.87000274658203,86.16999816894531,85.47000122070312,86.1500015258789,64.55792236328125,11297100,0.0013946826437218895,764,2014-01-16,85.87000274658203,86.16999816894531,85.47000122070312,86.1500015258789,64.55792236328125,11297100,0.0013946826437218895,764,2014-01-16,85.87000274658203,86.16999816894531,85.47000122070312,86.1500015258789,64.55792236328125,11297100,0.0013946826437218895,764,2014-01-16,85.87000274658203,86.16999816894531,85.47000122070312,86.1500015258789,64.55792236328125,11297100,0.0013946826437218895,764,2014-01-16,85.87000274658203,86.16999816894531,85.47000122070312,86.1500015258789,64.55792236328125,11297100,0.0013946826437218895
765,2014-01-17,86.36000061035156,86.83000183105469,85.9000015258789,86.01000213623047,64.45301818847656,12632900,-0.0016249620645220064,765,2014-01-17,86.36000061035156,86.83000183105469,85.9000015258789,86.01000213623047,64.45301818847656,12632900,-0.0016249620645220064,765,2014-01-17,86.36000061035156,86.83000183105469,85.9000015258789,86.01000213623047,64.45301818847656,12632900,-0.0016249620645220064,765,2014-01-17,86.36000061035156,86.83000183105469,85.9000015258789,86.01000213623047,64.45301818847656,12632900,-0.0016249620645220064,765,2014-01-17,86.36000061035156,86.83000183105469,85.9000015258789,86.01000213623047,64.45301818847656,12632900,-0.0016249620645220064
766,2014-01-21,86.62000274658203,86.91999816894531,85.98999786376953,86.72000122070312,64.9850845336914,12725800,0.008255103642453854,766,2014-01-21,86.62000274658203,86.91999816894531,85.98999786376953,86.72000122070312,64.9850845336914,12725800,0.008255103642453854,766,2014-01-21,86.62000274658203,86.91999816894531,85.98999786376953,86.72000122070312,64.9850845336914,12725800,0.008255103642453854,766,2014-01-21,86.62000274658203,86.91999816894531,85.98999786376953,86.72000122070312,64.9850845336914,12725800,0.008255103642453854,766,2014-01-21,86.62000274658203,86.91999816894531,85.98999786376953,86.72000122070312,64.9850845336914,12725800,0.008255103642453854
767,2014-01-22,86.93000030517578,87.22000122070312,86.56999969482422,87.12000274658203,65.28480529785156,10557600,0.004612147022825974,767,2014-01-22,86.93000030517578,87.22000122070312,86.56999969482422,87.12000274658203,65.28480529785156,10557600,0.004612147022825974,767,2014-01-22,86.93000030517578,87.22000122070312,86.56999969482422,87.12000274658203,65.28480529785156,10557600,0.004612147022825974,767,2014-01-22,86.93000030517578,87.22000122070312,86.56999969482422,87.12000274658203,65.28480529785156,10557600,0.004612147022825974,767,2014-01-22,86.93000030517578,87.22000122070312,86.56999969482422,87.12000274658203,65.28480529785156,10557600,0.004612147022825974
768,2014-01-23,86.6500015258789,86.83000183105469,85.72000122070312,86.12999725341797,64.54291534423828,14900800,-0.011363899305949166,768,2014-01-23,86.6500015258789,86.83000183105469,85.72000122070312,86.12999725341797,64.54291534423828,14900800,-0.011363899305949166,768,2014-01-23,86.6500015258789,86.83000183105469,85.72000122070312,86.12999725341797,64.54291534423828,14900800,-0.011363899305949166,768,2014-01-23,86.6500015258789,86.83000183105469,85.72000122070312,86.12999725341797,64.54291534423828,14900800,-0.011363899305949166,768,2014-01-23,86.6500015258789,86.83000183105469,85.72000122070312,86.12999725341797,64.54291534423828,14900800,-0.011363899305949166
769,2014-01-24,85.61000061035156,85.61000061035156,84.27999877929688,84.33000183105469,63.194068908691406,17426100,-0.02089844297166976,769,2014-01-24,85.61000061035156,85.61000061035156,84.27999877929688,84.33000183105469,63.194068908691406,17426100,-0.02089844297166976,769,2014-01-24,85.61000061035156,85.61000061035156,84.27999877929688,84.33000183105469,63.194068908691406,17426100,-0.02089844297166976,769,2014-01-24,85.61000061035156,85.61000061035156,84.27999877929688,84.33000183105469,63.194068908691406,17426100,-0.02089844297166976,769,2014-01-24,85.61000061035156,85.61000061035156,84.27999877929688,84.33000183105469,63.194068908691406,17426100,-0.02089844297166976
770,2014-01-27,84.4800033569336,84.6500015258789,83.44000244140625,84.02999877929688,62.96924591064453,16054500,-0.0035576597919612096,770,2014-01-27,84.4800033569336,84.6500015258789,83.44000244140625,84.02999877929688,62.96924591064453,16054500,-0.0035576597919612096,770,2014-01-27,84.4800033569336,84.6500015258789,83.44000244140625,84.02999877929688,62.96924591064453,16054500,-0.0035576597919612096,770,2014-01-27,84.4800033569336,84.6500015258789,83.44000244140625,84.02999877929688,62.96924591064453,16054500,-0.0035576597919612096,770,2014-01-27,84.4800033569336,84.6500015258789,83.44000244140625,84.02999877929688,62.96924591064453,16054500,-0.0035576597919612096
771,2014-01-28,84.2300033569336,84.80000305175781,84.0,84.66999816894531,63.448856353759766,9112800,0.0076165822883731416,771,2014-01-28,84.2300033569336,84.80000305175781,84.0,84.66999816894531,63.448856353759766,9112800,0.0076165822883731416,771,2014-01-28,84.2300033569336,84.80000305175781,84.0,84.66999816894531,63.448856353759766,9112800,0.0076165822883731416,771,2014-01-28,84.2300033569336,84.80000305175781,84.0,84.66999816894531,63.448856353759766,9112800,0.0076165822883731416,771,2014-01-28,84.2300033569336,84.80000305175781,84.0,84.66999816894531,63.448856353759766,9112800,0.0076165822883731416
772,2014-01-29,83.93000030517578,84.77999877929688,83.48999786376953,84.19999694824219,63.09664535522461,20124900,-0.00555110082002741,772,2014-01-29,83.93000030517578,84.77999877929688,83.48999786376953,84.19999694824219,63.09664535522461,20124900,-0.00555110082002741,772,2014-01-29,83.93000030517578,84.77999877929688,83.48999786376953,84.19999694824219,63.09664535522461,20124900,-0.00555110082002741,772,2014-01-29,83.93000030517578,84.77999877929688,83.48999786376953,84.19999694824219,63.09664535522461,20124900,-0.00555110082002741,772,2014-01-29,83.93000030517578,84.77999877929688,83.48999786376953,84.19999694824219,63.09664535522461,20124900,-0.00555110082002741
773,2014-01-30,84.7699966430664,84.91000366210938,83.98999786376953,84.47000122070312,63.29896926879883,12265700,0.0032065716399845012,773,2014-01-30,84.7699966430664,84.91000366210938,83.98999786376953,84.47000122070312,63.29896926879883,12265700,0.0032065716399845012,773,2014-01-30,84.7699966430664,84.91000366210938,83.98999786376953,84.47000122070312,63.29896926879883,12265700,0.0032065716399845012,773,2014-01-30,84.7699966430664,84.91000366210938,83.98999786376953,84.47000122070312,63.29896926879883,12265700,0.0032065716399845012,773,2014-01-30,84.7699966430664,84.91000366210938,83.98999786376953,84.47000122070312,63.29896926879883,12265700,0.0032065716399845012
774,2014-01-31,83.48999786376953,84.12000274658203,83.02999877929688,83.37999725341797,62.4821891784668,15983200,-0.01290352907428205,774,2014-01-31,83.48999786376953,84.12000274658203,83.02999877929688,83.37999725341797,62.4821891784668,15983200,-0.01290352907428205,774,2014-01-31,83.48999786376953,84.12000274658203,83.02999877929688,83.37999725341797,62.4821891784668,15983200,-0.01290352907428205,774,2014-01-31,83.48999786376953,84.12000274658203,83.02999877929688,83.37999725341797,62.4821891784668,15983200,-0.01290352907428205,774,2014-01-31,83.48999786376953,84.12000274658203,83.02999877929688,83.37999725341797,62.4821891784668,15983200,-0.01290352907428205
775,2014-02-03,83.30000305175781,83.6500015258789,81.77999877929688,81.88999938964844,61.36562728881836,25172800,-0.017870082728043024,775,2014-02-03,83.30000305175781,83.6500015258789,81.77999877929688,81.88999938964844,61.36562728881836,25172800,-0.017870082728043024,775,2014-02-03,83.30000305175781,83.6500015258789,81.77999877929688,81.88999938964844,61.36562728881836,25172800,-0.017870082728043024,775,2014-02-03,83.30000305175781,83.6500015258789,81.77999877929688,81.88999938964844,61.36562728881836,25172800,-0.017870082728043024,775,2014-02-03,83.30000305175781,83.6500015258789,81.77999877929688,81.88999938964844,61.36562728881836,25172800,-0.017870082728043024
776,2014-02-04,82.3499984741211,82.94000244140625,82.05000305175781,82.7300033569336,61.99509048461914,20339800,0.010257585942015979,776,2014-02-04,82.3499984741211,82.94000244140625,82.05000305175781,82.7300033569336,61.99509048461914,20339800,0.010257585942015979,776,2014-02-04,82.3499984741211,82.94000244140625,82.05000305175781,82.7300033569336,61.99509048461914,20339800,0.010257585942015979,776,2014-02-04,82.3499984741211,82.94000244140625,82.05000305175781,82.7300033569336,61.99509048461914,20339800,0.010257585942015979,776,2014-02-04,82.3499984741211,82.94000244140625,82.05000305175781,82.7300033569336,61.99509048461914,20339800,0.010257585942015979
777,2014-02-05,82.7300033569336,82.75,81.80999755859375,81.91999816894531,61.38809585571289,27270900,-0.009791011258493798,777,2014-02-05,82.7300033569336,82.75,81.80999755859375,81.91999816894531,61.38809585571289,27270900,-0.009791011258493798,777,2014-02-05,82.7300033569336,82.75,81.80999755859375,81.91999816894531,61.38809585571289,27270900,-0.009791011258493798,777,2014-02-05,82.7300033569336,82.75,81.80999755859375,81.91999816894531,61.38809585571289,27270900,-0.009791011258493798,777,2014-02-05,82.7300033569336,82.75,81.80999755859375,81.91999816894531,61.38809585571289,27270900,-0.009791011258493798
778,2014-02-06,82.13999938964844,83.33999633789062,82.11000061035156,83.13999938964844,62.302345275878906,13028300,0.014892943125567548,778,2014-02-06,82.13999938964844,83.33999633789062,82.11000061035156,83.13999938964844,62.302345275878906,13028300,0.014892943125567548,778,2014-02-06,82.13999938964844,83.33999633789062,82.11000061035156,83.13999938964844,62.302345275878906,13028300,0.014892943125567548,778,2014-02-06,82.13999938964844,83.33999633789062,82.11000061035156,83.13999938964844,62.302345275878906,13028300,0.014892943125567548,778,2014-02-06,82.13999938964844,83.33999633789062,82.11000061035156,83.13999938964844,62.302345275878906,13028300,0.014892943125567548
779,2014-02-07,83.6500015258789,84.16999816894531,83.13999938964844,84.04000091552734,62.976768493652344,12402300,0.01082500529935193,779,2014-02-07,83.6500015258789,84.16999816894531,83.13999938964844,84.04000091552734,62.976768493652344,12402300,0.01082500529935193,779,2014-02-07,83.6500015258789,84.16999816894531,83.13999938964844,84.04000091552734,62.976768493652344,12402300,0.01082500529935193,779,2014-02-07,83.6500015258789,84.16999816894531,83.13999938964844,84.04000091552734,62.976768493652344,12402300,0.01082500529935193,779,2014-02-07,83.6500015258789,84.16999816894531,83.13999938964844,84.04000091552734,62.976768493652344,12402300,0.01082500529935193
780,2014-02-10,84.0199966430664,84.12999725341797,83.27999877929688,83.62999725341797,62.669532775878906,7961000,-0.004878556412503232,780,2014-02-10,84.0199966430664,84.12999725341797,83.27999877929688,83.62999725341797,62.669532775878906,7961000,-0.004878556412503232,780,2014-02-10,84.0199966430664,84.12999725341797,83.27999877929688,83.62999725341797,62.669532775878906,7961000,-0.004878556412503232,780,2014-02-10,84.0199966430664,84.12999725341797,83.27999877929688,83.62999725341797,62.669532775878906,7961000,-0.004878556412503232,780,2014-02-10,84.0199966430664,84.12999725341797,83.27999877929688,83.62999725341797,62.669532775878906,7961000,-0.004878556412503232
781,2014-02-11,83.72000122070312,85.01000213623047,83.62999725341797,84.72000122070312,63.48632049560547,10869700,0.013033250505434468,781,2014-02-11,83.72000122070312,85.01000213623047,83.62999725341797,84.72000122070312,63.48632049560547,10869700,0.013033250505434468,781,2014-02-11,83.72000122070312,85.01000213623047,83.62999725341797,84.72000122070312,63.48632049560547,10869700,0.013033250505434468,781,2014-02-11,83.72000122070312,85.01000213623047,83.62999725341797,84.72000122070312,63.48632049560547,10869700,0.013033250505434468,781,2014-02-11,83.72000122070312,85.01000213623047,83.62999725341797,84.72000122070312,63.48632049560547,10869700,0.013033250505434468
782,2014-02-12,84.9800033569336,85.1500015258789,84.43000030517578,84.5199966430664,63.33644104003906,6812400,-0.0023608149660646616,782,2014-02-12,84.9800033569336,85.1500015258789,84.43000030517578,84.5199966430664,63.33644104003906,6812400,-0.0023608149660646616,782,2014-02-12,84.9800033569336,85.1500015258789,84.43000030517578,84.5199966430664,63.33644104003906,6812400,-0.0023608149660646616,782,2014-02-12,84.9800033569336,85.1500015258789,84.43000030517578,84.5199966430664,63.33644104003906,6812400,-0.0023608149660646616,782,2014-02-12,84.9800033569336,85.1500015258789,84.43000030517578,84.5199966430664,63.33644104003906,6812400,-0.0023608149660646616
783,2014-02-13,84.12000274658203,85.13999938964844,83.88999938964844,84.91999816894531,63.63621520996094,9799000,0.004733044121193464,783,2014-02-13,84.12000274658203,85.13999938964844,83.88999938964844,84.91999816894531,63.63621520996094,9799000,0.004733044121193464,783,2014-02-13,84.12000274658203,85.13999938964844,83.88999938964844,84.91999816894531,63.63621520996094,9799000,0.004733044121193464,783,2014-02-13,84.12000274658203,85.13999938964844,83.88999938964844,84.91999816894531,63.63621520996094,9799000,0.004733044121193464,783,2014-02-13,84.12000274658203,85.13999938964844,83.88999938964844,84.91999816894531,63.63621520996094,9799000,0.004733044121193464
784,2014-02-14,84.98999786376953,86.19999694824219,84.86000061035156,86.02999877929688,64.46800994873047,12618300,0.0130710906678706,784,2014-02-14,84.98999786376953,86.19999694824219,84.86000061035156,86.02999877929688,64.46800994873047,12618300,0.0130710906678706,784,2014-02-14,84.98999786376953,86.19999694824219,84.86000061035156,86.02999877929688,64.46800994873047,12618300,0.0130710906678706,784,2014-02-14,84.98999786376953,86.19999694824219,84.86000061035156,86.02999877929688,64.46800994873047,12618300,0.0130710906678706,784,2014-02-14,84.98999786376953,86.19999694824219,84.86000061035156,86.02999877929688,64.46800994873047,12618300,0.0130710906678706
785,2014-02-18,86.16000366210938,86.52999877929688,86.01000213623047,86.41999816894531,64.76024627685547,8854000,0.0045330440377702175,785,2014-02-18,86.16000366210938,86.52999877929688,86.01000213623047,86.41999816894531,64.76024627685547,8854000,0.0045330440377702175,785,2014-02-18,86.16000366210938,86.52999877929688,86.01000213623047,86.41999816894531,64.76024627685547,8854000,0.0045330440377702175,785,2014-02-18,86.16000366210938,86.52999877929688,86.01000213623047,86.41999816894531,64.76024627685547,8854000,0.0045330440377702175,785,2014-02-18,86.16000366210938,86.52999877929688,86.01000213623047,86.41999816894531,64.76024627685547,8854000,0.0045330440377702175
786,2014-02-19,86.1500015258789,87.41000366210938,86.1500015258789,86.52999877929688,64.84268188476562,23822000,0.0012729353677523036,786,2014-02-19,86.1500015258789,87.41000366210938,86.1500015258789,86.52999877929688,64.84268188476562,23822000,0.0012729353677523036,786,2014-02-19,86.1500015258789,87.41000366210938,86.1500015258789,86.52999877929688,64.84268188476562,23822000,0.0012729353677523036,786,2014-02-19,86.1500015258789,87.41000366210938,86.1500015258789,86.52999877929688,64.84268188476562,23822000,0.0012729353677523036,786,2014-02-19,86.1500015258789,87.41000366210938,86.1500015258789,86.52999877929688,64.84268188476562,23822000,0.0012729353677523036
787,2014-02-20,86.5,87.2699966430664,86.37999725341797,87.0999984741211,65.26981353759766,9436900,0.006587199054954418,787,2014-02-20,86.5,87.2699966430664,86.37999725341797,87.0999984741211,65.26981353759766,9436900,0.006587199054954418,787,2014-02-20,86.5,87.2699966430664,86.37999725341797,87.0999984741211,65.26981353759766,9436900,0.006587199054954418,787,2014-02-20,86.5,87.2699966430664,86.37999725341797,87.0999984741211,65.26981353759766,9436900,0.006587199054954418,787,2014-02-20,86.5,87.2699966430664,86.37999725341797,87.0999984741211,65.26981353759766,9436900,0.006587199054954418
788,2014-02-21,87.29000091552734,87.30999755859375,86.36000061035156,86.41000366210938,64.75276184082031,11582800,-0.007921758447793081,788,2014-02-21,87.29000091552734,87.30999755859375,86.36000061035156,86.41000366210938,64.75276184082031,11582800,-0.007921758447793081,788,2014-02-21,87.29000091552734,87.30999755859375,86.36000061035156,86.41000366210938,64.75276184082031,11582800,-0.007921758447793081,788,2014-02-21,87.29000091552734,87.30999755859375,86.36000061035156,86.41000366210938,64.75276184082031,11582800,-0.007921758447793081,788,2014-02-21,87.29000091552734,87.30999755859375,86.36000061035156,86.41000366210938,64.75276184082031,11582800,-0.007921758447793081
789,2014-02-24,86.66999816894531,88.4800033569336,86.62000274658203,87.70999908447266,65.72693634033203,18613900,0.015044524307804785,789,2014-02-24,86.66999816894531,88.4800033569336,86.62000274658203,87.70999908447266,65.72693634033203,18613900,0.015044524307804785,789,2014-02-24,86.66999816894531,88.4800033569336,86.62000274658203,87.70999908447266,65.72693634033203,18613900,0.015044524307804785,789,2014-02-24,86.66999816894531,88.4800033569336,86.62000274658203,87.70999908447266,65.72693634033203,18613900,0.015044524307804785,789,2014-02-24,86.66999816894531,88.4800033569336,86.62000274658203,87.70999908447266,65.72693634033203,18613900,0.015044524307804785
790,2014-02-25,87.54000091552734,87.83999633789062,86.95999908447266,87.66999816894531,65.69694519042969,9583300,-0.00045629922178402893,790,2014-02-25,87.54000091552734,87.83999633789062,86.95999908447266,87.66999816894531,65.69694519042969,9583300,-0.00045629922178402893,790,2014-02-25,87.54000091552734,87.83999633789062,86.95999908447266,87.66999816894531,65.69694519042969,9583300,-0.00045629922178402893,790,2014-02-25,87.54000091552734,87.83999633789062,86.95999908447266,87.66999816894531,65.69694519042969,9583300,-0.00045629922178402893,790,2014-02-25,87.54000091552734,87.83999633789062,86.95999908447266,87.66999816894531,65.69694519042969,9583300,-0.00045629922178402893
791,2014-02-26,87.70999908447266,87.80999755859375,86.8499984741211,87.12000274658203,65.28480529785156,10048300,-0.006273349413484786,791,2014-02-26,87.70999908447266,87.80999755859375,86.8499984741211,87.12000274658203,65.28480529785156,10048300,-0.006273349413484786,791,2014-02-26,87.70999908447266,87.80999755859375,86.8499984741211,87.12000274658203,65.28480529785156,10048300,-0.006273349413484786,791,2014-02-26,87.70999908447266,87.80999755859375,86.8499984741211,87.12000274658203,65.28480529785156,10048300,-0.006273349413484786,791,2014-02-26,87.70999908447266,87.80999755859375,86.8499984741211,87.12000274658203,65.28480529785156,10048300,-0.006273349413484786
792,2014-02-27,87.1500015258789,87.3499984741211,86.58000183105469,87.20999908447266,65.35225677490234,9333400,0.0010331879944045497,792,2014-02-27,87.1500015258789,87.3499984741211,86.58000183105469,87.20999908447266,65.35225677490234,9333400,0.0010331879944045497,792,2014-02-27,87.1500015258789,87.3499984741211,86.58000183105469,87.20999908447266,65.35225677490234,9333400,0.0010331879944045497,792,2014-02-27,87.1500015258789,87.3499984741211,86.58000183105469,87.20999908447266,65.35225677490234,9333400,0.0010331879944045497,792,2014-02-27,87.1500015258789,87.3499984741211,86.58000183105469,87.20999908447266,65.35225677490234,9333400,0.0010331879944045497
793,2014-02-28,87.2699966430664,87.98999786376953,87.12999725341797,87.6500015258789,65.6819839477539,10474500,0.005045383114882673,793,2014-02-28,87.2699966430664,87.98999786376953,87.12999725341797,87.6500015258789,65.6819839477539,10474500,0.005045383114882673,793,2014-02-28,87.2699966430664,87.98999786376953,87.12999725341797,87.6500015258789,65.6819839477539,10474500,0.005045383114882673,793,2014-02-28,87.2699966430664,87.98999786376953,87.12999725341797,87.6500015258789,65.6819839477539,10474500,0.005045383114882673,793,2014-02-28,87.2699966430664,87.98999786376953,87.12999725341797,87.6500015258789,65.6819839477539,10474500,0.005045383114882673
794,2014-03-03,87.12000274658203,88.08999633789062,86.80999755859375,87.08999633789062,65.26234436035156,12463600,-0.0063889602929190215,794,2014-03-03,87.12000274658203,88.08999633789062,86.80999755859375,87.08999633789062,65.26234436035156,12463600,-0.0063889602929190215,794,2014-03-03,87.12000274658203,88.08999633789062,86.80999755859375,87.08999633789062,65.26234436035156,12463600,-0.0063889602929190215,794,2014-03-03,87.12000274658203,88.08999633789062,86.80999755859375,87.08999633789062,65.26234436035156,12463600,-0.0063889602929190215,794,2014-03-03,87.12000274658203,88.08999633789062,86.80999755859375,87.08999633789062,65.26234436035156,12463600,-0.0063889602929190215
795,2014-03-04,87.8499984741211,88.30000305175781,87.51000213623047,88.04000091552734,65.97421264648438,10524500,0.01090779519353724,795,2014-03-04,87.8499984741211,88.30000305175781,87.51000213623047,88.04000091552734,65.97421264648438,10524500,0.01090779519353724,795,2014-03-04,87.8499984741211,88.30000305175781,87.51000213623047,88.04000091552734,65.97421264648438,10524500,0.01090779519353724,795,2014-03-04,87.8499984741211,88.30000305175781,87.51000213623047,88.04000091552734,65.97421264648438,10524500,0.01090779519353724,795,2014-03-04,87.8499984741211,88.30000305175781,87.51000213623047,88.04000091552734,65.97421264648438,10524500,0.01090779519353724
796,2014-03-05,87.7699966430664,87.8499984741211,86.98999786376953,87.22000122070312,65.35973358154297,10865400,-0.009313927977193548,796,2014-03-05,87.7699966430664,87.8499984741211,86.98999786376953,87.22000122070312,65.35973358154297,10865400,-0.009313927977193548,796,2014-03-05,87.7699966430664,87.8499984741211,86.98999786376953,87.22000122070312,65.35973358154297,10865400,-0.009313927977193548,796,2014-03-05,87.7699966430664,87.8499984741211,86.98999786376953,87.22000122070312,65.35973358154297,10865400,-0.009313927977193548,796,2014-03-05,87.7699966430664,87.8499984741211,86.98999786376953,87.22000122070312,65.35973358154297,10865400,-0.009313927977193548
797,2014-03-06,87.27999877929688,87.94000244140625,87.2300033569336,87.8499984741211,65.83184051513672,7788300,0.00722320774157903,797,2014-03-06,87.27999877929688,87.94000244140625,87.2300033569336,87.8499984741211,65.83184051513672,7788300,0.00722320774157903,797,2014-03-06,87.27999877929688,87.94000244140625,87.2300033569336,87.8499984741211,65.83184051513672,7788300,0.00722320774157903,797,2014-03-06,87.27999877929688,87.94000244140625,87.2300033569336,87.8499984741211,65.83184051513672,7788300,0.00722320774157903,797,2014-03-06,87.27999877929688,87.94000244140625,87.2300033569336,87.8499984741211,65.83184051513672,7788300,0.00722320774157903
798,2014-03-07,88.20999908447266,88.2699966430664,87.68000030517578,88.0199966430664,65.95922088623047,9852800,0.0019349355888729214,798,2014-03-07,88.20999908447266,88.2699966430664,87.68000030517578,88.0199966430664,65.95922088623047,9852800,0.0019349355888729214,798,2014-03-07,88.20999908447266,88.2699966430664,87.68000030517578,88.0199966430664,65.95922088623047,9852800,0.0019349355888729214,798,2014-03-07,88.20999908447266,88.2699966430664,87.68000030517578,88.0199966430664,65.95922088623047,9852800,0.0019349355888729214,798,2014-03-07,88.20999908447266,88.2699966430664,87.68000030517578,88.0199966430664,65.95922088623047,9852800,0.0019349355888729214
799,2014-03-10,87.93000030517578,88.22000122070312,87.41999816894531,88.16000366210938,66.06414031982422,8864500,0.0015906712084230445,799,2014-03-10,87.93000030517578,88.22000122070312,87.41999816894531,88.16000366210938,66.06414031982422,8864500,0.0015906712084230445,799,2014-03-10,87.93000030517578,88.22000122070312,87.41999816894531,88.16000366210938,66.06414031982422,8864500,0.0015906712084230445,799,2014-03-10,87.93000030517578,88.22000122070312,87.41999816894531,88.16000366210938,66.06414031982422,8864500,0.0015906712084230445,799,2014-03-10,87.93000030517578,88.22000122070312,87.41999816894531,88.16000366210938,66.06414031982422,8864500,0.0015906712084230445
800,2014-03-11,88.2699966430664,88.33000183105469,86.87000274658203,87.16000366210938,65.31478881835938,12268000,-0.011342787446217306,800,2014-03-11,88.2699966430664,88.33000183105469,86.87000274658203,87.16000366210938,65.31478881835938,12268000,-0.011342787446217306,800,2014-03-11,88.2699966430664,88.33000183105469,86.87000274658203,87.16000366210938,65.31478881835938,12268000,-0.011342787446217306,800,2014-03-11,88.2699966430664,88.33000183105469,86.87000274658203,87.16000366210938,65.31478881835938,12268000,-0.011342787446217306,800,2014-03-11,88.2699966430664,88.33000183105469,86.87000274658203,87.16000366210938,65.31478881835938,12268000,-0.011342787446217306
801,2014-03-12,86.55000305175781,87.38999938964844,86.45999908447266,87.16999816894531,65.322265625,9368700,0.00011447341063020033,801,2014-03-12,86.55000305175781,87.38999938964844,86.45999908447266,87.16999816894531,65.322265625,9368700,0.00011447341063020033,801,2014-03-12,86.55000305175781,87.38999938964844,86.45999908447266,87.16999816894531,65.322265625,9368700,0.00011447341063020033,801,2014-03-12,86.55000305175781,87.38999938964844,86.45999908447266,87.16999816894531,65.322265625,9368700,0.00011447341063020033,801,2014-03-12,86.55000305175781,87.38999938964844,86.45999908447266,87.16999816894531,65.322265625,9368700,0.00011447341063020033
802,2014-03-13,87.30000305175781,87.33000183105469,85.97000122070312,86.30000305175781,64.67032623291016,11272800,-0.009980354873673214,802,2014-03-13,87.30000305175781,87.33000183105469,85.97000122070312,86.30000305175781,64.67032623291016,11272800,-0.009980354873673214,802,2014-03-13,87.30000305175781,87.33000183105469,85.97000122070312,86.30000305175781,64.67032623291016,11272800,-0.009980354873673214,802,2014-03-13,87.30000305175781,87.33000183105469,85.97000122070312,86.30000305175781,64.67032623291016,11272800,-0.009980354873673214,802,2014-03-13,87.30000305175781,87.33000183105469,85.97000122070312,86.30000305175781,64.67032623291016,11272800,-0.009980354873673214
803,2014-03-14,86.19999694824219,86.72000122070312,86.08000183105469,86.37999725341797,64.73028564453125,10653400,0.000927154927364171,803,2014-03-14,86.19999694824219,86.72000122070312,86.08000183105469,86.37999725341797,64.73028564453125,10653400,0.000927154927364171,803,2014-03-14,86.19999694824219,86.72000122070312,86.08000183105469,86.37999725341797,64.73028564453125,10653400,0.000927154927364171,803,2014-03-14,86.19999694824219,86.72000122070312,86.08000183105469,86.37999725341797,64.73028564453125,10653400,0.000927154927364171,803,2014-03-14,86.19999694824219,86.72000122070312,86.08000183105469,86.37999725341797,64.73028564453125,10653400,0.000927154927364171
804,2014-03-17,86.72000122070312,87.11000061035156,86.5,86.83999633789062,65.0749740600586,10419200,0.00532499450752022,804,2014-03-17,86.72000122070312,87.11000061035156,86.5,86.83999633789062,65.0749740600586,10419200,0.00532499450752022,804,2014-03-17,86.72000122070312,87.11000061035156,86.5,86.83999633789062,65.0749740600586,10419200,0.00532499450752022,804,2014-03-17,86.72000122070312,87.11000061035156,86.5,86.83999633789062,65.0749740600586,10419200,0.00532499450752022,804,2014-03-17,86.72000122070312,87.11000061035156,86.5,86.83999633789062,65.0749740600586,10419200,0.00532499450752022
805,2014-03-18,87.16000366210938,87.83999633789062,86.88999938964844,87.56999969482422,65.62203216552734,6995200,0.008406581998232632,805,2014-03-18,87.16000366210938,87.83999633789062,86.88999938964844,87.56999969482422,65.62203216552734,6995200,0.008406581998232632,805,2014-03-18,87.16000366210938,87.83999633789062,86.88999938964844,87.56999969482422,65.62203216552734,6995200,0.008406581998232632,805,2014-03-18,87.16000366210938,87.83999633789062,86.88999938964844,87.56999969482422,65.62203216552734,6995200,0.008406581998232632,805,2014-03-18,87.16000366210938,87.83999633789062,86.88999938964844,87.56999969482422,65.62203216552734,6995200,0.008406581998232632
806,2014-03-19,87.5999984741211,87.62999725341797,86.37000274658203,86.91000366210938,65.12742614746094,9322600,-0.007537194471801678,806,2014-03-19,87.5999984741211,87.62999725341797,86.37000274658203,86.91000366210938,65.12742614746094,9322600,-0.007537194471801678,806,2014-03-19,87.5999984741211,87.62999725341797,86.37000274658203,86.91000366210938,65.12742614746094,9322600,-0.007537194471801678,806,2014-03-19,87.5999984741211,87.62999725341797,86.37000274658203,86.91000366210938,65.12742614746094,9322600,-0.007537194471801678,806,2014-03-19,87.5999984741211,87.62999725341797,86.37000274658203,86.91000366210938,65.12742614746094,9322600,-0.007537194471801678
807,2014-03-20,86.4800033569336,87.38999938964844,86.19000244140625,87.25,65.38220977783203,8713400,0.003912078911182837,807,2014-03-20,86.4800033569336,87.38999938964844,86.19000244140625,87.25,65.38220977783203,8713400,0.003912078911182837,807,2014-03-20,86.4800033569336,87.38999938964844,86.19000244140625,87.25,65.38220977783203,8713400,0.003912078911182837,807,2014-03-20,86.4800033569336,87.38999938964844,86.19000244140625,87.25,65.38220977783203,8713400,0.003912078911182837,807,2014-03-20,86.4800033569336,87.38999938964844,86.19000244140625,87.25,65.38220977783203,8713400,0.003912078911182837
808,2014-03-21,87.12000274658203,87.70999908447266,87.04000091552734,87.05999755859375,65.5606918334961,14130200,0.0027298259919714685,808,2014-03-21,87.12000274658203,87.70999908447266,87.04000091552734,87.05999755859375,65.5606918334961,14130200,0.0027298259919714685,808,2014-03-21,87.12000274658203,87.70999908447266,87.04000091552734,87.05999755859375,65.5606918334961,14130200,0.0027298259919714685,808,2014-03-21,87.12000274658203,87.70999908447266,87.04000091552734,87.05999755859375,65.5606918334961,14130200,0.0027298259919714685,808,2014-03-21,87.12000274658203,87.70999908447266,87.04000091552734,87.05999755859375,65.5606918334961,14130200,0.0027298259919714685
809,2014-03-24,87.33000183105469,87.7300033569336,86.72000122070312,86.87999725341797,65.42514038085938,10044000,-0.0020675720289983213,809,2014-03-24,87.33000183105469,87.7300033569336,86.72000122070312,86.87999725341797,65.42514038085938,10044000,-0.0020675720289983213,809,2014-03-24,87.33000183105469,87.7300033569336,86.72000122070312,86.87999725341797,65.42514038085938,10044000,-0.0020675720289983213,809,2014-03-24,87.33000183105469,87.7300033569336,86.72000122070312,86.87999725341797,65.42514038085938,10044000,-0.0020675720289983213,809,2014-03-24,87.33000183105469,87.7300033569336,86.72000122070312,86.87999725341797,65.42514038085938,10044000,-0.0020675720289983213
810,2014-03-25,87.33000183105469,87.7300033569336,87.30000305175781,87.66000366210938,66.0125503540039,7168800,0.008978352506773923,810,2014-03-25,87.33000183105469,87.7300033569336,87.30000305175781,87.66000366210938,66.0125503540039,7168800,0.008978352506773923,810,2014-03-25,87.33000183105469,87.7300033569336,87.30000305175781,87.66000366210938,66.0125503540039,7168800,0.008978352506773923,810,2014-03-25,87.33000183105469,87.7300033569336,87.30000305175781,87.66000366210938,66.0125503540039,7168800,0.008978352506773923,810,2014-03-25,87.33000183105469,87.7300033569336,87.30000305175781,87.66000366210938,66.0125503540039,7168800,0.008978352506773923
811,2014-03-26,87.95999908447266,88.19000244140625,87.19000244140625,87.25,65.7037582397461,8564400,-0.004677778886012729,811,2014-03-26,87.95999908447266,88.19000244140625,87.19000244140625,87.25,65.7037582397461,8564400,-0.004677778886012729,811,2014-03-26,87.95999908447266,88.19000244140625,87.19000244140625,87.25,65.7037582397461,8564400,-0.004677778886012729,811,2014-03-26,87.95999908447266,88.19000244140625,87.19000244140625,87.25,65.7037582397461,8564400,-0.004677778886012729,811,2014-03-26,87.95999908447266,88.19000244140625,87.19000244140625,87.25,65.7037582397461,8564400,-0.004677778886012729
812,2014-03-27,87.27999877929688,88.2300033569336,87.06999969482422,87.95999908447266,66.23844909667969,11386300,0.008137903694680038,812,2014-03-27,87.27999877929688,88.2300033569336,87.06999969482422,87.95999908447266,66.23844909667969,11386300,0.008137903694680038,812,2014-03-27,87.27999877929688,88.2300033569336,87.06999969482422,87.95999908447266,66.23844909667969,11386300,0.008137903694680038,812,2014-03-27,87.27999877929688,88.2300033569336,87.06999969482422,87.95999908447266,66.23844909667969,11386300,0.008137903694680038,812,2014-03-27,87.27999877929688,88.2300033569336,87.06999969482422,87.95999908447266,66.23844909667969,11386300,0.008137903694680038
813,2014-03-28,88.25,89.25,88.19999694824219,89.05999755859375,67.06682586669922,9955600,0.012505980760667557,813,2014-03-28,88.25,89.25,88.19999694824219,89.05999755859375,67.06682586669922,9955600,0.012505980760667557,813,2014-03-28,88.25,89.25,88.19999694824219,89.05999755859375,67.06682586669922,9955600,0.012505980760667557,813,2014-03-28,88.25,89.25,88.19999694824219,89.05999755859375,67.06682586669922,9955600,0.012505980760667557,813,2014-03-28,88.25,89.25,88.19999694824219,89.05999755859375,67.06682586669922,9955600,0.012505980760667557
814,2014-03-31,89.5,89.58999633789062,88.79000091552734,89.05999755859375,67.06682586669922,8451600,0.0,814,2014-03-31,89.5,89.58999633789062,88.79000091552734,89.05999755859375,67.06682586669922,8451600,0.0,814,2014-03-31,89.5,89.58999633789062,88.79000091552734,89.05999755859375,67.06682586669922,8451600,0.0,814,2014-03-31,89.5,89.58999633789062,88.79000091552734,89.05999755859375,67.06682586669922,8451600,0.0,814,2014-03-31,89.5,89.58999633789062,88.79000091552734,89.05999755859375,67.06682586669922,8451600,0.0
815,2014-04-01,89.08999633789062,89.5999984741211,89.05000305175781,89.58999633789062,67.46591186523438,10247300,0.005950572334053383,815,2014-04-01,89.08999633789062,89.5999984741211,89.05000305175781,89.58999633789062,67.46591186523438,10247300,0.005950572334053383,815,2014-04-01,89.08999633789062,89.5999984741211,89.05000305175781,89.58999633789062,67.46591186523438,10247300,0.005950572334053383,815,2014-04-01,89.08999633789062,89.5999984741211,89.05000305175781,89.58999633789062,67.46591186523438,10247300,0.005950572334053383,815,2014-04-01,89.08999633789062,89.5999984741211,89.05000305175781,89.58999633789062,67.46591186523438,10247300,0.005950572334053383
816,2014-04-02,89.4000015258789,90.06999969482422,89.33000183105469,89.91000366210938,67.70690155029297,10008600,0.003572021460852337,816,2014-04-02,89.4000015258789,90.06999969482422,89.33000183105469,89.91000366210938,67.70690155029297,10008600,0.003572021460852337,816,2014-04-02,89.4000015258789,90.06999969482422,89.33000183105469,89.91000366210938,67.70690155029297,10008600,0.003572021460852337,816,2014-04-02,89.4000015258789,90.06999969482422,89.33000183105469,89.91000366210938,67.70690155029297,10008600,0.003572021460852337,816,2014-04-02,89.4000015258789,90.06999969482422,89.33000183105469,89.91000366210938,67.70690155029297,10008600,0.003572021460852337
817,2014-04-03,90.11000061035156,90.86000061035156,89.95999908447266,90.48999786376953,68.14366149902344,10792000,0.006450744883164328,817,2014-04-03,90.11000061035156,90.86000061035156,89.95999908447266,90.48999786376953,68.14366149902344,10792000,0.006450744883164328,817,2014-04-03,90.11000061035156,90.86000061035156,89.95999908447266,90.48999786376953,68.14366149902344,10792000,0.006450744883164328,817,2014-04-03,90.11000061035156,90.86000061035156,89.95999908447266,90.48999786376953,68.14366149902344,10792000,0.006450744883164328,817,2014-04-03,90.11000061035156,90.86000061035156,89.95999908447266,90.48999786376953,68.14366149902344,10792000,0.006450744883164328
818,2014-04-04,91.16999816894531,91.30000305175781,90.0,90.16000366210938,67.89514923095703,13997800,-0.003646887510879715,818,2014-04-04,91.16999816894531,91.30000305175781,90.0,90.16000366210938,67.89514923095703,13997800,-0.003646887510879715,818,2014-04-04,91.16999816894531,91.30000305175781,90.0,90.16000366210938,67.89514923095703,13997800,-0.003646887510879715,818,2014-04-04,91.16999816894531,91.30000305175781,90.0,90.16000366210938,67.89514923095703,13997800,-0.003646887510879715,818,2014-04-04,91.16999816894531,91.30000305175781,90.0,90.16000366210938,67.89514923095703,13997800,-0.003646887510879715
819,2014-04-07,89.94999694824219,90.12999725341797,88.6500015258789,88.6500015258789,66.75804901123047,11244800,-0.016747886006679535,819,2014-04-07,89.94999694824219,90.12999725341797,88.6500015258789,88.6500015258789,66.75804901123047,11244800,-0.016747886006679535,819,2014-04-07,89.94999694824219,90.12999725341797,88.6500015258789,88.6500015258789,66.75804901123047,11244800,-0.016747886006679535,819,2014-04-07,89.94999694824219,90.12999725341797,88.6500015258789,88.6500015258789,66.75804901123047,11244800,-0.016747886006679535,819,2014-04-07,89.94999694824219,90.12999725341797,88.6500015258789,88.6500015258789,66.75804901123047,11244800,-0.016747886006679535
820,2014-04-08,88.87000274658203,89.7300033569336,88.69999694824219,89.54000091552734,67.42826843261719,11644400,0.010039529784250822,820,2014-04-08,88.87000274658203,89.7300033569336,88.69999694824219,89.54000091552734,67.42826843261719,11644400,0.010039529784250822,820,2014-04-08,88.87000274658203,89.7300033569336,88.69999694824219,89.54000091552734,67.42826843261719,11644400,0.010039529784250822,820,2014-04-08,88.87000274658203,89.7300033569336,88.69999694824219,89.54000091552734,67.42826843261719,11644400,0.010039529784250822,820,2014-04-08,88.87000274658203,89.7300033569336,88.69999694824219,89.54000091552734,67.42826843261719,11644400,0.010039529784250822
821,2014-04-09,89.81999969482422,90.01000213623047,89.04000091552734,89.94999694824219,67.73699951171875,7224500,0.004578659459572032,821,2014-04-09,89.81999969482422,90.01000213623047,89.04000091552734,89.94999694824219,67.73699951171875,7224500,0.004578659459572032,821,2014-04-09,89.81999969482422,90.01000213623047,89.04000091552734,89.94999694824219,67.73699951171875,7224500,0.004578659459572032,821,2014-04-09,89.81999969482422,90.01000213623047,89.04000091552734,89.94999694824219,67.73699951171875,7224500,0.004578659459572032,821,2014-04-09,89.81999969482422,90.01000213623047,89.04000091552734,89.94999694824219,67.73699951171875,7224500,0.004578659459572032
822,2014-04-10,89.61000061035156,90.19000244140625,88.51000213623047,88.69999694824219,66.79571533203125,12298300,-0.013896159949108089,822,2014-04-10,89.61000061035156,90.19000244140625,88.51000213623047,88.69999694824219,66.79571533203125,12298300,-0.013896159949108089,822,2014-04-10,89.61000061035156,90.19000244140625,88.51000213623047,88.69999694824219,66.79571533203125,12298300,-0.013896159949108089,822,2014-04-10,89.61000061035156,90.19000244140625,88.51000213623047,88.69999694824219,66.79571533203125,12298300,-0.013896159949108089,822,2014-04-10,89.61000061035156,90.19000244140625,88.51000213623047,88.69999694824219,66.79571533203125,12298300,-0.013896159949108089
823,2014-04-11,88.26000213623047,88.97000122070312,88.22000122070312,88.44999694824219,66.60743713378906,13455900,-0.002818716699211743,823,2014-04-11,88.26000213623047,88.97000122070312,88.22000122070312,88.44999694824219,66.60743713378906,13455900,-0.002818716699211743,823,2014-04-11,88.26000213623047,88.97000122070312,88.22000122070312,88.44999694824219,66.60743713378906,13455900,-0.002818716699211743,823,2014-04-11,88.26000213623047,88.97000122070312,88.22000122070312,88.44999694824219,66.60743713378906,13455900,-0.002818716699211743,823,2014-04-11,88.26000213623047,88.97000122070312,88.22000122070312,88.44999694824219,66.60743713378906,13455900,-0.002818716699211743
824,2014-04-14,89.12999725341797,89.83999633789062,88.70999908447266,89.66000366210938,67.51863861083984,9961400,0.01368017621246298,824,2014-04-14,89.12999725341797,89.83999633789062,88.70999908447266,89.66000366210938,67.51863861083984,9961400,0.01368017621246298,824,2014-04-14,89.12999725341797,89.83999633789062,88.70999908447266,89.66000366210938,67.51863861083984,9961400,0.01368017621246298,824,2014-04-14,89.12999725341797,89.83999633789062,88.70999908447266,89.66000366210938,67.51863861083984,9961400,0.01368017621246298,824,2014-04-14,89.12999725341797,89.83999633789062,88.70999908447266,89.66000366210938,67.51863861083984,9961400,0.01368017621246298
825,2014-04-15,89.5999984741211,90.88999938964844,89.31999969482422,90.86000061035156,68.42229461669922,22442900,0.013383800746751051,825,2014-04-15,89.5999984741211,90.88999938964844,89.31999969482422,90.86000061035156,68.42229461669922,22442900,0.013383800746751051,825,2014-04-15,89.5999984741211,90.88999938964844,89.31999969482422,90.86000061035156,68.42229461669922,22442900,0.013383800746751051,825,2014-04-15,89.5999984741211,90.88999938964844,89.31999969482422,90.86000061035156,68.42229461669922,22442900,0.013383800746751051,825,2014-04-15,89.5999984741211,90.88999938964844,89.31999969482422,90.86000061035156,68.42229461669922,22442900,0.013383800746751051
826,2014-04-16,91.38999938964844,91.97000122070312,91.26000213623047,91.94999694824219,69.24311828613281,13036700,0.01199643586979704,826,2014-04-16,91.38999938964844,91.97000122070312,91.26000213623047,91.94999694824219,69.24311828613281,13036700,0.01199643586979704,826,2014-04-16,91.38999938964844,91.97000122070312,91.26000213623047,91.94999694824219,69.24311828613281,13036700,0.01199643586979704,826,2014-04-16,91.38999938964844,91.97000122070312,91.26000213623047,91.94999694824219,69.24311828613281,13036700,0.01199643586979704,826,2014-04-16,91.38999938964844,91.97000122070312,91.26000213623047,91.94999694824219,69.24311828613281,13036700,0.01199643586979704
827,2014-04-17,92.06999969482422,93.06999969482422,91.91000366210938,92.79000091552734,69.87568664550781,18541000,0.00913546898279538,827,2014-04-17,92.06999969482422,93.06999969482422,91.91000366210938,92.79000091552734,69.87568664550781,18541000,0.00913546898279538,827,2014-04-17,92.06999969482422,93.06999969482422,91.91000366210938,92.79000091552734,69.87568664550781,18541000,0.00913546898279538,827,2014-04-17,92.06999969482422,93.06999969482422,91.91000366210938,92.79000091552734,69.87568664550781,18541000,0.00913546898279538,827,2014-04-17,92.06999969482422,93.06999969482422,91.91000366210938,92.79000091552734,69.87568664550781,18541000,0.00913546898279538
828,2014-04-21,92.87999725341797,93.48999786376953,92.70999908447266,93.41999816894531,70.3501205444336,8506400,0.006789684963421916,828,2014-04-21,92.87999725341797,93.48999786376953,92.70999908447266,93.41999816894531,70.3501205444336,8506400,0.006789684963421916,828,2014-04-21,92.87999725341797,93.48999786376953,92.70999908447266,93.41999816894531,70.3501205444336,8506400,0.006789684963421916,828,2014-04-21,92.87999725341797,93.48999786376953,92.70999908447266,93.41999816894531,70.3501205444336,8506400,0.006789684963421916,828,2014-04-21,92.87999725341797,93.48999786376953,92.70999908447266,93.41999816894531,70.3501205444336,8506400,0.006789684963421916
829,2014-04-22,93.16000366210938,93.52999877929688,92.70999908447266,93.2699966430664,70.23713684082031,6345200,-0.0016060200428785754,829,2014-04-22,93.16000366210938,93.52999877929688,92.70999908447266,93.2699966430664,70.23713684082031,6345200,-0.0016060200428785754,829,2014-04-22,93.16000366210938,93.52999877929688,92.70999908447266,93.2699966430664,70.23713684082031,6345200,-0.0016060200428785754,829,2014-04-22,93.16000366210938,93.52999877929688,92.70999908447266,93.2699966430664,70.23713684082031,6345200,-0.0016060200428785754,829,2014-04-22,93.16000366210938,93.52999877929688,92.70999908447266,93.2699966430664,70.23713684082031,6345200,-0.0016060200428785754
830,2014-04-23,93.26000213623047,94.0199966430664,93.26000213623047,93.76000213623047,70.60614013671875,8561700,0.005253677933010126,830,2014-04-23,93.26000213623047,94.0199966430664,93.26000213623047,93.76000213623047,70.60614013671875,8561700,0.005253677933010126,830,2014-04-23,93.26000213623047,94.0199966430664,93.26000213623047,93.76000213623047,70.60614013671875,8561700,0.005253677933010126,830,2014-04-23,93.26000213623047,94.0199966430664,93.26000213623047,93.76000213623047,70.60614013671875,8561700,0.005253677933010126,830,2014-04-23,93.26000213623047,94.0199966430664,93.26000213623047,93.76000213623047,70.60614013671875,8561700,0.005253677933010126
831,2014-04-24,94.02999877929688,94.25,93.62000274658203,93.79000091552734,70.62873840332031,8876500,0.0003200609261149179,831,2014-04-24,94.02999877929688,94.25,93.62000274658203,93.79000091552734,70.62873840332031,8876500,0.0003200609261149179,831,2014-04-24,94.02999877929688,94.25,93.62000274658203,93.79000091552734,70.62873840332031,8876500,0.0003200609261149179,831,2014-04-24,94.02999877929688,94.25,93.62000274658203,93.79000091552734,70.62873840332031,8876500,0.0003200609261149179,831,2014-04-24,94.02999877929688,94.25,93.62000274658203,93.79000091552734,70.62873840332031,8876500,0.0003200609261149179
832,2014-04-25,93.52999877929688,93.81999969482422,92.94000244140625,93.2300033569336,70.20701599121094,8872100,-0.005970974728461975,832,2014-04-25,93.52999877929688,93.81999969482422,92.94000244140625,93.2300033569336,70.20701599121094,8872100,-0.005970974728461975,832,2014-04-25,93.52999877929688,93.81999969482422,92.94000244140625,93.2300033569336,70.20701599121094,8872100,-0.005970974728461975,832,2014-04-25,93.52999877929688,93.81999969482422,92.94000244140625,93.2300033569336,70.20701599121094,8872100,-0.005970974728461975,832,2014-04-25,93.52999877929688,93.81999969482422,92.94000244140625,93.2300033569336,70.20701599121094,8872100,-0.005970974728461975
833,2014-04-28,93.55000305175781,93.62999725341797,92.61000061035156,93.38999938964844,70.3275146484375,11167000,0.001716333553353877,833,2014-04-28,93.55000305175781,93.62999725341797,92.61000061035156,93.38999938964844,70.3275146484375,11167000,0.001716333553353877,833,2014-04-28,93.55000305175781,93.62999725341797,92.61000061035156,93.38999938964844,70.3275146484375,11167000,0.001716333553353877,833,2014-04-28,93.55000305175781,93.62999725341797,92.61000061035156,93.38999938964844,70.3275146484375,11167000,0.001716333553353877,833,2014-04-28,93.55000305175781,93.62999725341797,92.61000061035156,93.38999938964844,70.3275146484375,11167000,0.001716333553353877
834,2014-04-29,93.83999633789062,94.66000366210938,93.79000091552734,93.81999969482422,70.65132141113281,8272600,0.00460426853293483,834,2014-04-29,93.83999633789062,94.66000366210938,93.79000091552734,93.81999969482422,70.65132141113281,8272600,0.00460426853293483,834,2014-04-29,93.83999633789062,94.66000366210938,93.79000091552734,93.81999969482422,70.65132141113281,8272600,0.00460426853293483,834,2014-04-29,93.83999633789062,94.66000366210938,93.79000091552734,93.81999969482422,70.65132141113281,8272600,0.00460426853293483,834,2014-04-29,93.83999633789062,94.66000366210938,93.79000091552734,93.81999969482422,70.65132141113281,8272600,0.00460426853293483
835,2014-04-30,93.61000061035156,93.87999725341797,93.13999938964844,93.73999786376953,70.5910873413086,10821600,-0.0008525540445832869,835,2014-04-30,93.61000061035156,93.87999725341797,93.13999938964844,93.73999786376953,70.5910873413086,10821600,-0.0008525540445832869,835,2014-04-30,93.61000061035156,93.87999725341797,93.13999938964844,93.73999786376953,70.5910873413086,10821600,-0.0008525540445832869,835,2014-04-30,93.61000061035156,93.87999725341797,93.13999938964844,93.73999786376953,70.5910873413086,10821600,-0.0008525540445832869,835,2014-04-30,93.61000061035156,93.87999725341797,93.13999938964844,93.73999786376953,70.5910873413086,10821600,-0.0008525540445832869
836,2014-05-01,93.61000061035156,93.86000061035156,93.26000213623047,93.52999877929688,70.43295288085938,10715300,-0.0022401476787662356,836,2014-05-01,93.61000061035156,93.86000061035156,93.26000213623047,93.52999877929688,70.43295288085938,10715300,-0.0022401476787662356,836,2014-05-01,93.61000061035156,93.86000061035156,93.26000213623047,93.52999877929688,70.43295288085938,10715300,-0.0022401476787662356,836,2014-05-01,93.61000061035156,93.86000061035156,93.26000213623047,93.52999877929688,70.43295288085938,10715300,-0.0022401476787662356,836,2014-05-01,93.61000061035156,93.86000061035156,93.26000213623047,93.52999877929688,70.43295288085938,10715300,-0.0022401476787662356
837,2014-05-02,93.36000061035156,94.41999816894531,93.2300033569336,93.72000122070312,70.57601165771484,8711000,0.002031134163826165,837,2014-05-02,93.36000061035156,94.41999816894531,93.2300033569336,93.72000122070312,70.57601165771484,8711000,0.002031134163826165,837,2014-05-02,93.36000061035156,94.41999816894531,93.2300033569336,93.72000122070312,70.57601165771484,8711000,0.002031134163826165,837,2014-05-02,93.36000061035156,94.41999816894531,93.2300033569336,93.72000122070312,70.57601165771484,8711000,0.002031134163826165,837,2014-05-02,93.36000061035156,94.41999816894531,93.2300033569336,93.72000122070312,70.57601165771484,8711000,0.002031134163826165
838,2014-05-05,93.37000274658203,94.31999969482422,93.19999694824219,94.16000366210938,70.9073715209961,8037300,0.0046950777679009015,838,2014-05-05,93.37000274658203,94.31999969482422,93.19999694824219,94.16000366210938,70.9073715209961,8037300,0.0046950777679009015,838,2014-05-05,93.37000274658203,94.31999969482422,93.19999694824219,94.16000366210938,70.9073715209961,8037300,0.0046950777679009015,838,2014-05-05,93.37000274658203,94.31999969482422,93.19999694824219,94.16000366210938,70.9073715209961,8037300,0.0046950777679009015,838,2014-05-05,93.37000274658203,94.31999969482422,93.19999694824219,94.16000366210938,70.9073715209961,8037300,0.0046950777679009015
839,2014-05-06,94.25,94.80000305175781,94.16999816894531,94.30000305175781,71.01280212402344,7476700,0.0014868778910543945,839,2014-05-06,94.25,94.80000305175781,94.16999816894531,94.30000305175781,71.01280212402344,7476700,0.0014868778910543945,839,2014-05-06,94.25,94.80000305175781,94.16999816894531,94.30000305175781,71.01280212402344,7476700,0.0014868778910543945,839,2014-05-06,94.25,94.80000305175781,94.16999816894531,94.30000305175781,71.01280212402344,7476700,0.0014868778910543945,839,2014-05-06,94.25,94.80000305175781,94.16999816894531,94.30000305175781,71.01280212402344,7476700,0.0014868778910543945
840,2014-05-07,94.72000122070312,95.25,94.19000244140625,95.12000274658203,71.63028717041016,9630900,0.008695404601951617,840,2014-05-07,94.72000122070312,95.25,94.19000244140625,95.12000274658203,71.63028717041016,9630900,0.008695404601951617,840,2014-05-07,94.72000122070312,95.25,94.19000244140625,95.12000274658203,71.63028717041016,9630900,0.008695404601951617,840,2014-05-07,94.72000122070312,95.25,94.19000244140625,95.12000274658203,71.63028717041016,9630900,0.008695404601951617,840,2014-05-07,94.72000122070312,95.25,94.19000244140625,95.12000274658203,71.63028717041016,9630900,0.008695404601951617
841,2014-05-08,94.93000030517578,95.08999633789062,93.68000030517578,93.76000213623047,70.60614013671875,10966300,-0.014297681527576933,841,2014-05-08,94.93000030517578,95.08999633789062,93.68000030517578,93.76000213623047,70.60614013671875,10966300,-0.014297681527576933,841,2014-05-08,94.93000030517578,95.08999633789062,93.68000030517578,93.76000213623047,70.60614013671875,10966300,-0.014297681527576933,841,2014-05-08,94.93000030517578,95.08999633789062,93.68000030517578,93.76000213623047,70.60614013671875,10966300,-0.014297681527576933,841,2014-05-08,94.93000030517578,95.08999633789062,93.68000030517578,93.76000213623047,70.60614013671875,10966300,-0.014297681527576933
842,2014-05-09,93.87999725341797,94.05000305175781,93.30999755859375,93.66999816894531,70.53836822509766,8710800,-0.0009598586113029883,842,2014-05-09,93.87999725341797,94.05000305175781,93.30999755859375,93.66999816894531,70.53836822509766,8710800,-0.0009598586113029883,842,2014-05-09,93.87999725341797,94.05000305175781,93.30999755859375,93.66999816894531,70.53836822509766,8710800,-0.0009598586113029883,842,2014-05-09,93.87999725341797,94.05000305175781,93.30999755859375,93.66999816894531,70.53836822509766,8710800,-0.0009598586113029883,842,2014-05-09,93.87999725341797,94.05000305175781,93.30999755859375,93.66999816894531,70.53836822509766,8710800,-0.0009598586113029883
843,2014-05-12,94.0999984741211,94.37999725341797,93.80999755859375,94.33000183105469,71.03540802001953,5213900,0.007046375007368377,843,2014-05-12,94.0999984741211,94.37999725341797,93.80999755859375,94.33000183105469,71.03540802001953,5213900,0.007046375007368377,843,2014-05-12,94.0999984741211,94.37999725341797,93.80999755859375,94.33000183105469,71.03540802001953,5213900,0.007046375007368377,843,2014-05-12,94.0999984741211,94.37999725341797,93.80999755859375,94.33000183105469,71.03540802001953,5213900,0.007046375007368377,843,2014-05-12,94.0999984741211,94.37999725341797,93.80999755859375,94.33000183105469,71.03540802001953,5213900,0.007046375007368377
844,2014-05-13,94.51000213623047,94.81999969482422,94.37000274658203,94.68000030517578,71.29895782470703,4988800,0.0037101188271237984,844,2014-05-13,94.51000213623047,94.81999969482422,94.37000274658203,94.68000030517578,71.29895782470703,4988800,0.0037101188271237984,844,2014-05-13,94.51000213623047,94.81999969482422,94.37000274658203,94.68000030517578,71.29895782470703,4988800,0.0037101188271237984,844,2014-05-13,94.51000213623047,94.81999969482422,94.37000274658203,94.68000030517578,71.29895782470703,4988800,0.0037101188271237984,844,2014-05-13,94.51000213623047,94.81999969482422,94.37000274658203,94.68000030517578,71.29895782470703,4988800,0.0037101188271237984
845,2014-05-14,94.77999877929688,95.0199966430664,94.58999633789062,94.72000122070312,71.32908630371094,4984600,0.0004225654893579289,845,2014-05-14,94.77999877929688,95.0199966430664,94.58999633789062,94.72000122070312,71.32908630371094,4984600,0.0004225654893579289,845,2014-05-14,94.77999877929688,95.0199966430664,94.58999633789062,94.72000122070312,71.32908630371094,4984600,0.0004225654893579289,845,2014-05-14,94.77999877929688,95.0199966430664,94.58999633789062,94.72000122070312,71.32908630371094,4984600,0.0004225654893579289,845,2014-05-14,94.77999877929688,95.0199966430664,94.58999633789062,94.72000122070312,71.32908630371094,4984600,0.0004225654893579289
846,2014-05-15,94.52999877929688,94.55999755859375,92.94999694824219,93.63999938964844,70.51576232910156,11448800,-0.01140241683660903,846,2014-05-15,94.52999877929688,94.55999755859375,92.94999694824219,93.63999938964844,70.51576232910156,11448800,-0.01140241683660903,846,2014-05-15,94.52999877929688,94.55999755859375,92.94999694824219,93.63999938964844,70.51576232910156,11448800,-0.01140241683660903,846,2014-05-15,94.52999877929688,94.55999755859375,92.94999694824219,93.63999938964844,70.51576232910156,11448800,-0.01140241683660903,846,2014-05-15,94.52999877929688,94.55999755859375,92.94999694824219,93.63999938964844,70.51576232910156,11448800,-0.01140241683660903
847,2014-05-16,93.47000122070312,93.73999786376953,92.93000030517578,93.4000015258789,70.33504486083984,14811000,-0.0025627953565657835,847,2014-05-16,93.47000122070312,93.73999786376953,92.93000030517578,93.4000015258789,70.33504486083984,14811000,-0.0025627953565657835,847,2014-05-16,93.47000122070312,93.73999786376953,92.93000030517578,93.4000015258789,70.33504486083984,14811000,-0.0025627953565657835,847,2014-05-16,93.47000122070312,93.73999786376953,92.93000030517578,93.4000015258789,70.33504486083984,14811000,-0.0025627953565657835,847,2014-05-16,93.47000122070312,93.73999786376953,92.93000030517578,93.4000015258789,70.33504486083984,14811000,-0.0025627953565657835
848,2014-05-19,93.13999938964844,93.94000244140625,93.13999938964844,93.69000244140625,70.5534439086914,5032200,0.0031051241707980015,848,2014-05-19,93.13999938964844,93.94000244140625,93.13999938964844,93.69000244140625,70.5534439086914,5032200,0.0031051241707980015,848,2014-05-19,93.13999938964844,93.94000244140625,93.13999938964844,93.69000244140625,70.5534439086914,5032200,0.0031051241707980015,848,2014-05-19,93.13999938964844,93.94000244140625,93.13999938964844,93.69000244140625,70.5534439086914,5032200,0.0031051241707980015,848,2014-05-19,93.13999938964844,93.94000244140625,93.13999938964844,93.69000244140625,70.5534439086914,5032200,0.0031051241707980015
849,2014-05-20,93.48999786376953,93.86000061035156,93.23999786376953,93.41999816894531,70.3501205444336,4675600,-0.0028818347198040772,849,2014-05-20,93.48999786376953,93.86000061035156,93.23999786376953,93.41999816894531,70.3501205444336,4675600,-0.0028818347198040772,849,2014-05-20,93.48999786376953,93.86000061035156,93.23999786376953,93.41999816894531,70.3501205444336,4675600,-0.0028818347198040772,849,2014-05-20,93.48999786376953,93.86000061035156,93.23999786376953,93.41999816894531,70.3501205444336,4675600,-0.0028818347198040772,849,2014-05-20,93.48999786376953,93.86000061035156,93.23999786376953,93.41999816894531,70.3501205444336,4675600,-0.0028818347198040772
850,2014-05-21,93.8499984741211,94.55999755859375,93.72000122070312,94.43000030517578,71.11070251464844,5857400,0.010811381193504221,850,2014-05-21,93.8499984741211,94.55999755859375,93.72000122070312,94.43000030517578,71.11070251464844,5857400,0.010811381193504221,850,2014-05-21,93.8499984741211,94.55999755859375,93.72000122070312,94.43000030517578,71.11070251464844,5857400,0.010811381193504221,850,2014-05-21,93.8499984741211,94.55999755859375,93.72000122070312,94.43000030517578,71.11070251464844,5857400,0.010811381193504221,850,2014-05-21,93.8499984741211,94.55999755859375,93.72000122070312,94.43000030517578,71.11070251464844,5857400,0.010811381193504221
851,2014-05-22,94.43000030517578,94.83999633789062,94.22000122070312,94.33999633789062,71.04290771484375,6869200,-0.0009533698502095511,851,2014-05-22,94.43000030517578,94.83999633789062,94.22000122070312,94.33999633789062,71.04290771484375,6869200,-0.0009533698502095511,851,2014-05-22,94.43000030517578,94.83999633789062,94.22000122070312,94.33999633789062,71.04290771484375,6869200,-0.0009533698502095511,851,2014-05-22,94.43000030517578,94.83999633789062,94.22000122070312,94.33999633789062,71.04290771484375,6869200,-0.0009533698502095511,851,2014-05-22,94.43000030517578,94.83999633789062,94.22000122070312,94.33999633789062,71.04290771484375,6869200,-0.0009533698502095511
852,2014-05-23,94.31999969482422,94.68000030517578,94.12999725341797,94.1500015258789,70.89984130859375,5280600,-0.0020138027968147343,852,2014-05-23,94.31999969482422,94.68000030517578,94.12999725341797,94.1500015258789,70.89984130859375,5280600,-0.0020138027968147343,852,2014-05-23,94.31999969482422,94.68000030517578,94.12999725341797,94.1500015258789,70.89984130859375,5280600,-0.0020138027968147343,852,2014-05-23,94.31999969482422,94.68000030517578,94.12999725341797,94.1500015258789,70.89984130859375,5280600,-0.0020138027968147343,852,2014-05-23,94.31999969482422,94.68000030517578,94.12999725341797,94.1500015258789,70.89984130859375,5280600,-0.0020138027968147343
853,2014-05-27,94.41999816894531,94.62999725341797,94.05999755859375,94.41000366210938,71.09562683105469,5057300,0.002761438091360091,853,2014-05-27,94.41999816894531,94.62999725341797,94.05999755859375,94.41000366210938,71.09562683105469,5057300,0.002761438091360091,853,2014-05-27,94.41999816894531,94.62999725341797,94.05999755859375,94.41000366210938,71.09562683105469,5057300,0.002761438091360091,853,2014-05-27,94.41999816894531,94.62999725341797,94.05999755859375,94.41000366210938,71.09562683105469,5057300,0.002761438091360091,853,2014-05-27,94.41999816894531,94.62999725341797,94.05999755859375,94.41000366210938,71.09562683105469,5057300,0.002761438091360091
854,2014-05-28,94.4000015258789,94.88999938964844,94.19999694824219,94.56999969482422,71.21611785888672,7535500,0.001694774112033004,854,2014-05-28,94.4000015258789,94.88999938964844,94.19999694824219,94.56999969482422,71.21611785888672,7535500,0.001694774112033004,854,2014-05-28,94.4000015258789,94.88999938964844,94.19999694824219,94.56999969482422,71.21611785888672,7535500,0.001694774112033004,854,2014-05-28,94.4000015258789,94.88999938964844,94.19999694824219,94.56999969482422,71.21611785888672,7535500,0.001694774112033004,854,2014-05-28,94.4000015258789,94.88999938964844,94.19999694824219,94.56999969482422,71.21611785888672,7535500,0.001694774112033004
855,2014-05-29,94.75,95.43000030517578,94.48999786376953,95.37999725341797,71.82608795166016,7278300,0.008565056775238444,855,2014-05-29,94.75,95.43000030517578,94.48999786376953,95.37999725341797,71.82608795166016,7278300,0.008565056775238444,855,2014-05-29,94.75,95.43000030517578,94.48999786376953,95.37999725341797,71.82608795166016,7278300,0.008565056775238444,855,2014-05-29,94.75,95.43000030517578,94.48999786376953,95.37999725341797,71.82608795166016,7278300,0.008565056775238444,855,2014-05-29,94.75,95.43000030517578,94.48999786376953,95.37999725341797,71.82608795166016,7278300,0.008565056775238444
856,2014-05-30,95.12000274658203,95.41999816894531,94.8499984741211,95.30999755859375,71.77338409423828,5958000,-0.000733770401881606,856,2014-05-30,95.12000274658203,95.41999816894531,94.8499984741211,95.30999755859375,71.77338409423828,5958000,-0.000733770401881606,856,2014-05-30,95.12000274658203,95.41999816894531,94.8499984741211,95.30999755859375,71.77338409423828,5958000,-0.000733770401881606,856,2014-05-30,95.12000274658203,95.41999816894531,94.8499984741211,95.30999755859375,71.77338409423828,5958000,-0.000733770401881606,856,2014-05-30,95.12000274658203,95.41999816894531,94.8499984741211,95.30999755859375,71.77338409423828,5958000,-0.000733770401881606
857,2014-06-02,95.4000015258789,95.73999786376953,94.91999816894531,95.19000244140625,71.68302154541016,5075700,-0.0012589980250823363,857,2014-06-02,95.4000015258789,95.73999786376953,94.91999816894531,95.19000244140625,71.68302154541016,5075700,-0.0012589980250823363,857,2014-06-02,95.4000015258789,95.73999786376953,94.91999816894531,95.19000244140625,71.68302154541016,5075700,-0.0012589980250823363,857,2014-06-02,95.4000015258789,95.73999786376953,94.91999816894531,95.19000244140625,71.68302154541016,5075700,-0.0012589980250823363,857,2014-06-02,95.4000015258789,95.73999786376953,94.91999816894531,95.19000244140625,71.68302154541016,5075700,-0.0012589980250823363
858,2014-06-03,94.97000122070312,95.63999938964844,94.95999908447266,95.5199966430664,71.93152618408203,5998600,0.0034667154552692203,858,2014-06-03,94.97000122070312,95.63999938964844,94.95999908447266,95.5199966430664,71.93152618408203,5998600,0.0034667154552692203,858,2014-06-03,94.97000122070312,95.63999938964844,94.95999908447266,95.5199966430664,71.93152618408203,5998600,0.0034667154552692203,858,2014-06-03,94.97000122070312,95.63999938964844,94.95999908447266,95.5199966430664,71.93152618408203,5998600,0.0034667154552692203,858,2014-06-03,94.97000122070312,95.63999938964844,94.95999908447266,95.5199966430664,71.93152618408203,5998600,0.0034667154552692203
859,2014-06-04,95.36000061035156,95.56999969482422,95.06999969482422,95.47000122070312,71.89384460449219,3686600,-0.000523853469943214,859,2014-06-04,95.36000061035156,95.56999969482422,95.06999969482422,95.47000122070312,71.89384460449219,3686600,-0.000523853469943214,859,2014-06-04,95.36000061035156,95.56999969482422,95.06999969482422,95.47000122070312,71.89384460449219,3686600,-0.000523853469943214,859,2014-06-04,95.36000061035156,95.56999969482422,95.06999969482422,95.47000122070312,71.89384460449219,3686600,-0.000523853469943214,859,2014-06-04,95.36000061035156,95.56999969482422,95.06999969482422,95.47000122070312,71.89384460449219,3686600,-0.000523853469943214
860,2014-06-05,95.37000274658203,96.18000030517578,95.18000030517578,96.0199966430664,72.30803680419922,6174800,0.005761163587586937,860,2014-06-05,95.37000274658203,96.18000030517578,95.18000030517578,96.0199966430664,72.30803680419922,6174800,0.005761163587586937,860,2014-06-05,95.37000274658203,96.18000030517578,95.18000030517578,96.0199966430664,72.30803680419922,6174800,0.005761163587586937,860,2014-06-05,95.37000274658203,96.18000030517578,95.18000030517578,96.0199966430664,72.30803680419922,6174800,0.005761163587586937,860,2014-06-05,95.37000274658203,96.18000030517578,95.18000030517578,96.0199966430664,72.30803680419922,6174800,0.005761163587586937
861,2014-06-06,96.23999786376953,96.94999694824219,96.23999786376953,96.80999755859375,72.90293884277344,5420000,0.008227329421003793,861,2014-06-06,96.23999786376953,96.94999694824219,96.23999786376953,96.80999755859375,72.90293884277344,5420000,0.008227329421003793,861,2014-06-06,96.23999786376953,96.94999694824219,96.23999786376953,96.80999755859375,72.90293884277344,5420000,0.008227329421003793,861,2014-06-06,96.23999786376953,96.94999694824219,96.23999786376953,96.80999755859375,72.90293884277344,5420000,0.008227329421003793,861,2014-06-06,96.23999786376953,96.94999694824219,96.23999786376953,96.80999755859375,72.90293884277344,5420000,0.008227329421003793
862,2014-06-09,96.94000244140625,97.47000122070312,96.72000122070312,96.95999908447266,73.01592254638672,5652000,0.0015497825657886377,862,2014-06-09,96.94000244140625,97.47000122070312,96.72000122070312,96.95999908447266,73.01592254638672,5652000,0.0015497825657886377,862,2014-06-09,96.94000244140625,97.47000122070312,96.72000122070312,96.95999908447266,73.01592254638672,5652000,0.0015497825657886377,862,2014-06-09,96.94000244140625,97.47000122070312,96.72000122070312,96.95999908447266,73.01592254638672,5652000,0.0015497825657886377,862,2014-06-09,96.94000244140625,97.47000122070312,96.72000122070312,96.95999908447266,73.01592254638672,5652000,0.0015497825657886377
863,2014-06-10,96.97000122070312,97.05000305175781,96.55999755859375,96.80000305175781,72.89540100097656,3766100,-0.0016506200456973819,863,2014-06-10,96.97000122070312,97.05000305175781,96.55999755859375,96.80000305175781,72.89540100097656,3766100,-0.0016506200456973819,863,2014-06-10,96.97000122070312,97.05000305175781,96.55999755859375,96.80000305175781,72.89540100097656,3766100,-0.0016506200456973819,863,2014-06-10,96.97000122070312,97.05000305175781,96.55999755859375,96.80000305175781,72.89540100097656,3766100,-0.0016506200456973819,863,2014-06-10,96.97000122070312,97.05000305175781,96.55999755859375,96.80000305175781,72.89540100097656,3766100,-0.0016506200456973819
864,2014-06-11,96.51000213623047,97.30000305175781,96.30000305175781,97.16999816894531,73.17402648925781,5651700,0.0038222642917831173,864,2014-06-11,96.51000213623047,97.30000305175781,96.30000305175781,97.16999816894531,73.17402648925781,5651700,0.0038222642917831173,864,2014-06-11,96.51000213623047,97.30000305175781,96.30000305175781,97.16999816894531,73.17402648925781,5651700,0.0038222642917831173,864,2014-06-11,96.51000213623047,97.30000305175781,96.30000305175781,97.16999816894531,73.17402648925781,5651700,0.0038222642917831173,864,2014-06-11,96.51000213623047,97.30000305175781,96.30000305175781,97.16999816894531,73.17402648925781,5651700,0.0038222642917831173
865,2014-06-12,97.5999984741211,98.13999938964844,97.30999755859375,97.48999786376953,73.4150390625,11869600,0.0032936901904334626,865,2014-06-12,97.5999984741211,98.13999938964844,97.30999755859375,97.48999786376953,73.4150390625,11869600,0.0032936901904334626,865,2014-06-12,97.5999984741211,98.13999938964844,97.30999755859375,97.48999786376953,73.4150390625,11869600,0.0032936901904334626,865,2014-06-12,97.5999984741211,98.13999938964844,97.30999755859375,97.48999786376953,73.4150390625,11869600,0.0032936901904334626,865,2014-06-12,97.5999984741211,98.13999938964844,97.30999755859375,97.48999786376953,73.4150390625,11869600,0.0032936901904334626
866,2014-06-13,97.75,98.43000030517578,97.16999816894531,98.41999816894531,74.11536407470703,9736600,0.009539258184019017,866,2014-06-13,97.75,98.43000030517578,97.16999816894531,98.41999816894531,74.11536407470703,9736600,0.009539258184019017,866,2014-06-13,97.75,98.43000030517578,97.16999816894531,98.41999816894531,74.11536407470703,9736600,0.009539258184019017,866,2014-06-13,97.75,98.43000030517578,97.16999816894531,98.41999816894531,74.11536407470703,9736600,0.009539258184019017,866,2014-06-13,97.75,98.43000030517578,97.16999816894531,98.41999816894531,74.11536407470703,9736600,0.009539258184019017
867,2014-06-16,98.7699966430664,99.2300033569336,98.58999633789062,99.01000213623047,74.5596694946289,13386900,0.00599478158771527,867,2014-06-16,98.7699966430664,99.2300033569336,98.58999633789062,99.01000213623047,74.5596694946289,13386900,0.00599478158771527,867,2014-06-16,98.7699966430664,99.2300033569336,98.58999633789062,99.01000213623047,74.5596694946289,13386900,0.00599478158771527,867,2014-06-16,98.7699966430664,99.2300033569336,98.58999633789062,99.01000213623047,74.5596694946289,13386900,0.00599478158771527,867,2014-06-16,98.7699966430664,99.2300033569336,98.58999633789062,99.01000213623047,74.5596694946289,13386900,0.00599478158771527
868,2014-06-17,98.80999755859375,98.95999908447266,98.30999755859375,98.94000244140625,74.50695037841797,10045500,-0.000707072825942956,868,2014-06-17,98.80999755859375,98.95999908447266,98.30999755859375,98.94000244140625,74.50695037841797,10045500,-0.000707072825942956,868,2014-06-17,98.80999755859375,98.95999908447266,98.30999755859375,98.94000244140625,74.50695037841797,10045500,-0.000707072825942956,868,2014-06-17,98.80999755859375,98.95999908447266,98.30999755859375,98.94000244140625,74.50695037841797,10045500,-0.000707072825942956,868,2014-06-17,98.80999755859375,98.95999908447266,98.30999755859375,98.94000244140625,74.50695037841797,10045500,-0.000707072825942956
869,2014-06-18,98.9800033569336,99.77999877929688,98.6500015258789,99.69000244140625,75.07172393798828,14863600,0.007580145968957952,869,2014-06-18,98.9800033569336,99.77999877929688,98.6500015258789,99.69000244140625,75.07172393798828,14863600,0.007580145968957952,869,2014-06-18,98.9800033569336,99.77999877929688,98.6500015258789,99.69000244140625,75.07172393798828,14863600,0.007580145968957952,869,2014-06-18,98.9800033569336,99.77999877929688,98.6500015258789,99.69000244140625,75.07172393798828,14863600,0.007580145968957952,869,2014-06-18,98.9800033569336,99.77999877929688,98.6500015258789,99.69000244140625,75.07172393798828,14863600,0.007580145968957952
870,2014-06-19,99.75,100.41999816894531,99.47000122070312,100.4000015258789,75.60641479492188,8677000,0.007122400137970164,870,2014-06-19,99.75,100.41999816894531,99.47000122070312,100.4000015258789,75.60641479492188,8677000,0.007122400137970164,870,2014-06-19,99.75,100.41999816894531,99.47000122070312,100.4000015258789,75.60641479492188,8677000,0.007122400137970164,870,2014-06-19,99.75,100.41999816894531,99.47000122070312,100.4000015258789,75.60641479492188,8677000,0.007122400137970164,870,2014-06-19,99.75,100.41999816894531,99.47000122070312,100.4000015258789,75.60641479492188,8677000,0.007122400137970164
871,2014-06-20,100.44999694824219,100.98999786376953,100.12000274658203,100.93000030517578,76.35841369628906,9096200,0.009946231459419641,871,2014-06-20,100.44999694824219,100.98999786376953,100.12000274658203,100.93000030517578,76.35841369628906,9096200,0.009946231459419641,871,2014-06-20,100.44999694824219,100.98999786376953,100.12000274658203,100.93000030517578,76.35841369628906,9096200,0.009946231459419641,871,2014-06-20,100.44999694824219,100.98999786376953,100.12000274658203,100.93000030517578,76.35841369628906,9096200,0.009946231459419641,871,2014-06-20,100.44999694824219,100.98999786376953,100.12000274658203,100.93000030517578,76.35841369628906,9096200,0.009946231459419641
872,2014-06-23,101.23999786376953,101.5199966430664,100.9800033569336,101.29000091552734,76.63076782226562,7959200,0.00356678606577443,872,2014-06-23,101.23999786376953,101.5199966430664,100.9800033569336,101.29000091552734,76.63076782226562,7959200,0.00356678606577443,872,2014-06-23,101.23999786376953,101.5199966430664,100.9800033569336,101.29000091552734,76.63076782226562,7959200,0.00356678606577443,872,2014-06-23,101.23999786376953,101.5199966430664,100.9800033569336,101.29000091552734,76.63076782226562,7959200,0.00356678606577443,872,2014-06-23,101.23999786376953,101.5199966430664,100.9800033569336,101.29000091552734,76.63076782226562,7959200,0.00356678606577443
873,2014-06-24,101.19999694824219,101.27999877929688,98.94000244140625,99.16000366210938,75.01933288574219,17748500,-0.02102856309962775,873,2014-06-24,101.19999694824219,101.27999877929688,98.94000244140625,99.16000366210938,75.01933288574219,17748500,-0.02102856309962775,873,2014-06-24,101.19999694824219,101.27999877929688,98.94000244140625,99.16000366210938,75.01933288574219,17748500,-0.02102856309962775,873,2014-06-24,101.19999694824219,101.27999877929688,98.94000244140625,99.16000366210938,75.01933288574219,17748500,-0.02102856309962775,873,2014-06-24,101.19999694824219,101.27999877929688,98.94000244140625,99.16000366210938,75.01933288574219,17748500,-0.02102856309962775
874,2014-06-25,98.75,100.01000213623047,98.63999938964844,99.91000366210938,75.58676147460938,13860300,0.007563764792888783,874,2014-06-25,98.75,100.01000213623047,98.63999938964844,99.91000366210938,75.58676147460938,13860300,0.007563764792888783,874,2014-06-25,98.75,100.01000213623047,98.63999938964844,99.91000366210938,75.58676147460938,13860300,0.007563764792888783,874,2014-06-25,98.75,100.01000213623047,98.63999938964844,99.91000366210938,75.58676147460938,13860300,0.007563764792888783,874,2014-06-25,98.75,100.01000213623047,98.63999938964844,99.91000366210938,75.58676147460938,13860300,0.007563764792888783
875,2014-06-26,99.97000122070312,100.0999984741211,99.11000061035156,100.0199966430664,75.66995239257812,8080000,0.0011006016972521238,875,2014-06-26,99.97000122070312,100.0999984741211,99.11000061035156,100.0199966430664,75.66995239257812,8080000,0.0011006016972521238,875,2014-06-26,99.97000122070312,100.0999984741211,99.11000061035156,100.0199966430664,75.66995239257812,8080000,0.0011006016972521238,875,2014-06-26,99.97000122070312,100.0999984741211,99.11000061035156,100.0199966430664,75.66995239257812,8080000,0.0011006016972521238,875,2014-06-26,99.97000122070312,100.0999984741211,99.11000061035156,100.0199966430664,75.66995239257812,8080000,0.0011006016972521238
876,2014-06-27,99.77999877929688,100.06999969482422,99.44000244140625,100.0199966430664,75.66995239257812,8222100,0.0,876,2014-06-27,99.77999877929688,100.06999969482422,99.44000244140625,100.0199966430664,75.66995239257812,8222100,0.0,876,2014-06-27,99.77999877929688,100.06999969482422,99.44000244140625,100.0199966430664,75.66995239257812,8222100,0.0,876,2014-06-27,99.77999877929688,100.06999969482422,99.44000244140625,100.0199966430664,75.66995239257812,8222100,0.0,876,2014-06-27,99.77999877929688,100.06999969482422,99.44000244140625,100.0199966430664,75.66995239257812,8222100,0.0
877,2014-06-30,99.94999694824219,100.22000122070312,99.55999755859375,100.0999984741211,75.73048400878906,6294500,0.0007999425702938101,877,2014-06-30,99.94999694824219,100.22000122070312,99.55999755859375,100.0999984741211,75.73048400878906,6294500,0.0007999425702938101,877,2014-06-30,99.94999694824219,100.22000122070312,99.55999755859375,100.0999984741211,75.73048400878906,6294500,0.0007999425702938101,877,2014-06-30,99.94999694824219,100.22000122070312,99.55999755859375,100.0999984741211,75.73048400878906,6294500,0.0007999425702938101,877,2014-06-30,99.94999694824219,100.22000122070312,99.55999755859375,100.0999984741211,75.73048400878906,6294500,0.0007999425702938101
878,2014-07-01,100.3499984741211,100.66000366210938,99.91000366210938,100.16000366210938,75.77587890625,6885800,0.0005994270082265718,878,2014-07-01,100.3499984741211,100.66000366210938,99.91000366210938,100.16000366210938,75.77587890625,6885800,0.0005994270082265718,878,2014-07-01,100.3499984741211,100.66000366210938,99.91000366210938,100.16000366210938,75.77587890625,6885800,0.0005994270082265718,878,2014-07-01,100.3499984741211,100.66000366210938,99.91000366210938,100.16000366210938,75.77587890625,6885800,0.0005994270082265718,878,2014-07-01,100.3499984741211,100.66000366210938,99.91000366210938,100.16000366210938,75.77587890625,6885800,0.0005994270082265718
879,2014-07-02,100.08000183105469,100.37000274658203,99.80000305175781,100.01000213623047,75.66240692138672,5926400,-0.0014974684094878343,879,2014-07-02,100.08000183105469,100.37000274658203,99.80000305175781,100.01000213623047,75.66240692138672,5926400,-0.0014974684094878343,879,2014-07-02,100.08000183105469,100.37000274658203,99.80000305175781,100.01000213623047,75.66240692138672,5926400,-0.0014974684094878343,879,2014-07-02,100.08000183105469,100.37000274658203,99.80000305175781,100.01000213623047,75.66240692138672,5926400,-0.0014974684094878343,879,2014-07-02,100.08000183105469,100.37000274658203,99.80000305175781,100.01000213623047,75.66240692138672,5926400,-0.0014974684094878343
880,2014-07-03,100.48999786376953,100.48999786376953,99.83000183105469,100.38999938964844,75.94986724853516,3668800,0.0037992490438099047,880,2014-07-03,100.48999786376953,100.48999786376953,99.83000183105469,100.38999938964844,75.94986724853516,3668800,0.0037992490438099047,880,2014-07-03,100.48999786376953,100.48999786376953,99.83000183105469,100.38999938964844,75.94986724853516,3668800,0.0037992490438099047,880,2014-07-03,100.48999786376953,100.48999786376953,99.83000183105469,100.38999938964844,75.94986724853516,3668800,0.0037992490438099047,880,2014-07-03,100.48999786376953,100.48999786376953,99.83000183105469,100.38999938964844,75.94986724853516,3668800,0.0037992490438099047
881,2014-07-07,100.29000091552734,100.30000305175781,99.44000244140625,99.62000274658203,75.36734008789062,6932400,-0.0076698904388903255,881,2014-07-07,100.29000091552734,100.30000305175781,99.44000244140625,99.62000274658203,75.36734008789062,6932400,-0.0076698904388903255,881,2014-07-07,100.29000091552734,100.30000305175781,99.44000244140625,99.62000274658203,75.36734008789062,6932400,-0.0076698904388903255,881,2014-07-07,100.29000091552734,100.30000305175781,99.44000244140625,99.62000274658203,75.36734008789062,6932400,-0.0076698904388903255,881,2014-07-07,100.29000091552734,100.30000305175781,99.44000244140625,99.62000274658203,75.36734008789062,6932400,-0.0076698904388903255
882,2014-07-08,99.47000122070312,99.70999908447266,99.06999969482422,99.45999908447266,75.24630737304688,10392300,-0.0016059040255713697,882,2014-07-08,99.47000122070312,99.70999908447266,99.06999969482422,99.45999908447266,75.24630737304688,10392300,-0.0016059040255713697,882,2014-07-08,99.47000122070312,99.70999908447266,99.06999969482422,99.45999908447266,75.24630737304688,10392300,-0.0016059040255713697,882,2014-07-08,99.47000122070312,99.70999908447266,99.06999969482422,99.45999908447266,75.24630737304688,10392300,-0.0016059040255713697,882,2014-07-08,99.47000122070312,99.70999908447266,99.06999969482422,99.45999908447266,75.24630737304688,10392300,-0.0016059040255713697
883,2014-07-09,99.62000274658203,100.18000030517578,99.45999908447266,100.12000274658203,75.7456283569336,6408000,0.006635820431841966,883,2014-07-09,99.62000274658203,100.18000030517578,99.45999908447266,100.12000274658203,75.7456283569336,6408000,0.006635820431841966,883,2014-07-09,99.62000274658203,100.18000030517578,99.45999908447266,100.12000274658203,75.7456283569336,6408000,0.006635820431841966,883,2014-07-09,99.62000274658203,100.18000030517578,99.45999908447266,100.12000274658203,75.7456283569336,6408000,0.006635820431841966,883,2014-07-09,99.62000274658203,100.18000030517578,99.45999908447266,100.12000274658203,75.7456283569336,6408000,0.006635820431841966
884,2014-07-10,99.20999908447266,99.52999877929688,98.6500015258789,99.16000366210938,75.01933288574219,14908700,-0.009588612398446439,884,2014-07-10,99.20999908447266,99.52999877929688,98.6500015258789,99.16000366210938,75.01933288574219,14908700,-0.009588612398446439,884,2014-07-10,99.20999908447266,99.52999877929688,98.6500015258789,99.16000366210938,75.01933288574219,14908700,-0.009588612398446439,884,2014-07-10,99.20999908447266,99.52999877929688,98.6500015258789,99.16000366210938,75.01933288574219,14908700,-0.009588612398446439,884,2014-07-10,99.20999908447266,99.52999877929688,98.6500015258789,99.16000366210938,75.01933288574219,14908700,-0.009588612398446439
885,2014-07-11,99.04000091552734,99.05999755859375,98.13999938964844,98.4000015258789,74.4443588256836,10805200,-0.007664345148660656,885,2014-07-11,99.04000091552734,99.05999755859375,98.13999938964844,98.4000015258789,74.4443588256836,10805200,-0.007664345148660656,885,2014-07-11,99.04000091552734,99.05999755859375,98.13999938964844,98.4000015258789,74.4443588256836,10805200,-0.007664345148660656,885,2014-07-11,99.04000091552734,99.05999755859375,98.13999938964844,98.4000015258789,74.4443588256836,10805200,-0.007664345148660656,885,2014-07-11,99.04000091552734,99.05999755859375,98.13999938964844,98.4000015258789,74.4443588256836,10805200,-0.007664345148660656
886,2014-07-14,98.87999725341797,99.37000274658203,98.73999786376953,99.25,75.08741760253906,6870300,0.008638112907402906,886,2014-07-14,98.87999725341797,99.37000274658203,98.73999786376953,99.25,75.08741760253906,6870300,0.008638112907402906,886,2014-07-14,98.87999725341797,99.37000274658203,98.73999786376953,99.25,75.08741760253906,6870300,0.008638112907402906,886,2014-07-14,98.87999725341797,99.37000274658203,98.73999786376953,99.25,75.08741760253906,6870300,0.008638112907402906,886,2014-07-14,98.87999725341797,99.37000274658203,98.73999786376953,99.25,75.08741760253906,6870300,0.008638112907402906
887,2014-07-15,98.9800033569336,99.2300033569336,98.18000030517578,98.81999969482422,74.76210021972656,9954200,-0.00433251526287004,887,2014-07-15,98.9800033569336,99.2300033569336,98.18000030517578,98.81999969482422,74.76210021972656,9954200,-0.00433251526287004,887,2014-07-15,98.9800033569336,99.2300033569336,98.18000030517578,98.81999969482422,74.76210021972656,9954200,-0.00433251526287004,887,2014-07-15,98.9800033569336,99.2300033569336,98.18000030517578,98.81999969482422,74.76210021972656,9954200,-0.00433251526287004,887,2014-07-15,98.9800033569336,99.2300033569336,98.18000030517578,98.81999969482422,74.76210021972656,9954200,-0.00433251526287004
888,2014-07-16,99.2300033569336,100.36000061035156,99.19999694824219,100.31999969482422,75.89693450927734,8167400,0.015179272468476501,888,2014-07-16,99.2300033569336,100.36000061035156,99.19999694824219,100.31999969482422,75.89693450927734,8167400,0.015179272468476501,888,2014-07-16,99.2300033569336,100.36000061035156,99.19999694824219,100.31999969482422,75.89693450927734,8167400,0.015179272468476501,888,2014-07-16,99.2300033569336,100.36000061035156,99.19999694824219,100.31999969482422,75.89693450927734,8167400,0.015179272468476501,888,2014-07-16,99.2300033569336,100.36000061035156,99.19999694824219,100.31999969482422,75.89693450927734,8167400,0.015179272468476501
889,2014-07-17,100.23999786376953,100.55000305175781,98.62999725341797,98.69999694824219,74.6712875366211,11017800,-0.01614883368585107,889,2014-07-17,100.23999786376953,100.55000305175781,98.62999725341797,98.69999694824219,74.6712875366211,11017800,-0.01614883368585107,889,2014-07-17,100.23999786376953,100.55000305175781,98.62999725341797,98.69999694824219,74.6712875366211,11017800,-0.01614883368585107,889,2014-07-17,100.23999786376953,100.55000305175781,98.62999725341797,98.69999694824219,74.6712875366211,11017800,-0.01614883368585107,889,2014-07-17,100.23999786376953,100.55000305175781,98.62999725341797,98.69999694824219,74.6712875366211,11017800,-0.01614883368585107
890,2014-07-18,98.94999694824219,99.23999786376953,98.5,98.98999786376953,74.8907241821289,8317800,0.0029387017787820824,890,2014-07-18,98.94999694824219,99.23999786376953,98.5,98.98999786376953,74.8907241821289,8317800,0.0029387017787820824,890,2014-07-18,98.94999694824219,99.23999786376953,98.5,98.98999786376953,74.8907241821289,8317800,0.0029387017787820824,890,2014-07-18,98.94999694824219,99.23999786376953,98.5,98.98999786376953,74.8907241821289,8317800,0.0029387017787820824,890,2014-07-18,98.94999694824219,99.23999786376953,98.5,98.98999786376953,74.8907241821289,8317800,0.0029387017787820824
891,2014-07-21,98.73999786376953,99.20999908447266,98.58999633789062,99.13999938964844,75.00421142578125,9396700,0.0015153711610045306,891,2014-07-21,98.73999786376953,99.20999908447266,98.58999633789062,99.13999938964844,75.00421142578125,9396700,0.0015153711610045306,891,2014-07-21,98.73999786376953,99.20999908447266,98.58999633789062,99.13999938964844,75.00421142578125,9396700,0.0015153711610045306,891,2014-07-21,98.73999786376953,99.20999908447266,98.58999633789062,99.13999938964844,75.00421142578125,9396700,0.0015153711610045306,891,2014-07-21,98.73999786376953,99.20999908447266,98.58999633789062,99.13999938964844,75.00421142578125,9396700,0.0015153711610045306
892,2014-07-22,99.58000183105469,100.16000366210938,99.4800033569336,99.8499984741211,75.5413589477539,5977900,0.007161564820985733,892,2014-07-22,99.58000183105469,100.16000366210938,99.4800033569336,99.8499984741211,75.5413589477539,5977900,0.007161564820985733,892,2014-07-22,99.58000183105469,100.16000366210938,99.4800033569336,99.8499984741211,75.5413589477539,5977900,0.007161564820985733,892,2014-07-22,99.58000183105469,100.16000366210938,99.4800033569336,99.8499984741211,75.5413589477539,5977900,0.007161564820985733,892,2014-07-22,99.58000183105469,100.16000366210938,99.4800033569336,99.8499984741211,75.5413589477539,5977900,0.007161564820985733
893,2014-07-23,100.0999984741211,100.5,99.66999816894531,100.48999786376953,76.0255355834961,6701200,0.006409424485956716,893,2014-07-23,100.0999984741211,100.5,99.66999816894531,100.48999786376953,76.0255355834961,6701200,0.006409424485956716,893,2014-07-23,100.0999984741211,100.5,99.66999816894531,100.48999786376953,76.0255355834961,6701200,0.006409424485956716,893,2014-07-23,100.0999984741211,100.5,99.66999816894531,100.48999786376953,76.0255355834961,6701200,0.006409424485956716,893,2014-07-23,100.0999984741211,100.5,99.66999816894531,100.48999786376953,76.0255355834961,6701200,0.006409424485956716
894,2014-07-24,100.6500015258789,100.97000122070312,100.23999786376953,100.58000183105469,76.0936279296875,5747200,0.0008956509897470877,894,2014-07-24,100.6500015258789,100.97000122070312,100.23999786376953,100.58000183105469,76.0936279296875,5747200,0.0008956509897470877,894,2014-07-24,100.6500015258789,100.97000122070312,100.23999786376953,100.58000183105469,76.0936279296875,5747200,0.0008956509897470877,894,2014-07-24,100.6500015258789,100.97000122070312,100.23999786376953,100.58000183105469,76.0936279296875,5747200,0.0008956509897470877,894,2014-07-24,100.6500015258789,100.97000122070312,100.23999786376953,100.58000183105469,76.0936279296875,5747200,0.0008956509897470877
895,2014-07-25,100.22000122070312,100.30999755859375,99.70999908447266,99.83999633789062,75.53377532958984,4802900,-0.007357417635744379,895,2014-07-25,100.22000122070312,100.30999755859375,99.70999908447266,99.83999633789062,75.53377532958984,4802900,-0.007357417635744379,895,2014-07-25,100.22000122070312,100.30999755859375,99.70999908447266,99.83999633789062,75.53377532958984,4802900,-0.007357417635744379,895,2014-07-25,100.22000122070312,100.30999755859375,99.70999908447266,99.83999633789062,75.53377532958984,4802900,-0.007357417635744379,895,2014-07-25,100.22000122070312,100.30999755859375,99.70999908447266,99.83999633789062,75.53377532958984,4802900,-0.007357417635744379
896,2014-07-28,99.76000213623047,99.93000030517578,98.98999786376953,99.5999984741211,75.35220336914062,7478600,-0.0024038512527267963,896,2014-07-28,99.76000213623047,99.93000030517578,98.98999786376953,99.5999984741211,75.35220336914062,7478600,-0.0024038512527267963,896,2014-07-28,99.76000213623047,99.93000030517578,98.98999786376953,99.5999984741211,75.35220336914062,7478600,-0.0024038512527267963,896,2014-07-28,99.76000213623047,99.93000030517578,98.98999786376953,99.5999984741211,75.35220336914062,7478600,-0.0024038512527267963,896,2014-07-28,99.76000213623047,99.93000030517578,98.98999786376953,99.5999984741211,75.35220336914062,7478600,-0.0024038512527267963
897,2014-07-29,99.41999816894531,99.91999816894531,99.30000305175781,99.3499984741211,75.16307067871094,6828800,-0.0025099822164874608,897,2014-07-29,99.41999816894531,99.91999816894531,99.30000305175781,99.3499984741211,75.16307067871094,6828800,-0.0025099822164874608,897,2014-07-29,99.41999816894531,99.91999816894531,99.30000305175781,99.3499984741211,75.16307067871094,6828800,-0.0025099822164874608,897,2014-07-29,99.41999816894531,99.91999816894531,99.30000305175781,99.3499984741211,75.16307067871094,6828800,-0.0025099822164874608,897,2014-07-29,99.41999816894531,99.91999816894531,99.30000305175781,99.3499984741211,75.16307067871094,6828800,-0.0025099822164874608
898,2014-07-30,99.81999969482422,100.12999725341797,98.44000244140625,98.76000213623047,74.71670532226562,10780300,-0.00593862587590821,898,2014-07-30,99.81999969482422,100.12999725341797,98.44000244140625,98.76000213623047,74.71670532226562,10780300,-0.00593862587590821,898,2014-07-30,99.81999969482422,100.12999725341797,98.44000244140625,98.76000213623047,74.71670532226562,10780300,-0.00593862587590821,898,2014-07-30,99.81999969482422,100.12999725341797,98.44000244140625,98.76000213623047,74.71670532226562,10780300,-0.00593862587590821,898,2014-07-30,99.81999969482422,100.12999725341797,98.44000244140625,98.76000213623047,74.71670532226562,10780300,-0.00593862587590821
899,2014-07-31,98.12999725341797,98.18000030517578,96.55999755859375,96.62999725341797,73.10527038574219,17284800,-0.02156726436976908,899,2014-07-31,98.12999725341797,98.18000030517578,96.55999755859375,96.62999725341797,73.10527038574219,17284800,-0.02156726436976908,899,2014-07-31,98.12999725341797,98.18000030517578,96.55999755859375,96.62999725341797,73.10527038574219,17284800,-0.02156726436976908,899,2014-07-31,98.12999725341797,98.18000030517578,96.55999755859375,96.62999725341797,73.10527038574219,17284800,-0.02156726436976908,899,2014-07-31,98.12999725341797,98.18000030517578,96.55999755859375,96.62999725341797,73.10527038574219,17284800,-0.02156726436976908
900,2014-08-01,96.36000061035156,96.66999816894531,95.0199966430664,95.8499984741211,72.51513671875,17833300,-0.008072381975722576,900,2014-08-01,96.36000061035156,96.66999816894531,95.0199966430664,95.8499984741211,72.51513671875,17833300,-0.008072381975722576,900,2014-08-01,96.36000061035156,96.66999816894531,95.0199966430664,95.8499984741211,72.51513671875,17833300,-0.008072381975722576,900,2014-08-01,96.36000061035156,96.66999816894531,95.0199966430664,95.8499984741211,72.51513671875,17833300,-0.008072381975722576,900,2014-08-01,96.36000061035156,96.66999816894531,95.0199966430664,95.8499984741211,72.51513671875,17833300,-0.008072381975722576
901,2014-08-04,95.83000183105469,97.69999694824219,95.54000091552734,97.45999908447266,73.73318481445312,12896500,0.016797156439590344,901,2014-08-04,95.83000183105469,97.69999694824219,95.54000091552734,97.45999908447266,73.73318481445312,12896500,0.016797156439590344,901,2014-08-04,95.83000183105469,97.69999694824219,95.54000091552734,97.45999908447266,73.73318481445312,12896500,0.016797156439590344,901,2014-08-04,95.83000183105469,97.69999694824219,95.54000091552734,97.45999908447266,73.73318481445312,12896500,0.016797156439590344,901,2014-08-04,95.83000183105469,97.69999694824219,95.54000091552734,97.45999908447266,73.73318481445312,12896500,0.016797156439590344
902,2014-08-05,97.05000305175781,97.25,94.7699966430664,95.33000183105469,72.12174987792969,16439900,-0.021854948224175552,902,2014-08-05,97.05000305175781,97.25,94.7699966430664,95.33000183105469,72.12174987792969,16439900,-0.021854948224175552,902,2014-08-05,97.05000305175781,97.25,94.7699966430664,95.33000183105469,72.12174987792969,16439900,-0.021854948224175552,902,2014-08-05,97.05000305175781,97.25,94.7699966430664,95.33000183105469,72.12174987792969,16439900,-0.021854948224175552,902,2014-08-05,97.05000305175781,97.25,94.7699966430664,95.33000183105469,72.12174987792969,16439900,-0.021854948224175552
903,2014-08-06,95.12999725341797,96.72000122070312,94.95999908447266,95.61000061035156,72.33358764648438,11547000,0.0029372244699170658,903,2014-08-06,95.12999725341797,96.72000122070312,94.95999908447266,95.61000061035156,72.33358764648438,11547000,0.0029372244699170658,903,2014-08-06,95.12999725341797,96.72000122070312,94.95999908447266,95.61000061035156,72.33358764648438,11547000,0.0029372244699170658,903,2014-08-06,95.12999725341797,96.72000122070312,94.95999908447266,95.61000061035156,72.33358764648438,11547000,0.0029372244699170658,903,2014-08-06,95.12999725341797,96.72000122070312,94.95999908447266,95.61000061035156,72.33358764648438,11547000,0.0029372244699170658
904,2014-08-07,96.0999984741211,96.2699966430664,94.48999786376953,95.01000213623047,71.8796615600586,13256700,-0.006275453785650087,904,2014-08-07,96.0999984741211,96.2699966430664,94.48999786376953,95.01000213623047,71.8796615600586,13256700,-0.006275453785650087,904,2014-08-07,96.0999984741211,96.2699966430664,94.48999786376953,95.01000213623047,71.8796615600586,13256700,-0.006275453785650087,904,2014-08-07,96.0999984741211,96.2699966430664,94.48999786376953,95.01000213623047,71.8796615600586,13256700,-0.006275453785650087,904,2014-08-07,96.0999984741211,96.2699966430664,94.48999786376953,95.01000213623047,71.8796615600586,13256700,-0.006275453785650087
905,2014-08-08,95.30000305175781,96.69999694824219,95.06999969482422,96.5999984741211,73.08256530761719,11585000,0.016734966768777948,905,2014-08-08,95.30000305175781,96.69999694824219,95.06999969482422,96.5999984741211,73.08256530761719,11585000,0.016734966768777948,905,2014-08-08,95.30000305175781,96.69999694824219,95.06999969482422,96.5999984741211,73.08256530761719,11585000,0.016734966768777948,905,2014-08-08,95.30000305175781,96.69999694824219,95.06999969482422,96.5999984741211,73.08256530761719,11585000,0.016734966768777948,905,2014-08-08,95.30000305175781,96.69999694824219,95.06999969482422,96.5999984741211,73.08256530761719,11585000,0.016734966768777948
906,2014-08-11,97.2300033569336,97.58000183105469,96.54000091552734,96.61000061035156,73.09013366699219,11203600,0.00010355902728842459,906,2014-08-11,97.2300033569336,97.58000183105469,96.54000091552734,96.61000061035156,73.09013366699219,11203600,0.00010355902728842459,906,2014-08-11,97.2300033569336,97.58000183105469,96.54000091552734,96.61000061035156,73.09013366699219,11203600,0.00010355902728842459,906,2014-08-11,97.2300033569336,97.58000183105469,96.54000091552734,96.61000061035156,73.09013366699219,11203600,0.00010355902728842459,906,2014-08-11,97.2300033569336,97.58000183105469,96.54000091552734,96.61000061035156,73.09013366699219,11203600,0.00010355902728842459
907,2014-08-12,96.47000122070312,96.47000122070312,95.5,95.9000015258789,72.55298614501953,9998100,-0.007349111227788474,907,2014-08-12,96.47000122070312,96.47000122070312,95.5,95.9000015258789,72.55298614501953,9998100,-0.007349111227788474,907,2014-08-12,96.47000122070312,96.47000122070312,95.5,95.9000015258789,72.55298614501953,9998100,-0.007349111227788474,907,2014-08-12,96.47000122070312,96.47000122070312,95.5,95.9000015258789,72.55298614501953,9998100,-0.007349111227788474,907,2014-08-12,96.47000122070312,96.47000122070312,95.5,95.9000015258789,72.55298614501953,9998100,-0.007349111227788474
908,2014-08-13,96.41999816894531,96.7300033569336,95.86000061035156,96.20999908447266,72.78751373291016,6489000,0.0032325008294193935,908,2014-08-13,96.41999816894531,96.7300033569336,95.86000061035156,96.20999908447266,72.78751373291016,6489000,0.0032325008294193935,908,2014-08-13,96.41999816894531,96.7300033569336,95.86000061035156,96.20999908447266,72.78751373291016,6489000,0.0032325008294193935,908,2014-08-13,96.41999816894531,96.7300033569336,95.86000061035156,96.20999908447266,72.78751373291016,6489000,0.0032325008294193935,908,2014-08-13,96.41999816894531,96.7300033569336,95.86000061035156,96.20999908447266,72.78751373291016,6489000,0.0032325008294193935
909,2014-08-14,96.3499984741211,96.5,95.5199966430664,95.66000366210938,72.37140655517578,7617400,-0.005716738440349256,909,2014-08-14,96.3499984741211,96.5,95.5199966430664,95.66000366210938,72.37140655517578,7617400,-0.005716738440349256,909,2014-08-14,96.3499984741211,96.5,95.5199966430664,95.66000366210938,72.37140655517578,7617400,-0.005716738440349256,909,2014-08-14,96.3499984741211,96.5,95.5199966430664,95.66000366210938,72.37140655517578,7617400,-0.005716738440349256,909,2014-08-14,96.3499984741211,96.5,95.5199966430664,95.66000366210938,72.37140655517578,7617400,-0.005716738440349256
910,2014-08-15,95.8499984741211,96.51000213623047,95.5999984741211,96.37000274658203,72.90855407714844,11075300,0.007422095929048078,910,2014-08-15,95.8499984741211,96.51000213623047,95.5999984741211,96.37000274658203,72.90855407714844,11075300,0.007422095929048078,910,2014-08-15,95.8499984741211,96.51000213623047,95.5999984741211,96.37000274658203,72.90855407714844,11075300,0.007422095929048078,910,2014-08-15,95.8499984741211,96.51000213623047,95.5999984741211,96.37000274658203,72.90855407714844,11075300,0.007422095929048078,910,2014-08-15,95.8499984741211,96.51000213623047,95.5999984741211,96.37000274658203,72.90855407714844,11075300,0.007422095929048078
911,2014-08-18,96.72000122070312,96.91999816894531,96.22000122070312,96.62999725341797,73.10527038574219,8597500,0.0026981238495773496,911,2014-08-18,96.72000122070312,96.91999816894531,96.22000122070312,96.62999725341797,73.10527038574219,8597500,0.0026981238495773496,911,2014-08-18,96.72000122070312,96.91999816894531,96.22000122070312,96.62999725341797,73.10527038574219,8597500,0.0026981238495773496,911,2014-08-18,96.72000122070312,96.91999816894531,96.22000122070312,96.62999725341797,73.10527038574219,8597500,0.0026981238495773496,911,2014-08-18,96.72000122070312,96.91999816894531,96.22000122070312,96.62999725341797,73.10527038574219,8597500,0.0026981238495773496
912,2014-08-19,96.83000183105469,97.55000305175781,96.76000213623047,97.37000274658203,73.66511535644531,5997700,0.007658065796748881,912,2014-08-19,96.83000183105469,97.55000305175781,96.76000213623047,97.37000274658203,73.66511535644531,5997700,0.007658065796748881,912,2014-08-19,96.83000183105469,97.55000305175781,96.76000213623047,97.37000274658203,73.66511535644531,5997700,0.007658065796748881,912,2014-08-19,96.83000183105469,97.55000305175781,96.76000213623047,97.37000274658203,73.66511535644531,5997700,0.007658065796748881,912,2014-08-19,96.83000183105469,97.55000305175781,96.76000213623047,97.37000274658203,73.66511535644531,5997700,0.007658065796748881
913,2014-08-20,97.25,97.70999908447266,96.8499984741211,97.58000183105469,73.82398223876953,5947900,0.002156609428431766,913,2014-08-20,97.25,97.70999908447266,96.8499984741211,97.58000183105469,73.82398223876953,5947900,0.002156609428431766,913,2014-08-20,97.25,97.70999908447266,96.8499984741211,97.58000183105469,73.82398223876953,5947900,0.002156609428431766,913,2014-08-20,97.25,97.70999908447266,96.8499984741211,97.58000183105469,73.82398223876953,5947900,0.002156609428431766,913,2014-08-20,97.25,97.70999908447266,96.8499984741211,97.58000183105469,73.82398223876953,5947900,0.002156609428431766
914,2014-08-21,97.70999908447266,97.76000213623047,97.22000122070312,97.66000366210938,73.88450622558594,5567200,0.0008198418045324285,914,2014-08-21,97.70999908447266,97.76000213623047,97.22000122070312,97.66000366210938,73.88450622558594,5567200,0.0008198418045324285,914,2014-08-21,97.70999908447266,97.76000213623047,97.22000122070312,97.66000366210938,73.88450622558594,5567200,0.0008198418045324285,914,2014-08-21,97.70999908447266,97.76000213623047,97.22000122070312,97.66000366210938,73.88450622558594,5567200,0.0008198418045324285,914,2014-08-21,97.70999908447266,97.76000213623047,97.22000122070312,97.66000366210938,73.88450622558594,5567200,0.0008198418045324285
915,2014-08-22,97.5199966430664,97.5199966430664,96.61000061035156,97.01000213623047,73.39274597167969,7383400,-0.006655796716090845,915,2014-08-22,97.5199966430664,97.5199966430664,96.61000061035156,97.01000213623047,73.39274597167969,7383400,-0.006655796716090845,915,2014-08-22,97.5199966430664,97.5199966430664,96.61000061035156,97.01000213623047,73.39274597167969,7383400,-0.006655796716090845,915,2014-08-22,97.5199966430664,97.5199966430664,96.61000061035156,97.01000213623047,73.39274597167969,7383400,-0.006655796716090845,915,2014-08-22,97.5199966430664,97.5199966430664,96.61000061035156,97.01000213623047,73.39274597167969,7383400,-0.006655796716090845
916,2014-08-25,97.27999877929688,97.94000244140625,97.25,97.87000274658203,74.04338073730469,4379000,0.008865109991606834,916,2014-08-25,97.27999877929688,97.94000244140625,97.25,97.87000274658203,74.04338073730469,4379000,0.008865109991606834,916,2014-08-25,97.27999877929688,97.94000244140625,97.25,97.87000274658203,74.04338073730469,4379000,0.008865109991606834,916,2014-08-25,97.27999877929688,97.94000244140625,97.25,97.87000274658203,74.04338073730469,4379000,0.008865109991606834,916,2014-08-25,97.27999877929688,97.94000244140625,97.25,97.87000274658203,74.04338073730469,4379000,0.008865109991606834
917,2014-08-26,98.1500015258789,98.87000274658203,97.95999908447266,98.37000274658203,74.42166137695312,5596500,0.005108905561599375,917,2014-08-26,98.1500015258789,98.87000274658203,97.95999908447266,98.37000274658203,74.42166137695312,5596500,0.005108905561599375,917,2014-08-26,98.1500015258789,98.87000274658203,97.95999908447266,98.37000274658203,74.42166137695312,5596500,0.005108905561599375,917,2014-08-26,98.1500015258789,98.87000274658203,97.95999908447266,98.37000274658203,74.42166137695312,5596500,0.005108905561599375,917,2014-08-26,98.1500015258789,98.87000274658203,97.95999908447266,98.37000274658203,74.42166137695312,5596500,0.005108905561599375
918,2014-08-27,98.45999908447266,98.56999969482422,97.91000366210938,98.16999816894531,74.27033996582031,3860100,-0.002033297944886714,918,2014-08-27,98.45999908447266,98.56999969482422,97.91000366210938,98.16999816894531,74.27033996582031,3860100,-0.002033297944886714,918,2014-08-27,98.45999908447266,98.56999969482422,97.91000366210938,98.16999816894531,74.27033996582031,3860100,-0.002033297944886714,918,2014-08-27,98.45999908447266,98.56999969482422,97.91000366210938,98.16999816894531,74.27033996582031,3860100,-0.002033297944886714,918,2014-08-27,98.45999908447266,98.56999969482422,97.91000366210938,98.16999816894531,74.27033996582031,3860100,-0.002033297944886714
919,2014-08-28,97.87000274658203,98.29000091552734,97.70999908447266,98.19000244140625,74.28547668457031,3104500,0.00020380570167000123,919,2014-08-28,97.87000274658203,98.29000091552734,97.70999908447266,98.19000244140625,74.28547668457031,3104500,0.00020380570167000123,919,2014-08-28,97.87000274658203,98.29000091552734,97.70999908447266,98.19000244140625,74.28547668457031,3104500,0.00020380570167000123,919,2014-08-28,97.87000274658203,98.29000091552734,97.70999908447266,98.19000244140625,74.28547668457031,3104500,0.00020380570167000123,919,2014-08-28,97.87000274658203,98.29000091552734,97.70999908447266,98.19000244140625,74.28547668457031,3104500,0.00020380570167000123
920,2014-08-29,98.41000366210938,98.79000091552734,98.05999755859375,98.73999786376953,74.70159149169922,5367400,0.005601563397052756,920,2014-08-29,98.41000366210938,98.79000091552734,98.05999755859375,98.73999786376953,74.70159149169922,5367400,0.005601563397052756,920,2014-08-29,98.41000366210938,98.79000091552734,98.05999755859375,98.73999786376953,74.70159149169922,5367400,0.005601563397052756,920,2014-08-29,98.41000366210938,98.79000091552734,98.05999755859375,98.73999786376953,74.70159149169922,5367400,0.005601563397052756,920,2014-08-29,98.41000366210938,98.79000091552734,98.05999755859375,98.73999786376953,74.70159149169922,5367400,0.005601563397052756
921,2014-09-02,98.5999984741211,98.69000244140625,97.06999969482422,97.48999786376953,73.75589752197266,8642300,-0.012659622785033298,921,2014-09-02,98.5999984741211,98.69000244140625,97.06999969482422,97.48999786376953,73.75589752197266,8642300,-0.012659622785033298,921,2014-09-02,98.5999984741211,98.69000244140625,97.06999969482422,97.48999786376953,73.75589752197266,8642300,-0.012659622785033298,921,2014-09-02,98.5999984741211,98.69000244140625,97.06999969482422,97.48999786376953,73.75589752197266,8642300,-0.012659622785033298,921,2014-09-02,98.5999984741211,98.69000244140625,97.06999969482422,97.48999786376953,73.75589752197266,8642300,-0.012659622785033298
922,2014-09-03,98.13999938964844,98.44000244140625,97.69000244140625,97.75,73.95260620117188,7190900,0.0026670230558933916,922,2014-09-03,98.13999938964844,98.44000244140625,97.69000244140625,97.75,73.95260620117188,7190900,0.0026670230558933916,922,2014-09-03,98.13999938964844,98.44000244140625,97.69000244140625,97.75,73.95260620117188,7190900,0.0026670230558933916,922,2014-09-03,98.13999938964844,98.44000244140625,97.69000244140625,97.75,73.95260620117188,7190900,0.0026670230558933916,922,2014-09-03,98.13999938964844,98.44000244140625,97.69000244140625,97.75,73.95260620117188,7190900,0.0026670230558933916
923,2014-09-04,97.9800033569336,98.0199966430664,95.9800033569336,96.43000030517578,72.95394897460938,12286500,-0.013504016665022878,923,2014-09-04,97.9800033569336,98.0199966430664,95.9800033569336,96.43000030517578,72.95394897460938,12286500,-0.013504016665022878,923,2014-09-04,97.9800033569336,98.0199966430664,95.9800033569336,96.43000030517578,72.95394897460938,12286500,-0.013504016665022878,923,2014-09-04,97.9800033569336,98.0199966430664,95.9800033569336,96.43000030517578,72.95394897460938,12286500,-0.013504016665022878,923,2014-09-04,97.9800033569336,98.0199966430664,95.9800033569336,96.43000030517578,72.95394897460938,12286500,-0.013504016665022878
924,2014-09-05,96.4800033569336,97.11000061035156,95.81999969482422,97.08000183105469,73.44573211669922,8774900,0.006741007841275293,924,2014-09-05,96.4800033569336,97.11000061035156,95.81999969482422,97.08000183105469,73.44573211669922,8774900,0.006741007841275293,924,2014-09-05,96.4800033569336,97.11000061035156,95.81999969482422,97.08000183105469,73.44573211669922,8774900,0.006741007841275293,924,2014-09-05,96.4800033569336,97.11000061035156,95.81999969482422,97.08000183105469,73.44573211669922,8774900,0.006741007841275293,924,2014-09-05,96.4800033569336,97.11000061035156,95.81999969482422,97.08000183105469,73.44573211669922,8774900,0.006741007841275293
925,2014-09-08,96.5999984741211,96.68000030517578,95.12999725341797,95.56999969482422,72.30332946777344,10978100,-0.015554377579225398,925,2014-09-08,96.5999984741211,96.68000030517578,95.12999725341797,95.56999969482422,72.30332946777344,10978100,-0.015554377579225398,925,2014-09-08,96.5999984741211,96.68000030517578,95.12999725341797,95.56999969482422,72.30332946777344,10978100,-0.015554377579225398,925,2014-09-08,96.5999984741211,96.68000030517578,95.12999725341797,95.56999969482422,72.30332946777344,10978100,-0.015554377579225398,925,2014-09-08,96.5999984741211,96.68000030517578,95.12999725341797,95.56999969482422,72.30332946777344,10978100,-0.015554377579225398
926,2014-09-09,95.5199966430664,96.11000061035156,94.58999633789062,95.1500015258789,71.98558807373047,9998300,-0.004394561030340749,926,2014-09-09,95.5199966430664,96.11000061035156,94.58999633789062,95.1500015258789,71.98558807373047,9998300,-0.004394561030340749,926,2014-09-09,95.5199966430664,96.11000061035156,94.58999633789062,95.1500015258789,71.98558807373047,9998300,-0.004394561030340749,926,2014-09-09,95.5199966430664,96.11000061035156,94.58999633789062,95.1500015258789,71.98558807373047,9998300,-0.004394561030340749,926,2014-09-09,95.5199966430664,96.11000061035156,94.58999633789062,95.1500015258789,71.98558807373047,9998300,-0.004394561030340749
927,2014-09-10,95.05999755859375,95.05999755859375,93.80999755859375,94.91999816894531,71.81156921386719,10432700,-0.0024174124921372275,927,2014-09-10,95.05999755859375,95.05999755859375,93.80999755859375,94.91999816894531,71.81156921386719,10432700,-0.0024174124921372275,927,2014-09-10,95.05999755859375,95.05999755859375,93.80999755859375,94.91999816894531,71.81156921386719,10432700,-0.0024174124921372275,927,2014-09-10,95.05999755859375,95.05999755859375,93.80999755859375,94.91999816894531,71.81156921386719,10432700,-0.0024174124921372275,927,2014-09-10,95.05999755859375,95.05999755859375,93.80999755859375,94.91999816894531,71.81156921386719,10432700,-0.0024174124921372275
928,2014-09-11,94.16000366210938,95.12000274658203,93.76000213623047,94.9800033569336,71.85696411132812,12505700,0.0006321390544432592,928,2014-09-11,94.16000366210938,95.12000274658203,93.76000213623047,94.9800033569336,71.85696411132812,12505700,0.0006321390544432592,928,2014-09-11,94.16000366210938,95.12000274658203,93.76000213623047,94.9800033569336,71.85696411132812,12505700,0.0006321390544432592,928,2014-09-11,94.16000366210938,95.12000274658203,93.76000213623047,94.9800033569336,71.85696411132812,12505700,0.0006321390544432592,928,2014-09-11,94.16000366210938,95.12000274658203,93.76000213623047,94.9800033569336,71.85696411132812,12505700,0.0006321390544432592
929,2014-09-12,94.69999694824219,94.79000091552734,93.2699966430664,93.55999755859375,70.78264617919922,15440200,-0.014950783760700803,929,2014-09-12,94.69999694824219,94.79000091552734,93.2699966430664,93.55999755859375,70.78264617919922,15440200,-0.014950783760700803,929,2014-09-12,94.69999694824219,94.79000091552734,93.2699966430664,93.55999755859375,70.78264617919922,15440200,-0.014950783760700803,929,2014-09-12,94.69999694824219,94.79000091552734,93.2699966430664,93.55999755859375,70.78264617919922,15440200,-0.014950783760700803,929,2014-09-12,94.69999694824219,94.79000091552734,93.2699966430664,93.55999755859375,70.78264617919922,15440200,-0.014950783760700803
930,2014-09-15,93.45999908447266,94.47000122070312,92.98999786376953,94.22000122070312,71.28196716308594,13391300,0.007054285348736311,930,2014-09-15,93.45999908447266,94.47000122070312,92.98999786376953,94.22000122070312,71.28196716308594,13391300,0.007054285348736311,930,2014-09-15,93.45999908447266,94.47000122070312,92.98999786376953,94.22000122070312,71.28196716308594,13391300,0.007054285348736311,930,2014-09-15,93.45999908447266,94.47000122070312,92.98999786376953,94.22000122070312,71.28196716308594,13391300,0.007054285348736311,930,2014-09-15,93.45999908447266,94.47000122070312,92.98999786376953,94.22000122070312,71.28196716308594,13391300,0.007054285348736311
931,2014-09-16,94.08999633789062,95.95999908447266,93.94999694824219,95.36000061035156,72.14444732666016,13455400,0.012099556141610845,931,2014-09-16,94.08999633789062,95.95999908447266,93.94999694824219,95.36000061035156,72.14444732666016,13455400,0.012099556141610845,931,2014-09-16,94.08999633789062,95.95999908447266,93.94999694824219,95.36000061035156,72.14444732666016,13455400,0.012099556141610845,931,2014-09-16,94.08999633789062,95.95999908447266,93.94999694824219,95.36000061035156,72.14444732666016,13455400,0.012099556141610845,931,2014-09-16,94.08999633789062,95.95999908447266,93.94999694824219,95.36000061035156,72.14444732666016,13455400,0.012099556141610845
932,2014-09-17,95.58999633789062,95.7699966430664,94.55999755859375,94.83999633789062,71.75105285644531,11069300,-0.005452872463401204,932,2014-09-17,95.58999633789062,95.7699966430664,94.55999755859375,94.83999633789062,71.75105285644531,11069300,-0.005452872463401204,932,2014-09-17,95.58999633789062,95.7699966430664,94.55999755859375,94.83999633789062,71.75105285644531,11069300,-0.005452872463401204,932,2014-09-17,95.58999633789062,95.7699966430664,94.55999755859375,94.83999633789062,71.75105285644531,11069300,-0.005452872463401204,932,2014-09-17,95.58999633789062,95.7699966430664,94.55999755859375,94.83999633789062,71.75105285644531,11069300,-0.005452872463401204
933,2014-09-18,95.1500015258789,95.19999694824219,94.0999984741211,94.3499984741211,71.38033294677734,12284600,-0.005166752192607982,933,2014-09-18,95.1500015258789,95.19999694824219,94.0999984741211,94.3499984741211,71.38033294677734,12284600,-0.005166752192607982,933,2014-09-18,95.1500015258789,95.19999694824219,94.0999984741211,94.3499984741211,71.38033294677734,12284600,-0.005166752192607982,933,2014-09-18,95.1500015258789,95.19999694824219,94.0999984741211,94.3499984741211,71.38033294677734,12284600,-0.005166752192607982,933,2014-09-18,95.1500015258789,95.19999694824219,94.0999984741211,94.3499984741211,71.38033294677734,12284600,-0.005166752192607982
934,2014-09-19,94.05999755859375,94.48999786376953,93.75,93.79000091552734,71.32178497314453,9474600,-0.000820225560960397,934,2014-09-19,94.05999755859375,94.48999786376953,93.75,93.79000091552734,71.32178497314453,9474600,-0.000820225560960397,934,2014-09-19,94.05999755859375,94.48999786376953,93.75,93.79000091552734,71.32178497314453,9474600,-0.000820225560960397,934,2014-09-19,94.05999755859375,94.48999786376953,93.75,93.79000091552734,71.32178497314453,9474600,-0.000820225560960397,934,2014-09-19,94.05999755859375,94.48999786376953,93.75,93.79000091552734,71.32178497314453,9474600,-0.000820225560960397
935,2014-09-22,93.63999938964844,93.69000244140625,92.05000305175781,92.41000366210938,70.27237701416016,10629600,-0.01471370857276666,935,2014-09-22,93.63999938964844,93.69000244140625,92.05000305175781,92.41000366210938,70.27237701416016,10629600,-0.01471370857276666,935,2014-09-22,93.63999938964844,93.69000244140625,92.05000305175781,92.41000366210938,70.27237701416016,10629600,-0.01471370857276666,935,2014-09-22,93.63999938964844,93.69000244140625,92.05000305175781,92.41000366210938,70.27237701416016,10629600,-0.01471370857276666,935,2014-09-22,93.63999938964844,93.69000244140625,92.05000305175781,92.41000366210938,70.27237701416016,10629600,-0.01471370857276666
936,2014-09-23,92.2699966430664,93.05999755859375,92.12000274658203,92.13999938964844,70.06706237792969,9140100,-0.0029216976136882122,936,2014-09-23,92.2699966430664,93.05999755859375,92.12000274658203,92.13999938964844,70.06706237792969,9140100,-0.0029216976136882122,936,2014-09-23,92.2699966430664,93.05999755859375,92.12000274658203,92.13999938964844,70.06706237792969,9140100,-0.0029216976136882122,936,2014-09-23,92.2699966430664,93.05999755859375,92.12000274658203,92.13999938964844,70.06706237792969,9140100,-0.0029216976136882122,936,2014-09-23,92.2699966430664,93.05999755859375,92.12000274658203,92.13999938964844,70.06706237792969,9140100,-0.0029216976136882122
937,2014-09-24,92.08000183105469,92.75,90.76000213623047,92.22000122070312,70.12789154052734,24739900,0.0008681563138690507,937,2014-09-24,92.08000183105469,92.75,90.76000213623047,92.22000122070312,70.12789154052734,24739900,0.0008681563138690507,937,2014-09-24,92.08000183105469,92.75,90.76000213623047,92.22000122070312,70.12789154052734,24739900,0.0008681563138690507,937,2014-09-24,92.08000183105469,92.75,90.76000213623047,92.22000122070312,70.12789154052734,24739900,0.0008681563138690507,937,2014-09-24,92.08000183105469,92.75,90.76000213623047,92.22000122070312,70.12789154052734,24739900,0.0008681563138690507
938,2014-09-25,92.16999816894531,92.20999908447266,90.76000213623047,90.80999755859375,69.05565643310547,13436400,-0.015289709755528902,938,2014-09-25,92.16999816894531,92.20999908447266,90.76000213623047,90.80999755859375,69.05565643310547,13436400,-0.015289709755528902,938,2014-09-25,92.16999816894531,92.20999908447266,90.76000213623047,90.80999755859375,69.05565643310547,13436400,-0.015289709755528902,938,2014-09-25,92.16999816894531,92.20999908447266,90.76000213623047,90.80999755859375,69.05565643310547,13436400,-0.015289709755528902,938,2014-09-25,92.16999816894531,92.20999908447266,90.76000213623047,90.80999755859375,69.05565643310547,13436400,-0.015289709755528902
939,2014-09-26,90.81999969482422,92.37000274658203,90.5,91.9800033569336,69.94539642333984,11484800,0.012884389725500212,939,2014-09-26,90.81999969482422,92.37000274658203,90.5,91.9800033569336,69.94539642333984,11484800,0.012884389725500212,939,2014-09-26,90.81999969482422,92.37000274658203,90.5,91.9800033569336,69.94539642333984,11484800,0.012884389725500212,939,2014-09-26,90.81999969482422,92.37000274658203,90.5,91.9800033569336,69.94539642333984,11484800,0.012884389725500212,939,2014-09-26,90.81999969482422,92.37000274658203,90.5,91.9800033569336,69.94539642333984,11484800,0.012884389725500212
940,2014-09-29,90.80999755859375,91.94000244140625,90.58999633789062,91.7699966430664,69.78569030761719,15454300,-0.0022832970272417263,940,2014-09-29,90.80999755859375,91.94000244140625,90.58999633789062,91.7699966430664,69.78569030761719,15454300,-0.0022832970272417263,940,2014-09-29,90.80999755859375,91.94000244140625,90.58999633789062,91.7699966430664,69.78569030761719,15454300,-0.0022832970272417263,940,2014-09-29,90.80999755859375,91.94000244140625,90.58999633789062,91.7699966430664,69.78569030761719,15454300,-0.0022832970272417263,940,2014-09-29,90.80999755859375,91.94000244140625,90.58999633789062,91.7699966430664,69.78569030761719,15454300,-0.0022832970272417263
941,2014-09-30,91.68000030517578,91.9000015258789,90.05999755859375,90.62000274658203,68.91119384765625,21732100,-0.012531171592716661,941,2014-09-30,91.68000030517578,91.9000015258789,90.05999755859375,90.62000274658203,68.91119384765625,21732100,-0.012531171592716661,941,2014-09-30,91.68000030517578,91.9000015258789,90.05999755859375,90.62000274658203,68.91119384765625,21732100,-0.012531171592716661,941,2014-09-30,91.68000030517578,91.9000015258789,90.05999755859375,90.62000274658203,68.91119384765625,21732100,-0.012531171592716661,941,2014-09-30,91.68000030517578,91.9000015258789,90.05999755859375,90.62000274658203,68.91119384765625,21732100,-0.012531171592716661
942,2014-10-01,90.61000061035156,91.05999755859375,88.48999786376953,88.7699966430664,67.50434875488281,18977300,-0.020415334784122052,942,2014-10-01,90.61000061035156,91.05999755859375,88.48999786376953,88.7699966430664,67.50434875488281,18977300,-0.020415334784122052,942,2014-10-01,90.61000061035156,91.05999755859375,88.48999786376953,88.7699966430664,67.50434875488281,18977300,-0.020415334784122052,942,2014-10-01,90.61000061035156,91.05999755859375,88.48999786376953,88.7699966430664,67.50434875488281,18977300,-0.020415334784122052,942,2014-10-01,90.61000061035156,91.05999755859375,88.48999786376953,88.7699966430664,67.50434875488281,18977300,-0.020415334784122052
943,2014-10-02,88.25,88.88999938964844,86.77999877929688,88.30999755859375,67.15455627441406,29242700,-0.005181776980604513,943,2014-10-02,88.25,88.88999938964844,86.77999877929688,88.30999755859375,67.15455627441406,29242700,-0.005181776980604513,943,2014-10-02,88.25,88.88999938964844,86.77999877929688,88.30999755859375,67.15455627441406,29242700,-0.005181776980604513,943,2014-10-02,88.25,88.88999938964844,86.77999877929688,88.30999755859375,67.15455627441406,29242700,-0.005181776980604513,943,2014-10-02,88.25,88.88999938964844,86.77999877929688,88.30999755859375,67.15455627441406,29242700,-0.005181776980604513
944,2014-10-03,88.75,88.80000305175781,87.41999816894531,88.16999816894531,67.048095703125,20098000,-0.0015853067490169126,944,2014-10-03,88.75,88.80000305175781,87.41999816894531,88.16999816894531,67.048095703125,20098000,-0.0015853067490169126,944,2014-10-03,88.75,88.80000305175781,87.41999816894531,88.16999816894531,67.048095703125,20098000,-0.0015853067490169126,944,2014-10-03,88.75,88.80000305175781,87.41999816894531,88.16999816894531,67.048095703125,20098000,-0.0015853067490169126,944,2014-10-03,88.75,88.80000305175781,87.41999816894531,88.16999816894531,67.048095703125,20098000,-0.0015853067490169126
945,2014-10-06,88.62000274658203,89.16999816894531,87.62000274658203,88.2699966430664,67.12415313720703,20122200,0.0011343712790710114,945,2014-10-06,88.62000274658203,89.16999816894531,87.62000274658203,88.2699966430664,67.12415313720703,20122200,0.0011343712790710114,945,2014-10-06,88.62000274658203,89.16999816894531,87.62000274658203,88.2699966430664,67.12415313720703,20122200,0.0011343712790710114,945,2014-10-06,88.62000274658203,89.16999816894531,87.62000274658203,88.2699966430664,67.12415313720703,20122200,0.0011343712790710114,945,2014-10-06,88.62000274658203,89.16999816894531,87.62000274658203,88.2699966430664,67.12415313720703,20122200,0.0011343712790710114
946,2014-10-07,87.80000305175781,88.93000030517578,87.08999633789062,87.12000274658203,66.2496337890625,17899300,-0.013028385570197698,946,2014-10-07,87.80000305175781,88.93000030517578,87.08999633789062,87.12000274658203,66.2496337890625,17899300,-0.013028385570197698,946,2014-10-07,87.80000305175781,88.93000030517578,87.08999633789062,87.12000274658203,66.2496337890625,17899300,-0.013028385570197698,946,2014-10-07,87.80000305175781,88.93000030517578,87.08999633789062,87.12000274658203,66.2496337890625,17899300,-0.013028385570197698,946,2014-10-07,87.80000305175781,88.93000030517578,87.08999633789062,87.12000274658203,66.2496337890625,17899300,-0.013028385570197698
947,2014-10-08,86.87000274658203,88.05000305175781,85.47000122070312,87.97000122070312,66.89601135253906,35988600,0.00975669639978105,947,2014-10-08,86.87000274658203,88.05000305175781,85.47000122070312,87.97000122070312,66.89601135253906,35988600,0.00975669639978105,947,2014-10-08,86.87000274658203,88.05000305175781,85.47000122070312,87.97000122070312,66.89601135253906,35988600,0.00975669639978105,947,2014-10-08,86.87000274658203,88.05000305175781,85.47000122070312,87.97000122070312,66.89601135253906,35988600,0.00975669639978105,947,2014-10-08,86.87000274658203,88.05000305175781,85.47000122070312,87.97000122070312,66.89601135253906,35988600,0.00975669639978105
948,2014-10-09,87.30000305175781,87.44999694824219,84.5,84.73999786376953,64.43977355957031,36667400,-0.03671725329070041,948,2014-10-09,87.30000305175781,87.44999694824219,84.5,84.73999786376953,64.43977355957031,36667400,-0.03671725329070041,948,2014-10-09,87.30000305175781,87.44999694824219,84.5,84.73999786376953,64.43977355957031,36667400,-0.03671725329070041,948,2014-10-09,87.30000305175781,87.44999694824219,84.5,84.73999786376953,64.43977355957031,36667400,-0.03671725329070041,948,2014-10-09,87.30000305175781,87.44999694824219,84.5,84.73999786376953,64.43977355957031,36667400,-0.03671725329070041
949,2014-10-10,84.48999786376953,85.41000366210938,82.63999938964844,83.55000305175781,63.53485870361328,60474300,-0.01404280005919789,949,2014-10-10,84.48999786376953,85.41000366210938,82.63999938964844,83.55000305175781,63.53485870361328,60474300,-0.01404280005919789,949,2014-10-10,84.48999786376953,85.41000366210938,82.63999938964844,83.55000305175781,63.53485870361328,60474300,-0.01404280005919789,949,2014-10-10,84.48999786376953,85.41000366210938,82.63999938964844,83.55000305175781,63.53485870361328,60474300,-0.01404280005919789,949,2014-10-10,84.48999786376953,85.41000366210938,82.63999938964844,83.55000305175781,63.53485870361328,60474300,-0.01404280005919789
950,2014-10-13,83.37000274658203,84.38999938964844,80.86000061035156,80.97000122070312,61.57292938232422,47549300,-0.030879573218874357,950,2014-10-13,83.37000274658203,84.38999938964844,80.86000061035156,80.97000122070312,61.57292938232422,47549300,-0.030879573218874357,950,2014-10-13,83.37000274658203,84.38999938964844,80.86000061035156,80.97000122070312,61.57292938232422,47549300,-0.030879573218874357,950,2014-10-13,83.37000274658203,84.38999938964844,80.86000061035156,80.97000122070312,61.57292938232422,47549300,-0.030879573218874357,950,2014-10-13,83.37000274658203,84.38999938964844,80.86000061035156,80.97000122070312,61.57292938232422,47549300,-0.030879573218874357
951,2014-10-14,81.6500015258789,82.29000091552734,79.5199966430664,79.94999694824219,60.797279357910156,55995600,-0.012597257141979123,951,2014-10-14,81.6500015258789,82.29000091552734,79.5199966430664,79.94999694824219,60.797279357910156,55995600,-0.012597257141979123,951,2014-10-14,81.6500015258789,82.29000091552734,79.5199966430664,79.94999694824219,60.797279357910156,55995600,-0.012597257141979123,951,2014-10-14,81.6500015258789,82.29000091552734,79.5199966430664,79.94999694824219,60.797279357910156,55995600,-0.012597257141979123,951,2014-10-14,81.6500015258789,82.29000091552734,79.5199966430664,79.94999694824219,60.797279357910156,55995600,-0.012597257141979123
952,2014-10-15,78.91000366210938,80.7699966430664,77.51000213623047,80.55999755859375,61.261131286621094,69469600,0.007629484963961319,952,2014-10-15,78.91000366210938,80.7699966430664,77.51000213623047,80.55999755859375,61.261131286621094,69469600,0.007629484963961319,952,2014-10-15,78.91000366210938,80.7699966430664,77.51000213623047,80.55999755859375,61.261131286621094,69469600,0.007629484963961319,952,2014-10-15,78.91000366210938,80.7699966430664,77.51000213623047,80.55999755859375,61.261131286621094,69469600,0.007629484963961319,952,2014-10-15,78.91000366210938,80.7699966430664,77.51000213623047,80.55999755859375,61.261131286621094,69469600,0.007629484963961319
953,2014-10-16,78.83000183105469,82.81999969482422,78.5,82.0,62.35618209838867,59796300,0.017875132057946885,953,2014-10-16,78.83000183105469,82.81999969482422,78.5,82.0,62.35618209838867,59796300,0.017875132057946885,953,2014-10-16,78.83000183105469,82.81999969482422,78.5,82.0,62.35618209838867,59796300,0.017875132057946885,953,2014-10-16,78.83000183105469,82.81999969482422,78.5,82.0,62.35618209838867,59796300,0.017875132057946885,953,2014-10-16,78.83000183105469,82.81999969482422,78.5,82.0,62.35618209838867,59796300,0.017875132057946885
954,2014-10-17,83.51000213623047,85.9000015258789,82.0,82.69999694824219,62.88847732543945,38000000,0.008536366550006225,954,2014-10-17,83.51000213623047,85.9000015258789,82.0,82.69999694824219,62.88847732543945,38000000,0.008536366550006225,954,2014-10-17,83.51000213623047,85.9000015258789,82.0,82.69999694824219,62.88847732543945,38000000,0.008536366550006225,954,2014-10-17,83.51000213623047,85.9000015258789,82.0,82.69999694824219,62.88847732543945,38000000,0.008536366550006225,954,2014-10-17,83.51000213623047,85.9000015258789,82.0,82.69999694824219,62.88847732543945,38000000,0.008536366550006225
955,2014-10-20,82.62999725341797,83.66999816894531,82.22000122070312,83.41999816894531,63.43600845336914,26502600,0.00870638233290788,955,2014-10-20,82.62999725341797,83.66999816894531,82.22000122070312,83.41999816894531,63.43600845336914,26502600,0.00870638233290788,955,2014-10-20,82.62999725341797,83.66999816894531,82.22000122070312,83.41999816894531,63.43600845336914,26502600,0.00870638233290788,955,2014-10-20,82.62999725341797,83.66999816894531,82.22000122070312,83.41999816894531,63.43600845336914,26502600,0.00870638233290788,955,2014-10-20,82.62999725341797,83.66999816894531,82.22000122070312,83.41999816894531,63.43600845336914,26502600,0.00870638233290788
956,2014-10-21,84.37000274658203,86.1500015258789,84.33999633789062,85.95999908447266,65.3675308227539,31358200,0.030448359165041072,956,2014-10-21,84.37000274658203,86.1500015258789,84.33999633789062,85.95999908447266,65.3675308227539,31358200,0.030448359165041072,956,2014-10-21,84.37000274658203,86.1500015258789,84.33999633789062,85.95999908447266,65.3675308227539,31358200,0.030448359165041072,956,2014-10-21,84.37000274658203,86.1500015258789,84.33999633789062,85.95999908447266,65.3675308227539,31358200,0.030448359165041072,956,2014-10-21,84.37000274658203,86.1500015258789,84.33999633789062,85.95999908447266,65.3675308227539,31358200,0.030448359165041072
957,2014-10-22,86.18000030517578,86.70999908447266,84.27999877929688,84.33000183105469,64.12798309326172,36142500,-0.018962743641843582,957,2014-10-22,86.18000030517578,86.70999908447266,84.27999877929688,84.33000183105469,64.12798309326172,36142500,-0.018962743641843582,957,2014-10-22,86.18000030517578,86.70999908447266,84.27999877929688,84.33000183105469,64.12798309326172,36142500,-0.018962743641843582,957,2014-10-22,86.18000030517578,86.70999908447266,84.27999877929688,84.33000183105469,64.12798309326172,36142500,-0.018962743641843582,957,2014-10-22,86.18000030517578,86.70999908447266,84.27999877929688,84.33000183105469,64.12798309326172,36142500,-0.018962743641843582
958,2014-10-23,85.5199966430664,86.80999755859375,85.06999969482422,85.9000015258789,65.32189178466797,26558000,0.01861759303532029,958,2014-10-23,85.5199966430664,86.80999755859375,85.06999969482422,85.9000015258789,65.32189178466797,26558000,0.01861759303532029,958,2014-10-23,85.5199966430664,86.80999755859375,85.06999969482422,85.9000015258789,65.32189178466797,26558000,0.01861759303532029,958,2014-10-23,85.5199966430664,86.80999755859375,85.06999969482422,85.9000015258789,65.32189178466797,26558000,0.01861759303532029,958,2014-10-23,85.5199966430664,86.80999755859375,85.06999969482422,85.9000015258789,65.32189178466797,26558000,0.01861759303532029
959,2014-10-24,85.94000244140625,86.08999633789062,84.47000122070312,85.5999984741211,65.09376525878906,25247400,-0.003492344138331438,959,2014-10-24,85.94000244140625,86.08999633789062,84.47000122070312,85.5999984741211,65.09376525878906,25247400,-0.003492344138331438,959,2014-10-24,85.94000244140625,86.08999633789062,84.47000122070312,85.5999984741211,65.09376525878906,25247400,-0.003492344138331438,959,2014-10-24,85.94000244140625,86.08999633789062,84.47000122070312,85.5999984741211,65.09376525878906,25247400,-0.003492344138331438,959,2014-10-24,85.94000244140625,86.08999633789062,84.47000122070312,85.5999984741211,65.09376525878906,25247400,-0.003492344138331438
960,2014-10-27,84.23999786376953,84.29000091552734,82.94000244140625,83.80000305175781,63.72496795654297,23501400,-0.02102808612782281,960,2014-10-27,84.23999786376953,84.29000091552734,82.94000244140625,83.80000305175781,63.72496795654297,23501400,-0.02102808612782281,960,2014-10-27,84.23999786376953,84.29000091552734,82.94000244140625,83.80000305175781,63.72496795654297,23501400,-0.02102808612782281,960,2014-10-27,84.23999786376953,84.29000091552734,82.94000244140625,83.80000305175781,63.72496795654297,23501400,-0.02102808612782281,960,2014-10-27,84.23999786376953,84.29000091552734,82.94000244140625,83.80000305175781,63.72496795654297,23501400,-0.02102808612782281
961,2014-10-28,84.23999786376953,85.94000244140625,83.68000030517578,85.70999908447266,65.17741394042969,23625000,0.022792416072726862,961,2014-10-28,84.23999786376953,85.94000244140625,83.68000030517578,85.70999908447266,65.17741394042969,23625000,0.022792416072726862,961,2014-10-28,84.23999786376953,85.94000244140625,83.68000030517578,85.70999908447266,65.17741394042969,23625000,0.022792416072726862,961,2014-10-28,84.23999786376953,85.94000244140625,83.68000030517578,85.70999908447266,65.17741394042969,23625000,0.022792416072726862,961,2014-10-28,84.23999786376953,85.94000244140625,83.68000030517578,85.70999908447266,65.17741394042969,23625000,0.022792416072726862
962,2014-10-29,86.6500015258789,87.37000274658203,85.16999816894531,85.98999786376953,65.39033508300781,26722500,0.003266793352260544,962,2014-10-29,86.6500015258789,87.37000274658203,85.16999816894531,85.98999786376953,65.39033508300781,26722500,0.003266793352260544,962,2014-10-29,86.6500015258789,87.37000274658203,85.16999816894531,85.98999786376953,65.39033508300781,26722500,0.003266793352260544,962,2014-10-29,86.6500015258789,87.37000274658203,85.16999816894531,85.98999786376953,65.39033508300781,26722500,0.003266793352260544,962,2014-10-29,86.6500015258789,87.37000274658203,85.16999816894531,85.98999786376953,65.39033508300781,26722500,0.003266793352260544
963,2014-10-30,85.33000183105469,86.05999755859375,84.69000244140625,85.68000030517578,65.15459442138672,18796000,-0.0036051300443993295,963,2014-10-30,85.33000183105469,86.05999755859375,84.69000244140625,85.68000030517578,65.15459442138672,18796000,-0.0036051300443993295,963,2014-10-30,85.33000183105469,86.05999755859375,84.69000244140625,85.68000030517578,65.15459442138672,18796000,-0.0036051300443993295,963,2014-10-30,85.33000183105469,86.05999755859375,84.69000244140625,85.68000030517578,65.15459442138672,18796000,-0.0036051300443993295,963,2014-10-30,85.33000183105469,86.05999755859375,84.69000244140625,85.68000030517578,65.15459442138672,18796000,-0.0036051300443993295
964,2014-10-31,85.86000061035156,87.5199966430664,85.05999755859375,87.41999816894531,66.47775268554688,20264300,0.02030798097832731,964,2014-10-31,85.86000061035156,87.5199966430664,85.05999755859375,87.41999816894531,66.47775268554688,20264300,0.02030798097832731,964,2014-10-31,85.86000061035156,87.5199966430664,85.05999755859375,87.41999816894531,66.47775268554688,20264300,0.02030798097832731,964,2014-10-31,85.86000061035156,87.5199966430664,85.05999755859375,87.41999816894531,66.47775268554688,20264300,0.02030798097832731,964,2014-10-31,85.86000061035156,87.5199966430664,85.05999755859375,87.41999816894531,66.47775268554688,20264300,0.02030798097832731
965,2014-11-03,87.4800033569336,88.41000366210938,85.77999877929688,86.04000091552734,65.42835998535156,26605600,-0.015785622374437813,965,2014-11-03,87.4800033569336,88.41000366210938,85.77999877929688,86.04000091552734,65.42835998535156,26605600,-0.015785622374437813,965,2014-11-03,87.4800033569336,88.41000366210938,85.77999877929688,86.04000091552734,65.42835998535156,26605600,-0.015785622374437813,965,2014-11-03,87.4800033569336,88.41000366210938,85.77999877929688,86.04000091552734,65.42835998535156,26605600,-0.015785622374437813,965,2014-11-03,87.4800033569336,88.41000366210938,85.77999877929688,86.04000091552734,65.42835998535156,26605600,-0.015785622374437813
966,2014-11-04,85.0,85.05000305175781,83.52999877929688,84.2699966430664,64.08235931396484,23439100,-0.02057212914534412,966,2014-11-04,85.0,85.05000305175781,83.52999877929688,84.2699966430664,64.08235931396484,23439100,-0.02057212914534412,966,2014-11-04,85.0,85.05000305175781,83.52999877929688,84.2699966430664,64.08235931396484,23439100,-0.02057212914534412,966,2014-11-04,85.0,85.05000305175781,83.52999877929688,84.2699966430664,64.08235931396484,23439100,-0.02057212914534412,966,2014-11-04,85.0,85.05000305175781,83.52999877929688,84.2699966430664,64.08235931396484,23439100,-0.02057212914534412
967,2014-11-05,85.12000274658203,86.12000274658203,84.45999908447266,85.75,65.20783233642578,27445100,0.017562914888117565,967,2014-11-05,85.12000274658203,86.12000274658203,84.45999908447266,85.75,65.20783233642578,27445100,0.017562914888117565,967,2014-11-05,85.12000274658203,86.12000274658203,84.45999908447266,85.75,65.20783233642578,27445100,0.017562914888117565,967,2014-11-05,85.12000274658203,86.12000274658203,84.45999908447266,85.75,65.20783233642578,27445100,0.017562914888117565,967,2014-11-05,85.12000274658203,86.12000274658203,84.45999908447266,85.75,65.20783233642578,27445100,0.017562914888117565
968,2014-11-06,85.20999908447266,86.8499984741211,84.93000030517578,86.83000183105469,66.02910614013672,23026300,0.01259471100762477,968,2014-11-06,85.20999908447266,86.8499984741211,84.93000030517578,86.83000183105469,66.02910614013672,23026300,0.01259471100762477,968,2014-11-06,85.20999908447266,86.8499984741211,84.93000030517578,86.83000183105469,66.02910614013672,23026300,0.01259471100762477,968,2014-11-06,85.20999908447266,86.8499984741211,84.93000030517578,86.83000183105469,66.02910614013672,23026300,0.01259471100762477,968,2014-11-06,85.20999908447266,86.8499984741211,84.93000030517578,86.83000183105469,66.02910614013672,23026300,0.01259471100762477
969,2014-11-07,87.02999877929688,88.4800033569336,86.86000061035156,87.79000091552734,66.75914764404297,18042000,0.011056359029862461,969,2014-11-07,87.02999877929688,88.4800033569336,86.86000061035156,87.79000091552734,66.75914764404297,18042000,0.011056359029862461,969,2014-11-07,87.02999877929688,88.4800033569336,86.86000061035156,87.79000091552734,66.75914764404297,18042000,0.011056359029862461,969,2014-11-07,87.02999877929688,88.4800033569336,86.86000061035156,87.79000091552734,66.75914764404297,18042000,0.011056359029862461,969,2014-11-07,87.02999877929688,88.4800033569336,86.86000061035156,87.79000091552734,66.75914764404297,18042000,0.011056359029862461
970,2014-11-10,88.55000305175781,88.95999908447266,86.73999786376953,87.0,66.15837097167969,22953400,-0.008999166310010409,970,2014-11-10,88.55000305175781,88.95999908447266,86.73999786376953,87.0,66.15837097167969,22953400,-0.008999166310010409,970,2014-11-10,88.55000305175781,88.95999908447266,86.73999786376953,87.0,66.15837097167969,22953400,-0.008999166310010409,970,2014-11-10,88.55000305175781,88.95999908447266,86.73999786376953,87.0,66.15837097167969,22953400,-0.008999166310010409,970,2014-11-10,88.55000305175781,88.95999908447266,86.73999786376953,87.0,66.15837097167969,22953400,-0.008999166310010409
971,2014-11-11,87.08000183105469,87.47000122070312,86.2300033569336,87.26000213623047,66.3561019897461,17380900,0.0029887528239025407,971,2014-11-11,87.08000183105469,87.47000122070312,86.2300033569336,87.26000213623047,66.3561019897461,17380900,0.0029887528239025407,971,2014-11-11,87.08000183105469,87.47000122070312,86.2300033569336,87.26000213623047,66.3561019897461,17380900,0.0029887528239025407,971,2014-11-11,87.08000183105469,87.47000122070312,86.2300033569336,87.26000213623047,66.3561019897461,17380900,0.0029887528239025407,971,2014-11-11,87.08000183105469,87.47000122070312,86.2300033569336,87.26000213623047,66.3561019897461,17380900,0.0029887528239025407
972,2014-11-12,86.70999908447266,87.61000061035156,86.38999938964844,86.48999786376953,65.77056884765625,17624600,-0.008824103956261986,972,2014-11-12,86.70999908447266,87.61000061035156,86.38999938964844,86.48999786376953,65.77056884765625,17624600,-0.008824103956261986,972,2014-11-12,86.70999908447266,87.61000061035156,86.38999938964844,86.48999786376953,65.77056884765625,17624600,-0.008824103956261986,972,2014-11-12,86.70999908447266,87.61000061035156,86.38999938964844,86.48999786376953,65.77056884765625,17624600,-0.008824103956261986,972,2014-11-12,86.70999908447266,87.61000061035156,86.38999938964844,86.48999786376953,65.77056884765625,17624600,-0.008824103956261986
973,2014-11-13,86.02999877929688,86.13999938964844,83.94999694824219,85.33999633789062,64.89604949951172,31588300,-0.013296514892096711,973,2014-11-13,86.02999877929688,86.13999938964844,83.94999694824219,85.33999633789062,64.89604949951172,31588300,-0.013296514892096711,973,2014-11-13,86.02999877929688,86.13999938964844,83.94999694824219,85.33999633789062,64.89604949951172,31588300,-0.013296514892096711,973,2014-11-13,86.02999877929688,86.13999938964844,83.94999694824219,85.33999633789062,64.89604949951172,31588300,-0.013296514892096711,973,2014-11-13,86.02999877929688,86.13999938964844,83.94999694824219,85.33999633789062,64.89604949951172,31588300,-0.013296514892096711
974,2014-11-14,85.76000213623047,86.30999755859375,85.18000030517578,86.20999908447266,65.55764770507812,17962300,0.010194737748580263,974,2014-11-14,85.76000213623047,86.30999755859375,85.18000030517578,86.20999908447266,65.55764770507812,17962300,0.010194737748580263,974,2014-11-14,85.76000213623047,86.30999755859375,85.18000030517578,86.20999908447266,65.55764770507812,17962300,0.010194737748580263,974,2014-11-14,85.76000213623047,86.30999755859375,85.18000030517578,86.20999908447266,65.55764770507812,17962300,0.010194737748580263,974,2014-11-14,85.76000213623047,86.30999755859375,85.18000030517578,86.20999908447266,65.55764770507812,17962300,0.010194737748580263
975,2014-11-17,85.68000030517578,86.2699966430664,85.36000061035156,85.76000213623047,65.21546173095703,12215100,-0.0052196194662211814,975,2014-11-17,85.68000030517578,86.2699966430664,85.36000061035156,85.76000213623047,65.21546173095703,12215100,-0.0052196194662211814,975,2014-11-17,85.68000030517578,86.2699966430664,85.36000061035156,85.76000213623047,65.21546173095703,12215100,-0.0052196194662211814,975,2014-11-17,85.68000030517578,86.2699966430664,85.36000061035156,85.76000213623047,65.21546173095703,12215100,-0.0052196194662211814,975,2014-11-17,85.68000030517578,86.2699966430664,85.36000061035156,85.76000213623047,65.21546173095703,12215100,-0.0052196194662211814
976,2014-11-18,85.7300033569336,86.54000091552734,85.41999816894531,85.83000183105469,65.26866149902344,19680300,0.0008157539125595026,976,2014-11-18,85.7300033569336,86.54000091552734,85.41999816894531,85.83000183105469,65.26866149902344,19680300,0.0008157539125595026,976,2014-11-18,85.7300033569336,86.54000091552734,85.41999816894531,85.83000183105469,65.26866149902344,19680300,0.0008157539125595026,976,2014-11-18,85.7300033569336,86.54000091552734,85.41999816894531,85.83000183105469,65.26866149902344,19680300,0.0008157539125595026,976,2014-11-18,85.7300033569336,86.54000091552734,85.41999816894531,85.83000183105469,65.26866149902344,19680300,0.0008157539125595026
977,2014-11-19,85.98999786376953,86.58000183105469,85.2300033569336,86.27999877929688,65.61087036132812,14746200,0.005243080744191664,977,2014-11-19,85.98999786376953,86.58000183105469,85.2300033569336,86.27999877929688,65.61087036132812,14746200,0.005243080744191664,977,2014-11-19,85.98999786376953,86.58000183105469,85.2300033569336,86.27999877929688,65.61087036132812,14746200,0.005243080744191664,977,2014-11-19,85.98999786376953,86.58000183105469,85.2300033569336,86.27999877929688,65.61087036132812,14746200,0.005243080744191664,977,2014-11-19,85.98999786376953,86.58000183105469,85.2300033569336,86.27999877929688,65.61087036132812,14746200,0.005243080744191664
978,2014-11-20,86.44999694824219,87.48999786376953,86.22000122070312,87.36000061035156,66.43212890625,16917300,0.012517110966507428,978,2014-11-20,86.44999694824219,87.48999786376953,86.22000122070312,87.36000061035156,66.43212890625,16917300,0.012517110966507428,978,2014-11-20,86.44999694824219,87.48999786376953,86.22000122070312,87.36000061035156,66.43212890625,16917300,0.012517110966507428,978,2014-11-20,86.44999694824219,87.48999786376953,86.22000122070312,87.36000061035156,66.43212890625,16917300,0.012517110966507428,978,2014-11-20,86.44999694824219,87.48999786376953,86.22000122070312,87.36000061035156,66.43212890625,16917300,0.012517110966507428
979,2014-11-21,88.87000274658203,89.22000122070312,87.86000061035156,88.5,67.29904174804688,28685200,0.01304960199334082,979,2014-11-21,88.87000274658203,89.22000122070312,87.86000061035156,88.5,67.29904174804688,28685200,0.01304960199334082,979,2014-11-21,88.87000274658203,89.22000122070312,87.86000061035156,88.5,67.29904174804688,28685200,0.01304960199334082,979,2014-11-21,88.87000274658203,89.22000122070312,87.86000061035156,88.5,67.29904174804688,28685200,0.01304960199334082,979,2014-11-21,88.87000274658203,89.22000122070312,87.86000061035156,88.5,67.29904174804688,28685200,0.01304960199334082
980,2014-11-24,88.20999908447266,88.69000244140625,87.44000244140625,87.81999969482422,66.78194427490234,16678100,-0.007683578543071001,980,2014-11-24,88.20999908447266,88.69000244140625,87.44000244140625,87.81999969482422,66.78194427490234,16678100,-0.007683578543071001,980,2014-11-24,88.20999908447266,88.69000244140625,87.44000244140625,87.81999969482422,66.78194427490234,16678100,-0.007683578543071001,980,2014-11-24,88.20999908447266,88.69000244140625,87.44000244140625,87.81999969482422,66.78194427490234,16678100,-0.007683578543071001,980,2014-11-24,88.20999908447266,88.69000244140625,87.44000244140625,87.81999969482422,66.78194427490234,16678100,-0.007683578543071001
981,2014-11-25,88.30000305175781,88.37000274658203,86.2699966430664,86.38999938964844,65.69449615478516,22554000,-0.016283564845623544,981,2014-11-25,88.30000305175781,88.37000274658203,86.2699966430664,86.38999938964844,65.69449615478516,22554000,-0.016283564845623544,981,2014-11-25,88.30000305175781,88.37000274658203,86.2699966430664,86.38999938964844,65.69449615478516,22554000,-0.016283564845623544,981,2014-11-25,88.30000305175781,88.37000274658203,86.2699966430664,86.38999938964844,65.69449615478516,22554000,-0.016283564845623544,981,2014-11-25,88.30000305175781,88.37000274658203,86.2699966430664,86.38999938964844,65.69449615478516,22554000,-0.016283564845623544
982,2014-11-26,85.98999786376953,86.20999908447266,85.1500015258789,85.30000305175781,64.86565399169922,20873200,-0.012616614961671546,982,2014-11-26,85.98999786376953,86.20999908447266,85.1500015258789,85.30000305175781,64.86565399169922,20873200,-0.012616614961671546,982,2014-11-26,85.98999786376953,86.20999908447266,85.1500015258789,85.30000305175781,64.86565399169922,20873200,-0.012616614961671546,982,2014-11-26,85.98999786376953,86.20999908447266,85.1500015258789,85.30000305175781,64.86565399169922,20873200,-0.012616614961671546,982,2014-11-26,85.98999786376953,86.20999908447266,85.1500015258789,85.30000305175781,64.86565399169922,20873200,-0.012616614961671546
983,2014-11-28,81.73999786376953,82.0,79.58000183105469,79.81999969482422,60.69840621948242,42538300,-0.0642442882445936,983,2014-11-28,81.73999786376953,82.0,79.58000183105469,79.81999969482422,60.69840621948242,42538300,-0.0642442882445936,983,2014-11-28,81.73999786376953,82.0,79.58000183105469,79.81999969482422,60.69840621948242,42538300,-0.0642442882445936,983,2014-11-28,81.73999786376953,82.0,79.58000183105469,79.81999969482422,60.69840621948242,42538300,-0.0642442882445936,983,2014-11-28,81.73999786376953,82.0,79.58000183105469,79.81999969482422,60.69840621948242,42538300,-0.0642442882445936
984,2014-12-01,79.38999938964844,80.3499984741211,78.66999816894531,80.0999984741211,60.91133117675781,51594500,0.0035079167730609484,984,2014-12-01,79.38999938964844,80.3499984741211,78.66999816894531,80.0999984741211,60.91133117675781,51594500,0.0035079167730609484,984,2014-12-01,79.38999938964844,80.3499984741211,78.66999816894531,80.0999984741211,60.91133117675781,51594500,0.0035079167730609484,984,2014-12-01,79.38999938964844,80.3499984741211,78.66999816894531,80.0999984741211,60.91133117675781,51594500,0.0035079167730609484,984,2014-12-01,79.38999938964844,80.3499984741211,78.66999816894531,80.0999984741211,60.91133117675781,51594500,0.0035079167730609484
985,2014-12-02,79.52999877929688,81.75,79.5,80.97000122070312,61.57292938232422,33234900,0.010861660593930011,985,2014-12-02,79.52999877929688,81.75,79.5,80.97000122070312,61.57292938232422,33234900,0.010861660593930011,985,2014-12-02,79.52999877929688,81.75,79.5,80.97000122070312,61.57292938232422,33234900,0.010861660593930011,985,2014-12-02,79.52999877929688,81.75,79.5,80.97000122070312,61.57292938232422,33234900,0.010861660593930011,985,2014-12-02,79.52999877929688,81.75,79.5,80.97000122070312,61.57292938232422,33234900,0.010861660593930011
986,2014-12-03,81.48999786376953,82.61000061035156,81.20999908447266,81.95999908447266,62.325767517089844,31549200,0.01222677144514317,986,2014-12-03,81.48999786376953,82.61000061035156,81.20999908447266,81.95999908447266,62.325767517089844,31549200,0.01222677144514317,986,2014-12-03,81.48999786376953,82.61000061035156,81.20999908447266,81.95999908447266,62.325767517089844,31549200,0.01222677144514317,986,2014-12-03,81.48999786376953,82.61000061035156,81.20999908447266,81.95999908447266,62.325767517089844,31549200,0.01222677144514317,986,2014-12-03,81.48999786376953,82.61000061035156,81.20999908447266,81.95999908447266,62.325767517089844,31549200,0.01222677144514317
987,2014-12-04,81.16999816894531,81.7699966430664,80.5199966430664,81.25,61.78584671020508,23579500,-0.00866288259886605,987,2014-12-04,81.16999816894531,81.7699966430664,80.5199966430664,81.25,61.78584671020508,23579500,-0.00866288259886605,987,2014-12-04,81.16999816894531,81.7699966430664,80.5199966430664,81.25,61.78584671020508,23579500,-0.00866288259886605,987,2014-12-04,81.16999816894531,81.7699966430664,80.5199966430664,81.25,61.78584671020508,23579500,-0.00866288259886605,987,2014-12-04,81.16999816894531,81.7699966430664,80.5199966430664,81.25,61.78584671020508,23579500,-0.00866288259886605
988,2014-12-05,81.06999969482422,81.30999755859375,79.95999908447266,80.27999877929688,61.0482292175293,23443300,-0.011938292213351631,988,2014-12-05,81.06999969482422,81.30999755859375,79.95999908447266,80.27999877929688,61.0482292175293,23443300,-0.011938292213351631,988,2014-12-05,81.06999969482422,81.30999755859375,79.95999908447266,80.27999877929688,61.0482292175293,23443300,-0.011938292213351631,988,2014-12-05,81.06999969482422,81.30999755859375,79.95999908447266,80.27999877929688,61.0482292175293,23443300,-0.011938292213351631,988,2014-12-05,81.06999969482422,81.30999755859375,79.95999908447266,80.27999877929688,61.0482292175293,23443300,-0.011938292213351631
989,2014-12-08,79.19999694824219,79.5,76.86000061035156,77.02999877929688,58.576778411865234,41192700,-0.040483578923439345,989,2014-12-08,79.19999694824219,79.5,76.86000061035156,77.02999877929688,58.576778411865234,41192700,-0.040483578923439345,989,2014-12-08,79.19999694824219,79.5,76.86000061035156,77.02999877929688,58.576778411865234,41192700,-0.040483578923439345,989,2014-12-08,79.19999694824219,79.5,76.86000061035156,77.02999877929688,58.576778411865234,41192700,-0.040483578923439345,989,2014-12-08,79.19999694824219,79.5,76.86000061035156,77.02999877929688,58.576778411865234,41192700,-0.040483578923439345
990,2014-12-09,76.86000061035156,78.19000244140625,76.5999984741211,77.87000274658203,59.2155647277832,33668900,0.010905111773585885,990,2014-12-09,76.86000061035156,78.19000244140625,76.5999984741211,77.87000274658203,59.2155647277832,33668900,0.010905111773585885,990,2014-12-09,76.86000061035156,78.19000244140625,76.5999984741211,77.87000274658203,59.2155647277832,33668900,0.010905111773585885,990,2014-12-09,76.86000061035156,78.19000244140625,76.5999984741211,77.87000274658203,59.2155647277832,33668900,0.010905111773585885,990,2014-12-09,76.86000061035156,78.19000244140625,76.5999984741211,77.87000274658203,59.2155647277832,33668900,0.010905111773585885
991,2014-12-10,76.6500015258789,76.73999786376953,74.97000122070312,75.47000122070312,57.39049530029297,44533800,-0.030820772137868935,991,2014-12-10,76.6500015258789,76.73999786376953,74.97000122070312,75.47000122070312,57.39049530029297,44533800,-0.030820772137868935,991,2014-12-10,76.6500015258789,76.73999786376953,74.97000122070312,75.47000122070312,57.39049530029297,44533800,-0.030820772137868935,991,2014-12-10,76.6500015258789,76.73999786376953,74.97000122070312,75.47000122070312,57.39049530029297,44533800,-0.030820772137868935,991,2014-12-10,76.6500015258789,76.73999786376953,74.97000122070312,75.47000122070312,57.39049530029297,44533800,-0.030820772137868935
992,2014-12-11,75.37000274658203,77.33999633789062,75.25,75.41999816894531,57.35247802734375,35551700,-0.000662431518499651,992,2014-12-11,75.37000274658203,77.33999633789062,75.25,75.41999816894531,57.35247802734375,35551700,-0.000662431518499651,992,2014-12-11,75.37000274658203,77.33999633789062,75.25,75.41999816894531,57.35247802734375,35551700,-0.000662431518499651,992,2014-12-11,75.37000274658203,77.33999633789062,75.25,75.41999816894531,57.35247802734375,35551700,-0.000662431518499651,992,2014-12-11,75.37000274658203,77.33999633789062,75.25,75.41999816894531,57.35247802734375,35551700,-0.000662431518499651
993,2014-12-12,74.5199966430664,75.37999725341797,73.88999938964844,74.0199966430664,56.287841796875,50054300,-0.018563038025334655,993,2014-12-12,74.5199966430664,75.37999725341797,73.88999938964844,74.0199966430664,56.287841796875,50054300,-0.018563038025334655,993,2014-12-12,74.5199966430664,75.37999725341797,73.88999938964844,74.0199966430664,56.287841796875,50054300,-0.018563038025334655,993,2014-12-12,74.5199966430664,75.37999725341797,73.88999938964844,74.0199966430664,56.287841796875,50054300,-0.018563038025334655,993,2014-12-12,74.5199966430664,75.37999725341797,73.88999938964844,74.0199966430664,56.287841796875,50054300,-0.018563038025334655
994,2014-12-15,74.62999725341797,75.33000183105469,73.19999694824219,73.36000061035156,55.78595733642578,47481100,-0.008916391967209614,994,2014-12-15,74.62999725341797,75.33000183105469,73.19999694824219,73.36000061035156,55.78595733642578,47481100,-0.008916391967209614,994,2014-12-15,74.62999725341797,75.33000183105469,73.19999694824219,73.36000061035156,55.78595733642578,47481100,-0.008916391967209614,994,2014-12-15,74.62999725341797,75.33000183105469,73.19999694824219,73.36000061035156,55.78595733642578,47481100,-0.008916391967209614,994,2014-12-15,74.62999725341797,75.33000183105469,73.19999694824219,73.36000061035156,55.78595733642578,47481100,-0.008916391967209614
995,2014-12-16,72.69000244140625,76.29000091552734,72.51000213623047,74.01000213623047,56.2802619934082,57284400,0.008860736296079752,995,2014-12-16,72.69000244140625,76.29000091552734,72.51000213623047,74.01000213623047,56.2802619934082,57284400,0.008860736296079752,995,2014-12-16,72.69000244140625,76.29000091552734,72.51000213623047,74.01000213623047,56.2802619934082,57284400,0.008860736296079752,995,2014-12-16,72.69000244140625,76.29000091552734,72.51000213623047,74.01000213623047,56.2802619934082,57284400,0.008860736296079752,995,2014-12-16,72.69000244140625,76.29000091552734,72.51000213623047,74.01000213623047,56.2802619934082,57284400,0.008860736296079752
996,2014-12-17,74.43000030517578,77.83000183105469,74.29000091552734,77.08000183105469,58.61481475830078,62470200,0.04148084394429463,996,2014-12-17,74.43000030517578,77.83000183105469,74.29000091552734,77.08000183105469,58.61481475830078,62470200,0.04148084394429463,996,2014-12-17,74.43000030517578,77.83000183105469,74.29000091552734,77.08000183105469,58.61481475830078,62470200,0.04148084394429463,996,2014-12-17,74.43000030517578,77.83000183105469,74.29000091552734,77.08000183105469,58.61481475830078,62470200,0.04148084394429463,996,2014-12-17,74.43000030517578,77.83000183105469,74.29000091552734,77.08000183105469,58.61481475830078,62470200,0.04148084394429463
997,2014-12-18,79.05999755859375,79.3499984741211,76.56999969482422,78.55999755859375,59.74024200439453,52263500,0.01920038902680954,997,2014-12-18,79.05999755859375,79.3499984741211,76.56999969482422,78.55999755859375,59.74024200439453,52263500,0.01920038902680954,997,2014-12-18,79.05999755859375,79.3499984741211,76.56999969482422,78.55999755859375,59.74024200439453,52263500,0.01920038902680954,997,2014-12-18,79.05999755859375,79.3499984741211,76.56999969482422,78.55999755859375,59.74024200439453,52263500,0.01920038902680954,997,2014-12-18,79.05999755859375,79.3499984741211,76.56999969482422,78.55999755859375,59.74024200439453,52263500,0.01920038902680954
998,2014-12-19,78.95999908447266,80.66999816894531,78.08999633789062,80.56999969482422,61.649349212646484,46742800,0.031956804060343735,998,2014-12-19,78.95999908447266,80.66999816894531,78.08999633789062,80.56999969482422,61.649349212646484,46742800,0.031956804060343735,998,2014-12-19,78.95999908447266,80.66999816894531,78.08999633789062,80.56999969482422,61.649349212646484,46742800,0.031956804060343735,998,2014-12-19,78.95999908447266,80.66999816894531,78.08999633789062,80.56999969482422,61.649349212646484,46742800,0.031956804060343735,998,2014-12-19,78.95999908447266,80.66999816894531,78.08999633789062,80.56999969482422,61.649349212646484,46742800,0.031956804060343735
999,2014-12-22,79.97000122070312,80.16999816894531,78.91999816894531,79.75,61.02190399169922,33238100,-0.010177645489541587,999,2014-12-22,79.97000122070312,80.16999816894531,78.91999816894531,79.75,61.02190399169922,33238100,-0.010177645489541587,999,2014-12-22,79.97000122070312,80.16999816894531,78.91999816894531,79.75,61.02190399169922,33238100,-0.010177645489541587,999,2014-12-22,79.97000122070312,80.16999816894531,78.91999816894531,79.75,61.02190399169922,33238100,-0.010177645489541587,999,2014-12-22,79.97000122070312,80.16999816894531,78.91999816894531,79.75,61.02190399169922,33238100,-0.010177645489541587
1000,2014-12-23,80.33000183105469,80.98999786376953,79.76000213623047,80.72000122070312,61.76411437988281,26529200,0.012163015894826268,1000,2014-12-23,80.33000183105469,80.98999786376953,79.76000213623047,80.72000122070312,61.76411437988281,26529200,0.012163015894826268,1000,2014-12-23,80.33000183105469,80.98999786376953,79.76000213623047,80.72000122070312,61.76411437988281,26529200,0.012163015894826268,1000,2014-12-23,80.33000183105469,80.98999786376953,79.76000213623047,80.72000122070312,61.76411437988281,26529200,0.012163015894826268,1000,2014-12-23,80.33000183105469,80.98999786376953,79.76000213623047,80.72000122070312,61.76411437988281,26529200,0.012163015894826268
1001,2014-12-24,80.25,80.44000244140625,79.19999694824219,80.12999725341797,61.312679290771484,14047800,-0.00730901905813397,1001,2014-12-24,80.25,80.44000244140625,79.19999694824219,80.12999725341797,61.312679290771484,14047800,-0.00730901905813397,1001,2014-12-24,80.25,80.44000244140625,79.19999694824219,80.12999725341797,61.312679290771484,14047800,-0.00730901905813397,1001,2014-12-24,80.25,80.44000244140625,79.19999694824219,80.12999725341797,61.312679290771484,14047800,-0.00730901905813397,1001,2014-12-24,80.25,80.44000244140625,79.19999694824219,80.12999725341797,61.312679290771484,14047800,-0.00730901905813397
1002,2014-12-26,80.44000244140625,80.80999755859375,79.76000213623047,80.11000061035156,61.297386169433594,14464600,-0.0002494283648144524,1002,2014-12-26,80.44000244140625,80.80999755859375,79.76000213623047,80.11000061035156,61.297386169433594,14464600,-0.0002494283648144524,1002,2014-12-26,80.44000244140625,80.80999755859375,79.76000213623047,80.11000061035156,61.297386169433594,14464600,-0.0002494283648144524,1002,2014-12-26,80.44000244140625,80.80999755859375,79.76000213623047,80.11000061035156,61.297386169433594,14464600,-0.0002494283648144524,1002,2014-12-26,80.44000244140625,80.80999755859375,79.76000213623047,80.11000061035156,61.297386169433594,14464600,-0.0002494283648144524
1003,2014-12-29,80.29000091552734,81.0,79.91999816894531,80.4000015258789,61.51926040649414,18224100,0.0036196361855831416,1003,2014-12-29,80.29000091552734,81.0,79.91999816894531,80.4000015258789,61.51926040649414,18224100,0.0036196361855831416,1003,2014-12-29,80.29000091552734,81.0,79.91999816894531,80.4000015258789,61.51926040649414,18224100,0.0036196361855831416,1003,2014-12-29,80.29000091552734,81.0,79.91999816894531,80.4000015258789,61.51926040649414,18224100,0.0036196361855831416,1003,2014-12-29,80.29000091552734,81.0,79.91999816894531,80.4000015258789,61.51926040649414,18224100,0.0036196361855831416
1004,2014-12-30,80.30000305175781,80.47000122070312,79.51000213623047,79.76000213623047,61.02955627441406,19148100,-0.007960175867595232,1004,2014-12-30,80.30000305175781,80.47000122070312,79.51000213623047,79.76000213623047,61.02955627441406,19148100,-0.007960175867595232,1004,2014-12-30,80.30000305175781,80.47000122070312,79.51000213623047,79.76000213623047,61.02955627441406,19148100,-0.007960175867595232,1004,2014-12-30,80.30000305175781,80.47000122070312,79.51000213623047,79.76000213623047,61.02955627441406,19148100,-0.007960175867595232,1004,2014-12-30,80.30000305175781,80.47000122070312,79.51000213623047,79.76000213623047,61.02955627441406,19148100,-0.007960175867595232
1005,2014-12-31,79.29000091552734,80.0,78.69000244140625,79.16000366210938,60.57046127319336,21541900,-0.007522502689621735,1005,2014-12-31,79.29000091552734,80.0,78.69000244140625,79.16000366210938,60.57046127319336,21541900,-0.007522502689621735,1005,2014-12-31,79.29000091552734,80.0,78.69000244140625,79.16000366210938,60.57046127319336,21541900,-0.007522502689621735,1005,2014-12-31,79.29000091552734,80.0,78.69000244140625,79.16000366210938,60.57046127319336,21541900,-0.007522502689621735,1005,2014-12-31,79.29000091552734,80.0,78.69000244140625,79.16000366210938,60.57046127319336,21541900,-0.007522502689621735
1006,2015-01-02,78.7300033569336,79.79000091552734,78.37999725341797,79.52999877929688,60.85356140136719,27749100,0.004673897510817149,1006,2015-01-02,78.7300033569336,79.79000091552734,78.37999725341797,79.52999877929688,60.85356140136719,27749100,0.004673897510817149,1006,2015-01-02,78.7300033569336,79.79000091552734,78.37999725341797,79.52999877929688,60.85356140136719,27749100,0.004673897510817149,1006,2015-01-02,78.7300033569336,79.79000091552734,78.37999725341797,79.52999877929688,60.85356140136719,27749100,0.004673897510817149,1006,2015-01-02,78.7300033569336,79.79000091552734,78.37999725341797,79.52999877929688,60.85356140136719,27749100,0.004673897510817149
1007,2015-01-05,78.41999816894531,78.44999694824219,75.8499984741211,76.23999786376953,58.336185455322266,45395200,-0.04136776694861388,1007,2015-01-05,78.41999816894531,78.44999694824219,75.8499984741211,76.23999786376953,58.336185455322266,45395200,-0.04136776694861388,1007,2015-01-05,78.41999816894531,78.44999694824219,75.8499984741211,76.23999786376953,58.336185455322266,45395200,-0.04136776694861388,1007,2015-01-05,78.41999816894531,78.44999694824219,75.8499984741211,76.23999786376953,58.336185455322266,45395200,-0.04136776694861388,1007,2015-01-05,78.41999816894531,78.44999694824219,75.8499984741211,76.23999786376953,58.336185455322266,45395200,-0.04136776694861388
1008,2015-01-06,76.11000061035156,76.7300033569336,74.58999633789062,75.12000274658203,57.479190826416016,41876600,-0.014690618219502793,1008,2015-01-06,76.11000061035156,76.7300033569336,74.58999633789062,75.12000274658203,57.479190826416016,41876600,-0.014690618219502793,1008,2015-01-06,76.11000061035156,76.7300033569336,74.58999633789062,75.12000274658203,57.479190826416016,41876600,-0.014690618219502793,1008,2015-01-06,76.11000061035156,76.7300033569336,74.58999633789062,75.12000274658203,57.479190826416016,41876600,-0.014690618219502793,1008,2015-01-06,76.11000061035156,76.7300033569336,74.58999633789062,75.12000274658203,57.479190826416016,41876600,-0.014690618219502793
1009,2015-01-07,76.02999877929688,76.36000061035156,74.77999877929688,75.27999877929688,57.601619720458984,31192400,0.0021299689902158914,1009,2015-01-07,76.02999877929688,76.36000061035156,74.77999877929688,75.27999877929688,57.601619720458984,31192400,0.0021299689902158914,1009,2015-01-07,76.02999877929688,76.36000061035156,74.77999877929688,75.27999877929688,57.601619720458984,31192400,0.0021299689902158914,1009,2015-01-07,76.02999877929688,76.36000061035156,74.77999877929688,75.27999877929688,57.601619720458984,31192400,0.0021299689902158914,1009,2015-01-07,76.02999877929688,76.36000061035156,74.77999877929688,75.27999877929688,57.601619720458984,31192400,0.0021299689902158914
1010,2015-01-08,75.88999938964844,77.1500015258789,75.58000183105469,76.97000122070312,58.894752502441406,28186900,0.02244959062363172,1010,2015-01-08,75.88999938964844,77.1500015258789,75.58000183105469,76.97000122070312,58.894752502441406,28186900,0.02244959062363172,1010,2015-01-08,75.88999938964844,77.1500015258789,75.58000183105469,76.97000122070312,58.894752502441406,28186900,0.02244959062363172,1010,2015-01-08,75.88999938964844,77.1500015258789,75.58000183105469,76.97000122070312,58.894752502441406,28186900,0.02244959062363172,1010,2015-01-08,75.88999938964844,77.1500015258789,75.58000183105469,76.97000122070312,58.894752502441406,28186900,0.02244959062363172
1011,2015-01-09,77.0199966430664,77.1500015258789,75.66999816894531,76.36000061035156,58.42798614501953,24952100,-0.007925432022191203,1011,2015-01-09,77.0199966430664,77.1500015258789,75.66999816894531,76.36000061035156,58.42798614501953,24952100,-0.007925432022191203,1011,2015-01-09,77.0199966430664,77.1500015258789,75.66999816894531,76.36000061035156,58.42798614501953,24952100,-0.007925432022191203,1011,2015-01-09,77.0199966430664,77.1500015258789,75.66999816894531,76.36000061035156,58.42798614501953,24952100,-0.007925432022191203,1011,2015-01-09,77.0199966430664,77.1500015258789,75.66999816894531,76.36000061035156,58.42798614501953,24952100,-0.007925432022191203
1012,2015-01-12,75.38999938964844,75.38999938964844,73.76000213623047,74.16000366210938,56.744651794433594,28940600,-0.028810411955802584,1012,2015-01-12,75.38999938964844,75.38999938964844,73.76000213623047,74.16000366210938,56.744651794433594,28940600,-0.028810411955802584,1012,2015-01-12,75.38999938964844,75.38999938964844,73.76000213623047,74.16000366210938,56.744651794433594,28940600,-0.028810411955802584,1012,2015-01-12,75.38999938964844,75.38999938964844,73.76000213623047,74.16000366210938,56.744651794433594,28940600,-0.028810411955802584,1012,2015-01-12,75.38999938964844,75.38999938964844,73.76000213623047,74.16000366210938,56.744651794433594,28940600,-0.028810411955802584
1013,2015-01-13,74.45999908447266,75.04000091552734,72.87999725341797,73.56999969482422,56.29318618774414,34051400,-0.007956090881039435,1013,2015-01-13,74.45999908447266,75.04000091552734,72.87999725341797,73.56999969482422,56.29318618774414,34051400,-0.007956090881039435,1013,2015-01-13,74.45999908447266,75.04000091552734,72.87999725341797,73.56999969482422,56.29318618774414,34051400,-0.007956090881039435,1013,2015-01-13,74.45999908447266,75.04000091552734,72.87999725341797,73.56999969482422,56.29318618774414,34051400,-0.007956090881039435,1013,2015-01-13,74.45999908447266,75.04000091552734,72.87999725341797,73.56999969482422,56.29318618774414,34051400,-0.007956090881039435
1014,2015-01-14,72.87000274658203,73.91000366210938,71.69999694824219,73.80000305175781,56.46917724609375,52152500,0.003126329672700656,1014,2015-01-14,72.87000274658203,73.91000366210938,71.69999694824219,73.80000305175781,56.46917724609375,52152500,0.003126329672700656,1014,2015-01-14,72.87000274658203,73.91000366210938,71.69999694824219,73.80000305175781,56.46917724609375,52152500,0.003126329672700656,1014,2015-01-14,72.87000274658203,73.91000366210938,71.69999694824219,73.80000305175781,56.46917724609375,52152500,0.003126329672700656,1014,2015-01-14,72.87000274658203,73.91000366210938,71.69999694824219,73.80000305175781,56.46917724609375,52152500,0.003126329672700656
1015,2015-01-15,74.66999816894531,74.86000061035156,72.80000305175781,72.86000061035156,55.74992370605469,41346000,-0.012737099690766529,1015,2015-01-15,74.66999816894531,74.86000061035156,72.80000305175781,72.86000061035156,55.74992370605469,41346000,-0.012737099690766529,1015,2015-01-15,74.66999816894531,74.86000061035156,72.80000305175781,72.86000061035156,55.74992370605469,41346000,-0.012737099690766529,1015,2015-01-15,74.66999816894531,74.86000061035156,72.80000305175781,72.86000061035156,55.74992370605469,41346000,-0.012737099690766529,1015,2015-01-15,74.66999816894531,74.86000061035156,72.80000305175781,72.86000061035156,55.74992370605469,41346000,-0.012737099690766529
1016,2015-01-16,73.29000091552734,75.33000183105469,73.2300033569336,75.2300033569336,57.56336975097656,42741900,0.0325282246928873,1016,2015-01-16,73.29000091552734,75.33000183105469,73.2300033569336,75.2300033569336,57.56336975097656,42741900,0.0325282246928873,1016,2015-01-16,73.29000091552734,75.33000183105469,73.2300033569336,75.2300033569336,57.56336975097656,42741900,0.0325282246928873,1016,2015-01-16,73.29000091552734,75.33000183105469,73.2300033569336,75.2300033569336,57.56336975097656,42741900,0.0325282246928873,1016,2015-01-16,73.29000091552734,75.33000183105469,73.2300033569336,75.2300033569336,57.56336975097656,42741900,0.0325282246928873
1017,2015-01-20,74.83999633789062,75.36000061035156,73.93000030517578,75.31999969482422,57.632225036621094,28085800,0.0011961649559850684,1017,2015-01-20,74.83999633789062,75.36000061035156,73.93000030517578,75.31999969482422,57.632225036621094,28085800,0.0011961649559850684,1017,2015-01-20,74.83999633789062,75.36000061035156,73.93000030517578,75.31999969482422,57.632225036621094,28085800,0.0011961649559850684,1017,2015-01-20,74.83999633789062,75.36000061035156,73.93000030517578,75.31999969482422,57.632225036621094,28085800,0.0011961649559850684,1017,2015-01-20,74.83999633789062,75.36000061035156,73.93000030517578,75.31999969482422,57.632225036621094,28085800,0.0011961649559850684
1018,2015-01-21,75.87000274658203,76.87000274658203,75.31999969482422,76.8499984741211,58.802913665771484,28330800,0.020313090955736968,1018,2015-01-21,75.87000274658203,76.87000274658203,75.31999969482422,76.8499984741211,58.802913665771484,28330800,0.020313090955736968,1018,2015-01-21,75.87000274658203,76.87000274658203,75.31999969482422,76.8499984741211,58.802913665771484,28330800,0.020313090955736968,1018,2015-01-21,75.87000274658203,76.87000274658203,75.31999969482422,76.8499984741211,58.802913665771484,28330800,0.020313090955736968,1018,2015-01-21,75.87000274658203,76.87000274658203,75.31999969482422,76.8499984741211,58.802913665771484,28330800,0.020313090955736968
1019,2015-01-22,77.33999633789062,77.44999694824219,75.80000305175781,77.20999908447266,59.078392028808594,33018800,0.0046847740335265176,1019,2015-01-22,77.33999633789062,77.44999694824219,75.80000305175781,77.20999908447266,59.078392028808594,33018800,0.0046847740335265176,1019,2015-01-22,77.33999633789062,77.44999694824219,75.80000305175781,77.20999908447266,59.078392028808594,33018800,0.0046847740335265176,1019,2015-01-22,77.33999633789062,77.44999694824219,75.80000305175781,77.20999908447266,59.078392028808594,33018800,0.0046847740335265176,1019,2015-01-22,77.33999633789062,77.44999694824219,75.80000305175781,77.20999908447266,59.078392028808594,33018800,0.0046847740335265176
1020,2015-01-23,76.86000061035156,77.76000213623047,76.54000091552734,76.66000366210938,58.65755844116211,21147400,-0.007123308085996483,1020,2015-01-23,76.86000061035156,77.76000213623047,76.54000091552734,76.66000366210938,58.65755844116211,21147400,-0.007123308085996483,1020,2015-01-23,76.86000061035156,77.76000213623047,76.54000091552734,76.66000366210938,58.65755844116211,21147400,-0.007123308085996483,1020,2015-01-23,76.86000061035156,77.76000213623047,76.54000091552734,76.66000366210938,58.65755844116211,21147400,-0.007123308085996483,1020,2015-01-23,76.86000061035156,77.76000213623047,76.54000091552734,76.66000366210938,58.65755844116211,21147400,-0.007123308085996483
1021,2015-01-26,76.91999816894531,77.95999908447266,76.23999786376953,77.76000213623047,59.49922561645508,18362100,0.01434882728944853,1021,2015-01-26,76.91999816894531,77.95999908447266,76.23999786376953,77.76000213623047,59.49922561645508,18362100,0.01434882728944853,1021,2015-01-26,76.91999816894531,77.95999908447266,76.23999786376953,77.76000213623047,59.49922561645508,18362100,0.01434882728944853,1021,2015-01-26,76.91999816894531,77.95999908447266,76.23999786376953,77.76000213623047,59.49922561645508,18362100,0.01434882728944853,1021,2015-01-26,76.91999816894531,77.95999908447266,76.23999786376953,77.76000213623047,59.49922561645508,18362100,0.01434882728944853
1022,2015-01-27,77.1500015258789,78.08000183105469,76.95999908447266,77.70999908447266,59.46097183227539,21602300,-0.0006429291101414103,1022,2015-01-27,77.1500015258789,78.08000183105469,76.95999908447266,77.70999908447266,59.46097183227539,21602300,-0.0006429291101414103,1022,2015-01-27,77.1500015258789,78.08000183105469,76.95999908447266,77.70999908447266,59.46097183227539,21602300,-0.0006429291101414103,1022,2015-01-27,77.1500015258789,78.08000183105469,76.95999908447266,77.70999908447266,59.46097183227539,21602300,-0.0006429291101414103,1022,2015-01-27,77.1500015258789,78.08000183105469,76.95999908447266,77.70999908447266,59.46097183227539,21602300,-0.0006429291101414103
1023,2015-01-28,77.5,77.5,74.5,74.6500015258789,57.11957550048828,38833400,-0.03937702764750639,1023,2015-01-28,77.5,77.5,74.5,74.6500015258789,57.11957550048828,38833400,-0.03937702764750639,1023,2015-01-28,77.5,77.5,74.5,74.6500015258789,57.11957550048828,38833400,-0.03937702764750639,1023,2015-01-28,77.5,77.5,74.5,74.6500015258789,57.11957550048828,38833400,-0.03937702764750639,1023,2015-01-28,77.5,77.5,74.5,74.6500015258789,57.11957550048828,38833400,-0.03937702764750639
1024,2015-01-29,75.25,75.3499984741211,73.20999908447266,74.9000015258789,57.31086730957031,30123700,0.003348971126026612,1024,2015-01-29,75.25,75.3499984741211,73.20999908447266,74.9000015258789,57.31086730957031,30123700,0.003348971126026612,1024,2015-01-29,75.25,75.3499984741211,73.20999908447266,74.9000015258789,57.31086730957031,30123700,0.003348971126026612,1024,2015-01-29,75.25,75.3499984741211,73.20999908447266,74.9000015258789,57.31086730957031,30123700,0.003348971126026612,1024,2015-01-29,75.25,75.3499984741211,73.20999908447266,74.9000015258789,57.31086730957031,30123700,0.003348971126026612
1025,2015-01-30,74.33999633789062,76.41000366210938,73.83999633789062,75.55000305175781,57.808231353759766,43848100,0.008678354865978344,1025,2015-01-30,74.33999633789062,76.41000366210938,73.83999633789062,75.55000305175781,57.808231353759766,43848100,0.008678354865978344,1025,2015-01-30,74.33999633789062,76.41000366210938,73.83999633789062,75.55000305175781,57.808231353759766,43848100,0.008678354865978344,1025,2015-01-30,74.33999633789062,76.41000366210938,73.83999633789062,75.55000305175781,57.808231353759766,43848100,0.008678354865978344,1025,2015-01-30,74.33999633789062,76.41000366210938,73.83999633789062,75.55000305175781,57.808231353759766,43848100,0.008678354865978344
1026,2015-02-02,76.4800033569336,77.88999938964844,75.95999908447266,77.86000061035156,59.57575607299805,35465700,0.030575658134597505,1026,2015-02-02,76.4800033569336,77.88999938964844,75.95999908447266,77.86000061035156,59.57575607299805,35465700,0.030575658134597505,1026,2015-02-02,76.4800033569336,77.88999938964844,75.95999908447266,77.86000061035156,59.57575607299805,35465700,0.030575658134597505,1026,2015-02-02,76.4800033569336,77.88999938964844,75.95999908447266,77.86000061035156,59.57575607299805,35465700,0.030575658134597505,1026,2015-02-02,76.4800033569336,77.88999938964844,75.95999908447266,77.86000061035156,59.57575607299805,35465700,0.030575658134597505
1027,2015-02-03,78.76000213623047,80.4000015258789,78.7300033569336,79.98999786376953,61.20555114746094,47027900,0.027356683018271877,1027,2015-02-03,78.76000213623047,80.4000015258789,78.7300033569336,79.98999786376953,61.20555114746094,47027900,0.027356683018271877,1027,2015-02-03,78.76000213623047,80.4000015258789,78.7300033569336,79.98999786376953,61.20555114746094,47027900,0.027356683018271877,1027,2015-02-03,78.76000213623047,80.4000015258789,78.7300033569336,79.98999786376953,61.20555114746094,47027900,0.027356683018271877,1027,2015-02-03,78.76000213623047,80.4000015258789,78.7300033569336,79.98999786376953,61.20555114746094,47027900,0.027356683018271877
1028,2015-02-04,78.94999694824219,79.4000015258789,78.01000213623047,78.66999816894531,60.19553756713867,41132200,-0.0165019930608723,1028,2015-02-04,78.94999694824219,79.4000015258789,78.01000213623047,78.66999816894531,60.19553756713867,41132200,-0.0165019930608723,1028,2015-02-04,78.94999694824219,79.4000015258789,78.01000213623047,78.66999816894531,60.19553756713867,41132200,-0.0165019930608723,1028,2015-02-04,78.94999694824219,79.4000015258789,78.01000213623047,78.66999816894531,60.19553756713867,41132200,-0.0165019930608723,1028,2015-02-04,78.94999694824219,79.4000015258789,78.01000213623047,78.66999816894531,60.19553756713867,41132200,-0.0165019930608723
1029,2015-02-05,79.5999984741211,80.25,79.12000274658203,79.80000305175781,61.060184478759766,31786200,0.014363970263687964,1029,2015-02-05,79.5999984741211,80.25,79.12000274658203,79.80000305175781,61.060184478759766,31786200,0.014363970263687964,1029,2015-02-05,79.5999984741211,80.25,79.12000274658203,79.80000305175781,61.060184478759766,31786200,0.014363970263687964,1029,2015-02-05,79.5999984741211,80.25,79.12000274658203,79.80000305175781,61.060184478759766,31786200,0.014363970263687964,1029,2015-02-05,79.5999984741211,80.25,79.12000274658203,79.80000305175781,61.060184478759766,31786200,0.014363970263687964
1030,2015-02-06,80.43000030517578,80.56999969482422,79.41999816894531,79.81999969482422,61.075462341308594,26134600,0.0002502098983034884,1030,2015-02-06,80.43000030517578,80.56999969482422,79.41999816894531,79.81999969482422,61.075462341308594,26134600,0.0002502098983034884,1030,2015-02-06,80.43000030517578,80.56999969482422,79.41999816894531,79.81999969482422,61.075462341308594,26134600,0.0002502098983034884,1030,2015-02-06,80.43000030517578,80.56999969482422,79.41999816894531,79.81999969482422,61.075462341308594,26134600,0.0002502098983034884,1030,2015-02-06,80.43000030517578,80.56999969482422,79.41999816894531,79.81999969482422,61.075462341308594,26134600,0.0002502098983034884
1031,2015-02-09,80.16000366210938,80.81999969482422,79.72000122070312,79.9000015258789,61.13669204711914,20203800,0.0010025254572512132,1031,2015-02-09,80.16000366210938,80.81999969482422,79.72000122070312,79.9000015258789,61.13669204711914,20203800,0.0010025254572512132,1031,2015-02-09,80.16000366210938,80.81999969482422,79.72000122070312,79.9000015258789,61.13669204711914,20203800,0.0010025254572512132,1031,2015-02-09,80.16000366210938,80.81999969482422,79.72000122070312,79.9000015258789,61.13669204711914,20203800,0.0010025254572512132,1031,2015-02-09,80.16000366210938,80.81999969482422,79.72000122070312,79.9000015258789,61.13669204711914,20203800,0.0010025254572512132
1032,2015-02-10,80.04000091552734,80.11000061035156,78.41000366210938,79.86000061035156,61.10608673095703,21971300,-0.0005006047127724678,1032,2015-02-10,80.04000091552734,80.11000061035156,78.41000366210938,79.86000061035156,61.10608673095703,21971300,-0.0005006047127724678,1032,2015-02-10,80.04000091552734,80.11000061035156,78.41000366210938,79.86000061035156,61.10608673095703,21971300,-0.0005006047127724678,1032,2015-02-10,80.04000091552734,80.11000061035156,78.41000366210938,79.86000061035156,61.10608673095703,21971300,-0.0005006047127724678,1032,2015-02-10,80.04000091552734,80.11000061035156,78.41000366210938,79.86000061035156,61.10608673095703,21971300,-0.0005006047127724678
1033,2015-02-11,78.83999633789062,79.66000366210938,78.44000244140625,79.30000305175781,60.67758560180664,26196600,-0.007012413199310785,1033,2015-02-11,78.83999633789062,79.66000366210938,78.44000244140625,79.30000305175781,60.67758560180664,26196600,-0.007012413199310785,1033,2015-02-11,78.83999633789062,79.66000366210938,78.44000244140625,79.30000305175781,60.67758560180664,26196600,-0.007012413199310785,1033,2015-02-11,78.83999633789062,79.66000366210938,78.44000244140625,79.30000305175781,60.67758560180664,26196600,-0.007012413199310785,1033,2015-02-11,78.83999633789062,79.66000366210938,78.44000244140625,79.30000305175781,60.67758560180664,26196600,-0.007012413199310785
1034,2015-02-12,80.37999725341797,80.70999908447266,79.80000305175781,80.33999633789062,61.47336196899414,26422300,0.013114832426091239,1034,2015-02-12,80.37999725341797,80.70999908447266,79.80000305175781,80.33999633789062,61.47336196899414,26422300,0.013114832426091239,1034,2015-02-12,80.37999725341797,80.70999908447266,79.80000305175781,80.33999633789062,61.47336196899414,26422300,0.013114832426091239,1034,2015-02-12,80.37999725341797,80.70999908447266,79.80000305175781,80.33999633789062,61.47336196899414,26422300,0.013114832426091239,1034,2015-02-12,80.37999725341797,80.70999908447266,79.80000305175781,80.33999633789062,61.47336196899414,26422300,0.013114832426091239
1035,2015-02-13,81.12999725341797,82.12999725341797,80.91999816894531,82.04000091552734,62.774147033691406,31187900,0.021160141938444177,1035,2015-02-13,81.12999725341797,82.12999725341797,80.91999816894531,82.04000091552734,62.774147033691406,31187900,0.021160141938444177,1035,2015-02-13,81.12999725341797,82.12999725341797,80.91999816894531,82.04000091552734,62.774147033691406,31187900,0.021160141938444177,1035,2015-02-13,81.12999725341797,82.12999725341797,80.91999816894531,82.04000091552734,62.774147033691406,31187900,0.021160141938444177,1035,2015-02-13,81.12999725341797,82.12999725341797,80.91999816894531,82.04000091552734,62.774147033691406,31187900,0.021160141938444177
1036,2015-02-17,81.6500015258789,82.43000030517578,81.16999816894531,82.29000091552734,62.965431213378906,22125900,0.003047180865473731,1036,2015-02-17,81.6500015258789,82.43000030517578,81.16999816894531,82.29000091552734,62.965431213378906,22125900,0.003047180865473731,1036,2015-02-17,81.6500015258789,82.43000030517578,81.16999816894531,82.29000091552734,62.965431213378906,22125900,0.003047180865473731,1036,2015-02-17,81.6500015258789,82.43000030517578,81.16999816894531,82.29000091552734,62.965431213378906,22125900,0.003047180865473731,1036,2015-02-17,81.6500015258789,82.43000030517578,81.16999816894531,82.29000091552734,62.965431213378906,22125900,0.003047180865473731
1037,2015-02-18,81.62000274658203,81.94999694824219,81.08999633789062,81.30999755859375,62.21556854248047,19381400,-0.011909116739902581,1037,2015-02-18,81.62000274658203,81.94999694824219,81.08999633789062,81.30999755859375,62.21556854248047,19381400,-0.011909116739902581,1037,2015-02-18,81.62000274658203,81.94999694824219,81.08999633789062,81.30999755859375,62.21556854248047,19381400,-0.011909116739902581,1037,2015-02-18,81.62000274658203,81.94999694824219,81.08999633789062,81.30999755859375,62.21556854248047,19381400,-0.011909116739902581,1037,2015-02-18,81.62000274658203,81.94999694824219,81.08999633789062,81.30999755859375,62.21556854248047,19381400,-0.011909116739902581
1038,2015-02-19,79.62000274658203,81.38999938964844,79.26000213623047,80.93000030517578,61.9248161315918,23872000,-0.004673306339556316,1038,2015-02-19,79.62000274658203,81.38999938964844,79.26000213623047,80.93000030517578,61.9248161315918,23872000,-0.004673306339556316,1038,2015-02-19,79.62000274658203,81.38999938964844,79.26000213623047,80.93000030517578,61.9248161315918,23872000,-0.004673306339556316,1038,2015-02-19,79.62000274658203,81.38999938964844,79.26000213623047,80.93000030517578,61.9248161315918,23872000,-0.004673306339556316,1038,2015-02-19,79.62000274658203,81.38999938964844,79.26000213623047,80.93000030517578,61.9248161315918,23872000,-0.004673306339556316
1039,2015-02-20,80.70999908447266,81.12000274658203,79.87000274658203,80.54000091552734,61.626399993896484,25641800,-0.004819007246806728,1039,2015-02-20,80.70999908447266,81.12000274658203,79.87000274658203,80.54000091552734,61.626399993896484,25641800,-0.004819007246806728,1039,2015-02-20,80.70999908447266,81.12000274658203,79.87000274658203,80.54000091552734,61.626399993896484,25641800,-0.004819007246806728,1039,2015-02-20,80.70999908447266,81.12000274658203,79.87000274658203,80.54000091552734,61.626399993896484,25641800,-0.004819007246806728,1039,2015-02-20,80.70999908447266,81.12000274658203,79.87000274658203,80.54000091552734,61.626399993896484,25641800,-0.004819007246806728
1040,2015-02-23,79.75,80.86000061035156,79.55000305175781,80.20999908447266,61.373863220214844,19679500,-0.004097866721188503,1040,2015-02-23,79.75,80.86000061035156,79.55000305175781,80.20999908447266,61.373863220214844,19679500,-0.004097866721188503,1040,2015-02-23,79.75,80.86000061035156,79.55000305175781,80.20999908447266,61.373863220214844,19679500,-0.004097866721188503,1040,2015-02-23,79.75,80.86000061035156,79.55000305175781,80.20999908447266,61.373863220214844,19679500,-0.004097866721188503,1040,2015-02-23,79.75,80.86000061035156,79.55000305175781,80.20999908447266,61.373863220214844,19679500,-0.004097866721188503
1041,2015-02-24,80.69999694824219,80.7699966430664,79.91000366210938,80.43000030517578,61.5422248840332,15430700,0.0027432143747292415,1041,2015-02-24,80.69999694824219,80.7699966430664,79.91000366210938,80.43000030517578,61.5422248840332,15430700,0.0027432143747292415,1041,2015-02-24,80.69999694824219,80.7699966430664,79.91000366210938,80.43000030517578,61.5422248840332,15430700,0.0027432143747292415,1041,2015-02-24,80.69999694824219,80.7699966430664,79.91000366210938,80.43000030517578,61.5422248840332,15430700,0.0027432143747292415,1041,2015-02-24,80.69999694824219,80.7699966430664,79.91000366210938,80.43000030517578,61.5422248840332,15430700,0.0027432143747292415
1042,2015-02-25,80.48999786376953,81.0,80.08999633789062,80.87000274658203,61.878902435302734,16025700,0.005470675652431201,1042,2015-02-25,80.48999786376953,81.0,80.08999633789062,80.87000274658203,61.878902435302734,16025700,0.005470675652431201,1042,2015-02-25,80.48999786376953,81.0,80.08999633789062,80.87000274658203,61.878902435302734,16025700,0.005470675652431201,1042,2015-02-25,80.48999786376953,81.0,80.08999633789062,80.87000274658203,61.878902435302734,16025700,0.005470675652431201,1042,2015-02-25,80.48999786376953,81.0,80.08999633789062,80.87000274658203,61.878902435302734,16025700,0.005470675652431201
1043,2015-02-26,80.38999938964844,80.43000030517578,78.94999694824219,79.37000274658203,60.73114776611328,19349100,-0.018548400569798118,1043,2015-02-26,80.38999938964844,80.43000030517578,78.94999694824219,79.37000274658203,60.73114776611328,19349100,-0.018548400569798118,1043,2015-02-26,80.38999938964844,80.43000030517578,78.94999694824219,79.37000274658203,60.73114776611328,19349100,-0.018548400569798118,1043,2015-02-26,80.38999938964844,80.43000030517578,78.94999694824219,79.37000274658203,60.73114776611328,19349100,-0.018548400569798118,1043,2015-02-26,80.38999938964844,80.43000030517578,78.94999694824219,79.37000274658203,60.73114776611328,19349100,-0.018548400569798118
1044,2015-02-27,79.68000030517578,79.73999786376953,78.94000244140625,79.0199966430664,60.46333312988281,13362200,-0.004409839861118203,1044,2015-02-27,79.68000030517578,79.73999786376953,78.94000244140625,79.0199966430664,60.46333312988281,13362200,-0.004409839861118203,1044,2015-02-27,79.68000030517578,79.73999786376953,78.94000244140625,79.0199966430664,60.46333312988281,13362200,-0.004409839861118203,1044,2015-02-27,79.68000030517578,79.73999786376953,78.94000244140625,79.0199966430664,60.46333312988281,13362200,-0.004409839861118203,1044,2015-02-27,79.68000030517578,79.73999786376953,78.94000244140625,79.0199966430664,60.46333312988281,13362200,-0.004409839861118203
1045,2015-03-02,78.86000061035156,78.93000030517578,77.70999908447266,78.47000122070312,60.04249572753906,17978500,-0.006960208452943539,1045,2015-03-02,78.86000061035156,78.93000030517578,77.70999908447266,78.47000122070312,60.04249572753906,17978500,-0.006960208452943539,1045,2015-03-02,78.86000061035156,78.93000030517578,77.70999908447266,78.47000122070312,60.04249572753906,17978500,-0.006960208452943539,1045,2015-03-02,78.86000061035156,78.93000030517578,77.70999908447266,78.47000122070312,60.04249572753906,17978500,-0.006960208452943539,1045,2015-03-02,78.86000061035156,78.93000030517578,77.70999908447266,78.47000122070312,60.04249572753906,17978500,-0.006960208452943539
1046,2015-03-03,78.5199966430664,79.2300033569336,78.16999816894531,78.76000213623047,60.264400482177734,12349700,0.0036957949856986083,1046,2015-03-03,78.5199966430664,79.2300033569336,78.16999816894531,78.76000213623047,60.264400482177734,12349700,0.0036957949856986083,1046,2015-03-03,78.5199966430664,79.2300033569336,78.16999816894531,78.76000213623047,60.264400482177734,12349700,0.0036957949856986083,1046,2015-03-03,78.5199966430664,79.2300033569336,78.16999816894531,78.76000213623047,60.264400482177734,12349700,0.0036957949856986083,1046,2015-03-03,78.5199966430664,79.2300033569336,78.16999816894531,78.76000213623047,60.264400482177734,12349700,0.0036957949856986083
1047,2015-03-04,78.77999877929688,78.83999633789062,77.77999877929688,78.6500015258789,60.18022155761719,16602800,-0.0013968267150594738,1047,2015-03-04,78.77999877929688,78.83999633789062,77.77999877929688,78.6500015258789,60.18022155761719,16602800,-0.0013968267150594738,1047,2015-03-04,78.77999877929688,78.83999633789062,77.77999877929688,78.6500015258789,60.18022155761719,16602800,-0.0013968267150594738,1047,2015-03-04,78.77999877929688,78.83999633789062,77.77999877929688,78.6500015258789,60.18022155761719,16602800,-0.0013968267150594738,1047,2015-03-04,78.77999877929688,78.83999633789062,77.77999877929688,78.6500015258789,60.18022155761719,16602800,-0.0013968267150594738
1048,2015-03-05,78.44999694824219,78.55000305175781,78.05999755859375,78.18000030517578,59.820613861083984,11244500,-0.005975513004532695,1048,2015-03-05,78.44999694824219,78.55000305175781,78.05999755859375,78.18000030517578,59.820613861083984,11244500,-0.005975513004532695,1048,2015-03-05,78.44999694824219,78.55000305175781,78.05999755859375,78.18000030517578,59.820613861083984,11244500,-0.005975513004532695,1048,2015-03-05,78.44999694824219,78.55000305175781,78.05999755859375,78.18000030517578,59.820613861083984,11244500,-0.005975513004532695,1048,2015-03-05,78.44999694824219,78.55000305175781,78.05999755859375,78.18000030517578,59.820613861083984,11244500,-0.005975513004532695
1049,2015-03-06,77.62999725341797,78.02999877929688,76.58999633789062,76.77999877929688,58.74936294555664,19176300,-0.017907721876860294,1049,2015-03-06,77.62999725341797,78.02999877929688,76.58999633789062,76.77999877929688,58.74936294555664,19176300,-0.017907721876860294,1049,2015-03-06,77.62999725341797,78.02999877929688,76.58999633789062,76.77999877929688,58.74936294555664,19176300,-0.017907721876860294,1049,2015-03-06,77.62999725341797,78.02999877929688,76.58999633789062,76.77999877929688,58.74936294555664,19176300,-0.017907721876860294,1049,2015-03-06,77.62999725341797,78.02999877929688,76.58999633789062,76.77999877929688,58.74936294555664,19176300,-0.017907721876860294
1050,2015-03-09,76.6500015258789,77.52999877929688,76.2300033569336,76.2300033569336,58.328529357910156,17441100,-0.007163202570153349,1050,2015-03-09,76.6500015258789,77.52999877929688,76.2300033569336,76.2300033569336,58.328529357910156,17441100,-0.007163202570153349,1050,2015-03-09,76.6500015258789,77.52999877929688,76.2300033569336,76.2300033569336,58.328529357910156,17441100,-0.007163202570153349,1050,2015-03-09,76.6500015258789,77.52999877929688,76.2300033569336,76.2300033569336,58.328529357910156,17441100,-0.007163202570153349,1050,2015-03-09,76.6500015258789,77.52999877929688,76.2300033569336,76.2300033569336,58.328529357910156,17441100,-0.007163202570153349
1051,2015-03-10,75.62000274658203,76.05999755859375,75.12999725341797,75.16999816894531,57.517452239990234,19030600,-0.013905324321535129,1051,2015-03-10,75.62000274658203,76.05999755859375,75.12999725341797,75.16999816894531,57.517452239990234,19030600,-0.013905324321535129,1051,2015-03-10,75.62000274658203,76.05999755859375,75.12999725341797,75.16999816894531,57.517452239990234,19030600,-0.013905324321535129,1051,2015-03-10,75.62000274658203,76.05999755859375,75.12999725341797,75.16999816894531,57.517452239990234,19030600,-0.013905324321535129,1051,2015-03-10,75.62000274658203,76.05999755859375,75.12999725341797,75.16999816894531,57.517452239990234,19030600,-0.013905324321535129
1052,2015-03-11,75.30000305175781,75.69999694824219,74.8499984741211,75.38999938964844,57.685791015625,13051000,0.002926742563846174,1052,2015-03-11,75.30000305175781,75.69999694824219,74.8499984741211,75.38999938964844,57.685791015625,13051000,0.002926742563846174,1052,2015-03-11,75.30000305175781,75.69999694824219,74.8499984741211,75.38999938964844,57.685791015625,13051000,0.002926742563846174,1052,2015-03-11,75.30000305175781,75.69999694824219,74.8499984741211,75.38999938964844,57.685791015625,13051000,0.002926742563846174,1052,2015-03-11,75.30000305175781,75.69999694824219,74.8499984741211,75.38999938964844,57.685791015625,13051000,0.002926742563846174
1053,2015-03-12,75.51000213623047,75.87000274658203,74.87999725341797,74.91000366210938,57.318519592285156,19245000,-0.0063667571662554545,1053,2015-03-12,75.51000213623047,75.87000274658203,74.87999725341797,74.91000366210938,57.318519592285156,19245000,-0.0063667571662554545,1053,2015-03-12,75.51000213623047,75.87000274658203,74.87999725341797,74.91000366210938,57.318519592285156,19245000,-0.0063667571662554545,1053,2015-03-12,75.51000213623047,75.87000274658203,74.87999725341797,74.91000366210938,57.318519592285156,19245000,-0.0063667571662554545,1053,2015-03-12,75.51000213623047,75.87000274658203,74.87999725341797,74.91000366210938,57.318519592285156,19245000,-0.0063667571662554545
1054,2015-03-13,74.41999816894531,74.72000122070312,73.81999969482422,74.62999725341797,57.10426330566406,21011900,-0.0037379940749538987,1054,2015-03-13,74.41999816894531,74.72000122070312,73.81999969482422,74.62999725341797,57.10426330566406,21011900,-0.0037379940749538987,1054,2015-03-13,74.41999816894531,74.72000122070312,73.81999969482422,74.62999725341797,57.10426330566406,21011900,-0.0037379940749538987,1054,2015-03-13,74.41999816894531,74.72000122070312,73.81999969482422,74.62999725341797,57.10426330566406,21011900,-0.0037379940749538987,1054,2015-03-13,74.41999816894531,74.72000122070312,73.81999969482422,74.62999725341797,57.10426330566406,21011900,-0.0037379940749538987
1055,2015-03-16,74.22000122070312,75.69999694824219,73.98999786376953,75.63999938964844,57.8770866394043,16948500,0.01353354879308255,1055,2015-03-16,74.22000122070312,75.69999694824219,73.98999786376953,75.63999938964844,57.8770866394043,16948500,0.01353354879308255,1055,2015-03-16,74.22000122070312,75.69999694824219,73.98999786376953,75.63999938964844,57.8770866394043,16948500,0.01353354879308255,1055,2015-03-16,74.22000122070312,75.69999694824219,73.98999786376953,75.63999938964844,57.8770866394043,16948500,0.01353354879308255,1055,2015-03-16,74.22000122070312,75.69999694824219,73.98999786376953,75.63999938964844,57.8770866394043,16948500,0.01353354879308255
1056,2015-03-17,75.18000030517578,75.62999725341797,74.80000305175781,75.3499984741211,57.65518569946289,13936300,-0.0038340032787747003,1056,2015-03-17,75.18000030517578,75.62999725341797,74.80000305175781,75.3499984741211,57.65518569946289,13936300,-0.0038340032787747003,1056,2015-03-17,75.18000030517578,75.62999725341797,74.80000305175781,75.3499984741211,57.65518569946289,13936300,-0.0038340032787747003,1056,2015-03-17,75.18000030517578,75.62999725341797,74.80000305175781,75.3499984741211,57.65518569946289,13936300,-0.0038340032787747003,1056,2015-03-17,75.18000030517578,75.62999725341797,74.80000305175781,75.3499984741211,57.65518569946289,13936300,-0.0038340032787747003
1057,2015-03-18,74.86000061035156,77.94999694824219,74.73999786376953,77.54000091552734,59.330894470214844,27753700,0.029064320068048266,1057,2015-03-18,74.86000061035156,77.94999694824219,74.73999786376953,77.54000091552734,59.330894470214844,27753700,0.029064320068048266,1057,2015-03-18,74.86000061035156,77.94999694824219,74.73999786376953,77.54000091552734,59.330894470214844,27753700,0.029064320068048266,1057,2015-03-18,74.86000061035156,77.94999694824219,74.73999786376953,77.54000091552734,59.330894470214844,27753700,0.029064320068048266,1057,2015-03-18,74.86000061035156,77.94999694824219,74.73999786376953,77.54000091552734,59.330894470214844,27753700,0.029064320068048266
1058,2015-03-19,76.5999984741211,76.93000030517578,76.08999633789062,76.30999755859375,58.38975143432617,23240900,-0.015862613302773387,1058,2015-03-19,76.5999984741211,76.93000030517578,76.08999633789062,76.30999755859375,58.38975143432617,23240900,-0.015862613302773387,1058,2015-03-19,76.5999984741211,76.93000030517578,76.08999633789062,76.30999755859375,58.38975143432617,23240900,-0.015862613302773387,1058,2015-03-19,76.5999984741211,76.93000030517578,76.08999633789062,76.30999755859375,58.38975143432617,23240900,-0.015862613302773387,1058,2015-03-19,76.5999984741211,76.93000030517578,76.08999633789062,76.30999755859375,58.38975143432617,23240900,-0.015862613302773387
1059,2015-03-20,76.62999725341797,77.36000061035156,76.33000183105469,76.91000366210938,59.24871826171875,22610600,0.014710917691757919,1059,2015-03-20,76.62999725341797,77.36000061035156,76.33000183105469,76.91000366210938,59.24871826171875,22610600,0.014710917691757919,1059,2015-03-20,76.62999725341797,77.36000061035156,76.33000183105469,76.91000366210938,59.24871826171875,22610600,0.014710917691757919,1059,2015-03-20,76.62999725341797,77.36000061035156,76.33000183105469,76.91000366210938,59.24871826171875,22610600,0.014710917691757919,1059,2015-03-20,76.62999725341797,77.36000061035156,76.33000183105469,76.91000366210938,59.24871826171875,22610600,0.014710917691757919
1060,2015-03-23,77.08000183105469,77.5999984741211,76.63999938964844,76.63999938964844,59.04069519042969,12160100,-0.0035110138648091205,1060,2015-03-23,77.08000183105469,77.5999984741211,76.63999938964844,76.63999938964844,59.04069519042969,12160100,-0.0035110138648091205,1060,2015-03-23,77.08000183105469,77.5999984741211,76.63999938964844,76.63999938964844,59.04069519042969,12160100,-0.0035110138648091205,1060,2015-03-23,77.08000183105469,77.5999984741211,76.63999938964844,76.63999938964844,59.04069519042969,12160100,-0.0035110138648091205,1060,2015-03-23,77.08000183105469,77.5999984741211,76.63999938964844,76.63999938964844,59.04069519042969,12160100,-0.0035110138648091205
1061,2015-03-24,76.83999633789062,76.95999908447266,76.08000183105469,76.12999725341797,58.64781188964844,14780900,-0.0066544490967466174,1061,2015-03-24,76.83999633789062,76.95999908447266,76.08000183105469,76.12999725341797,58.64781188964844,14780900,-0.0066544490967466174,1061,2015-03-24,76.83999633789062,76.95999908447266,76.08000183105469,76.12999725341797,58.64781188964844,14780900,-0.0066544490967466174,1061,2015-03-24,76.83999633789062,76.95999908447266,76.08000183105469,76.12999725341797,58.64781188964844,14780900,-0.0066544490967466174,1061,2015-03-24,76.83999633789062,76.95999908447266,76.08000183105469,76.12999725341797,58.64781188964844,14780900,-0.0066544490967466174
1062,2015-03-25,76.61000061035156,77.69999694824219,76.52999877929688,77.12000274658203,59.410465240478516,15898500,0.013003952342929503,1062,2015-03-25,76.61000061035156,77.69999694824219,76.52999877929688,77.12000274658203,59.410465240478516,15898500,0.013003952342929503,1062,2015-03-25,76.61000061035156,77.69999694824219,76.52999877929688,77.12000274658203,59.410465240478516,15898500,0.013003952342929503,1062,2015-03-25,76.61000061035156,77.69999694824219,76.52999877929688,77.12000274658203,59.410465240478516,15898500,0.013003952342929503,1062,2015-03-25,76.61000061035156,77.69999694824219,76.52999877929688,77.12000274658203,59.410465240478516,15898500,0.013003952342929503
1063,2015-03-26,78.01000213623047,78.25,76.75,77.02999877929688,59.34114074707031,15318600,-0.0011668734309282502,1063,2015-03-26,78.01000213623047,78.25,76.75,77.02999877929688,59.34114074707031,15318600,-0.0011668734309282502,1063,2015-03-26,78.01000213623047,78.25,76.75,77.02999877929688,59.34114074707031,15318600,-0.0011668734309282502,1063,2015-03-26,78.01000213623047,78.25,76.75,77.02999877929688,59.34114074707031,15318600,-0.0011668734309282502,1063,2015-03-26,78.01000213623047,78.25,76.75,77.02999877929688,59.34114074707031,15318600,-0.0011668734309282502
1064,2015-03-27,76.73999786376953,76.88999938964844,76.23999786376953,76.4000015258789,58.85581970214844,11967300,-0.008178492000860849,1064,2015-03-27,76.73999786376953,76.88999938964844,76.23999786376953,76.4000015258789,58.85581970214844,11967300,-0.008178492000860849,1064,2015-03-27,76.73999786376953,76.88999938964844,76.23999786376953,76.4000015258789,58.85581970214844,11967300,-0.008178492000860849,1064,2015-03-27,76.73999786376953,76.88999938964844,76.23999786376953,76.4000015258789,58.85581970214844,11967300,-0.008178492000860849,1064,2015-03-27,76.73999786376953,76.88999938964844,76.23999786376953,76.4000015258789,58.85581970214844,11967300,-0.008178492000860849
1065,2015-03-30,77.13999938964844,78.19000244140625,77.11000061035156,78.04000091552734,60.119232177734375,18187800,0.021466228522169617,1065,2015-03-30,77.13999938964844,78.19000244140625,77.11000061035156,78.04000091552734,60.119232177734375,18187800,0.021466228522169617,1065,2015-03-30,77.13999938964844,78.19000244140625,77.11000061035156,78.04000091552734,60.119232177734375,18187800,0.021466228522169617,1065,2015-03-30,77.13999938964844,78.19000244140625,77.11000061035156,78.04000091552734,60.119232177734375,18187800,0.021466228522169617,1065,2015-03-30,77.13999938964844,78.19000244140625,77.11000061035156,78.04000091552734,60.119232177734375,18187800,0.021466228522169617
1066,2015-03-31,77.44999694824219,78.0,77.0,77.58000183105469,59.76484680175781,9403700,-0.005894708949855998,1066,2015-03-31,77.44999694824219,78.0,77.0,77.58000183105469,59.76484680175781,9403700,-0.005894708949855998,1066,2015-03-31,77.44999694824219,78.0,77.0,77.58000183105469,59.76484680175781,9403700,-0.005894708949855998,1066,2015-03-31,77.44999694824219,78.0,77.0,77.58000183105469,59.76484680175781,9403700,-0.005894708949855998,1066,2015-03-31,77.44999694824219,78.0,77.0,77.58000183105469,59.76484680175781,9403700,-0.005894708949855998
1067,2015-04-01,77.83000183105469,78.2300033569336,77.4000015258789,77.55999755859375,59.74942398071289,13293300,-0.00025805840507009403,1067,2015-04-01,77.83000183105469,78.2300033569336,77.4000015258789,77.55999755859375,59.74942398071289,13293300,-0.00025805840507009403,1067,2015-04-01,77.83000183105469,78.2300033569336,77.4000015258789,77.55999755859375,59.74942398071289,13293300,-0.00025805840507009403,1067,2015-04-01,77.83000183105469,78.2300033569336,77.4000015258789,77.55999755859375,59.74942398071289,13293300,-0.00025805840507009403,1067,2015-04-01,77.83000183105469,78.2300033569336,77.4000015258789,77.55999755859375,59.74942398071289,13293300,-0.00025805840507009403
1068,2015-04-02,77.19999694824219,78.16999816894531,77.0199966430664,77.72000122070312,59.87269973754883,13857700,0.002063212473407683,1068,2015-04-02,77.19999694824219,78.16999816894531,77.0199966430664,77.72000122070312,59.87269973754883,13857700,0.002063212473407683,1068,2015-04-02,77.19999694824219,78.16999816894531,77.0199966430664,77.72000122070312,59.87269973754883,13857700,0.002063212473407683,1068,2015-04-02,77.19999694824219,78.16999816894531,77.0199966430664,77.72000122070312,59.87269973754883,13857700,0.002063212473407683,1068,2015-04-02,77.19999694824219,78.16999816894531,77.0199966430664,77.72000122070312,59.87269973754883,13857700,0.002063212473407683
1069,2015-04-06,78.16999816894531,79.55000305175781,77.80999755859375,79.12000274658203,60.951210021972656,15543300,0.018013389894750986,1069,2015-04-06,78.16999816894531,79.55000305175781,77.80999755859375,79.12000274658203,60.951210021972656,15543300,0.018013389894750986,1069,2015-04-06,78.16999816894531,79.55000305175781,77.80999755859375,79.12000274658203,60.951210021972656,15543300,0.018013389894750986,1069,2015-04-06,78.16999816894531,79.55000305175781,77.80999755859375,79.12000274658203,60.951210021972656,15543300,0.018013389894750986,1069,2015-04-06,78.16999816894531,79.55000305175781,77.80999755859375,79.12000274658203,60.951210021972656,15543300,0.018013389894750986
1070,2015-04-07,79.05000305175781,79.70999908447266,78.83000183105469,79.16999816894531,60.989723205566406,14142100,0.0006318690569040442,1070,2015-04-07,79.05000305175781,79.70999908447266,78.83000183105469,79.16999816894531,60.989723205566406,14142100,0.0006318690569040442,1070,2015-04-07,79.05000305175781,79.70999908447266,78.83000183105469,79.16999816894531,60.989723205566406,14142100,0.0006318690569040442,1070,2015-04-07,79.05000305175781,79.70999908447266,78.83000183105469,79.16999816894531,60.989723205566406,14142100,0.0006318690569040442,1070,2015-04-07,79.05000305175781,79.70999908447266,78.83000183105469,79.16999816894531,60.989723205566406,14142100,0.0006318690569040442
1071,2015-04-08,79.54000091552734,79.7300033569336,78.5,78.52999877929688,60.49669647216797,12045700,-0.008083767354324367,1071,2015-04-08,79.54000091552734,79.7300033569336,78.5,78.52999877929688,60.49669647216797,12045700,-0.008083767354324367,1071,2015-04-08,79.54000091552734,79.7300033569336,78.5,78.52999877929688,60.49669647216797,12045700,-0.008083767354324367,1071,2015-04-08,79.54000091552734,79.7300033569336,78.5,78.52999877929688,60.49669647216797,12045700,-0.008083767354324367,1071,2015-04-08,79.54000091552734,79.7300033569336,78.5,78.52999877929688,60.49669647216797,12045700,-0.008083767354324367
1072,2015-04-09,78.73999786376953,79.97000122070312,78.66999816894531,79.79000091552734,61.46736145019531,13875100,0.01604492533693813,1072,2015-04-09,78.73999786376953,79.97000122070312,78.66999816894531,79.79000091552734,61.46736145019531,13875100,0.01604492533693813,1072,2015-04-09,78.73999786376953,79.97000122070312,78.66999816894531,79.79000091552734,61.46736145019531,13875100,0.01604492533693813,1072,2015-04-09,78.73999786376953,79.97000122070312,78.66999816894531,79.79000091552734,61.46736145019531,13875100,0.01604492533693813,1072,2015-04-09,78.73999786376953,79.97000122070312,78.66999816894531,79.79000091552734,61.46736145019531,13875100,0.01604492533693813
1073,2015-04-10,80.0,80.2699966430664,79.66000366210938,80.13999938964844,61.736976623535156,8850500,0.0043863144110765084,1073,2015-04-10,80.0,80.2699966430664,79.66000366210938,80.13999938964844,61.736976623535156,8850500,0.0043863144110765084,1073,2015-04-10,80.0,80.2699966430664,79.66000366210938,80.13999938964844,61.736976623535156,8850500,0.0043863144110765084,1073,2015-04-10,80.0,80.2699966430664,79.66000366210938,80.13999938964844,61.736976623535156,8850500,0.0043863144110765084,1073,2015-04-10,80.0,80.2699966430664,79.66000366210938,80.13999938964844,61.736976623535156,8850500,0.0043863144110765084
1074,2015-04-13,80.48999786376953,80.5999984741211,79.20999908447266,79.33999633789062,61.12067794799805,9940300,-0.009982650742604848,1074,2015-04-13,80.48999786376953,80.5999984741211,79.20999908447266,79.33999633789062,61.12067794799805,9940300,-0.009982650742604848,1074,2015-04-13,80.48999786376953,80.5999984741211,79.20999908447266,79.33999633789062,61.12067794799805,9940300,-0.009982650742604848,1074,2015-04-13,80.48999786376953,80.5999984741211,79.20999908447266,79.33999633789062,61.12067794799805,9940300,-0.009982650742604848,1074,2015-04-13,80.48999786376953,80.5999984741211,79.20999908447266,79.33999633789062,61.12067794799805,9940300,-0.009982650742604848
1075,2015-04-14,79.86000061035156,80.95999908447266,79.76000213623047,80.7699966430664,62.22229766845703,13720100,0.0180236829407594,1075,2015-04-14,79.86000061035156,80.95999908447266,79.76000213623047,80.7699966430664,62.22229766845703,13720100,0.0180236829407594,1075,2015-04-14,79.86000061035156,80.95999908447266,79.76000213623047,80.7699966430664,62.22229766845703,13720100,0.0180236829407594,1075,2015-04-14,79.86000061035156,80.95999908447266,79.76000213623047,80.7699966430664,62.22229766845703,13720100,0.0180236829407594,1075,2015-04-14,79.86000061035156,80.95999908447266,79.76000213623047,80.7699966430664,62.22229766845703,13720100,0.0180236829407594
1076,2015-04-15,81.2300033569336,82.87000274658203,81.06999969482422,82.69999694824219,63.7091064453125,20006900,0.023895112083094805,1076,2015-04-15,81.2300033569336,82.87000274658203,81.06999969482422,82.69999694824219,63.7091064453125,20006900,0.023895112083094805,1076,2015-04-15,81.2300033569336,82.87000274658203,81.06999969482422,82.69999694824219,63.7091064453125,20006900,0.023895112083094805,1076,2015-04-15,81.2300033569336,82.87000274658203,81.06999969482422,82.69999694824219,63.7091064453125,20006900,0.023895112083094805,1076,2015-04-15,81.2300033569336,82.87000274658203,81.06999969482422,82.69999694824219,63.7091064453125,20006900,0.023895112083094805
1077,2015-04-16,82.38999938964844,83.2300033569336,81.86000061035156,82.51000213623047,63.562744140625,21277500,-0.0022973529665361037,1077,2015-04-16,82.38999938964844,83.2300033569336,81.86000061035156,82.51000213623047,63.562744140625,21277500,-0.0022973529665361037,1077,2015-04-16,82.38999938964844,83.2300033569336,81.86000061035156,82.51000213623047,63.562744140625,21277500,-0.0022973529665361037,1077,2015-04-16,82.38999938964844,83.2300033569336,81.86000061035156,82.51000213623047,63.562744140625,21277500,-0.0022973529665361037,1077,2015-04-16,82.38999938964844,83.2300033569336,81.86000061035156,82.51000213623047,63.562744140625,21277500,-0.0022973529665361037
1078,2015-04-17,82.12000274658203,82.2300033569336,81.26000213623047,81.91000366210938,63.100528717041016,16917400,-0.007271797809128344,1078,2015-04-17,82.12000274658203,82.2300033569336,81.26000213623047,81.91000366210938,63.100528717041016,16917400,-0.007271797809128344,1078,2015-04-17,82.12000274658203,82.2300033569336,81.26000213623047,81.91000366210938,63.100528717041016,16917400,-0.007271797809128344,1078,2015-04-17,82.12000274658203,82.2300033569336,81.26000213623047,81.91000366210938,63.100528717041016,16917400,-0.007271797809128344,1078,2015-04-17,82.12000274658203,82.2300033569336,81.26000213623047,81.91000366210938,63.100528717041016,16917400,-0.007271797809128344
1079,2015-04-20,82.0,83.12000274658203,81.97000122070312,82.22000122070312,63.33933639526367,12710400,0.003784559069125004,1079,2015-04-20,82.0,83.12000274658203,81.97000122070312,82.22000122070312,63.33933639526367,12710400,0.003784559069125004,1079,2015-04-20,82.0,83.12000274658203,81.97000122070312,82.22000122070312,63.33933639526367,12710400,0.003784559069125004,1079,2015-04-20,82.0,83.12000274658203,81.97000122070312,82.22000122070312,63.33933639526367,12710400,0.003784559069125004,1079,2015-04-20,82.0,83.12000274658203,81.97000122070312,82.22000122070312,63.33933639526367,12710400,0.003784559069125004
1080,2015-04-21,82.43000030517578,82.4800033569336,81.01000213623047,81.3499984741211,62.66913604736328,11820400,-0.010581107824023661,1080,2015-04-21,82.43000030517578,82.4800033569336,81.01000213623047,81.3499984741211,62.66913604736328,11820400,-0.010581107824023661,1080,2015-04-21,82.43000030517578,82.4800033569336,81.01000213623047,81.3499984741211,62.66913604736328,11820400,-0.010581107824023661,1080,2015-04-21,82.43000030517578,82.4800033569336,81.01000213623047,81.3499984741211,62.66913604736328,11820400,-0.010581107824023661,1080,2015-04-21,82.43000030517578,82.4800033569336,81.01000213623047,81.3499984741211,62.66913604736328,11820400,-0.010581107824023661
1081,2015-04-22,81.55999755859375,82.19999694824219,81.0199966430664,81.88999938964844,63.08509063720703,10129500,0.006637311698846293,1081,2015-04-22,81.55999755859375,82.19999694824219,81.0199966430664,81.88999938964844,63.08509063720703,10129500,0.006637311698846293,1081,2015-04-22,81.55999755859375,82.19999694824219,81.0199966430664,81.88999938964844,63.08509063720703,10129500,0.006637311698846293,1081,2015-04-22,81.55999755859375,82.19999694824219,81.0199966430664,81.88999938964844,63.08509063720703,10129500,0.006637311698846293,1081,2015-04-22,81.55999755859375,82.19999694824219,81.0199966430664,81.88999938964844,63.08509063720703,10129500,0.006637311698846293
1082,2015-04-23,82.06999969482422,82.9800033569336,81.9800033569336,82.44999694824219,63.51649856567383,12575800,0.006838508498747453,1082,2015-04-23,82.06999969482422,82.9800033569336,81.9800033569336,82.44999694824219,63.51649856567383,12575800,0.006838508498747453,1082,2015-04-23,82.06999969482422,82.9800033569336,81.9800033569336,82.44999694824219,63.51649856567383,12575800,0.006838508498747453,1082,2015-04-23,82.06999969482422,82.9800033569336,81.9800033569336,82.44999694824219,63.51649856567383,12575800,0.006838508498747453,1082,2015-04-23,82.06999969482422,82.9800033569336,81.9800033569336,82.44999694824219,63.51649856567383,12575800,0.006838508498747453
1083,2015-04-24,82.19999694824219,82.27999877929688,81.58999633789062,81.9800033569336,63.15444564819336,11507600,-0.005700139737805587,1083,2015-04-24,82.19999694824219,82.27999877929688,81.58999633789062,81.9800033569336,63.15444564819336,11507600,-0.005700139737805587,1083,2015-04-24,82.19999694824219,82.27999877929688,81.58999633789062,81.9800033569336,63.15444564819336,11507600,-0.005700139737805587,1083,2015-04-24,82.19999694824219,82.27999877929688,81.58999633789062,81.9800033569336,63.15444564819336,11507600,-0.005700139737805587,1083,2015-04-24,82.19999694824219,82.27999877929688,81.58999633789062,81.9800033569336,63.15444564819336,11507600,-0.005700139737805587
1084,2015-04-27,82.31999969482422,82.56999969482422,81.75,81.88999938964844,63.08509063720703,11325600,-0.001098180979573038,1084,2015-04-27,82.31999969482422,82.56999969482422,81.75,81.88999938964844,63.08509063720703,11325600,-0.001098180979573038,1084,2015-04-27,82.31999969482422,82.56999969482422,81.75,81.88999938964844,63.08509063720703,11325600,-0.001098180979573038,1084,2015-04-27,82.31999969482422,82.56999969482422,81.75,81.88999938964844,63.08509063720703,11325600,-0.001098180979573038,1084,2015-04-27,82.31999969482422,82.56999969482422,81.75,81.88999938964844,63.08509063720703,11325600,-0.001098180979573038
1085,2015-04-28,81.87000274658203,82.44999694824219,81.61000061035156,82.30000305175781,63.40096664428711,11125400,0.005007142002801279,1085,2015-04-28,81.87000274658203,82.44999694824219,81.61000061035156,82.30000305175781,63.40096664428711,11125400,0.005007142002801279,1085,2015-04-28,81.87000274658203,82.44999694824219,81.61000061035156,82.30000305175781,63.40096664428711,11125400,0.005007142002801279,1085,2015-04-28,81.87000274658203,82.44999694824219,81.61000061035156,82.30000305175781,63.40096664428711,11125400,0.005007142002801279,1085,2015-04-28,81.87000274658203,82.44999694824219,81.61000061035156,82.30000305175781,63.40096664428711,11125400,0.005007142002801279
1086,2015-04-29,82.01000213623047,83.05999755859375,81.75,82.94000244140625,63.893985748291016,15903100,0.007776207999635076,1086,2015-04-29,82.01000213623047,83.05999755859375,81.75,82.94000244140625,63.893985748291016,15903100,0.007776207999635076,1086,2015-04-29,82.01000213623047,83.05999755859375,81.75,82.94000244140625,63.893985748291016,15903100,0.007776207999635076,1086,2015-04-29,82.01000213623047,83.05999755859375,81.75,82.94000244140625,63.893985748291016,15903100,0.007776207999635076,1086,2015-04-29,82.01000213623047,83.05999755859375,81.75,82.94000244140625,63.893985748291016,15903100,0.007776207999635076
1087,2015-04-30,83.25,83.37999725341797,82.20999908447266,82.68000030517578,63.69371032714844,16552100,-0.003134495661791359,1087,2015-04-30,83.25,83.37999725341797,82.20999908447266,82.68000030517578,63.69371032714844,16552100,-0.003134495661791359,1087,2015-04-30,83.25,83.37999725341797,82.20999908447266,82.68000030517578,63.69371032714844,16552100,-0.003134495661791359,1087,2015-04-30,83.25,83.37999725341797,82.20999908447266,82.68000030517578,63.69371032714844,16552100,-0.003134495661791359,1087,2015-04-30,83.25,83.37999725341797,82.20999908447266,82.68000030517578,63.69371032714844,16552100,-0.003134495661791359
1088,2015-05-01,82.76000213623047,83.01000213623047,82.20999908447266,82.87000274658203,63.84005355834961,11354600,0.002297608829027409,1088,2015-05-01,82.76000213623047,83.01000213623047,82.20999908447266,82.87000274658203,63.84005355834961,11354600,0.002297608829027409,1088,2015-05-01,82.76000213623047,83.01000213623047,82.20999908447266,82.87000274658203,63.84005355834961,11354600,0.002297608829027409,1088,2015-05-01,82.76000213623047,83.01000213623047,82.20999908447266,82.87000274658203,63.84005355834961,11354600,0.002297608829027409,1088,2015-05-01,82.76000213623047,83.01000213623047,82.20999908447266,82.87000274658203,63.84005355834961,11354600,0.002297608829027409
1089,2015-05-04,83.06999969482422,83.3499984741211,82.23999786376953,82.66000366210938,63.67828369140625,14434200,-0.0025339870179699187,1089,2015-05-04,83.06999969482422,83.3499984741211,82.23999786376953,82.66000366210938,63.67828369140625,14434200,-0.0025339870179699187,1089,2015-05-04,83.06999969482422,83.3499984741211,82.23999786376953,82.66000366210938,63.67828369140625,14434200,-0.0025339870179699187,1089,2015-05-04,83.06999969482422,83.3499984741211,82.23999786376953,82.66000366210938,63.67828369140625,14434200,-0.0025339870179699187,1089,2015-05-04,83.06999969482422,83.3499984741211,82.23999786376953,82.66000366210938,63.67828369140625,14434200,-0.0025339870179699187
1090,2015-05-05,83.27999877929688,83.66000366210938,81.61000061035156,81.63999938964844,62.89251708984375,16076300,-0.012339632226434305,1090,2015-05-05,83.27999877929688,83.66000366210938,81.61000061035156,81.63999938964844,62.89251708984375,16076300,-0.012339632226434305,1090,2015-05-05,83.27999877929688,83.66000366210938,81.61000061035156,81.63999938964844,62.89251708984375,16076300,-0.012339632226434305,1090,2015-05-05,83.27999877929688,83.66000366210938,81.61000061035156,81.63999938964844,62.89251708984375,16076300,-0.012339632226434305,1090,2015-05-05,83.27999877929688,83.66000366210938,81.61000061035156,81.63999938964844,62.89251708984375,16076300,-0.012339632226434305
1091,2015-05-06,82.37000274658203,82.69999694824219,80.94000244140625,81.31999969482422,62.64599609375,16388600,-0.00391971903019217,1091,2015-05-06,82.37000274658203,82.69999694824219,80.94000244140625,81.31999969482422,62.64599609375,16388600,-0.00391971903019217,1091,2015-05-06,82.37000274658203,82.69999694824219,80.94000244140625,81.31999969482422,62.64599609375,16388600,-0.00391971903019217,1091,2015-05-06,82.37000274658203,82.69999694824219,80.94000244140625,81.31999969482422,62.64599609375,16388600,-0.00391971903019217,1091,2015-05-06,82.37000274658203,82.69999694824219,80.94000244140625,81.31999969482422,62.64599609375,16388600,-0.00391971903019217
1092,2015-05-07,81.16000366210938,81.18000030517578,79.83999633789062,80.44000244140625,61.96807098388672,17396600,-0.01082152335559905,1092,2015-05-07,81.16000366210938,81.18000030517578,79.83999633789062,80.44000244140625,61.96807098388672,17396600,-0.01082152335559905,1092,2015-05-07,81.16000366210938,81.18000030517578,79.83999633789062,80.44000244140625,61.96807098388672,17396600,-0.01082152335559905,1092,2015-05-07,81.16000366210938,81.18000030517578,79.83999633789062,80.44000244140625,61.96807098388672,17396600,-0.01082152335559905,1092,2015-05-07,81.16000366210938,81.18000030517578,79.83999633789062,80.44000244140625,61.96807098388672,17396600,-0.01082152335559905
1093,2015-05-08,81.08000183105469,81.8499984741211,80.16000366210938,81.76000213623047,62.98496627807617,14515200,0.016409987886404798,1093,2015-05-08,81.08000183105469,81.8499984741211,80.16000366210938,81.76000213623047,62.98496627807617,14515200,0.016409987886404798,1093,2015-05-08,81.08000183105469,81.8499984741211,80.16000366210938,81.76000213623047,62.98496627807617,14515200,0.016409987886404798,1093,2015-05-08,81.08000183105469,81.8499984741211,80.16000366210938,81.76000213623047,62.98496627807617,14515200,0.016409987886404798,1093,2015-05-08,81.08000183105469,81.8499984741211,80.16000366210938,81.76000213623047,62.98496627807617,14515200,0.016409987886404798
1094,2015-05-11,81.83999633789062,81.87999725341797,80.13999938964844,80.22000122070312,61.79859924316406,18144400,-0.01883571755320701,1094,2015-05-11,81.83999633789062,81.87999725341797,80.13999938964844,80.22000122070312,61.79859924316406,18144400,-0.01883571755320701,1094,2015-05-11,81.83999633789062,81.87999725341797,80.13999938964844,80.22000122070312,61.79859924316406,18144400,-0.01883571755320701,1094,2015-05-11,81.83999633789062,81.87999725341797,80.13999938964844,80.22000122070312,61.79859924316406,18144400,-0.01883571755320701,1094,2015-05-11,81.83999633789062,81.87999725341797,80.13999938964844,80.22000122070312,61.79859924316406,18144400,-0.01883571755320701
1095,2015-05-12,80.0999984741211,81.01000213623047,79.95999908447266,80.58999633789062,62.083641052246094,9851500,0.00461243155302693,1095,2015-05-12,80.0999984741211,81.01000213623047,79.95999908447266,80.58999633789062,62.083641052246094,9851500,0.00461243155302693,1095,2015-05-12,80.0999984741211,81.01000213623047,79.95999908447266,80.58999633789062,62.083641052246094,9851500,0.00461243155302693,1095,2015-05-12,80.0999984741211,81.01000213623047,79.95999908447266,80.58999633789062,62.083641052246094,9851500,0.00461243155302693,1095,2015-05-12,80.0999984741211,81.01000213623047,79.95999908447266,80.58999633789062,62.083641052246094,9851500,0.00461243155302693
1096,2015-05-13,81.29000091552734,81.38999938964844,80.08000183105469,80.37999725341797,61.921852111816406,12534700,-0.002605983439237014,1096,2015-05-13,81.29000091552734,81.38999938964844,80.08000183105469,80.37999725341797,61.921852111816406,12534700,-0.002605983439237014,1096,2015-05-13,81.29000091552734,81.38999938964844,80.08000183105469,80.37999725341797,61.921852111816406,12534700,-0.002605983439237014,1096,2015-05-13,81.29000091552734,81.38999938964844,80.08000183105469,80.37999725341797,61.921852111816406,12534700,-0.002605983439237014,1096,2015-05-13,81.29000091552734,81.38999938964844,80.08000183105469,80.37999725341797,61.921852111816406,12534700,-0.002605983439237014
1097,2015-05-14,80.61000061035156,81.1500015258789,80.30000305175781,80.3499984741211,61.89874267578125,9617900,-0.00037320324323353304,1097,2015-05-14,80.61000061035156,81.1500015258789,80.30000305175781,80.3499984741211,61.89874267578125,9617900,-0.00037320324323353304,1097,2015-05-14,80.61000061035156,81.1500015258789,80.30000305175781,80.3499984741211,61.89874267578125,9617900,-0.00037320324323353304,1097,2015-05-14,80.61000061035156,81.1500015258789,80.30000305175781,80.3499984741211,61.89874267578125,9617900,-0.00037320324323353304,1097,2015-05-14,80.61000061035156,81.1500015258789,80.30000305175781,80.3499984741211,61.89874267578125,9617900,-0.00037320324323353304
1098,2015-05-15,80.01000213623047,80.98999786376953,79.80999755859375,80.66999816894531,62.14527130126953,9780600,0.003982772748383212,1098,2015-05-15,80.01000213623047,80.98999786376953,79.80999755859375,80.66999816894531,62.14527130126953,9780600,0.003982772748383212,1098,2015-05-15,80.01000213623047,80.98999786376953,79.80999755859375,80.66999816894531,62.14527130126953,9780600,0.003982772748383212,1098,2015-05-15,80.01000213623047,80.98999786376953,79.80999755859375,80.66999816894531,62.14527130126953,9780600,0.003982772748383212,1098,2015-05-15,80.01000213623047,80.98999786376953,79.80999755859375,80.66999816894531,62.14527130126953,9780600,0.003982772748383212
1099,2015-05-18,80.51000213623047,80.83999633789062,80.16999816894531,80.73999786376953,62.199188232421875,7229800,0.0008675950723742165,1099,2015-05-18,80.51000213623047,80.83999633789062,80.16999816894531,80.73999786376953,62.199188232421875,7229800,0.0008675950723742165,1099,2015-05-18,80.51000213623047,80.83999633789062,80.16999816894531,80.73999786376953,62.199188232421875,7229800,0.0008675950723742165,1099,2015-05-18,80.51000213623047,80.83999633789062,80.16999816894531,80.73999786376953,62.199188232421875,7229800,0.0008675950723742165,1099,2015-05-18,80.51000213623047,80.83999633789062,80.16999816894531,80.73999786376953,62.199188232421875,7229800,0.0008675950723742165
1100,2015-05-19,80.19999694824219,80.27999877929688,79.47000122070312,79.58999633789062,61.313255310058594,13919800,-0.014243480462362013,1100,2015-05-19,80.19999694824219,80.27999877929688,79.47000122070312,79.58999633789062,61.313255310058594,13919800,-0.014243480462362013,1100,2015-05-19,80.19999694824219,80.27999877929688,79.47000122070312,79.58999633789062,61.313255310058594,13919800,-0.014243480462362013,1100,2015-05-19,80.19999694824219,80.27999877929688,79.47000122070312,79.58999633789062,61.313255310058594,13919800,-0.014243480462362013,1100,2015-05-19,80.19999694824219,80.27999877929688,79.47000122070312,79.58999633789062,61.313255310058594,13919800,-0.014243480462362013
1101,2015-05-20,79.87000274658203,80.0,79.27999877929688,79.73999786376953,61.4288330078125,12623800,0.0018850360687820977,1101,2015-05-20,79.87000274658203,80.0,79.27999877929688,79.73999786376953,61.4288330078125,12623800,0.0018850360687820977,1101,2015-05-20,79.87000274658203,80.0,79.27999877929688,79.73999786376953,61.4288330078125,12623800,0.0018850360687820977,1101,2015-05-20,79.87000274658203,80.0,79.27999877929688,79.73999786376953,61.4288330078125,12623800,0.0018850360687820977,1101,2015-05-20,79.87000274658203,80.0,79.27999877929688,79.73999786376953,61.4288330078125,12623800,0.0018850360687820977
1102,2015-05-21,80.19000244140625,80.61000061035156,79.9000015258789,80.48999786376953,62.006595611572266,10087300,0.009405397684932204,1102,2015-05-21,80.19000244140625,80.61000061035156,79.9000015258789,80.48999786376953,62.006595611572266,10087300,0.009405397684932204,1102,2015-05-21,80.19000244140625,80.61000061035156,79.9000015258789,80.48999786376953,62.006595611572266,10087300,0.009405397684932204,1102,2015-05-21,80.19000244140625,80.61000061035156,79.9000015258789,80.48999786376953,62.006595611572266,10087300,0.009405397684932204,1102,2015-05-21,80.19000244140625,80.61000061035156,79.9000015258789,80.48999786376953,62.006595611572266,10087300,0.009405397684932204
1103,2015-05-22,79.94000244140625,80.55999755859375,79.79000091552734,80.19999694824219,61.783203125,6360700,-0.0036027213616380838,1103,2015-05-22,79.94000244140625,80.55999755859375,79.79000091552734,80.19999694824219,61.783203125,6360700,-0.0036027213616380838,1103,2015-05-22,79.94000244140625,80.55999755859375,79.79000091552734,80.19999694824219,61.783203125,6360700,-0.0036027213616380838,1103,2015-05-22,79.94000244140625,80.55999755859375,79.79000091552734,80.19999694824219,61.783203125,6360700,-0.0036027213616380838,1103,2015-05-22,79.94000244140625,80.55999755859375,79.79000091552734,80.19999694824219,61.783203125,6360700,-0.0036027213616380838
1104,2015-05-26,79.55000305175781,79.72000122070312,78.62999725341797,78.93000030517578,60.80483627319336,13183600,-0.015835482822527114,1104,2015-05-26,79.55000305175781,79.72000122070312,78.62999725341797,78.93000030517578,60.80483627319336,13183600,-0.015835482822527114,1104,2015-05-26,79.55000305175781,79.72000122070312,78.62999725341797,78.93000030517578,60.80483627319336,13183600,-0.015835482822527114,1104,2015-05-26,79.55000305175781,79.72000122070312,78.62999725341797,78.93000030517578,60.80483627319336,13183600,-0.015835482822527114,1104,2015-05-26,79.55000305175781,79.72000122070312,78.62999725341797,78.93000030517578,60.80483627319336,13183600,-0.015835482822527114
1105,2015-05-27,78.87999725341797,79.5199966430664,78.36000061035156,78.79000091552734,60.69697570800781,11375000,-0.001773881352149953,1105,2015-05-27,78.87999725341797,79.5199966430664,78.36000061035156,78.79000091552734,60.69697570800781,11375000,-0.001773881352149953,1105,2015-05-27,78.87999725341797,79.5199966430664,78.36000061035156,78.79000091552734,60.69697570800781,11375000,-0.001773881352149953,1105,2015-05-27,78.87999725341797,79.5199966430664,78.36000061035156,78.79000091552734,60.69697570800781,11375000,-0.001773881352149953,1105,2015-05-27,78.87999725341797,79.5199966430664,78.36000061035156,78.79000091552734,60.69697570800781,11375000,-0.001773881352149953
1106,2015-05-28,78.5199966430664,78.62000274658203,77.9800033569336,78.4800033569336,60.458168029785156,12164200,-0.003934424663454061,1106,2015-05-28,78.5199966430664,78.62000274658203,77.9800033569336,78.4800033569336,60.458168029785156,12164200,-0.003934424663454061,1106,2015-05-28,78.5199966430664,78.62000274658203,77.9800033569336,78.4800033569336,60.458168029785156,12164200,-0.003934424663454061,1106,2015-05-28,78.5199966430664,78.62000274658203,77.9800033569336,78.4800033569336,60.458168029785156,12164200,-0.003934424663454061,1106,2015-05-28,78.5199966430664,78.62000274658203,77.9800033569336,78.4800033569336,60.458168029785156,12164200,-0.003934424663454061
1107,2015-05-29,78.45999908447266,78.88999938964844,78.19999694824219,78.38999938964844,60.38883972167969,12978100,-0.0011467153300330768,1107,2015-05-29,78.45999908447266,78.88999938964844,78.19999694824219,78.38999938964844,60.38883972167969,12978100,-0.0011467153300330768,1107,2015-05-29,78.45999908447266,78.88999938964844,78.19999694824219,78.38999938964844,60.38883972167969,12978100,-0.0011467153300330768,1107,2015-05-29,78.45999908447266,78.88999938964844,78.19999694824219,78.38999938964844,60.38883972167969,12978100,-0.0011467153300330768,1107,2015-05-29,78.45999908447266,78.88999938964844,78.19999694824219,78.38999938964844,60.38883972167969,12978100,-0.0011467153300330768
1108,2015-06-01,78.58999633789062,78.5999984741211,78.08999633789062,78.19000244140625,60.23477554321289,8487200,-0.002551202824509491,1108,2015-06-01,78.58999633789062,78.5999984741211,78.08999633789062,78.19000244140625,60.23477554321289,8487200,-0.002551202824509491,1108,2015-06-01,78.58999633789062,78.5999984741211,78.08999633789062,78.19000244140625,60.23477554321289,8487200,-0.002551202824509491,1108,2015-06-01,78.58999633789062,78.5999984741211,78.08999633789062,78.19000244140625,60.23477554321289,8487200,-0.002551202824509491,1108,2015-06-01,78.58999633789062,78.5999984741211,78.08999633789062,78.19000244140625,60.23477554321289,8487200,-0.002551202824509491
1109,2015-06-02,78.43000030517578,79.11000061035156,78.01000213623047,78.7300033569336,60.650760650634766,10183000,0.006906062215230602,1109,2015-06-02,78.43000030517578,79.11000061035156,78.01000213623047,78.7300033569336,60.650760650634766,10183000,0.006906062215230602,1109,2015-06-02,78.43000030517578,79.11000061035156,78.01000213623047,78.7300033569336,60.650760650634766,10183000,0.006906062215230602,1109,2015-06-02,78.43000030517578,79.11000061035156,78.01000213623047,78.7300033569336,60.650760650634766,10183000,0.006906062215230602,1109,2015-06-02,78.43000030517578,79.11000061035156,78.01000213623047,78.7300033569336,60.650760650634766,10183000,0.006906062215230602
1110,2015-06-03,78.48999786376953,79.06999969482422,78.08000183105469,78.19000244140625,60.23477554321289,8640300,-0.0068586956364499185,1110,2015-06-03,78.48999786376953,79.06999969482422,78.08000183105469,78.19000244140625,60.23477554321289,8640300,-0.0068586956364499185,1110,2015-06-03,78.48999786376953,79.06999969482422,78.08000183105469,78.19000244140625,60.23477554321289,8640300,-0.0068586956364499185,1110,2015-06-03,78.48999786376953,79.06999969482422,78.08000183105469,78.19000244140625,60.23477554321289,8640300,-0.0068586956364499185,1110,2015-06-03,78.48999786376953,79.06999969482422,78.08000183105469,78.19000244140625,60.23477554321289,8640300,-0.0068586956364499185
1111,2015-06-04,77.77999877929688,77.93000030517578,77.06999969482422,77.12999725341797,59.4182014465332,15946100,-0.013556522611989696,1111,2015-06-04,77.77999877929688,77.93000030517578,77.06999969482422,77.12999725341797,59.4182014465332,15946100,-0.013556522611989696,1111,2015-06-04,77.77999877929688,77.93000030517578,77.06999969482422,77.12999725341797,59.4182014465332,15946100,-0.013556522611989696,1111,2015-06-04,77.77999877929688,77.93000030517578,77.06999969482422,77.12999725341797,59.4182014465332,15946100,-0.013556522611989696,1111,2015-06-04,77.77999877929688,77.93000030517578,77.06999969482422,77.12999725341797,59.4182014465332,15946100,-0.013556522611989696
1112,2015-06-05,76.77999877929688,78.36000061035156,76.75,77.66999816894531,59.83415985107422,18956000,0.007000521631663759,1112,2015-06-05,76.77999877929688,78.36000061035156,76.75,77.66999816894531,59.83415985107422,18956000,0.007000521631663759,1112,2015-06-05,76.77999877929688,78.36000061035156,76.75,77.66999816894531,59.83415985107422,18956000,0.007000521631663759,1112,2015-06-05,76.77999877929688,78.36000061035156,76.75,77.66999816894531,59.83415985107422,18956000,0.007000521631663759,1112,2015-06-05,76.77999877929688,78.36000061035156,76.75,77.66999816894531,59.83415985107422,18956000,0.007000521631663759
1113,2015-06-08,77.37000274658203,77.81999969482422,77.05000305175781,77.2300033569336,59.4952278137207,9707300,-0.005664524047753194,1113,2015-06-08,77.37000274658203,77.81999969482422,77.05000305175781,77.2300033569336,59.4952278137207,9707300,-0.005664524047753194,1113,2015-06-08,77.37000274658203,77.81999969482422,77.05000305175781,77.2300033569336,59.4952278137207,9707300,-0.005664524047753194,1113,2015-06-08,77.37000274658203,77.81999969482422,77.05000305175781,77.2300033569336,59.4952278137207,9707300,-0.005664524047753194,1113,2015-06-08,77.37000274658203,77.81999969482422,77.05000305175781,77.2300033569336,59.4952278137207,9707300,-0.005664524047753194
1114,2015-06-09,77.69999694824219,78.19000244140625,77.19000244140625,77.22000122070312,59.48752212524414,11033100,-0.00012951775730130066,1114,2015-06-09,77.69999694824219,78.19000244140625,77.19000244140625,77.22000122070312,59.48752212524414,11033100,-0.00012951775730130066,1114,2015-06-09,77.69999694824219,78.19000244140625,77.19000244140625,77.22000122070312,59.48752212524414,11033100,-0.00012951775730130066,1114,2015-06-09,77.69999694824219,78.19000244140625,77.19000244140625,77.22000122070312,59.48752212524414,11033100,-0.00012951775730130066,1114,2015-06-09,77.69999694824219,78.19000244140625,77.19000244140625,77.22000122070312,59.48752212524414,11033100,-0.00012951775730130066
1115,2015-06-10,78.16999816894531,78.38999938964844,77.9000015258789,78.16999816894531,60.21937561035156,9785400,0.012302638586401127,1115,2015-06-10,78.16999816894531,78.38999938964844,77.9000015258789,78.16999816894531,60.21937561035156,9785400,0.012302638586401127,1115,2015-06-10,78.16999816894531,78.38999938964844,77.9000015258789,78.16999816894531,60.21937561035156,9785400,0.012302638586401127,1115,2015-06-10,78.16999816894531,78.38999938964844,77.9000015258789,78.16999816894531,60.21937561035156,9785400,0.012302638586401127,1115,2015-06-10,78.16999816894531,78.38999938964844,77.9000015258789,78.16999816894531,60.21937561035156,9785400,0.012302638586401127
1116,2015-06-11,78.30999755859375,78.44000244140625,77.75,77.81999969482422,59.94973373413086,8416500,-0.004477659781220833,1116,2015-06-11,78.30999755859375,78.44000244140625,77.75,77.81999969482422,59.94973373413086,8416500,-0.004477659781220833,1116,2015-06-11,78.30999755859375,78.44000244140625,77.75,77.81999969482422,59.94973373413086,8416500,-0.004477659781220833,1116,2015-06-11,78.30999755859375,78.44000244140625,77.75,77.81999969482422,59.94973373413086,8416500,-0.004477659781220833,1116,2015-06-11,78.30999755859375,78.44000244140625,77.75,77.81999969482422,59.94973373413086,8416500,-0.004477659781220833
1117,2015-06-12,77.37999725341797,77.44000244140625,76.81999969482422,76.94999694824219,59.27952194213867,10504500,-0.011179562447507951,1117,2015-06-12,77.37999725341797,77.44000244140625,76.81999969482422,76.94999694824219,59.27952194213867,10504500,-0.011179562447507951,1117,2015-06-12,77.37999725341797,77.44000244140625,76.81999969482422,76.94999694824219,59.27952194213867,10504500,-0.011179562447507951,1117,2015-06-12,77.37999725341797,77.44000244140625,76.81999969482422,76.94999694824219,59.27952194213867,10504500,-0.011179562447507951,1117,2015-06-12,77.37999725341797,77.44000244140625,76.81999969482422,76.94999694824219,59.27952194213867,10504500,-0.011179562447507951
1118,2015-06-15,76.41999816894531,77.18000030517578,76.19000244140625,76.7699966430664,59.140838623046875,8075500,-0.002339481064424942,1118,2015-06-15,76.41999816894531,77.18000030517578,76.19000244140625,76.7699966430664,59.140838623046875,8075500,-0.002339481064424942,1118,2015-06-15,76.41999816894531,77.18000030517578,76.19000244140625,76.7699966430664,59.140838623046875,8075500,-0.002339481064424942,1118,2015-06-15,76.41999816894531,77.18000030517578,76.19000244140625,76.7699966430664,59.140838623046875,8075500,-0.002339481064424942,1118,2015-06-15,76.41999816894531,77.18000030517578,76.19000244140625,76.7699966430664,59.140838623046875,8075500,-0.002339481064424942
1119,2015-06-16,76.91000366210938,77.38999938964844,76.54000091552734,77.37000274658203,59.603057861328125,9017600,0.00781556787226756,1119,2015-06-16,76.91000366210938,77.38999938964844,76.54000091552734,77.37000274658203,59.603057861328125,9017600,0.00781556787226756,1119,2015-06-16,76.91000366210938,77.38999938964844,76.54000091552734,77.37000274658203,59.603057861328125,9017600,0.00781556787226756,1119,2015-06-16,76.91000366210938,77.38999938964844,76.54000091552734,77.37000274658203,59.603057861328125,9017600,0.00781556787226756,1119,2015-06-16,76.91000366210938,77.38999938964844,76.54000091552734,77.37000274658203,59.603057861328125,9017600,0.00781556787226756
1120,2015-06-17,77.77999877929688,78.12000274658203,76.79000091552734,77.18000030517578,59.45668411254883,10413700,-0.00245580938346901,1120,2015-06-17,77.77999877929688,78.12000274658203,76.79000091552734,77.18000030517578,59.45668411254883,10413700,-0.00245580938346901,1120,2015-06-17,77.77999877929688,78.12000274658203,76.79000091552734,77.18000030517578,59.45668411254883,10413700,-0.00245580938346901,1120,2015-06-17,77.77999877929688,78.12000274658203,76.79000091552734,77.18000030517578,59.45668411254883,10413700,-0.00245580938346901,1120,2015-06-17,77.77999877929688,78.12000274658203,76.79000091552734,77.18000030517578,59.45668411254883,10413700,-0.00245580938346901
1121,2015-06-18,77.41999816894531,77.7699966430664,77.05999755859375,77.12999725341797,59.4182014465332,12672600,-0.0006472386845990385,1121,2015-06-18,77.41999816894531,77.7699966430664,77.05999755859375,77.12999725341797,59.4182014465332,12672600,-0.0006472386845990385,1121,2015-06-18,77.41999816894531,77.7699966430664,77.05999755859375,77.12999725341797,59.4182014465332,12672600,-0.0006472386845990385,1121,2015-06-18,77.41999816894531,77.7699966430664,77.05999755859375,77.12999725341797,59.4182014465332,12672600,-0.0006472386845990385,1121,2015-06-18,77.41999816894531,77.7699966430664,77.05999755859375,77.12999725341797,59.4182014465332,12672600,-0.0006472386845990385
1122,2015-06-19,76.29000091552734,76.5999984741211,75.87999725341797,75.91000366210938,58.8668212890625,17234900,-0.009279650747538337,1122,2015-06-19,76.29000091552734,76.5999984741211,75.87999725341797,75.91000366210938,58.8668212890625,17234900,-0.009279650747538337,1122,2015-06-19,76.29000091552734,76.5999984741211,75.87999725341797,75.91000366210938,58.8668212890625,17234900,-0.009279650747538337,1122,2015-06-19,76.29000091552734,76.5999984741211,75.87999725341797,75.91000366210938,58.8668212890625,17234900,-0.009279650747538337,1122,2015-06-19,76.29000091552734,76.5999984741211,75.87999725341797,75.91000366210938,58.8668212890625,17234900,-0.009279650747538337
1123,2015-06-22,76.5999984741211,76.91000366210938,76.26000213623047,76.83999633789062,59.58800506591797,10577400,0.012251107857754517,1123,2015-06-22,76.5999984741211,76.91000366210938,76.26000213623047,76.83999633789062,59.58800506591797,10577400,0.012251107857754517,1123,2015-06-22,76.5999984741211,76.91000366210938,76.26000213623047,76.83999633789062,59.58800506591797,10577400,0.012251107857754517,1123,2015-06-22,76.5999984741211,76.91000366210938,76.26000213623047,76.83999633789062,59.58800506591797,10577400,0.012251107857754517,1123,2015-06-22,76.5999984741211,76.91000366210938,76.26000213623047,76.83999633789062,59.58800506591797,10577400,0.012251107857754517
1124,2015-06-23,76.7300033569336,77.2300033569336,76.6500015258789,77.08999633789062,59.78187942504883,7117700,0.003253580295504044,1124,2015-06-23,76.7300033569336,77.2300033569336,76.6500015258789,77.08999633789062,59.78187942504883,7117700,0.003253580295504044,1124,2015-06-23,76.7300033569336,77.2300033569336,76.6500015258789,77.08999633789062,59.78187942504883,7117700,0.003253580295504044,1124,2015-06-23,76.7300033569336,77.2300033569336,76.6500015258789,77.08999633789062,59.78187942504883,7117700,0.003253580295504044,1124,2015-06-23,76.7300033569336,77.2300033569336,76.6500015258789,77.08999633789062,59.78187942504883,7117700,0.003253580295504044
1125,2015-06-24,76.91999816894531,77.36000061035156,76.58000183105469,76.61000061035156,59.409637451171875,6798300,-0.006226668974896432,1125,2015-06-24,76.91999816894531,77.36000061035156,76.58000183105469,76.61000061035156,59.409637451171875,6798300,-0.006226668974896432,1125,2015-06-24,76.91999816894531,77.36000061035156,76.58000183105469,76.61000061035156,59.409637451171875,6798300,-0.006226668974896432,1125,2015-06-24,76.91999816894531,77.36000061035156,76.58000183105469,76.61000061035156,59.409637451171875,6798300,-0.006226668974896432,1125,2015-06-24,76.91999816894531,77.36000061035156,76.58000183105469,76.61000061035156,59.409637451171875,6798300,-0.006226668974896432
1126,2015-06-25,76.58999633789062,76.68000030517578,75.80999755859375,75.83000183105469,58.80475997924805,8685700,-0.01018147051344942,1126,2015-06-25,76.58999633789062,76.68000030517578,75.80999755859375,75.83000183105469,58.80475997924805,8685700,-0.01018147051344942,1126,2015-06-25,76.58999633789062,76.68000030517578,75.80999755859375,75.83000183105469,58.80475997924805,8685700,-0.01018147051344942,1126,2015-06-25,76.58999633789062,76.68000030517578,75.80999755859375,75.83000183105469,58.80475997924805,8685700,-0.01018147051344942,1126,2015-06-25,76.58999633789062,76.68000030517578,75.80999755859375,75.83000183105469,58.80475997924805,8685700,-0.01018147051344942
1127,2015-06-26,75.76000213623047,76.0999984741211,75.33999633789062,76.08000183105469,58.9986457824707,11772300,0.003297110698029959,1127,2015-06-26,75.76000213623047,76.0999984741211,75.33999633789062,76.08000183105469,58.9986457824707,11772300,0.003297110698029959,1127,2015-06-26,75.76000213623047,76.0999984741211,75.33999633789062,76.08000183105469,58.9986457824707,11772300,0.003297110698029959,1127,2015-06-26,75.76000213623047,76.0999984741211,75.33999633789062,76.08000183105469,58.9986457824707,11772300,0.003297110698029959,1127,2015-06-26,75.76000213623047,76.0999984741211,75.33999633789062,76.08000183105469,58.9986457824707,11772300,0.003297110698029959
1128,2015-06-29,75.12000274658203,75.5999984741211,74.58000183105469,74.63999938964844,57.8819465637207,13897200,-0.01892753984332618,1128,2015-06-29,75.12000274658203,75.5999984741211,74.58000183105469,74.63999938964844,57.8819465637207,13897200,-0.01892753984332618,1128,2015-06-29,75.12000274658203,75.5999984741211,74.58000183105469,74.63999938964844,57.8819465637207,13897200,-0.01892753984332618,1128,2015-06-29,75.12000274658203,75.5999984741211,74.58000183105469,74.63999938964844,57.8819465637207,13897200,-0.01892753984332618,1128,2015-06-29,75.12000274658203,75.5999984741211,74.58000183105469,74.63999938964844,57.8819465637207,13897200,-0.01892753984332618
1129,2015-06-30,75.33000183105469,75.44999694824219,74.68000030517578,75.16000366210938,58.28521728515625,15170600,0.006967124386385359,1129,2015-06-30,75.33000183105469,75.44999694824219,74.68000030517578,75.16000366210938,58.28521728515625,15170600,0.006967124386385359,1129,2015-06-30,75.33000183105469,75.44999694824219,74.68000030517578,75.16000366210938,58.28521728515625,15170600,0.006967124386385359,1129,2015-06-30,75.33000183105469,75.44999694824219,74.68000030517578,75.16000366210938,58.28521728515625,15170600,0.006967124386385359,1129,2015-06-30,75.33000183105469,75.44999694824219,74.68000030517578,75.16000366210938,58.28521728515625,15170600,0.006967124386385359
1130,2015-07-01,75.30999755859375,75.33999633789062,73.9000015258789,74.19999694824219,57.54073715209961,13910100,-0.012773052374744132,1130,2015-07-01,75.30999755859375,75.33999633789062,73.9000015258789,74.19999694824219,57.54073715209961,13910100,-0.012773052374744132,1130,2015-07-01,75.30999755859375,75.33999633789062,73.9000015258789,74.19999694824219,57.54073715209961,13910100,-0.012773052374744132,1130,2015-07-01,75.30999755859375,75.33999633789062,73.9000015258789,74.19999694824219,57.54073715209961,13910100,-0.012773052374744132,1130,2015-07-01,75.30999755859375,75.33999633789062,73.9000015258789,74.19999694824219,57.54073715209961,13910100,-0.012773052374744132
1131,2015-07-02,74.4000015258789,74.93000030517578,74.33999633789062,74.52999877929688,57.7966423034668,9700200,0.004447373531047072,1131,2015-07-02,74.4000015258789,74.93000030517578,74.33999633789062,74.52999877929688,57.7966423034668,9700200,0.004447373531047072,1131,2015-07-02,74.4000015258789,74.93000030517578,74.33999633789062,74.52999877929688,57.7966423034668,9700200,0.004447373531047072,1131,2015-07-02,74.4000015258789,74.93000030517578,74.33999633789062,74.52999877929688,57.7966423034668,9700200,0.004447373531047072,1131,2015-07-02,74.4000015258789,74.93000030517578,74.33999633789062,74.52999877929688,57.7966423034668,9700200,0.004447373531047072
1132,2015-07-06,73.55000305175781,74.26000213623047,73.23999786376953,73.55000305175781,57.03667449951172,13509100,-0.013148995749005521,1132,2015-07-06,73.55000305175781,74.26000213623047,73.23999786376953,73.55000305175781,57.03667449951172,13509100,-0.013148995749005521,1132,2015-07-06,73.55000305175781,74.26000213623047,73.23999786376953,73.55000305175781,57.03667449951172,13509100,-0.013148995749005521,1132,2015-07-06,73.55000305175781,74.26000213623047,73.23999786376953,73.55000305175781,57.03667449951172,13509100,-0.013148995749005521,1132,2015-07-06,73.55000305175781,74.26000213623047,73.23999786376953,73.55000305175781,57.03667449951172,13509100,-0.013148995749005521
1133,2015-07-07,73.26000213623047,74.4800033569336,72.43000030517578,74.22000122070312,57.556251525878906,20686100,0.009109525247157135,1133,2015-07-07,73.26000213623047,74.4800033569336,72.43000030517578,74.22000122070312,57.556251525878906,20686100,0.009109525247157135,1133,2015-07-07,73.26000213623047,74.4800033569336,72.43000030517578,74.22000122070312,57.556251525878906,20686100,0.009109525247157135,1133,2015-07-07,73.26000213623047,74.4800033569336,72.43000030517578,74.22000122070312,57.556251525878906,20686100,0.009109525247157135,1133,2015-07-07,73.26000213623047,74.4800033569336,72.43000030517578,74.22000122070312,57.556251525878906,20686100,0.009109525247157135
1134,2015-07-08,73.70999908447266,74.22000122070312,72.41999816894531,72.72000122070312,56.39301681518555,16521300,-0.020210397304458505,1134,2015-07-08,73.70999908447266,74.22000122070312,72.41999816894531,72.72000122070312,56.39301681518555,16521300,-0.020210397304458505,1134,2015-07-08,73.70999908447266,74.22000122070312,72.41999816894531,72.72000122070312,56.39301681518555,16521300,-0.020210397304458505,1134,2015-07-08,73.70999908447266,74.22000122070312,72.41999816894531,72.72000122070312,56.39301681518555,16521300,-0.020210397304458505,1134,2015-07-08,73.70999908447266,74.22000122070312,72.41999816894531,72.72000122070312,56.39301681518555,16521300,-0.020210397304458505
1135,2015-07-09,73.72000122070312,74.02999877929688,73.08999633789062,73.08999633789062,56.67993927001953,11956000,0.0050879075289465,1135,2015-07-09,73.72000122070312,74.02999877929688,73.08999633789062,73.08999633789062,56.67993927001953,11956000,0.0050879075289465,1135,2015-07-09,73.72000122070312,74.02999877929688,73.08999633789062,73.08999633789062,56.67993927001953,11956000,0.0050879075289465,1135,2015-07-09,73.72000122070312,74.02999877929688,73.08999633789062,73.08999633789062,56.67993927001953,11956000,0.0050879075289465,1135,2015-07-09,73.72000122070312,74.02999877929688,73.08999633789062,73.08999633789062,56.67993927001953,11956000,0.0050879075289465
1136,2015-07-10,73.52999877929688,73.98999786376953,73.12999725341797,73.48999786376953,56.99014663696289,13250400,0.005472965760699777,1136,2015-07-10,73.52999877929688,73.98999786376953,73.12999725341797,73.48999786376953,56.99014663696289,13250400,0.005472965760699777,1136,2015-07-10,73.52999877929688,73.98999786376953,73.12999725341797,73.48999786376953,56.99014663696289,13250400,0.005472965760699777,1136,2015-07-10,73.52999877929688,73.98999786376953,73.12999725341797,73.48999786376953,56.99014663696289,13250400,0.005472965760699777,1136,2015-07-10,73.52999877929688,73.98999786376953,73.12999725341797,73.48999786376953,56.99014663696289,13250400,0.005472965760699777
1137,2015-07-13,73.73999786376953,74.19000244140625,73.54000091552734,74.01000213623047,57.393394470214844,14358800,0.007075746546516326,1137,2015-07-13,73.73999786376953,74.19000244140625,73.54000091552734,74.01000213623047,57.393394470214844,14358800,0.007075746546516326,1137,2015-07-13,73.73999786376953,74.19000244140625,73.54000091552734,74.01000213623047,57.393394470214844,14358800,0.007075746546516326,1137,2015-07-13,73.73999786376953,74.19000244140625,73.54000091552734,74.01000213623047,57.393394470214844,14358800,0.007075746546516326,1137,2015-07-13,73.73999786376953,74.19000244140625,73.54000091552734,74.01000213623047,57.393394470214844,14358800,0.007075746546516326
1138,2015-07-14,73.80000305175781,74.83999633789062,73.7699966430664,74.54000091552734,57.80440139770508,12654200,0.007161223539470685,1138,2015-07-14,73.80000305175781,74.83999633789062,73.7699966430664,74.54000091552734,57.80440139770508,12654200,0.007161223539470685,1138,2015-07-14,73.80000305175781,74.83999633789062,73.7699966430664,74.54000091552734,57.80440139770508,12654200,0.007161223539470685,1138,2015-07-14,73.80000305175781,74.83999633789062,73.7699966430664,74.54000091552734,57.80440139770508,12654200,0.007161223539470685,1138,2015-07-14,73.80000305175781,74.83999633789062,73.7699966430664,74.54000091552734,57.80440139770508,12654200,0.007161223539470685
1139,2015-07-15,74.16000366210938,74.52999877929688,72.97000122070312,73.2300033569336,56.78852844238281,12708300,-0.01757431840411028,1139,2015-07-15,74.16000366210938,74.52999877929688,72.97000122070312,73.2300033569336,56.78852844238281,12708300,-0.01757431840411028,1139,2015-07-15,74.16000366210938,74.52999877929688,72.97000122070312,73.2300033569336,56.78852844238281,12708300,-0.01757431840411028,1139,2015-07-15,74.16000366210938,74.52999877929688,72.97000122070312,73.2300033569336,56.78852844238281,12708300,-0.01757431840411028,1139,2015-07-15,74.16000366210938,74.52999877929688,72.97000122070312,73.2300033569336,56.78852844238281,12708300,-0.01757431840411028
1140,2015-07-16,73.6500015258789,73.87000274658203,73.19000244140625,73.33000183105469,56.86606979370117,7860700,0.0013654404057508174,1140,2015-07-16,73.6500015258789,73.87000274658203,73.19000244140625,73.33000183105469,56.86606979370117,7860700,0.0013654404057508174,1140,2015-07-16,73.6500015258789,73.87000274658203,73.19000244140625,73.33000183105469,56.86606979370117,7860700,0.0013654404057508174,1140,2015-07-16,73.6500015258789,73.87000274658203,73.19000244140625,73.33000183105469,56.86606979370117,7860700,0.0013654404057508174,1140,2015-07-16,73.6500015258789,73.87000274658203,73.19000244140625,73.33000183105469,56.86606979370117,7860700,0.0013654404057508174
1141,2015-07-17,73.26000213623047,73.33000183105469,72.19999694824219,72.44000244140625,56.17588806152344,14096000,-0.0121369691044515,1141,2015-07-17,73.26000213623047,73.33000183105469,72.19999694824219,72.44000244140625,56.17588806152344,14096000,-0.0121369691044515,1141,2015-07-17,73.26000213623047,73.33000183105469,72.19999694824219,72.44000244140625,56.17588806152344,14096000,-0.0121369691044515,1141,2015-07-17,73.26000213623047,73.33000183105469,72.19999694824219,72.44000244140625,56.17588806152344,14096000,-0.0121369691044515,1141,2015-07-17,73.26000213623047,73.33000183105469,72.19999694824219,72.44000244140625,56.17588806152344,14096000,-0.0121369691044515
1142,2015-07-20,72.56999969482422,72.58000183105469,71.38999938964844,71.4800033569336,55.43143844604492,13833400,-0.013252120102902554,1142,2015-07-20,72.56999969482422,72.58000183105469,71.38999938964844,71.4800033569336,55.43143844604492,13833400,-0.013252120102902554,1142,2015-07-20,72.56999969482422,72.58000183105469,71.38999938964844,71.4800033569336,55.43143844604492,13833400,-0.013252120102902554,1142,2015-07-20,72.56999969482422,72.58000183105469,71.38999938964844,71.4800033569336,55.43143844604492,13833400,-0.013252120102902554,1142,2015-07-20,72.56999969482422,72.58000183105469,71.38999938964844,71.4800033569336,55.43143844604492,13833400,-0.013252120102902554
1143,2015-07-21,71.6500015258789,72.22000122070312,71.29000091552734,71.51000213623047,55.4547004699707,10619000,0.00041965398297261203,1143,2015-07-21,71.6500015258789,72.22000122070312,71.29000091552734,71.51000213623047,55.4547004699707,10619000,0.00041965398297261203,1143,2015-07-21,71.6500015258789,72.22000122070312,71.29000091552734,71.51000213623047,55.4547004699707,10619000,0.00041965398297261203,1143,2015-07-21,71.6500015258789,72.22000122070312,71.29000091552734,71.51000213623047,55.4547004699707,10619000,0.00041965398297261203,1143,2015-07-21,71.6500015258789,72.22000122070312,71.29000091552734,71.51000213623047,55.4547004699707,10619000,0.00041965398297261203
1144,2015-07-22,71.22000122070312,71.6500015258789,70.77999877929688,70.93000030517578,55.00489807128906,15209300,-0.008111168122262535,1144,2015-07-22,71.22000122070312,71.6500015258789,70.77999877929688,70.93000030517578,55.00489807128906,15209300,-0.008111168122262535,1144,2015-07-22,71.22000122070312,71.6500015258789,70.77999877929688,70.93000030517578,55.00489807128906,15209300,-0.008111168122262535,1144,2015-07-22,71.22000122070312,71.6500015258789,70.77999877929688,70.93000030517578,55.00489807128906,15209300,-0.008111168122262535,1144,2015-07-22,71.22000122070312,71.6500015258789,70.77999877929688,70.93000030517578,55.00489807128906,15209300,-0.008111168122262535
1145,2015-07-23,71.0,71.44999694824219,70.33000183105469,70.87000274658203,54.958396911621094,11284600,-0.000845400342487701,1145,2015-07-23,71.0,71.44999694824219,70.33000183105469,70.87000274658203,54.958396911621094,11284600,-0.000845400342487701,1145,2015-07-23,71.0,71.44999694824219,70.33000183105469,70.87000274658203,54.958396911621094,11284600,-0.000845400342487701,1145,2015-07-23,71.0,71.44999694824219,70.33000183105469,70.87000274658203,54.958396911621094,11284600,-0.000845400342487701,1145,2015-07-23,71.0,71.44999694824219,70.33000183105469,70.87000274658203,54.958396911621094,11284600,-0.000845400342487701
1146,2015-07-24,70.87000274658203,70.9000015258789,69.25,69.51000213623047,53.90373611450195,12554100,-0.019190166678535903,1146,2015-07-24,70.87000274658203,70.9000015258789,69.25,69.51000213623047,53.90373611450195,12554100,-0.019190166678535903,1146,2015-07-24,70.87000274658203,70.9000015258789,69.25,69.51000213623047,53.90373611450195,12554100,-0.019190166678535903,1146,2015-07-24,70.87000274658203,70.9000015258789,69.25,69.51000213623047,53.90373611450195,12554100,-0.019190166678535903,1146,2015-07-24,70.87000274658203,70.9000015258789,69.25,69.51000213623047,53.90373611450195,12554100,-0.019190166678535903
1147,2015-07-27,68.62000274658203,69.31999969482422,68.20999908447266,68.51000213623047,53.12825012207031,17196700,-0.014386498011647264,1147,2015-07-27,68.62000274658203,69.31999969482422,68.20999908447266,68.51000213623047,53.12825012207031,17196700,-0.014386498011647264,1147,2015-07-27,68.62000274658203,69.31999969482422,68.20999908447266,68.51000213623047,53.12825012207031,17196700,-0.014386498011647264,1147,2015-07-27,68.62000274658203,69.31999969482422,68.20999908447266,68.51000213623047,53.12825012207031,17196700,-0.014386498011647264,1147,2015-07-27,68.62000274658203,69.31999969482422,68.20999908447266,68.51000213623047,53.12825012207031,17196700,-0.014386498011647264
1148,2015-07-28,68.61000061035156,70.8499984741211,68.55999755859375,70.47000122070312,54.648197174072266,18938600,0.028609017773211898,1148,2015-07-28,68.61000061035156,70.8499984741211,68.55999755859375,70.47000122070312,54.648197174072266,18938600,0.028609017773211898,1148,2015-07-28,68.61000061035156,70.8499984741211,68.55999755859375,70.47000122070312,54.648197174072266,18938600,0.028609017773211898,1148,2015-07-28,68.61000061035156,70.8499984741211,68.55999755859375,70.47000122070312,54.648197174072266,18938600,0.028609017773211898,1148,2015-07-28,68.61000061035156,70.8499984741211,68.55999755859375,70.47000122070312,54.648197174072266,18938600,0.028609017773211898
1149,2015-07-29,70.29000091552734,71.5,70.06999969482422,71.43000030517578,55.39265060424805,23427300,0.01362265305485666,1149,2015-07-29,70.29000091552734,71.5,70.06999969482422,71.43000030517578,55.39265060424805,23427300,0.01362265305485666,1149,2015-07-29,70.29000091552734,71.5,70.06999969482422,71.43000030517578,55.39265060424805,23427300,0.01362265305485666,1149,2015-07-29,70.29000091552734,71.5,70.06999969482422,71.43000030517578,55.39265060424805,23427300,0.01362265305485666,1149,2015-07-29,70.29000091552734,71.5,70.06999969482422,71.43000030517578,55.39265060424805,23427300,0.01362265305485666
1150,2015-07-30,71.27999877929688,71.48999786376953,70.62000274658203,70.93000030517578,55.00489807128906,12627200,-0.0070000718277462015,1150,2015-07-30,71.27999877929688,71.48999786376953,70.62000274658203,70.93000030517578,55.00489807128906,12627200,-0.0070000718277462015,1150,2015-07-30,71.27999877929688,71.48999786376953,70.62000274658203,70.93000030517578,55.00489807128906,12627200,-0.0070000718277462015,1150,2015-07-30,71.27999877929688,71.48999786376953,70.62000274658203,70.93000030517578,55.00489807128906,12627200,-0.0070000718277462015,1150,2015-07-30,71.27999877929688,71.48999786376953,70.62000274658203,70.93000030517578,55.00489807128906,12627200,-0.0070000718277462015
1151,2015-07-31,70.31999969482422,70.41999816894531,69.2699966430664,69.37999725341797,53.80290985107422,21789400,-0.021852385194078727,1151,2015-07-31,70.31999969482422,70.41999816894531,69.2699966430664,69.37999725341797,53.80290985107422,21789400,-0.021852385194078727,1151,2015-07-31,70.31999969482422,70.41999816894531,69.2699966430664,69.37999725341797,53.80290985107422,21789400,-0.021852385194078727,1151,2015-07-31,70.31999969482422,70.41999816894531,69.2699966430664,69.37999725341797,53.80290985107422,21789400,-0.021852385194078727,1151,2015-07-31,70.31999969482422,70.41999816894531,69.2699966430664,69.37999725341797,53.80290985107422,21789400,-0.021852385194078727
1152,2015-08-03,68.63999938964844,69.06999969482422,67.77999877929688,67.91999816894531,52.67070770263672,16926600,-0.0210435114303561,1152,2015-08-03,68.63999938964844,69.06999969482422,67.77999877929688,67.91999816894531,52.67070770263672,16926600,-0.0210435114303561,1152,2015-08-03,68.63999938964844,69.06999969482422,67.77999877929688,67.91999816894531,52.67070770263672,16926600,-0.0210435114303561,1152,2015-08-03,68.63999938964844,69.06999969482422,67.77999877929688,67.91999816894531,52.67070770263672,16926600,-0.0210435114303561,1152,2015-08-03,68.63999938964844,69.06999969482422,67.77999877929688,67.91999816894531,52.67070770263672,16926600,-0.0210435114303561
1153,2015-08-04,68.22000122070312,68.75,67.4000015258789,67.69000244140625,52.49234390258789,12762500,-0.003386394598223652,1153,2015-08-04,68.22000122070312,68.75,67.4000015258789,67.69000244140625,52.49234390258789,12762500,-0.003386394598223652,1153,2015-08-04,68.22000122070312,68.75,67.4000015258789,67.69000244140625,52.49234390258789,12762500,-0.003386394598223652,1153,2015-08-04,68.22000122070312,68.75,67.4000015258789,67.69000244140625,52.49234390258789,12762500,-0.003386394598223652,1153,2015-08-04,68.22000122070312,68.75,67.4000015258789,67.69000244140625,52.49234390258789,12762500,-0.003386394598223652
1154,2015-08-05,68.22000122070312,68.97000122070312,67.11000061035156,67.18000030517578,52.096858978271484,18473800,-0.007534144885020244,1154,2015-08-05,68.22000122070312,68.97000122070312,67.11000061035156,67.18000030517578,52.096858978271484,18473800,-0.007534144885020244,1154,2015-08-05,68.22000122070312,68.97000122070312,67.11000061035156,67.18000030517578,52.096858978271484,18473800,-0.007534144885020244,1154,2015-08-05,68.22000122070312,68.97000122070312,67.11000061035156,67.18000030517578,52.096858978271484,18473800,-0.007534144885020244,1154,2015-08-05,68.22000122070312,68.97000122070312,67.11000061035156,67.18000030517578,52.096858978271484,18473800,-0.007534144885020244
1155,2015-08-06,66.77999877929688,68.43000030517578,66.29000091552734,68.25,52.92661666870117,23259600,0.015927211480748937,1155,2015-08-06,66.77999877929688,68.43000030517578,66.29000091552734,68.25,52.92661666870117,23259600,0.015927211480748937,1155,2015-08-06,66.77999877929688,68.43000030517578,66.29000091552734,68.25,52.92661666870117,23259600,0.015927211480748937,1155,2015-08-06,66.77999877929688,68.43000030517578,66.29000091552734,68.25,52.92661666870117,23259600,0.015927211480748937,1155,2015-08-06,66.77999877929688,68.43000030517578,66.29000091552734,68.25,52.92661666870117,23259600,0.015927211480748937
1156,2015-08-07,67.97000122070312,68.51000213623047,66.79000091552734,67.02999877929688,51.980533599853516,17081700,-0.017875374025317914,1156,2015-08-07,67.97000122070312,68.51000213623047,66.79000091552734,67.02999877929688,51.980533599853516,17081700,-0.017875374025317914,1156,2015-08-07,67.97000122070312,68.51000213623047,66.79000091552734,67.02999877929688,51.980533599853516,17081700,-0.017875374025317914,1156,2015-08-07,67.97000122070312,68.51000213623047,66.79000091552734,67.02999877929688,51.980533599853516,17081700,-0.017875374025317914,1156,2015-08-07,67.97000122070312,68.51000213623047,66.79000091552734,67.02999877929688,51.980533599853516,17081700,-0.017875374025317914
1157,2015-08-10,67.16999816894531,69.22000122070312,67.16999816894531,69.16999816894531,53.64006805419922,19444400,0.0319260757713804,1157,2015-08-10,67.16999816894531,69.22000122070312,67.16999816894531,69.16999816894531,53.64006805419922,19444400,0.0319260757713804,1157,2015-08-10,67.16999816894531,69.22000122070312,67.16999816894531,69.16999816894531,53.64006805419922,19444400,0.0319260757713804,1157,2015-08-10,67.16999816894531,69.22000122070312,67.16999816894531,69.16999816894531,53.64006805419922,19444400,0.0319260757713804,1157,2015-08-10,67.16999816894531,69.22000122070312,67.16999816894531,69.16999816894531,53.64006805419922,19444400,0.0319260757713804
1158,2015-08-11,67.79000091552734,69.37000274658203,67.66000366210938,69.30000305175781,53.740882873535156,21053900,0.001879468520324723,1158,2015-08-11,67.79000091552734,69.37000274658203,67.66000366210938,69.30000305175781,53.740882873535156,21053900,0.001879468520324723,1158,2015-08-11,67.79000091552734,69.37000274658203,67.66000366210938,69.30000305175781,53.740882873535156,21053900,0.001879468520324723,1158,2015-08-11,67.79000091552734,69.37000274658203,67.66000366210938,69.30000305175781,53.740882873535156,21053900,0.001879468520324723,1158,2015-08-11,67.79000091552734,69.37000274658203,67.66000366210938,69.30000305175781,53.740882873535156,21053900,0.001879468520324723
1159,2015-08-12,69.05999755859375,70.73999786376953,68.66000366210938,70.55999755859375,54.717979431152344,23483000,0.018181624591403267,1159,2015-08-12,69.05999755859375,70.73999786376953,68.66000366210938,70.55999755859375,54.717979431152344,23483000,0.018181624591403267,1159,2015-08-12,69.05999755859375,70.73999786376953,68.66000366210938,70.55999755859375,54.717979431152344,23483000,0.018181624591403267,1159,2015-08-12,69.05999755859375,70.73999786376953,68.66000366210938,70.55999755859375,54.717979431152344,23483000,0.018181624591403267,1159,2015-08-12,69.05999755859375,70.73999786376953,68.66000366210938,70.55999755859375,54.717979431152344,23483000,0.018181624591403267
1160,2015-08-13,70.0999984741211,70.36000061035156,69.4000015258789,69.48999786376953,53.888214111328125,19813600,-0.015164399863636269,1160,2015-08-13,70.0999984741211,70.36000061035156,69.4000015258789,69.48999786376953,53.888214111328125,19813600,-0.015164399863636269,1160,2015-08-13,70.0999984741211,70.36000061035156,69.4000015258789,69.48999786376953,53.888214111328125,19813600,-0.015164399863636269,1160,2015-08-13,70.0999984741211,70.36000061035156,69.4000015258789,69.48999786376953,53.888214111328125,19813600,-0.015164399863636269,1160,2015-08-13,70.0999984741211,70.36000061035156,69.4000015258789,69.48999786376953,53.888214111328125,19813600,-0.015164399863636269
1161,2015-08-14,69.63999938964844,70.12000274658203,69.18000030517578,69.33999633789062,53.77189254760742,12121200,-0.0021585715102822034,1161,2015-08-14,69.63999938964844,70.12000274658203,69.18000030517578,69.33999633789062,53.77189254760742,12121200,-0.0021585715102822034,1161,2015-08-14,69.63999938964844,70.12000274658203,69.18000030517578,69.33999633789062,53.77189254760742,12121200,-0.0021585715102822034,1161,2015-08-14,69.63999938964844,70.12000274658203,69.18000030517578,69.33999633789062,53.77189254760742,12121200,-0.0021585715102822034,1161,2015-08-14,69.63999938964844,70.12000274658203,69.18000030517578,69.33999633789062,53.77189254760742,12121200,-0.0021585715102822034
1162,2015-08-17,69.0,69.83000183105469,68.7699966430664,69.48999786376953,53.888214111328125,9532100,0.0021632410207195196,1162,2015-08-17,69.0,69.83000183105469,68.7699966430664,69.48999786376953,53.888214111328125,9532100,0.0021632410207195196,1162,2015-08-17,69.0,69.83000183105469,68.7699966430664,69.48999786376953,53.888214111328125,9532100,0.0021632410207195196,1162,2015-08-17,69.0,69.83000183105469,68.7699966430664,69.48999786376953,53.888214111328125,9532100,0.0021632410207195196,1162,2015-08-17,69.0,69.83000183105469,68.7699966430664,69.48999786376953,53.888214111328125,9532100,0.0021632410207195196
1163,2015-08-18,69.36000061035156,69.54000091552734,68.88999938964844,69.2300033569336,53.686607360839844,11063400,-0.0037412030406459573,1163,2015-08-18,69.36000061035156,69.54000091552734,68.88999938964844,69.2300033569336,53.686607360839844,11063400,-0.0037412030406459573,1163,2015-08-18,69.36000061035156,69.54000091552734,68.88999938964844,69.2300033569336,53.686607360839844,11063400,-0.0037412030406459573,1163,2015-08-18,69.36000061035156,69.54000091552734,68.88999938964844,69.2300033569336,53.686607360839844,11063400,-0.0037412030406459573,1163,2015-08-18,69.36000061035156,69.54000091552734,68.88999938964844,69.2300033569336,53.686607360839844,11063400,-0.0037412030406459573
1164,2015-08-19,68.8499984741211,68.95999908447266,67.0,67.31999969482422,52.20542907714844,20183000,-0.02758934409351055,1164,2015-08-19,68.8499984741211,68.95999908447266,67.0,67.31999969482422,52.20542907714844,20183000,-0.02758934409351055,1164,2015-08-19,68.8499984741211,68.95999908447266,67.0,67.31999969482422,52.20542907714844,20183000,-0.02758934409351055,1164,2015-08-19,68.8499984741211,68.95999908447266,67.0,67.31999969482422,52.20542907714844,20183000,-0.02758934409351055,1164,2015-08-19,68.8499984741211,68.95999908447266,67.0,67.31999969482422,52.20542907714844,20183000,-0.02758934409351055
1165,2015-08-20,67.13999938964844,67.5999984741211,65.79000091552734,65.80000305175781,51.02668762207031,25336600,-0.022578905602637533,1165,2015-08-20,67.13999938964844,67.5999984741211,65.79000091552734,65.80000305175781,51.02668762207031,25336600,-0.022578905602637533,1165,2015-08-20,67.13999938964844,67.5999984741211,65.79000091552734,65.80000305175781,51.02668762207031,25336600,-0.022578905602637533,1165,2015-08-20,67.13999938964844,67.5999984741211,65.79000091552734,65.80000305175781,51.02668762207031,25336600,-0.022578905602637533,1165,2015-08-20,67.13999938964844,67.5999984741211,65.79000091552734,65.80000305175781,51.02668762207031,25336600,-0.022578905602637533
1166,2015-08-21,65.13999938964844,65.8499984741211,63.459999084472656,63.5,49.24308776855469,25420200,-0.034954255050335115,1166,2015-08-21,65.13999938964844,65.8499984741211,63.459999084472656,63.5,49.24308776855469,25420200,-0.034954255050335115,1166,2015-08-21,65.13999938964844,65.8499984741211,63.459999084472656,63.5,49.24308776855469,25420200,-0.034954255050335115,1166,2015-08-21,65.13999938964844,65.8499984741211,63.459999084472656,63.5,49.24308776855469,25420200,-0.034954255050335115,1166,2015-08-21,65.13999938964844,65.8499984741211,63.459999084472656,63.5,49.24308776855469,25420200,-0.034954255050335115
1167,2015-08-24,59.790000915527344,62.58000183105469,58.7400016784668,60.09000015258789,46.59869384765625,43001100,-0.053700814484405224,1167,2015-08-24,59.790000915527344,62.58000183105469,58.7400016784668,60.09000015258789,46.59869384765625,43001100,-0.053700814484405224,1167,2015-08-24,59.790000915527344,62.58000183105469,58.7400016784668,60.09000015258789,46.59869384765625,43001100,-0.053700814484405224,1167,2015-08-24,59.790000915527344,62.58000183105469,58.7400016784668,60.09000015258789,46.59869384765625,43001100,-0.053700814484405224,1167,2015-08-24,59.790000915527344,62.58000183105469,58.7400016784668,60.09000015258789,46.59869384765625,43001100,-0.053700814484405224
1168,2015-08-25,62.72999954223633,62.72999954223633,59.16999816894531,59.220001220703125,45.92401885986328,27696600,-0.014478409845534834,1168,2015-08-25,62.72999954223633,62.72999954223633,59.16999816894531,59.220001220703125,45.92401885986328,27696600,-0.014478409845534834,1168,2015-08-25,62.72999954223633,62.72999954223633,59.16999816894531,59.220001220703125,45.92401885986328,27696600,-0.014478409845534834,1168,2015-08-25,62.72999954223633,62.72999954223633,59.16999816894531,59.220001220703125,45.92401885986328,27696600,-0.014478409845534834,1168,2015-08-25,62.72999954223633,62.72999954223633,59.16999816894531,59.220001220703125,45.92401885986328,27696600,-0.014478409845534834
1169,2015-08-26,60.720001220703125,61.33000183105469,59.540000915527344,61.2599983215332,47.50599670410156,39732200,0.034447722205359854,1169,2015-08-26,60.720001220703125,61.33000183105469,59.540000915527344,61.2599983215332,47.50599670410156,39732200,0.034447722205359854,1169,2015-08-26,60.720001220703125,61.33000183105469,59.540000915527344,61.2599983215332,47.50599670410156,39732200,0.034447722205359854,1169,2015-08-26,60.720001220703125,61.33000183105469,59.540000915527344,61.2599983215332,47.50599670410156,39732200,0.034447722205359854,1169,2015-08-26,60.720001220703125,61.33000183105469,59.540000915527344,61.2599983215332,47.50599670410156,39732200,0.034447722205359854
1170,2015-08-27,62.68000030517578,64.44000244140625,62.45000076293945,64.29000091552734,49.85572052001953,32241400,0.04946162545654165,1170,2015-08-27,62.68000030517578,64.44000244140625,62.45000076293945,64.29000091552734,49.85572052001953,32241400,0.04946162545654165,1170,2015-08-27,62.68000030517578,64.44000244140625,62.45000076293945,64.29000091552734,49.85572052001953,32241400,0.04946162545654165,1170,2015-08-27,62.68000030517578,64.44000244140625,62.45000076293945,64.29000091552734,49.85572052001953,32241400,0.04946162545654165,1170,2015-08-27,62.68000030517578,64.44000244140625,62.45000076293945,64.29000091552734,49.85572052001953,32241400,0.04946162545654165
1171,2015-08-28,64.06999969482422,66.41999816894531,64.04000091552734,65.75,50.987911224365234,31463400,0.022709343933582815,1171,2015-08-28,64.06999969482422,66.41999816894531,64.04000091552734,65.75,50.987911224365234,31463400,0.022709343933582815,1171,2015-08-28,64.06999969482422,66.41999816894531,64.04000091552734,65.75,50.987911224365234,31463400,0.022709343933582815,1171,2015-08-28,64.06999969482422,66.41999816894531,64.04000091552734,65.75,50.987911224365234,31463400,0.022709343933582815,1171,2015-08-28,64.06999969482422,66.41999816894531,64.04000091552734,65.75,50.987911224365234,31463400,0.022709343933582815
1172,2015-08-31,65.25,66.86000061035156,64.08000183105469,66.43000030517578,51.51525115966797,36193500,0.010342450252222468,1172,2015-08-31,65.25,66.86000061035156,64.08000183105469,66.43000030517578,51.51525115966797,36193500,0.010342450252222468,1172,2015-08-31,65.25,66.86000061035156,64.08000183105469,66.43000030517578,51.51525115966797,36193500,0.010342450252222468,1172,2015-08-31,65.25,66.86000061035156,64.08000183105469,66.43000030517578,51.51525115966797,36193500,0.010342450252222468,1172,2015-08-31,65.25,66.86000061035156,64.08000183105469,66.43000030517578,51.51525115966797,36193500,0.010342450252222468
1173,2015-09-01,64.5199966430664,65.27999877929688,63.540000915527344,64.08999633789062,49.700618743896484,28712600,-0.035225149347465234,1173,2015-09-01,64.5199966430664,65.27999877929688,63.540000915527344,64.08999633789062,49.700618743896484,28712600,-0.035225149347465234,1173,2015-09-01,64.5199966430664,65.27999877929688,63.540000915527344,64.08999633789062,49.700618743896484,28712600,-0.035225149347465234,1173,2015-09-01,64.5199966430664,65.27999877929688,63.540000915527344,64.08999633789062,49.700618743896484,28712600,-0.035225149347465234,1173,2015-09-01,64.5199966430664,65.27999877929688,63.540000915527344,64.08999633789062,49.700618743896484,28712600,-0.035225149347465234
1174,2015-09-02,65.0,65.0999984741211,63.18000030517578,64.68000030517578,50.15815734863281,25528900,0.0092058935341226,1174,2015-09-02,65.0,65.0999984741211,63.18000030517578,64.68000030517578,50.15815734863281,25528900,0.0092058935341226,1174,2015-09-02,65.0,65.0999984741211,63.18000030517578,64.68000030517578,50.15815734863281,25528900,0.0092058935341226,1174,2015-09-02,65.0,65.0999984741211,63.18000030517578,64.68000030517578,50.15815734863281,25528900,0.0092058935341226,1174,2015-09-02,65.0,65.0999984741211,63.18000030517578,64.68000030517578,50.15815734863281,25528900,0.0092058935341226
1175,2015-09-03,65.11000061035156,66.25,64.45999908447266,64.86000061035156,50.29774475097656,21895000,0.0027829451822467544,1175,2015-09-03,65.11000061035156,66.25,64.45999908447266,64.86000061035156,50.29774475097656,21895000,0.0027829451822467544,1175,2015-09-03,65.11000061035156,66.25,64.45999908447266,64.86000061035156,50.29774475097656,21895000,0.0027829451822467544,1175,2015-09-03,65.11000061035156,66.25,64.45999908447266,64.86000061035156,50.29774475097656,21895000,0.0027829451822467544,1175,2015-09-03,65.11000061035156,66.25,64.45999908447266,64.86000061035156,50.29774475097656,21895000,0.0027829451822467544
1176,2015-09-04,63.93000030517578,64.25,63.52000045776367,63.790000915527344,49.46797180175781,16684200,-0.016497219772515503,1176,2015-09-04,63.93000030517578,64.25,63.52000045776367,63.790000915527344,49.46797180175781,16684200,-0.016497219772515503,1176,2015-09-04,63.93000030517578,64.25,63.52000045776367,63.790000915527344,49.46797180175781,16684200,-0.016497219772515503,1176,2015-09-04,63.93000030517578,64.25,63.52000045776367,63.790000915527344,49.46797180175781,16684200,-0.016497219772515503,1176,2015-09-04,63.93000030517578,64.25,63.52000045776367,63.790000915527344,49.46797180175781,16684200,-0.016497219772515503
1177,2015-09-08,64.4800033569336,64.87999725341797,63.689998626708984,64.79000091552734,50.243465423583984,15627600,0.015676681165218476,1177,2015-09-08,64.4800033569336,64.87999725341797,63.689998626708984,64.79000091552734,50.243465423583984,15627600,0.015676681165218476,1177,2015-09-08,64.4800033569336,64.87999725341797,63.689998626708984,64.79000091552734,50.243465423583984,15627600,0.015676681165218476,1177,2015-09-08,64.4800033569336,64.87999725341797,63.689998626708984,64.79000091552734,50.243465423583984,15627600,0.015676681165218476,1177,2015-09-08,64.4800033569336,64.87999725341797,63.689998626708984,64.79000091552734,50.243465423583984,15627600,0.015676681165218476
1178,2015-09-09,65.23999786376953,66.0199966430664,63.470001220703125,63.56999969482422,49.2973747253418,18477700,-0.01883012428115871,1178,2015-09-09,65.23999786376953,66.0199966430664,63.470001220703125,63.56999969482422,49.2973747253418,18477700,-0.01883012428115871,1178,2015-09-09,65.23999786376953,66.0199966430664,63.470001220703125,63.56999969482422,49.2973747253418,18477700,-0.01883012428115871,1178,2015-09-09,65.23999786376953,66.0199966430664,63.470001220703125,63.56999969482422,49.2973747253418,18477700,-0.01883012428115871,1178,2015-09-09,65.23999786376953,66.0199966430664,63.470001220703125,63.56999969482422,49.2973747253418,18477700,-0.01883012428115871
1179,2015-09-10,63.84000015258789,64.30000305175781,62.959999084472656,63.939998626708984,49.58428955078125,18492800,0.005820083260781761,1179,2015-09-10,63.84000015258789,64.30000305175781,62.959999084472656,63.939998626708984,49.58428955078125,18492800,0.005820083260781761,1179,2015-09-10,63.84000015258789,64.30000305175781,62.959999084472656,63.939998626708984,49.58428955078125,18492800,0.005820083260781761,1179,2015-09-10,63.84000015258789,64.30000305175781,62.959999084472656,63.939998626708984,49.58428955078125,18492800,0.005820083260781761,1179,2015-09-10,63.84000015258789,64.30000305175781,62.959999084472656,63.939998626708984,49.58428955078125,18492800,0.005820083260781761
1180,2015-09-11,63.29999923706055,63.45000076293945,62.4900016784668,63.369998931884766,49.14227294921875,13344300,-0.008914448620057636,1180,2015-09-11,63.29999923706055,63.45000076293945,62.4900016784668,63.369998931884766,49.14227294921875,13344300,-0.008914448620057636,1180,2015-09-11,63.29999923706055,63.45000076293945,62.4900016784668,63.369998931884766,49.14227294921875,13344300,-0.008914448620057636,1180,2015-09-11,63.29999923706055,63.45000076293945,62.4900016784668,63.369998931884766,49.14227294921875,13344300,-0.008914448620057636,1180,2015-09-11,63.29999923706055,63.45000076293945,62.4900016784668,63.369998931884766,49.14227294921875,13344300,-0.008914448620057636
1181,2015-09-14,62.93000030517578,63.209999084472656,62.5,62.81999969482422,48.715755462646484,12481300,-0.008679238077021978,1181,2015-09-14,62.93000030517578,63.209999084472656,62.5,62.81999969482422,48.715755462646484,12481300,-0.008679238077021978,1181,2015-09-14,62.93000030517578,63.209999084472656,62.5,62.81999969482422,48.715755462646484,12481300,-0.008679238077021978,1181,2015-09-14,62.93000030517578,63.209999084472656,62.5,62.81999969482422,48.715755462646484,12481300,-0.008679238077021978,1181,2015-09-14,62.93000030517578,63.209999084472656,62.5,62.81999969482422,48.715755462646484,12481300,-0.008679238077021978
1182,2015-09-15,63.02000045776367,63.72999954223633,63.0099983215332,63.52000045776367,49.25859069824219,14816600,0.011142909115140931,1182,2015-09-15,63.02000045776367,63.72999954223633,63.0099983215332,63.52000045776367,49.25859069824219,14816600,0.011142909115140931,1182,2015-09-15,63.02000045776367,63.72999954223633,63.0099983215332,63.52000045776367,49.25859069824219,14816600,0.011142909115140931,1182,2015-09-15,63.02000045776367,63.72999954223633,63.0099983215332,63.52000045776367,49.25859069824219,14816600,0.011142909115140931,1182,2015-09-15,63.02000045776367,63.72999954223633,63.0099983215332,63.52000045776367,49.25859069824219,14816600,0.011142909115140931
1183,2015-09-16,64.02999877929688,65.41000366210938,63.93000030517578,65.31999969482422,50.65446853637695,17216700,0.028337754254601055,1183,2015-09-16,64.02999877929688,65.41000366210938,63.93000030517578,65.31999969482422,50.65446853637695,17216700,0.028337754254601055,1183,2015-09-16,64.02999877929688,65.41000366210938,63.93000030517578,65.31999969482422,50.65446853637695,17216700,0.028337754254601055,1183,2015-09-16,64.02999877929688,65.41000366210938,63.93000030517578,65.31999969482422,50.65446853637695,17216700,0.028337754254601055,1183,2015-09-16,64.02999877929688,65.41000366210938,63.93000030517578,65.31999969482422,50.65446853637695,17216700,0.028337754254601055
1184,2015-09-17,65.37000274658203,66.44000244140625,64.86000061035156,65.27999877929688,50.62343978881836,19822700,-0.0006125569659527486,1184,2015-09-17,65.37000274658203,66.44000244140625,64.86000061035156,65.27999877929688,50.62343978881836,19822700,-0.0006125569659527486,1184,2015-09-17,65.37000274658203,66.44000244140625,64.86000061035156,65.27999877929688,50.62343978881836,19822700,-0.0006125569659527486,1184,2015-09-17,65.37000274658203,66.44000244140625,64.86000061035156,65.27999877929688,50.62343978881836,19822700,-0.0006125569659527486,1184,2015-09-17,65.37000274658203,66.44000244140625,64.86000061035156,65.27999877929688,50.62343978881836,19822700,-0.0006125569659527486
1185,2015-09-18,63.58000183105469,64.05000305175781,62.720001220703125,63.099998474121094,49.2938346862793,21236900,-0.026264613943376203,1185,2015-09-18,63.58000183105469,64.05000305175781,62.720001220703125,63.099998474121094,49.2938346862793,21236900,-0.026264613943376203,1185,2015-09-18,63.58000183105469,64.05000305175781,62.720001220703125,63.099998474121094,49.2938346862793,21236900,-0.026264613943376203,1185,2015-09-18,63.58000183105469,64.05000305175781,62.720001220703125,63.099998474121094,49.2938346862793,21236900,-0.026264613943376203,1185,2015-09-18,63.58000183105469,64.05000305175781,62.720001220703125,63.099998474121094,49.2938346862793,21236900,-0.026264613943376203
1186,2015-09-21,63.77000045776367,63.93000030517578,63.060001373291016,63.459999084472656,49.5750617980957,15689700,0.005705117356079592,1186,2015-09-21,63.77000045776367,63.93000030517578,63.060001373291016,63.459999084472656,49.5750617980957,15689700,0.005705117356079592,1186,2015-09-21,63.77000045776367,63.93000030517578,63.060001373291016,63.459999084472656,49.5750617980957,15689700,0.005705117356079592,1186,2015-09-21,63.77000045776367,63.93000030517578,63.060001373291016,63.459999084472656,49.5750617980957,15689700,0.005705117356079592,1186,2015-09-21,63.77000045776367,63.93000030517578,63.060001373291016,63.459999084472656,49.5750617980957,15689700,0.005705117356079592
1187,2015-09-22,62.47999954223633,63.45000076293945,62.349998474121094,62.790000915527344,49.05166244506836,17050400,-0.010557714585591293,1187,2015-09-22,62.47999954223633,63.45000076293945,62.349998474121094,62.790000915527344,49.05166244506836,17050400,-0.010557714585591293,1187,2015-09-22,62.47999954223633,63.45000076293945,62.349998474121094,62.790000915527344,49.05166244506836,17050400,-0.010557714585591293,1187,2015-09-22,62.47999954223633,63.45000076293945,62.349998474121094,62.790000915527344,49.05166244506836,17050400,-0.010557714585591293,1187,2015-09-22,62.47999954223633,63.45000076293945,62.349998474121094,62.790000915527344,49.05166244506836,17050400,-0.010557714585591293
1188,2015-09-23,63.029998779296875,63.31999969482422,61.95000076293945,61.97999954223633,48.41889190673828,13984700,-0.012900083438327936,1188,2015-09-23,63.029998779296875,63.31999969482422,61.95000076293945,61.97999954223633,48.41889190673828,13984700,-0.012900083438327936,1188,2015-09-23,63.029998779296875,63.31999969482422,61.95000076293945,61.97999954223633,48.41889190673828,13984700,-0.012900083438327936,1188,2015-09-23,63.029998779296875,63.31999969482422,61.95000076293945,61.97999954223633,48.41889190673828,13984700,-0.012900083438327936,1188,2015-09-23,63.029998779296875,63.31999969482422,61.95000076293945,61.97999954223633,48.41889190673828,13984700,-0.012900083438327936
1189,2015-09-24,61.5,62.689998626708984,61.09000015258789,62.25,48.62981033325195,18912000,0.0043561184117952845,1189,2015-09-24,61.5,62.689998626708984,61.09000015258789,62.25,48.62981033325195,18912000,0.0043561184117952845,1189,2015-09-24,61.5,62.689998626708984,61.09000015258789,62.25,48.62981033325195,18912000,0.0043561184117952845,1189,2015-09-24,61.5,62.689998626708984,61.09000015258789,62.25,48.62981033325195,18912000,0.0043561184117952845,1189,2015-09-24,61.5,62.689998626708984,61.09000015258789,62.25,48.62981033325195,18912000,0.0043561184117952845
1190,2015-09-25,62.939998626708984,62.939998626708984,61.810001373291016,62.369998931884766,48.72356033325195,15833400,0.0019278298508167424,1190,2015-09-25,62.939998626708984,62.939998626708984,61.810001373291016,62.369998931884766,48.72356033325195,15833400,0.0019278298508167424,1190,2015-09-25,62.939998626708984,62.939998626708984,61.810001373291016,62.369998931884766,48.72356033325195,15833400,0.0019278298508167424,1190,2015-09-25,62.939998626708984,62.939998626708984,61.810001373291016,62.369998931884766,48.72356033325195,15833400,0.0019278298508167424,1190,2015-09-25,62.939998626708984,62.939998626708984,61.810001373291016,62.369998931884766,48.72356033325195,15833400,0.0019278298508167424
1191,2015-09-28,61.720001220703125,61.720001220703125,59.83000183105469,59.880001068115234,46.77836608886719,16351400,-0.03992307276152074,1191,2015-09-28,61.720001220703125,61.720001220703125,59.83000183105469,59.880001068115234,46.77836608886719,16351400,-0.03992307276152074,1191,2015-09-28,61.720001220703125,61.720001220703125,59.83000183105469,59.880001068115234,46.77836608886719,16351400,-0.03992307276152074,1191,2015-09-28,61.720001220703125,61.720001220703125,59.83000183105469,59.880001068115234,46.77836608886719,16351400,-0.03992307276152074,1191,2015-09-28,61.720001220703125,61.720001220703125,59.83000183105469,59.880001068115234,46.77836608886719,16351400,-0.03992307276152074
1192,2015-09-29,60.16999816894531,60.65999984741211,59.38999938964844,59.790000915527344,46.70806121826172,18881200,-0.0015029355764993868,1192,2015-09-29,60.16999816894531,60.65999984741211,59.38999938964844,59.790000915527344,46.70806121826172,18881200,-0.0015029355764993868,1192,2015-09-29,60.16999816894531,60.65999984741211,59.38999938964844,59.790000915527344,46.70806121826172,18881200,-0.0015029355764993868,1192,2015-09-29,60.16999816894531,60.65999984741211,59.38999938964844,59.790000915527344,46.70806121826172,18881200,-0.0015029355764993868,1192,2015-09-29,60.16999816894531,60.65999984741211,59.38999938964844,59.790000915527344,46.70806121826172,18881200,-0.0015029355764993868
1193,2015-09-30,60.34000015258789,61.43000030517578,60.27000045776367,61.20000076293945,47.80955123901367,16128100,0.02358243934820603,1193,2015-09-30,60.34000015258789,61.43000030517578,60.27000045776367,61.20000076293945,47.80955123901367,16128100,0.02358243934820603,1193,2015-09-30,60.34000015258789,61.43000030517578,60.27000045776367,61.20000076293945,47.80955123901367,16128100,0.02358243934820603,1193,2015-09-30,60.34000015258789,61.43000030517578,60.27000045776367,61.20000076293945,47.80955123901367,16128100,0.02358243934820603,1193,2015-09-30,60.34000015258789,61.43000030517578,60.27000045776367,61.20000076293945,47.80955123901367,16128100,0.02358243934820603
1194,2015-10-01,61.97999954223633,62.65999984741211,60.77000045776367,61.31999969482422,47.90329360961914,17445500,0.001960745670605002,1194,2015-10-01,61.97999954223633,62.65999984741211,60.77000045776367,61.31999969482422,47.90329360961914,17445500,0.001960745670605002,1194,2015-10-01,61.97999954223633,62.65999984741211,60.77000045776367,61.31999969482422,47.90329360961914,17445500,0.001960745670605002,1194,2015-10-01,61.97999954223633,62.65999984741211,60.77000045776367,61.31999969482422,47.90329360961914,17445500,0.001960745670605002,1194,2015-10-01,61.97999954223633,62.65999984741211,60.77000045776367,61.31999969482422,47.90329360961914,17445500,0.001960745670605002
1195,2015-10-02,60.619998931884766,63.88999938964844,60.5099983215332,63.849998474121094,49.87973403930664,19929800,0.04125896740617074,1195,2015-10-02,60.619998931884766,63.88999938964844,60.5099983215332,63.849998474121094,49.87973403930664,19929800,0.04125896740617074,1195,2015-10-02,60.619998931884766,63.88999938964844,60.5099983215332,63.849998474121094,49.87973403930664,19929800,0.04125896740617074,1195,2015-10-02,60.619998931884766,63.88999938964844,60.5099983215332,63.849998474121094,49.87973403930664,19929800,0.04125896740617074,1195,2015-10-02,60.619998931884766,63.88999938964844,60.5099983215332,63.849998474121094,49.87973403930664,19929800,0.04125896740617074
1196,2015-10-05,64.6500015258789,66.0,64.58999633789062,65.77999877929688,51.387454986572266,23807000,0.030227124829444785,1196,2015-10-05,64.6500015258789,66.0,64.58999633789062,65.77999877929688,51.387454986572266,23807000,0.030227124829444785,1196,2015-10-05,64.6500015258789,66.0,64.58999633789062,65.77999877929688,51.387454986572266,23807000,0.030227124829444785,1196,2015-10-05,64.6500015258789,66.0,64.58999633789062,65.77999877929688,51.387454986572266,23807000,0.030227124829444785,1196,2015-10-05,64.6500015258789,66.0,64.58999633789062,65.77999877929688,51.387454986572266,23807000,0.030227124829444785
1197,2015-10-06,66.01000213623047,67.73999786376953,65.66000366210938,67.23999786376953,52.52799987792969,27466400,0.02219500638152727,1197,2015-10-06,66.01000213623047,67.73999786376953,65.66000366210938,67.23999786376953,52.52799987792969,27466400,0.02219500638152727,1197,2015-10-06,66.01000213623047,67.73999786376953,65.66000366210938,67.23999786376953,52.52799987792969,27466400,0.02219500638152727,1197,2015-10-06,66.01000213623047,67.73999786376953,65.66000366210938,67.23999786376953,52.52799987792969,27466400,0.02219500638152727,1197,2015-10-06,66.01000213623047,67.73999786376953,65.66000366210938,67.23999786376953,52.52799987792969,27466400,0.02219500638152727
1198,2015-10-07,68.0999984741211,68.94000244140625,66.69999694824219,68.08999633789062,53.19203186035156,40003100,0.012641486140059222,1198,2015-10-07,68.0999984741211,68.94000244140625,66.69999694824219,68.08999633789062,53.19203186035156,40003100,0.012641486140059222,1198,2015-10-07,68.0999984741211,68.94000244140625,66.69999694824219,68.08999633789062,53.19203186035156,40003100,0.012641486140059222,1198,2015-10-07,68.0999984741211,68.94000244140625,66.69999694824219,68.08999633789062,53.19203186035156,40003100,0.012641486140059222,1198,2015-10-07,68.0999984741211,68.94000244140625,66.69999694824219,68.08999633789062,53.19203186035156,40003100,0.012641486140059222
1199,2015-10-08,67.95999908447266,69.66999816894531,67.54000091552734,69.38999938964844,54.20759582519531,27071700,0.019092407816079904,1199,2015-10-08,67.95999908447266,69.66999816894531,67.54000091552734,69.38999938964844,54.20759582519531,27071700,0.019092407816079904,1199,2015-10-08,67.95999908447266,69.66999816894531,67.54000091552734,69.38999938964844,54.20759582519531,27071700,0.019092407816079904,1199,2015-10-08,67.95999908447266,69.66999816894531,67.54000091552734,69.38999938964844,54.20759582519531,27071700,0.019092407816079904,1199,2015-10-08,67.95999908447266,69.66999816894531,67.54000091552734,69.38999938964844,54.20759582519531,27071700,0.019092407816079904
1200,2015-10-09,69.54000091552734,69.62000274658203,68.51000213623047,68.94000244140625,53.85605239868164,25985700,-0.006485132224777201,1200,2015-10-09,69.54000091552734,69.62000274658203,68.51000213623047,68.94000244140625,53.85605239868164,25985700,-0.006485132224777201,1200,2015-10-09,69.54000091552734,69.62000274658203,68.51000213623047,68.94000244140625,53.85605239868164,25985700,-0.006485132224777201,1200,2015-10-09,69.54000091552734,69.62000274658203,68.51000213623047,68.94000244140625,53.85605239868164,25985700,-0.006485132224777201,1200,2015-10-09,69.54000091552734,69.62000274658203,68.51000213623047,68.94000244140625,53.85605239868164,25985700,-0.006485132224777201
1201,2015-10-12,69.05000305175781,69.05999755859375,67.43000030517578,68.05000305175781,53.160789489746094,21746200,-0.012909652266911542,1201,2015-10-12,69.05000305175781,69.05999755859375,67.43000030517578,68.05000305175781,53.160789489746094,21746200,-0.012909652266911542,1201,2015-10-12,69.05000305175781,69.05999755859375,67.43000030517578,68.05000305175781,53.160789489746094,21746200,-0.012909652266911542,1201,2015-10-12,69.05000305175781,69.05999755859375,67.43000030517578,68.05000305175781,53.160789489746094,21746200,-0.012909652266911542,1201,2015-10-12,69.05000305175781,69.05999755859375,67.43000030517578,68.05000305175781,53.160789489746094,21746200,-0.012909652266911542
1202,2015-10-13,67.52999877929688,68.3499984741211,67.1500015258789,67.33999633789062,52.60612106323242,20837800,-0.010433788358629625,1202,2015-10-13,67.52999877929688,68.3499984741211,67.1500015258789,67.33999633789062,52.60612106323242,20837800,-0.010433788358629625,1202,2015-10-13,67.52999877929688,68.3499984741211,67.1500015258789,67.33999633789062,52.60612106323242,20837800,-0.010433788358629625,1202,2015-10-13,67.52999877929688,68.3499984741211,67.1500015258789,67.33999633789062,52.60612106323242,20837800,-0.010433788358629625,1202,2015-10-13,67.52999877929688,68.3499984741211,67.1500015258789,67.33999633789062,52.60612106323242,20837800,-0.010433788358629625
1203,2015-10-14,67.19000244140625,68.16999816894531,67.04000091552734,67.91999816894531,53.05922317504883,15176700,0.00861310628228562,1203,2015-10-14,67.19000244140625,68.16999816894531,67.04000091552734,67.91999816894531,53.05922317504883,15176700,0.00861310628228562,1203,2015-10-14,67.19000244140625,68.16999816894531,67.04000091552734,67.91999816894531,53.05922317504883,15176700,0.00861310628228562,1203,2015-10-14,67.19000244140625,68.16999816894531,67.04000091552734,67.91999816894531,53.05922317504883,15176700,0.00861310628228562,1203,2015-10-14,67.19000244140625,68.16999816894531,67.04000091552734,67.91999816894531,53.05922317504883,15176700,0.00861310628228562
1204,2015-10-15,67.61000061035156,69.16999816894531,67.37999725341797,69.13999938964844,54.012298583984375,19508200,0.017962483276305008,1204,2015-10-15,67.61000061035156,69.16999816894531,67.37999725341797,69.13999938964844,54.012298583984375,19508200,0.017962483276305008,1204,2015-10-15,67.61000061035156,69.16999816894531,67.37999725341797,69.13999938964844,54.012298583984375,19508200,0.017962483276305008,1204,2015-10-15,67.61000061035156,69.16999816894531,67.37999725341797,69.13999938964844,54.012298583984375,19508200,0.017962483276305008,1204,2015-10-15,67.61000061035156,69.16999816894531,67.37999725341797,69.13999938964844,54.012298583984375,19508200,0.017962483276305008
1205,2015-10-16,69.37999725341797,69.55999755859375,68.27999877929688,69.2300033569336,54.082603454589844,20031200,0.001301645596440526,1205,2015-10-16,69.37999725341797,69.55999755859375,68.27999877929688,69.2300033569336,54.082603454589844,20031200,0.001301645596440526,1205,2015-10-16,69.37999725341797,69.55999755859375,68.27999877929688,69.2300033569336,54.082603454589844,20031200,0.001301645596440526,1205,2015-10-16,69.37999725341797,69.55999755859375,68.27999877929688,69.2300033569336,54.082603454589844,20031200,0.001301645596440526,1205,2015-10-16,69.37999725341797,69.55999755859375,68.27999877929688,69.2300033569336,54.082603454589844,20031200,0.001301645596440526
1206,2015-10-19,68.54000091552734,68.58000183105469,67.5,67.86000061035156,53.01235580444336,19500200,-0.019789129623634216,1206,2015-10-19,68.54000091552734,68.58000183105469,67.5,67.86000061035156,53.01235580444336,19500200,-0.019789129623634216,1206,2015-10-19,68.54000091552734,68.58000183105469,67.5,67.86000061035156,53.01235580444336,19500200,-0.019789129623634216,1206,2015-10-19,68.54000091552734,68.58000183105469,67.5,67.86000061035156,53.01235580444336,19500200,-0.019789129623634216,1206,2015-10-19,68.54000091552734,68.58000183105469,67.5,67.86000061035156,53.01235580444336,19500200,-0.019789129623634216
1207,2015-10-20,67.72000122070312,68.37000274658203,67.36000061035156,68.05000305175781,53.160789489746094,13756500,0.0027999828162756923,1207,2015-10-20,67.72000122070312,68.37000274658203,67.36000061035156,68.05000305175781,53.160789489746094,13756500,0.0027999828162756923,1207,2015-10-20,67.72000122070312,68.37000274658203,67.36000061035156,68.05000305175781,53.160789489746094,13756500,0.0027999828162756923,1207,2015-10-20,67.72000122070312,68.37000274658203,67.36000061035156,68.05000305175781,53.160789489746094,13756500,0.0027999828162756923,1207,2015-10-20,67.72000122070312,68.37000274658203,67.36000061035156,68.05000305175781,53.160789489746094,13756500,0.0027999828162756923
1208,2015-10-21,67.75,68.08000183105469,67.13999938964844,67.20999908447266,52.50456619262695,14662100,-0.012344122489860943,1208,2015-10-21,67.75,68.08000183105469,67.13999938964844,67.20999908447266,52.50456619262695,14662100,-0.012344122489860943,1208,2015-10-21,67.75,68.08000183105469,67.13999938964844,67.20999908447266,52.50456619262695,14662100,-0.012344122489860943,1208,2015-10-21,67.75,68.08000183105469,67.13999938964844,67.20999908447266,52.50456619262695,14662100,-0.012344122489860943,1208,2015-10-21,67.75,68.08000183105469,67.13999938964844,67.20999908447266,52.50456619262695,14662100,-0.012344122489860943
1209,2015-10-22,67.58000183105469,68.58999633789062,67.55000305175781,68.41999816894531,53.4498291015625,18740700,0.018003441938127862,1209,2015-10-22,67.58000183105469,68.58999633789062,67.55000305175781,68.41999816894531,53.4498291015625,18740700,0.018003441938127862,1209,2015-10-22,67.58000183105469,68.58999633789062,67.55000305175781,68.41999816894531,53.4498291015625,18740700,0.018003441938127862,1209,2015-10-22,67.58000183105469,68.58999633789062,67.55000305175781,68.41999816894531,53.4498291015625,18740700,0.018003441938127862,1209,2015-10-22,67.58000183105469,68.58999633789062,67.55000305175781,68.41999816894531,53.4498291015625,18740700,0.018003441938127862
1210,2015-10-23,68.0999984741211,68.9000015258789,67.66000366210938,68.26000213623047,53.3248405456543,15631000,-0.0023384276060210984,1210,2015-10-23,68.0999984741211,68.9000015258789,67.66000366210938,68.26000213623047,53.3248405456543,15631000,-0.0023384276060210984,1210,2015-10-23,68.0999984741211,68.9000015258789,67.66000366210938,68.26000213623047,53.3248405456543,15631000,-0.0023384276060210984,1210,2015-10-23,68.0999984741211,68.9000015258789,67.66000366210938,68.26000213623047,53.3248405456543,15631000,-0.0023384276060210984,1210,2015-10-23,68.0999984741211,68.9000015258789,67.66000366210938,68.26000213623047,53.3248405456543,15631000,-0.0023384276060210984
1211,2015-10-26,68.12999725341797,68.12999725341797,66.56999969482422,66.58999633789062,52.020233154296875,11836100,-0.024465284434193046,1211,2015-10-26,68.12999725341797,68.12999725341797,66.56999969482422,66.58999633789062,52.020233154296875,11836100,-0.024465284434193046,1211,2015-10-26,68.12999725341797,68.12999725341797,66.56999969482422,66.58999633789062,52.020233154296875,11836100,-0.024465284434193046,1211,2015-10-26,68.12999725341797,68.12999725341797,66.56999969482422,66.58999633789062,52.020233154296875,11836100,-0.024465284434193046,1211,2015-10-26,68.12999725341797,68.12999725341797,66.56999969482422,66.58999633789062,52.020233154296875,11836100,-0.024465284434193046
1212,2015-10-27,65.66999816894531,66.01000213623047,65.11000061035156,65.79000091552734,51.39527893066406,21107300,-0.012013675943726376,1212,2015-10-27,65.66999816894531,66.01000213623047,65.11000061035156,65.79000091552734,51.39527893066406,21107300,-0.012013675943726376,1212,2015-10-27,65.66999816894531,66.01000213623047,65.11000061035156,65.79000091552734,51.39527893066406,21107300,-0.012013675943726376,1212,2015-10-27,65.66999816894531,66.01000213623047,65.11000061035156,65.79000091552734,51.39527893066406,21107300,-0.012013675943726376,1212,2015-10-27,65.66999816894531,66.01000213623047,65.11000061035156,65.79000091552734,51.39527893066406,21107300,-0.012013675943726376
1213,2015-10-28,66.25,67.69999694824219,65.72000122070312,67.25,52.53582000732422,19756500,0.022191553395377595,1213,2015-10-28,66.25,67.69999694824219,65.72000122070312,67.25,52.53582000732422,19756500,0.022191553395377595,1213,2015-10-28,66.25,67.69999694824219,65.72000122070312,67.25,52.53582000732422,19756500,0.022191553395377595,1213,2015-10-28,66.25,67.69999694824219,65.72000122070312,67.25,52.53582000732422,19756500,0.022191553395377595,1213,2015-10-28,66.25,67.69999694824219,65.72000122070312,67.25,52.53582000732422,19756500,0.022191553395377595
1214,2015-10-29,67.0,68.22000122070312,66.9000015258789,67.58999633789062,52.80143737792969,9753600,0.005055928898957562,1214,2015-10-29,67.0,68.22000122070312,66.9000015258789,67.58999633789062,52.80143737792969,9753600,0.005055928898957562,1214,2015-10-29,67.0,68.22000122070312,66.9000015258789,67.58999633789062,52.80143737792969,9753600,0.005055928898957562,1214,2015-10-29,67.0,68.22000122070312,66.9000015258789,67.58999633789062,52.80143737792969,9753600,0.005055928898957562,1214,2015-10-29,67.0,68.22000122070312,66.9000015258789,67.58999633789062,52.80143737792969,9753600,0.005055928898957562
1215,2015-10-30,67.94999694824219,68.76000213623047,67.1500015258789,68.02999877929688,53.14515686035156,14257200,0.006509661469283223,1215,2015-10-30,67.94999694824219,68.76000213623047,67.1500015258789,68.02999877929688,53.14515686035156,14257200,0.006509661469283223,1215,2015-10-30,67.94999694824219,68.76000213623047,67.1500015258789,68.02999877929688,53.14515686035156,14257200,0.006509661469283223,1215,2015-10-30,67.94999694824219,68.76000213623047,67.1500015258789,68.02999877929688,53.14515686035156,14257200,0.006509661469283223,1215,2015-10-30,67.94999694824219,68.76000213623047,67.1500015258789,68.02999877929688,53.14515686035156,14257200,0.006509661469283223
1216,2015-11-02,67.62000274658203,69.9800033569336,67.5199966430664,69.62000274658203,54.38728332519531,15386900,0.023372336036332708,1216,2015-11-02,67.62000274658203,69.9800033569336,67.5199966430664,69.62000274658203,54.38728332519531,15386900,0.023372336036332708,1216,2015-11-02,67.62000274658203,69.9800033569336,67.5199966430664,69.62000274658203,54.38728332519531,15386900,0.023372336036332708,1216,2015-11-02,67.62000274658203,69.9800033569336,67.5199966430664,69.62000274658203,54.38728332519531,15386900,0.023372336036332708,1216,2015-11-02,67.62000274658203,69.9800033569336,67.5199966430664,69.62000274658203,54.38728332519531,15386900,0.023372336036332708
1217,2015-11-03,70.11000061035156,71.93000030517578,70.08000183105469,71.4000015258789,55.777809143066406,21327200,0.02556711298773262,1217,2015-11-03,70.11000061035156,71.93000030517578,70.08000183105469,71.4000015258789,55.777809143066406,21327200,0.02556711298773262,1217,2015-11-03,70.11000061035156,71.93000030517578,70.08000183105469,71.4000015258789,55.777809143066406,21327200,0.02556711298773262,1217,2015-11-03,70.11000061035156,71.93000030517578,70.08000183105469,71.4000015258789,55.777809143066406,21327200,0.02556711298773262,1217,2015-11-03,70.11000061035156,71.93000030517578,70.08000183105469,71.4000015258789,55.777809143066406,21327200,0.02556711298773262
1218,2015-11-04,71.47000122070312,71.66999816894531,70.2300033569336,70.76000213623047,55.2778434753418,17718800,-0.008963522866992313,1218,2015-11-04,71.47000122070312,71.66999816894531,70.2300033569336,70.76000213623047,55.2778434753418,17718800,-0.008963522866992313,1218,2015-11-04,71.47000122070312,71.66999816894531,70.2300033569336,70.76000213623047,55.2778434753418,17718800,-0.008963522866992313,1218,2015-11-04,71.47000122070312,71.66999816894531,70.2300033569336,70.76000213623047,55.2778434753418,17718800,-0.008963522866992313,1218,2015-11-04,71.47000122070312,71.66999816894531,70.2300033569336,70.76000213623047,55.2778434753418,17718800,-0.008963522866992313
1219,2015-11-05,70.41000366210938,71.19000244140625,69.83999633789062,70.16000366210938,54.809112548828125,16233500,-0.008479544371566616,1219,2015-11-05,70.41000366210938,71.19000244140625,69.83999633789062,70.16000366210938,54.809112548828125,16233500,-0.008479544371566616,1219,2015-11-05,70.41000366210938,71.19000244140625,69.83999633789062,70.16000366210938,54.809112548828125,16233500,-0.008479544371566616,1219,2015-11-05,70.41000366210938,71.19000244140625,69.83999633789062,70.16000366210938,54.809112548828125,16233500,-0.008479544371566616,1219,2015-11-05,70.41000366210938,71.19000244140625,69.83999633789062,70.16000366210938,54.809112548828125,16233500,-0.008479544371566616
1220,2015-11-06,69.54000091552734,70.08000183105469,68.7699966430664,69.80000305175781,54.527889251708984,13761200,-0.005130958777495365,1220,2015-11-06,69.54000091552734,70.08000183105469,68.7699966430664,69.80000305175781,54.527889251708984,13761200,-0.005130958777495365,1220,2015-11-06,69.54000091552734,70.08000183105469,68.7699966430664,69.80000305175781,54.527889251708984,13761200,-0.005130958777495365,1220,2015-11-06,69.54000091552734,70.08000183105469,68.7699966430664,69.80000305175781,54.527889251708984,13761200,-0.005130958777495365,1220,2015-11-06,69.54000091552734,70.08000183105469,68.7699966430664,69.80000305175781,54.527889251708984,13761200,-0.005130958777495365
1221,2015-11-09,69.63999938964844,70.41000366210938,68.81999969482422,69.11000061035156,53.98886489868164,12687000,-0.009885296504677177,1221,2015-11-09,69.63999938964844,70.41000366210938,68.81999969482422,69.11000061035156,53.98886489868164,12687000,-0.009885296504677177,1221,2015-11-09,69.63999938964844,70.41000366210938,68.81999969482422,69.11000061035156,53.98886489868164,12687000,-0.009885296504677177,1221,2015-11-09,69.63999938964844,70.41000366210938,68.81999969482422,69.11000061035156,53.98886489868164,12687000,-0.009885296504677177,1221,2015-11-09,69.63999938964844,70.41000366210938,68.81999969482422,69.11000061035156,53.98886489868164,12687000,-0.009885296504677177
1222,2015-11-10,68.81999969482422,69.87000274658203,68.55999755859375,69.26000213623047,54.10603713989258,12685400,0.0021703038474847336,1222,2015-11-10,68.81999969482422,69.87000274658203,68.55999755859375,69.26000213623047,54.10603713989258,12685400,0.0021703038474847336,1222,2015-11-10,68.81999969482422,69.87000274658203,68.55999755859375,69.26000213623047,54.10603713989258,12685400,0.0021703038474847336,1222,2015-11-10,68.81999969482422,69.87000274658203,68.55999755859375,69.26000213623047,54.10603713989258,12685400,0.0021703038474847336,1222,2015-11-10,68.81999969482422,69.87000274658203,68.55999755859375,69.26000213623047,54.10603713989258,12685400,0.0021703038474847336
1223,2015-11-11,69.25,69.3499984741211,67.62999725341797,67.79000091552734,52.957679748535156,14369700,-0.021224200700345364,1223,2015-11-11,69.25,69.3499984741211,67.62999725341797,67.79000091552734,52.957679748535156,14369700,-0.021224200700345364,1223,2015-11-11,69.25,69.3499984741211,67.62999725341797,67.79000091552734,52.957679748535156,14369700,-0.021224200700345364,1223,2015-11-11,69.25,69.3499984741211,67.62999725341797,67.79000091552734,52.957679748535156,14369700,-0.021224200700345364,1223,2015-11-11,69.25,69.3499984741211,67.62999725341797,67.79000091552734,52.957679748535156,14369700,-0.021224200700345364
1224,2015-11-12,66.83999633789062,67.30999755859375,66.12999725341797,66.25,51.7546272277832,19311500,-0.022717243777758744,1224,2015-11-12,66.83999633789062,67.30999755859375,66.12999725341797,66.25,51.7546272277832,19311500,-0.022717243777758744,1224,2015-11-12,66.83999633789062,67.30999755859375,66.12999725341797,66.25,51.7546272277832,19311500,-0.022717243777758744,1224,2015-11-12,66.83999633789062,67.30999755859375,66.12999725341797,66.25,51.7546272277832,19311500,-0.022717243777758744,1224,2015-11-12,66.83999633789062,67.30999755859375,66.12999725341797,66.25,51.7546272277832,19311500,-0.022717243777758744
1225,2015-11-13,66.02999877929688,66.58000183105469,65.19999694824219,65.9800033569336,51.54369354248047,17779600,-0.004075648818305022,1225,2015-11-13,66.02999877929688,66.58000183105469,65.19999694824219,65.9800033569336,51.54369354248047,17779600,-0.004075648818305022,1225,2015-11-13,66.02999877929688,66.58000183105469,65.19999694824219,65.9800033569336,51.54369354248047,17779600,-0.004075648818305022,1225,2015-11-13,66.02999877929688,66.58000183105469,65.19999694824219,65.9800033569336,51.54369354248047,17779600,-0.004075648818305022,1225,2015-11-13,66.02999877929688,66.58000183105469,65.19999694824219,65.9800033569336,51.54369354248047,17779600,-0.004075648818305022
1226,2015-11-16,65.88999938964844,68.25,65.83999633789062,68.18000030517578,53.26234436035156,17363100,0.03334357124513487,1226,2015-11-16,65.88999938964844,68.25,65.83999633789062,68.18000030517578,53.26234436035156,17363100,0.03334357124513487,1226,2015-11-16,65.88999938964844,68.25,65.83999633789062,68.18000030517578,53.26234436035156,17363100,0.03334357124513487,1226,2015-11-16,65.88999938964844,68.25,65.83999633789062,68.18000030517578,53.26234436035156,17363100,0.03334357124513487,1226,2015-11-16,65.88999938964844,68.25,65.83999633789062,68.18000030517578,53.26234436035156,17363100,0.03334357124513487
1227,2015-11-17,68.0,68.27999877929688,67.18000030517578,67.43000030517578,52.67644119262695,15228900,-0.011000326304839714,1227,2015-11-17,68.0,68.27999877929688,67.18000030517578,67.43000030517578,52.67644119262695,15228900,-0.011000326304839714,1227,2015-11-17,68.0,68.27999877929688,67.18000030517578,67.43000030517578,52.67644119262695,15228900,-0.011000326304839714,1227,2015-11-17,68.0,68.27999877929688,67.18000030517578,67.43000030517578,52.67644119262695,15228900,-0.011000326304839714,1227,2015-11-17,68.0,68.27999877929688,67.18000030517578,67.43000030517578,52.67644119262695,15228900,-0.011000326304839714
1228,2015-11-18,67.9000015258789,68.62999725341797,67.26000213623047,68.54000091552734,53.54357147216797,20951500,0.016461443861974123,1228,2015-11-18,67.9000015258789,68.62999725341797,67.26000213623047,68.54000091552734,53.54357147216797,20951500,0.016461443861974123,1228,2015-11-18,67.9000015258789,68.62999725341797,67.26000213623047,68.54000091552734,53.54357147216797,20951500,0.016461443861974123,1228,2015-11-18,67.9000015258789,68.62999725341797,67.26000213623047,68.54000091552734,53.54357147216797,20951500,0.016461443861974123,1228,2015-11-18,67.9000015258789,68.62999725341797,67.26000213623047,68.54000091552734,53.54357147216797,20951500,0.016461443861974123
1229,2015-11-19,68.13999938964844,68.51000213623047,67.05999755859375,67.62000274658203,52.82487487792969,18912500,-0.013422649525944741,1229,2015-11-19,68.13999938964844,68.51000213623047,67.05999755859375,67.62000274658203,52.82487487792969,18912500,-0.013422649525944741,1229,2015-11-19,68.13999938964844,68.51000213623047,67.05999755859375,67.62000274658203,52.82487487792969,18912500,-0.013422649525944741,1229,2015-11-19,68.13999938964844,68.51000213623047,67.05999755859375,67.62000274658203,52.82487487792969,18912500,-0.013422649525944741,1229,2015-11-19,68.13999938964844,68.51000213623047,67.05999755859375,67.62000274658203,52.82487487792969,18912500,-0.013422649525944741
1230,2015-11-20,67.63999938964844,67.94999694824219,66.83000183105469,66.9000015258789,52.26240539550781,14214000,-0.010647814760028407,1230,2015-11-20,67.63999938964844,67.94999694824219,66.83000183105469,66.9000015258789,52.26240539550781,14214000,-0.010647814760028407,1230,2015-11-20,67.63999938964844,67.94999694824219,66.83000183105469,66.9000015258789,52.26240539550781,14214000,-0.010647814760028407,1230,2015-11-20,67.63999938964844,67.94999694824219,66.83000183105469,66.9000015258789,52.26240539550781,14214000,-0.010647814760028407,1230,2015-11-20,67.63999938964844,67.94999694824219,66.83000183105469,66.9000015258789,52.26240539550781,14214000,-0.010647814760028407
1231,2015-11-23,66.83999633789062,67.76000213623047,66.41000366210938,67.37999725341797,52.63738250732422,16407300,0.0071748919510818965,1231,2015-11-23,66.83999633789062,67.76000213623047,66.41000366210938,67.37999725341797,52.63738250732422,16407300,0.0071748919510818965,1231,2015-11-23,66.83999633789062,67.76000213623047,66.41000366210938,67.37999725341797,52.63738250732422,16407300,0.0071748919510818965,1231,2015-11-23,66.83999633789062,67.76000213623047,66.41000366210938,67.37999725341797,52.63738250732422,16407300,0.0071748919510818965,1231,2015-11-23,66.83999633789062,67.76000213623047,66.41000366210938,67.37999725341797,52.63738250732422,16407300,0.0071748919510818965
1232,2015-11-24,67.69999694824219,69.12999725341797,67.56999969482422,68.81999969482422,53.76231384277344,18943100,0.02137133880645936,1232,2015-11-24,67.69999694824219,69.12999725341797,67.56999969482422,68.81999969482422,53.76231384277344,18943100,0.02137133880645936,1232,2015-11-24,67.69999694824219,69.12999725341797,67.56999969482422,68.81999969482422,53.76231384277344,18943100,0.02137133880645936,1232,2015-11-24,67.69999694824219,69.12999725341797,67.56999969482422,68.81999969482422,53.76231384277344,18943100,0.02137133880645936,1232,2015-11-24,67.69999694824219,69.12999725341797,67.56999969482422,68.81999969482422,53.76231384277344,18943100,0.02137133880645936
1233,2015-11-25,68.23999786376953,68.83000183105469,67.83999633789062,68.26000213623047,53.3248405456543,11100600,-0.008137173902122652,1233,2015-11-25,68.23999786376953,68.83000183105469,67.83999633789062,68.26000213623047,53.3248405456543,11100600,-0.008137173902122652,1233,2015-11-25,68.23999786376953,68.83000183105469,67.83999633789062,68.26000213623047,53.3248405456543,11100600,-0.008137173902122652,1233,2015-11-25,68.23999786376953,68.83000183105469,67.83999633789062,68.26000213623047,53.3248405456543,11100600,-0.008137173902122652,1233,2015-11-25,68.23999786376953,68.83000183105469,67.83999633789062,68.26000213623047,53.3248405456543,11100600,-0.008137173902122652
1234,2015-11-27,67.70999908447266,68.05000305175781,67.52999877929688,67.7699966430664,52.94205093383789,8376400,-0.007178448316009112,1234,2015-11-27,67.70999908447266,68.05000305175781,67.52999877929688,67.7699966430664,52.94205093383789,8376400,-0.007178448316009112,1234,2015-11-27,67.70999908447266,68.05000305175781,67.52999877929688,67.7699966430664,52.94205093383789,8376400,-0.007178448316009112,1234,2015-11-27,67.70999908447266,68.05000305175781,67.52999877929688,67.7699966430664,52.94205093383789,8376400,-0.007178448316009112,1234,2015-11-27,67.70999908447266,68.05000305175781,67.52999877929688,67.7699966430664,52.94205093383789,8376400,-0.007178448316009112
1235,2015-11-30,68.05000305175781,68.68000030517578,67.7699966430664,68.0199966430664,53.13734436035156,17605300,0.003688814903633597,1235,2015-11-30,68.05000305175781,68.68000030517578,67.7699966430664,68.0199966430664,53.13734436035156,17605300,0.003688814903633597,1235,2015-11-30,68.05000305175781,68.68000030517578,67.7699966430664,68.0199966430664,53.13734436035156,17605300,0.003688814903633597,1235,2015-11-30,68.05000305175781,68.68000030517578,67.7699966430664,68.0199966430664,53.13734436035156,17605300,0.003688814903633597,1235,2015-11-30,68.05000305175781,68.68000030517578,67.7699966430664,68.0199966430664,53.13734436035156,17605300,0.003688814903633597
1236,2015-12-01,68.08000183105469,68.62000274658203,67.91000366210938,68.55999755859375,53.55919647216797,13797000,0.0079389009160038,1236,2015-12-01,68.08000183105469,68.62000274658203,67.91000366210938,68.55999755859375,53.55919647216797,13797000,0.0079389009160038,1236,2015-12-01,68.08000183105469,68.62000274658203,67.91000366210938,68.55999755859375,53.55919647216797,13797000,0.0079389009160038,1236,2015-12-01,68.08000183105469,68.62000274658203,67.91000366210938,68.55999755859375,53.55919647216797,13797000,0.0079389009160038,1236,2015-12-01,68.08000183105469,68.62000274658203,67.91000366210938,68.55999755859375,53.55919647216797,13797000,0.0079389009160038
1237,2015-12-02,68.11000061035156,68.37000274658203,66.22000122070312,66.44000244140625,51.903045654296875,25428100,-0.03092187573672267,1237,2015-12-02,68.11000061035156,68.37000274658203,66.22000122070312,66.44000244140625,51.903045654296875,25428100,-0.03092187573672267,1237,2015-12-02,68.11000061035156,68.37000274658203,66.22000122070312,66.44000244140625,51.903045654296875,25428100,-0.03092187573672267,1237,2015-12-02,68.11000061035156,68.37000274658203,66.22000122070312,66.44000244140625,51.903045654296875,25428100,-0.03092187573672267,1237,2015-12-02,68.11000061035156,68.37000274658203,66.22000122070312,66.44000244140625,51.903045654296875,25428100,-0.03092187573672267
1238,2015-12-03,66.76000213623047,66.9800033569336,64.79000091552734,65.11000061035156,50.864051818847656,24219200,-0.020017974327932397,1238,2015-12-03,66.76000213623047,66.9800033569336,64.79000091552734,65.11000061035156,50.864051818847656,24219200,-0.020017974327932397,1238,2015-12-03,66.76000213623047,66.9800033569336,64.79000091552734,65.11000061035156,50.864051818847656,24219200,-0.020017974327932397,1238,2015-12-03,66.76000213623047,66.9800033569336,64.79000091552734,65.11000061035156,50.864051818847656,24219200,-0.020017974327932397,1238,2015-12-03,66.76000213623047,66.9800033569336,64.79000091552734,65.11000061035156,50.864051818847656,24219200,-0.020017974327932397
1239,2015-12-04,64.5,65.08000183105469,63.47999954223633,64.69999694824219,50.54376220703125,32839300,-0.006296973999576738,1239,2015-12-04,64.5,65.08000183105469,63.47999954223633,64.69999694824219,50.54376220703125,32839300,-0.006296973999576738,1239,2015-12-04,64.5,65.08000183105469,63.47999954223633,64.69999694824219,50.54376220703125,32839300,-0.006296973999576738,1239,2015-12-04,64.5,65.08000183105469,63.47999954223633,64.69999694824219,50.54376220703125,32839300,-0.006296973999576738,1239,2015-12-04,64.5,65.08000183105469,63.47999954223633,64.69999694824219,50.54376220703125,32839300,-0.006296973999576738
1240,2015-12-07,63.099998474121094,63.189998626708984,61.349998474121094,62.2400016784668,48.622005462646484,32800400,-0.038021640267162926,1240,2015-12-07,63.099998474121094,63.189998626708984,61.349998474121094,62.2400016784668,48.622005462646484,32800400,-0.038021640267162926,1240,2015-12-07,63.099998474121094,63.189998626708984,61.349998474121094,62.2400016784668,48.622005462646484,32800400,-0.038021640267162926,1240,2015-12-07,63.099998474121094,63.189998626708984,61.349998474121094,62.2400016784668,48.622005462646484,32800400,-0.038021640267162926,1240,2015-12-07,63.099998474121094,63.189998626708984,61.349998474121094,62.2400016784668,48.622005462646484,32800400,-0.038021640267162926
1241,2015-12-08,60.869998931884766,62.439998626708984,60.25,61.599998474121094,48.12203598022461,27336900,-0.010282781996846513,1241,2015-12-08,60.869998931884766,62.439998626708984,60.25,61.599998474121094,48.12203598022461,27336900,-0.010282781996846513,1241,2015-12-08,60.869998931884766,62.439998626708984,60.25,61.599998474121094,48.12203598022461,27336900,-0.010282781996846513,1241,2015-12-08,60.869998931884766,62.439998626708984,60.25,61.599998474121094,48.12203598022461,27336900,-0.010282781996846513,1241,2015-12-08,60.869998931884766,62.439998626708984,60.25,61.599998474121094,48.12203598022461,27336900,-0.010282781996846513
1242,2015-12-09,61.880001068115234,63.72999954223633,61.529998779296875,62.40999984741211,48.75481033325195,28756900,0.013149367854830007,1242,2015-12-09,61.880001068115234,63.72999954223633,61.529998779296875,62.40999984741211,48.75481033325195,28756900,0.013149367854830007,1242,2015-12-09,61.880001068115234,63.72999954223633,61.529998779296875,62.40999984741211,48.75481033325195,28756900,0.013149367854830007,1242,2015-12-09,61.880001068115234,63.72999954223633,61.529998779296875,62.40999984741211,48.75481033325195,28756900,0.013149367854830007,1242,2015-12-09,61.880001068115234,63.72999954223633,61.529998779296875,62.40999984741211,48.75481033325195,28756900,0.013149367854830007
1243,2015-12-10,62.439998626708984,63.7400016784668,62.0099983215332,62.810001373291016,49.06728744506836,38914900,0.006409154495331748,1243,2015-12-10,62.439998626708984,63.7400016784668,62.0099983215332,62.810001373291016,49.06728744506836,38914900,0.006409154495331748,1243,2015-12-10,62.439998626708984,63.7400016784668,62.0099983215332,62.810001373291016,49.06728744506836,38914900,0.006409154495331748,1243,2015-12-10,62.439998626708984,63.7400016784668,62.0099983215332,62.810001373291016,49.06728744506836,38914900,0.006409154495331748,1243,2015-12-10,62.439998626708984,63.7400016784668,62.0099983215332,62.810001373291016,49.06728744506836,38914900,0.006409154495331748
1244,2015-12-11,61.72999954223633,61.959999084472656,60.400001525878906,60.459999084472656,47.23146438598633,29004000,-0.0374143987710196,1244,2015-12-11,61.72999954223633,61.959999084472656,60.400001525878906,60.459999084472656,47.23146438598633,29004000,-0.0374143987710196,1244,2015-12-11,61.72999954223633,61.959999084472656,60.400001525878906,60.459999084472656,47.23146438598633,29004000,-0.0374143987710196,1244,2015-12-11,61.72999954223633,61.959999084472656,60.400001525878906,60.459999084472656,47.23146438598633,29004000,-0.0374143987710196,1244,2015-12-11,61.72999954223633,61.959999084472656,60.400001525878906,60.459999084472656,47.23146438598633,29004000,-0.0374143987710196
1245,2015-12-14,60.16999816894531,61.099998474121094,59.52000045776367,60.779998779296875,47.481449127197266,39116600,0.005292758640045747,1245,2015-12-14,60.16999816894531,61.099998474121094,59.52000045776367,60.779998779296875,47.481449127197266,39116600,0.005292758640045747,1245,2015-12-14,60.16999816894531,61.099998474121094,59.52000045776367,60.779998779296875,47.481449127197266,39116600,0.005292758640045747,1245,2015-12-14,60.16999816894531,61.099998474121094,59.52000045776367,60.779998779296875,47.481449127197266,39116600,0.005292758640045747,1245,2015-12-14,60.16999816894531,61.099998474121094,59.52000045776367,60.779998779296875,47.481449127197266,39116600,0.005292758640045747
1246,2015-12-15,61.63999938964844,62.599998474121094,61.560001373291016,62.310001373291016,48.676692962646484,29070300,0.025172859241243906,1246,2015-12-15,61.63999938964844,62.599998474121094,61.560001373291016,62.310001373291016,48.676692962646484,29070300,0.025172859241243906,1246,2015-12-15,61.63999938964844,62.599998474121094,61.560001373291016,62.310001373291016,48.676692962646484,29070300,0.025172859241243906,1246,2015-12-15,61.63999938964844,62.599998474121094,61.560001373291016,62.310001373291016,48.676692962646484,29070300,0.025172859241243906,1246,2015-12-15,61.63999938964844,62.599998474121094,61.560001373291016,62.310001373291016,48.676692962646484,29070300,0.025172859241243906
1247,2015-12-16,62.06999969482422,62.720001220703125,61.2400016784668,61.900001525878906,48.35640335083008,28751200,-0.006579937796147961,1247,2015-12-16,62.06999969482422,62.720001220703125,61.2400016784668,61.900001525878906,48.35640335083008,28751200,-0.006579937796147961,1247,2015-12-16,62.06999969482422,62.720001220703125,61.2400016784668,61.900001525878906,48.35640335083008,28751200,-0.006579937796147961,1247,2015-12-16,62.06999969482422,62.720001220703125,61.2400016784668,61.900001525878906,48.35640335083008,28751200,-0.006579937796147961,1247,2015-12-16,62.06999969482422,62.720001220703125,61.2400016784668,61.900001525878906,48.35640335083008,28751200,-0.006579937796147961
1248,2015-12-17,61.939998626708984,62.060001373291016,60.380001068115234,60.380001068115234,47.16897201538086,29074800,-0.02455582411359869,1248,2015-12-17,61.939998626708984,62.060001373291016,60.380001068115234,60.380001068115234,47.16897201538086,29074800,-0.02455582411359869,1248,2015-12-17,61.939998626708984,62.060001373291016,60.380001068115234,60.380001068115234,47.16897201538086,29074800,-0.02455582411359869,1248,2015-12-17,61.939998626708984,62.060001373291016,60.380001068115234,60.380001068115234,47.16897201538086,29074800,-0.02455582411359869,1248,2015-12-17,61.939998626708984,62.060001373291016,60.380001068115234,60.380001068115234,47.16897201538086,29074800,-0.02455582411359869
1249,2015-12-18,59.900001525878906,59.939998626708984,58.77000045776367,58.790000915527344,46.34285354614258,27139200,-0.01751402317966355,1249,2015-12-18,59.900001525878906,59.939998626708984,58.77000045776367,58.790000915527344,46.34285354614258,27139200,-0.01751402317966355,1249,2015-12-18,59.900001525878906,59.939998626708984,58.77000045776367,58.790000915527344,46.34285354614258,27139200,-0.01751402317966355,1249,2015-12-18,59.900001525878906,59.939998626708984,58.77000045776367,58.790000915527344,46.34285354614258,27139200,-0.01751402317966355,1249,2015-12-18,59.900001525878906,59.939998626708984,58.77000045776367,58.790000915527344,46.34285354614258,27139200,-0.01751402317966355
1250,2015-12-21,58.79999923706055,59.31999969482422,58.209999084472656,58.849998474121094,46.39014434814453,24015000,0.0010204551162320552,1250,2015-12-21,58.79999923706055,59.31999969482422,58.209999084472656,58.849998474121094,46.39014434814453,24015000,0.0010204551162320552,1250,2015-12-21,58.79999923706055,59.31999969482422,58.209999084472656,58.849998474121094,46.39014434814453,24015000,0.0010204551162320552,1250,2015-12-21,58.79999923706055,59.31999969482422,58.209999084472656,58.849998474121094,46.39014434814453,24015000,0.0010204551162320552,1250,2015-12-21,58.79999923706055,59.31999969482422,58.209999084472656,58.849998474121094,46.39014434814453,24015000,0.0010204551162320552
1251,2015-12-22,59.060001373291016,59.91999816894531,58.77000045776367,59.540000915527344,46.934059143066406,25291500,0.011724792034272458,1251,2015-12-22,59.060001373291016,59.91999816894531,58.77000045776367,59.540000915527344,46.934059143066406,25291500,0.011724792034272458,1251,2015-12-22,59.060001373291016,59.91999816894531,58.77000045776367,59.540000915527344,46.934059143066406,25291500,0.011724792034272458,1251,2015-12-22,59.060001373291016,59.91999816894531,58.77000045776367,59.540000915527344,46.934059143066406,25291500,0.011724792034272458,1251,2015-12-22,59.060001373291016,59.91999816894531,58.77000045776367,59.540000915527344,46.934059143066406,25291500,0.011724792034272458
1252,2015-12-23,60.7400016784668,62.16999816894531,60.529998779296875,62.130001068115234,48.975704193115234,30210500,0.043500287154482065,1252,2015-12-23,60.7400016784668,62.16999816894531,60.529998779296875,62.130001068115234,48.975704193115234,30210500,0.043500287154482065,1252,2015-12-23,60.7400016784668,62.16999816894531,60.529998779296875,62.130001068115234,48.975704193115234,30210500,0.043500287154482065,1252,2015-12-23,60.7400016784668,62.16999816894531,60.529998779296875,62.130001068115234,48.975704193115234,30210500,0.043500287154482065,1252,2015-12-23,60.7400016784668,62.16999816894531,60.529998779296875,62.130001068115234,48.975704193115234,30210500,0.043500287154482065
1253,2015-12-24,62.209999084472656,62.290000915527344,61.349998474121094,61.56999969482422,48.53426742553711,7215300,-0.00901338275479413,1253,2015-12-24,62.209999084472656,62.290000915527344,61.349998474121094,61.56999969482422,48.53426742553711,7215300,-0.00901338275479413,1253,2015-12-24,62.209999084472656,62.290000915527344,61.349998474121094,61.56999969482422,48.53426742553711,7215300,-0.00901338275479413,1253,2015-12-24,62.209999084472656,62.290000915527344,61.349998474121094,61.56999969482422,48.53426742553711,7215300,-0.00901338275479413,1253,2015-12-24,62.209999084472656,62.290000915527344,61.349998474121094,61.56999969482422,48.53426742553711,7215300,-0.00901338275479413
1254,2015-12-28,60.5,60.81999969482422,60.13999938964844,60.45000076293945,47.65139389038086,12553900,-0.018190725480935366,1254,2015-12-28,60.5,60.81999969482422,60.13999938964844,60.45000076293945,47.65139389038086,12553900,-0.018190725480935366,1254,2015-12-28,60.5,60.81999969482422,60.13999938964844,60.45000076293945,47.65139389038086,12553900,-0.018190725480935366,1254,2015-12-28,60.5,60.81999969482422,60.13999938964844,60.45000076293945,47.65139389038086,12553900,-0.018190725480935366,1254,2015-12-28,60.5,60.81999969482422,60.13999938964844,60.45000076293945,47.65139389038086,12553900,-0.018190725480935366
1255,2015-12-29,61.4900016784668,61.66999816894531,60.540000915527344,60.869998931884766,47.98246383666992,15106300,0.006947749462495656,1255,2015-12-29,61.4900016784668,61.66999816894531,60.540000915527344,60.869998931884766,47.98246383666992,15106300,0.006947749462495656,1255,2015-12-29,61.4900016784668,61.66999816894531,60.540000915527344,60.869998931884766,47.98246383666992,15106300,0.006947749462495656,1255,2015-12-29,61.4900016784668,61.66999816894531,60.540000915527344,60.869998931884766,47.98246383666992,15106300,0.006947749462495656,1255,2015-12-29,61.4900016784668,61.66999816894531,60.540000915527344,60.869998931884766,47.98246383666992,15106300,0.006947749462495656
1256,2015-12-30,60.029998779296875,60.88999938964844,59.9900016784668,60.04999923706055,47.33607864379883,15051200,-0.013471279738184294,1256,2015-12-30,60.029998779296875,60.88999938964844,59.9900016784668,60.04999923706055,47.33607864379883,15051200,-0.013471279738184294,1256,2015-12-30,60.029998779296875,60.88999938964844,59.9900016784668,60.04999923706055,47.33607864379883,15051200,-0.013471279738184294,1256,2015-12-30,60.029998779296875,60.88999938964844,59.9900016784668,60.04999923706055,47.33607864379883,15051200,-0.013471279738184294,1256,2015-12-30,60.029998779296875,60.88999938964844,59.9900016784668,60.04999923706055,47.33607864379883,15051200,-0.013471279738184294
1257,2015-12-31,59.77000045776367,60.63999938964844,59.58000183105469,60.31999969482422,47.548919677734375,19202400,0.004496380774106079,1257,2015-12-31,59.77000045776367,60.63999938964844,59.58000183105469,60.31999969482422,47.548919677734375,19202400,0.004496380774106079,1257,2015-12-31,59.77000045776367,60.63999938964844,59.58000183105469,60.31999969482422,47.548919677734375,19202400,0.004496380774106079,1257,2015-12-31,59.77000045776367,60.63999938964844,59.58000183105469,60.31999969482422,47.548919677734375,19202400,0.004496380774106079,1257,2015-12-31,59.77000045776367,60.63999938964844,59.58000183105469,60.31999969482422,47.548919677734375,19202400,0.004496380774106079
1258,2016-01-04,60.15999984741211,60.779998779296875,59.29999923706055,60.29999923706055,47.53314208984375,21808700,-0.00033181800969528386,1258,2016-01-04,60.15999984741211,60.779998779296875,59.29999923706055,60.29999923706055,47.53314208984375,21808700,-0.00033181800969528386,1258,2016-01-04,60.15999984741211,60.779998779296875,59.29999923706055,60.29999923706055,47.53314208984375,21808700,-0.00033181800969528386,1258,2016-01-04,60.15999984741211,60.779998779296875,59.29999923706055,60.29999923706055,47.53314208984375,21808700,-0.00033181800969528386,1258,2016-01-04,60.15999984741211,60.779998779296875,59.29999923706055,60.29999923706055,47.53314208984375,21808700,-0.00033181800969528386
1259,2016-01-05,60.2599983215332,60.599998474121094,59.59000015258789,60.529998779296875,47.71445083618164,15529200,0.0038143648487447557,1259,2016-01-05,60.2599983215332,60.599998474121094,59.59000015258789,60.529998779296875,47.71445083618164,15529200,0.0038143648487447557,1259,2016-01-05,60.2599983215332,60.599998474121094,59.59000015258789,60.529998779296875,47.71445083618164,15529200,0.0038143648487447557,1259,2016-01-05,60.2599983215332,60.599998474121094,59.59000015258789,60.529998779296875,47.71445083618164,15529200,0.0038143648487447557,1259,2016-01-05,60.2599983215332,60.599998474121094,59.59000015258789,60.529998779296875,47.71445083618164,15529200,0.0038143648487447557
1260,2016-01-06,59.099998474121094,59.220001220703125,57.709999084472656,58.20000076293945,45.87777328491211,26962100,-0.03849310888173918,1260,2016-01-06,59.099998474121094,59.220001220703125,57.709999084472656,58.20000076293945,45.87777328491211,26962100,-0.03849310888173918,1260,2016-01-06,59.099998474121094,59.220001220703125,57.709999084472656,58.20000076293945,45.87777328491211,26962100,-0.03849310888173918,1260,2016-01-06,59.099998474121094,59.220001220703125,57.709999084472656,58.20000076293945,45.87777328491211,26962100,-0.03849310888173918,1260,2016-01-06,59.099998474121094,59.220001220703125,57.709999084472656,58.20000076293945,45.87777328491211,26962100,-0.03849310888173918
1261,2016-01-07,57.06999969482422,58.380001068115234,56.540000915527344,56.779998779296875,44.75840759277344,28081900,-0.02439886707637573,1261,2016-01-07,57.06999969482422,58.380001068115234,56.540000915527344,56.779998779296875,44.75840759277344,28081900,-0.02439886707637573,1261,2016-01-07,57.06999969482422,58.380001068115234,56.540000915527344,56.779998779296875,44.75840759277344,28081900,-0.02439886707637573,1261,2016-01-07,57.06999969482422,58.380001068115234,56.540000915527344,56.779998779296875,44.75840759277344,28081900,-0.02439886707637573,1261,2016-01-07,57.06999969482422,58.380001068115234,56.540000915527344,56.779998779296875,44.75840759277344,28081900,-0.02439886707637573
1262,2016-01-08,57.2599983215332,57.38999938964844,55.84000015258789,56.04999923706055,44.1829719543457,19227100,-0.012856481483059734,1262,2016-01-08,57.2599983215332,57.38999938964844,55.84000015258789,56.04999923706055,44.1829719543457,19227100,-0.012856481483059734,1262,2016-01-08,57.2599983215332,57.38999938964844,55.84000015258789,56.04999923706055,44.1829719543457,19227100,-0.012856481483059734,1262,2016-01-08,57.2599983215332,57.38999938964844,55.84000015258789,56.04999923706055,44.1829719543457,19227100,-0.012856481483059734,1262,2016-01-08,57.2599983215332,57.38999938964844,55.84000015258789,56.04999923706055,44.1829719543457,19227100,-0.012856481483059734
1263,2016-01-11,56.279998779296875,56.349998474121094,54.15999984741211,54.849998474121094,43.23703384399414,28444700,-0.021409562745779098,1263,2016-01-11,56.279998779296875,56.349998474121094,54.15999984741211,54.849998474121094,43.23703384399414,28444700,-0.021409562745779098,1263,2016-01-11,56.279998779296875,56.349998474121094,54.15999984741211,54.849998474121094,43.23703384399414,28444700,-0.021409562745779098,1263,2016-01-11,56.279998779296875,56.349998474121094,54.15999984741211,54.849998474121094,43.23703384399414,28444700,-0.021409562745779098,1263,2016-01-11,56.279998779296875,56.349998474121094,54.15999984741211,54.849998474121094,43.23703384399414,28444700,-0.021409562745779098
1264,2016-01-12,55.70000076293945,55.880001068115234,53.459999084472656,54.97999954223633,43.33951950073242,35594100,0.002370321172078249,1264,2016-01-12,55.70000076293945,55.880001068115234,53.459999084472656,54.97999954223633,43.33951950073242,35594100,0.002370321172078249,1264,2016-01-12,55.70000076293945,55.880001068115234,53.459999084472656,54.97999954223633,43.33951950073242,35594100,0.002370321172078249,1264,2016-01-12,55.70000076293945,55.880001068115234,53.459999084472656,54.97999954223633,43.33951950073242,35594100,0.002370321172078249,1264,2016-01-12,55.70000076293945,55.880001068115234,53.459999084472656,54.97999954223633,43.33951950073242,35594100,0.002370321172078249
1265,2016-01-13,55.650001525878906,56.04999923706055,53.08000183105469,53.65999984741211,42.29898452758789,33958400,-0.024008918075959396,1265,2016-01-13,55.650001525878906,56.04999923706055,53.08000183105469,53.65999984741211,42.29898452758789,33958400,-0.024008918075959396,1265,2016-01-13,55.650001525878906,56.04999923706055,53.08000183105469,53.65999984741211,42.29898452758789,33958400,-0.024008918075959396,1265,2016-01-13,55.650001525878906,56.04999923706055,53.08000183105469,53.65999984741211,42.29898452758789,33958400,-0.024008918075959396,1265,2016-01-13,55.650001525878906,56.04999923706055,53.08000183105469,53.65999984741211,42.29898452758789,33958400,-0.024008918075959396
1266,2016-01-14,54.209999084472656,56.459999084472656,53.36000061035156,55.970001220703125,44.11991500854492,38074300,0.04304903536796245,1266,2016-01-14,54.209999084472656,56.459999084472656,53.36000061035156,55.970001220703125,44.11991500854492,38074300,0.04304903536796245,1266,2016-01-14,54.209999084472656,56.459999084472656,53.36000061035156,55.970001220703125,44.11991500854492,38074300,0.04304903536796245,1266,2016-01-14,54.209999084472656,56.459999084472656,53.36000061035156,55.970001220703125,44.11991500854492,38074300,0.04304903536796245,1266,2016-01-14,54.209999084472656,56.459999084472656,53.36000061035156,55.970001220703125,44.11991500854492,38074300,0.04304903536796245
1267,2016-01-15,53.630001068115234,54.869998931884766,53.31999969482422,54.349998474121094,42.842899322509766,36880200,-0.028944200952967125,1267,2016-01-15,53.630001068115234,54.869998931884766,53.31999969482422,54.349998474121094,42.842899322509766,36880200,-0.028944200952967125,1267,2016-01-15,53.630001068115234,54.869998931884766,53.31999969482422,54.349998474121094,42.842899322509766,36880200,-0.028944200952967125,1267,2016-01-15,53.630001068115234,54.869998931884766,53.31999969482422,54.349998474121094,42.842899322509766,36880200,-0.028944200952967125,1267,2016-01-15,53.630001068115234,54.869998931884766,53.31999969482422,54.349998474121094,42.842899322509766,36880200,-0.028944200952967125
1268,2016-01-19,54.7599983215332,55.02000045776367,52.33000183105469,53.18000030517578,41.92061996459961,35872300,-0.021527006166587537,1268,2016-01-19,54.7599983215332,55.02000045776367,52.33000183105469,53.18000030517578,41.92061996459961,35872300,-0.021527006166587537,1268,2016-01-19,54.7599983215332,55.02000045776367,52.33000183105469,53.18000030517578,41.92061996459961,35872300,-0.021527006166587537,1268,2016-01-19,54.7599983215332,55.02000045776367,52.33000183105469,53.18000030517578,41.92061996459961,35872300,-0.021527006166587537,1268,2016-01-19,54.7599983215332,55.02000045776367,52.33000183105469,53.18000030517578,41.92061996459961,35872300,-0.021527006166587537
1269,2016-01-20,52.130001068115234,52.54999923706055,49.93000030517578,51.77000045776367,40.80915069580078,51307400,-0.02651366486796769,1269,2016-01-20,52.130001068115234,52.54999923706055,49.93000030517578,51.77000045776367,40.80915069580078,51307400,-0.02651366486796769,1269,2016-01-20,52.130001068115234,52.54999923706055,49.93000030517578,51.77000045776367,40.80915069580078,51307400,-0.02651366486796769,1269,2016-01-20,52.130001068115234,52.54999923706055,49.93000030517578,51.77000045776367,40.80915069580078,51307400,-0.02651366486796769,1269,2016-01-20,52.130001068115234,52.54999923706055,49.93000030517578,51.77000045776367,40.80915069580078,51307400,-0.02651366486796769
1270,2016-01-21,51.709999084472656,54.029998779296875,51.369998931884766,53.380001068115234,42.078269958496094,43670700,0.031098889368111893,1270,2016-01-21,51.709999084472656,54.029998779296875,51.369998931884766,53.380001068115234,42.078269958496094,43670700,0.031098889368111893,1270,2016-01-21,51.709999084472656,54.029998779296875,51.369998931884766,53.380001068115234,42.078269958496094,43670700,0.031098889368111893,1270,2016-01-21,51.709999084472656,54.029998779296875,51.369998931884766,53.380001068115234,42.078269958496094,43670700,0.031098889368111893,1270,2016-01-21,51.709999084472656,54.029998779296875,51.369998931884766,53.380001068115234,42.078269958496094,43670700,0.031098889368111893
1271,2016-01-22,55.33000183105469,56.119998931884766,54.45000076293945,55.7400016784668,43.938602447509766,38622500,0.04421123993093379,1271,2016-01-22,55.33000183105469,56.119998931884766,54.45000076293945,55.7400016784668,43.938602447509766,38622500,0.04421123993093379,1271,2016-01-22,55.33000183105469,56.119998931884766,54.45000076293945,55.7400016784668,43.938602447509766,38622500,0.04421123993093379,1271,2016-01-22,55.33000183105469,56.119998931884766,54.45000076293945,55.7400016784668,43.938602447509766,38622500,0.04421123993093379,1271,2016-01-22,55.33000183105469,56.119998931884766,54.45000076293945,55.7400016784668,43.938602447509766,38622500,0.04421123993093379
1272,2016-01-25,54.68000030517578,56.08000183105469,53.099998474121094,53.13999938964844,41.88908386230469,29120000,-0.046645056306774624,1272,2016-01-25,54.68000030517578,56.08000183105469,53.099998474121094,53.13999938964844,41.88908386230469,29120000,-0.046645056306774624,1272,2016-01-25,54.68000030517578,56.08000183105469,53.099998474121094,53.13999938964844,41.88908386230469,29120000,-0.046645056306774624,1272,2016-01-25,54.68000030517578,56.08000183105469,53.099998474121094,53.13999938964844,41.88908386230469,29120000,-0.046645056306774624,1272,2016-01-25,54.68000030517578,56.08000183105469,53.099998474121094,53.13999938964844,41.88908386230469,29120000,-0.046645056306774624
1273,2016-01-26,54.099998474121094,55.220001220703125,53.400001525878906,55.150001525878906,43.4735221862793,25354900,0.03782461151890737,1273,2016-01-26,54.099998474121094,55.220001220703125,53.400001525878906,55.150001525878906,43.4735221862793,25354900,0.03782461151890737,1273,2016-01-26,54.099998474121094,55.220001220703125,53.400001525878906,55.150001525878906,43.4735221862793,25354900,0.03782461151890737,1273,2016-01-26,54.099998474121094,55.220001220703125,53.400001525878906,55.150001525878906,43.4735221862793,25354900,0.03782461151890737,1273,2016-01-26,54.099998474121094,55.220001220703125,53.400001525878906,55.150001525878906,43.4735221862793,25354900,0.03782461151890737
1274,2016-01-27,54.77000045776367,56.41999816894531,54.20000076293945,54.88999938964844,43.268558502197266,36494500,-0.004714678585364784,1274,2016-01-27,54.77000045776367,56.41999816894531,54.20000076293945,54.88999938964844,43.268558502197266,36494500,-0.004714678585364784,1274,2016-01-27,54.77000045776367,56.41999816894531,54.20000076293945,54.88999938964844,43.268558502197266,36494500,-0.004714678585364784,1274,2016-01-27,54.77000045776367,56.41999816894531,54.20000076293945,54.88999938964844,43.268558502197266,36494500,-0.004714678585364784,1274,2016-01-27,54.77000045776367,56.41999816894531,54.20000076293945,54.88999938964844,43.268558502197266,36494500,-0.004714678585364784
1275,2016-01-28,56.970001220703125,57.189998626708984,55.43000030517578,56.560001373291016,44.58499526977539,38171900,0.030424789111272776,1275,2016-01-28,56.970001220703125,57.189998626708984,55.43000030517578,56.560001373291016,44.58499526977539,38171900,0.030424789111272776,1275,2016-01-28,56.970001220703125,57.189998626708984,55.43000030517578,56.560001373291016,44.58499526977539,38171900,0.030424789111272776,1275,2016-01-28,56.970001220703125,57.189998626708984,55.43000030517578,56.560001373291016,44.58499526977539,38171900,0.030424789111272776,1275,2016-01-28,56.970001220703125,57.189998626708984,55.43000030517578,56.560001373291016,44.58499526977539,38171900,0.030424789111272776
1276,2016-01-29,56.65999984741211,58.27000045776367,56.4900016784668,58.209999084472656,45.885650634765625,31498200,0.029172490814907803,1276,2016-01-29,56.65999984741211,58.27000045776367,56.4900016784668,58.209999084472656,45.885650634765625,31498200,0.029172490814907803,1276,2016-01-29,56.65999984741211,58.27000045776367,56.4900016784668,58.209999084472656,45.885650634765625,31498200,0.029172490814907803,1276,2016-01-29,56.65999984741211,58.27000045776367,56.4900016784668,58.209999084472656,45.885650634765625,31498200,0.029172490814907803,1276,2016-01-29,56.65999984741211,58.27000045776367,56.4900016784668,58.209999084472656,45.885650634765625,31498200,0.029172490814907803
1277,2016-02-01,57.2400016784668,57.66999816894531,56.38999938964844,57.2400016784668,45.12102127075195,27685100,-0.016663801285065505,1277,2016-02-01,57.2400016784668,57.66999816894531,56.38999938964844,57.2400016784668,45.12102127075195,27685100,-0.016663801285065505,1277,2016-02-01,57.2400016784668,57.66999816894531,56.38999938964844,57.2400016784668,45.12102127075195,27685100,-0.016663801285065505,1277,2016-02-01,57.2400016784668,57.66999816894531,56.38999938964844,57.2400016784668,45.12102127075195,27685100,-0.016663801285065505,1277,2016-02-01,57.2400016784668,57.66999816894531,56.38999938964844,57.2400016784668,45.12102127075195,27685100,-0.016663801285065505
1278,2016-02-02,55.84000015258789,56.099998474121094,55.04999923706055,55.33000183105469,43.61540985107422,25231200,-0.03336829214576509,1278,2016-02-02,55.84000015258789,56.099998474121094,55.04999923706055,55.33000183105469,43.61540985107422,25231200,-0.03336829214576509,1278,2016-02-02,55.84000015258789,56.099998474121094,55.04999923706055,55.33000183105469,43.61540985107422,25231200,-0.03336829214576509,1278,2016-02-02,55.84000015258789,56.099998474121094,55.04999923706055,55.33000183105469,43.61540985107422,25231200,-0.03336829214576509,1278,2016-02-02,55.84000015258789,56.099998474121094,55.04999923706055,55.33000183105469,43.61540985107422,25231200,-0.03336829214576509
1279,2016-02-03,56.130001068115234,57.349998474121094,54.11000061035156,57.29999923706055,45.16831970214844,36440700,0.0356046144327582,1279,2016-02-03,56.130001068115234,57.349998474121094,54.11000061035156,57.29999923706055,45.16831970214844,36440700,0.0356046144327582,1279,2016-02-03,56.130001068115234,57.349998474121094,54.11000061035156,57.29999923706055,45.16831970214844,36440700,0.0356046144327582,1279,2016-02-03,56.130001068115234,57.349998474121094,54.11000061035156,57.29999923706055,45.16831970214844,36440700,0.0356046144327582,1279,2016-02-03,56.130001068115234,57.349998474121094,54.11000061035156,57.29999923706055,45.16831970214844,36440700,0.0356046144327582
1280,2016-02-04,57.41999816894531,58.5,57.0,57.27000045776367,45.14467239379883,37056100,-0.0005235374817027516,1280,2016-02-04,57.41999816894531,58.5,57.0,57.27000045776367,45.14467239379883,37056100,-0.0005235374817027516,1280,2016-02-04,57.41999816894531,58.5,57.0,57.27000045776367,45.14467239379883,37056100,-0.0005235374817027516,1280,2016-02-04,57.41999816894531,58.5,57.0,57.27000045776367,45.14467239379883,37056100,-0.0005235374817027516,1280,2016-02-04,57.41999816894531,58.5,57.0,57.27000045776367,45.14467239379883,37056100,-0.0005235374817027516
1281,2016-02-05,56.5,56.7400016784668,55.470001220703125,55.939998626708984,44.096256256103516,30241000,-0.023223474268457056,1281,2016-02-05,56.5,56.7400016784668,55.470001220703125,55.939998626708984,44.096256256103516,30241000,-0.023223474268457056,1281,2016-02-05,56.5,56.7400016784668,55.470001220703125,55.939998626708984,44.096256256103516,30241000,-0.023223474268457056,1281,2016-02-05,56.5,56.7400016784668,55.470001220703125,55.939998626708984,44.096256256103516,30241000,-0.023223474268457056,1281,2016-02-05,56.5,56.7400016784668,55.470001220703125,55.939998626708984,44.096256256103516,30241000,-0.023223474268457056
1282,2016-02-08,54.83000183105469,56.0,54.0,55.650001525878906,43.86766052246094,34806700,-0.005184016808931213,1282,2016-02-08,54.83000183105469,56.0,54.0,55.650001525878906,43.86766052246094,34806700,-0.005184016808931213,1282,2016-02-08,54.83000183105469,56.0,54.0,55.650001525878906,43.86766052246094,34806700,-0.005184016808931213,1282,2016-02-08,54.83000183105469,56.0,54.0,55.650001525878906,43.86766052246094,34806700,-0.005184016808931213,1282,2016-02-08,54.83000183105469,56.0,54.0,55.650001525878906,43.86766052246094,34806700,-0.005184016808931213
1283,2016-02-09,54.81999969482422,55.4900016784668,53.439998626708984,54.310001373291016,42.81136703491211,37411300,-0.024079093231060056,1283,2016-02-09,54.81999969482422,55.4900016784668,53.439998626708984,54.310001373291016,42.81136703491211,37411300,-0.024079093231060056,1283,2016-02-09,54.81999969482422,55.4900016784668,53.439998626708984,54.310001373291016,42.81136703491211,37411300,-0.024079093231060056,1283,2016-02-09,54.81999969482422,55.4900016784668,53.439998626708984,54.310001373291016,42.81136703491211,37411300,-0.024079093231060056,1283,2016-02-09,54.81999969482422,55.4900016784668,53.439998626708984,54.310001373291016,42.81136703491211,37411300,-0.024079093231060056
1284,2016-02-10,54.150001525878906,55.31999969482422,53.5099983215332,54.09000015258789,42.637943267822266,30215800,-0.004050881321972732,1284,2016-02-10,54.150001525878906,55.31999969482422,53.5099983215332,54.09000015258789,42.637943267822266,30215800,-0.004050881321972732,1284,2016-02-10,54.150001525878906,55.31999969482422,53.5099983215332,54.09000015258789,42.637943267822266,30215800,-0.004050881321972732,1284,2016-02-10,54.150001525878906,55.31999969482422,53.5099983215332,54.09000015258789,42.637943267822266,30215800,-0.004050881321972732,1284,2016-02-10,54.150001525878906,55.31999969482422,53.5099983215332,54.09000015258789,42.637943267822266,30215800,-0.004050881321972732
1285,2016-02-11,53.150001525878906,54.27000045776367,52.369998931884766,53.86000061035156,42.456642150878906,47986900,-0.004252107466923283,1285,2016-02-11,53.150001525878906,54.27000045776367,52.369998931884766,53.86000061035156,42.456642150878906,47986900,-0.004252107466923283,1285,2016-02-11,53.150001525878906,54.27000045776367,52.369998931884766,53.86000061035156,42.456642150878906,47986900,-0.004252107466923283,1285,2016-02-11,53.150001525878906,54.27000045776367,52.369998931884766,53.86000061035156,42.456642150878906,47986900,-0.004252107466923283,1285,2016-02-11,53.150001525878906,54.27000045776367,52.369998931884766,53.86000061035156,42.456642150878906,47986900,-0.004252107466923283
1286,2016-02-12,54.599998474121094,55.52000045776367,54.11000061035156,55.279998779296875,43.575992584228516,25782000,0.02636455396947679,1286,2016-02-12,54.599998474121094,55.52000045776367,54.11000061035156,55.279998779296875,43.575992584228516,25782000,0.02636455396947679,1286,2016-02-12,54.599998474121094,55.52000045776367,54.11000061035156,55.279998779296875,43.575992584228516,25782000,0.02636455396947679,1286,2016-02-12,54.599998474121094,55.52000045776367,54.11000061035156,55.279998779296875,43.575992584228516,25782000,0.02636455396947679,1286,2016-02-12,54.599998474121094,55.52000045776367,54.11000061035156,55.279998779296875,43.575992584228516,25782000,0.02636455396947679
1287,2016-02-16,56.209999084472656,56.380001068115234,55.02000045776367,55.83000183105469,44.00955581665039,33800200,0.009949589365837896,1287,2016-02-16,56.209999084472656,56.380001068115234,55.02000045776367,55.83000183105469,44.00955581665039,33800200,0.009949589365837896,1287,2016-02-16,56.209999084472656,56.380001068115234,55.02000045776367,55.83000183105469,44.00955581665039,33800200,0.009949589365837896,1287,2016-02-16,56.209999084472656,56.380001068115234,55.02000045776367,55.83000183105469,44.00955581665039,33800200,0.009949589365837896,1287,2016-02-16,56.209999084472656,56.380001068115234,55.02000045776367,55.83000183105469,44.00955581665039,33800200,0.009949589365837896
1288,2016-02-17,56.5,57.90999984741211,56.279998779296875,57.65999984741211,45.45209503173828,29280000,0.03277786354167489,1288,2016-02-17,56.5,57.90999984741211,56.279998779296875,57.65999984741211,45.45209503173828,29280000,0.03277786354167489,1288,2016-02-17,56.5,57.90999984741211,56.279998779296875,57.65999984741211,45.45209503173828,29280000,0.03277786354167489,1288,2016-02-17,56.5,57.90999984741211,56.279998779296875,57.65999984741211,45.45209503173828,29280000,0.03277786354167489,1288,2016-02-17,56.5,57.90999984741211,56.279998779296875,57.65999984741211,45.45209503173828,29280000,0.03277786354167489
1289,2016-02-18,58.150001525878906,58.2400016784668,56.65999984741211,56.939998626708984,44.88453674316406,28832300,-0.012486955511685549,1289,2016-02-18,58.150001525878906,58.2400016784668,56.65999984741211,56.939998626708984,44.88453674316406,28832300,-0.012486955511685549,1289,2016-02-18,58.150001525878906,58.2400016784668,56.65999984741211,56.939998626708984,44.88453674316406,28832300,-0.012486955511685549,1289,2016-02-18,58.150001525878906,58.2400016784668,56.65999984741211,56.939998626708984,44.88453674316406,28832300,-0.012486955511685549,1289,2016-02-18,58.150001525878906,58.2400016784668,56.65999984741211,56.939998626708984,44.88453674316406,28832300,-0.012486955511685549
1290,2016-02-19,56.18000030517578,56.83000183105469,55.70000076293945,56.810001373291016,44.782066345214844,25128800,-0.0022829777331906387,1290,2016-02-19,56.18000030517578,56.83000183105469,55.70000076293945,56.810001373291016,44.782066345214844,25128800,-0.0022829777331906387,1290,2016-02-19,56.18000030517578,56.83000183105469,55.70000076293945,56.810001373291016,44.782066345214844,25128800,-0.0022829777331906387,1290,2016-02-19,56.18000030517578,56.83000183105469,55.70000076293945,56.810001373291016,44.782066345214844,25128800,-0.0022829777331906387,1290,2016-02-19,56.18000030517578,56.83000183105469,55.70000076293945,56.810001373291016,44.782066345214844,25128800,-0.0022829777331906387
1291,2016-02-22,57.88999938964844,58.52000045776367,57.63999938964844,58.2599983215332,45.92506408691406,24708300,0.025523559651939864,1291,2016-02-22,57.88999938964844,58.52000045776367,57.63999938964844,58.2599983215332,45.92506408691406,24708300,0.025523559651939864,1291,2016-02-22,57.88999938964844,58.52000045776367,57.63999938964844,58.2599983215332,45.92506408691406,24708300,0.025523559651939864,1291,2016-02-22,57.88999938964844,58.52000045776367,57.63999938964844,58.2599983215332,45.92506408691406,24708300,0.025523559651939864,1291,2016-02-22,57.88999938964844,58.52000045776367,57.63999938964844,58.2599983215332,45.92506408691406,24708300,0.025523559651939864
1292,2016-02-23,57.70000076293945,57.97999954223633,56.16999816894531,56.27000045776367,44.35639572143555,21455000,-0.03415712959071282,1292,2016-02-23,57.70000076293945,57.97999954223633,56.16999816894531,56.27000045776367,44.35639572143555,21455000,-0.03415712959071282,1292,2016-02-23,57.70000076293945,57.97999954223633,56.16999816894531,56.27000045776367,44.35639572143555,21455000,-0.03415712959071282,1292,2016-02-23,57.70000076293945,57.97999954223633,56.16999816894531,56.27000045776367,44.35639572143555,21455000,-0.03415712959071282,1292,2016-02-23,57.70000076293945,57.97999954223633,56.16999816894531,56.27000045776367,44.35639572143555,21455000,-0.03415712959071282
1293,2016-02-24,55.220001220703125,56.970001220703125,55.06999969482422,56.84000015258789,44.80569839477539,25279800,0.010129377421951302,1293,2016-02-24,55.220001220703125,56.970001220703125,55.06999969482422,56.84000015258789,44.80569839477539,25279800,0.010129377421951302,1293,2016-02-24,55.220001220703125,56.970001220703125,55.06999969482422,56.84000015258789,44.80569839477539,25279800,0.010129377421951302,1293,2016-02-24,55.220001220703125,56.970001220703125,55.06999969482422,56.84000015258789,44.80569839477539,25279800,0.010129377421951302,1293,2016-02-24,55.220001220703125,56.970001220703125,55.06999969482422,56.84000015258789,44.80569839477539,25279800,0.010129377421951302
1294,2016-02-25,56.66999816894531,57.040000915527344,55.779998779296875,56.88999938964844,44.84512710571289,18588900,0.0008799932229623941,1294,2016-02-25,56.66999816894531,57.040000915527344,55.779998779296875,56.88999938964844,44.84512710571289,18588900,0.0008799932229623941,1294,2016-02-25,56.66999816894531,57.040000915527344,55.779998779296875,56.88999938964844,44.84512710571289,18588900,0.0008799932229623941,1294,2016-02-25,56.66999816894531,57.040000915527344,55.779998779296875,56.88999938964844,44.84512710571289,18588900,0.0008799932229623941,1294,2016-02-25,56.66999816894531,57.040000915527344,55.779998779296875,56.88999938964844,44.84512710571289,18588900,0.0008799932229623941
1295,2016-02-26,57.84000015258789,58.0,57.040000915527344,57.22999954223633,45.11314392089844,21155100,0.005976498060842994,1295,2016-02-26,57.84000015258789,58.0,57.040000915527344,57.22999954223633,45.11314392089844,21155100,0.005976498060842994,1295,2016-02-26,57.84000015258789,58.0,57.040000915527344,57.22999954223633,45.11314392089844,21155100,0.005976498060842994,1295,2016-02-26,57.84000015258789,58.0,57.040000915527344,57.22999954223633,45.11314392089844,21155100,0.005976498060842994,1295,2016-02-26,57.84000015258789,58.0,57.040000915527344,57.22999954223633,45.11314392089844,21155100,0.005976498060842994
1296,2016-02-29,57.459999084472656,57.619998931884766,56.529998779296875,56.58000183105469,44.60076141357422,22983300,-0.01135772111610378,1296,2016-02-29,57.459999084472656,57.619998931884766,56.529998779296875,56.58000183105469,44.60076141357422,22983300,-0.01135772111610378,1296,2016-02-29,57.459999084472656,57.619998931884766,56.529998779296875,56.58000183105469,44.60076141357422,22983300,-0.01135772111610378,1296,2016-02-29,57.459999084472656,57.619998931884766,56.529998779296875,56.58000183105469,44.60076141357422,22983300,-0.01135772111610378,1296,2016-02-29,57.459999084472656,57.619998931884766,56.529998779296875,56.58000183105469,44.60076141357422,22983300,-0.01135772111610378
1297,2016-03-01,56.97999954223633,58.150001525878906,56.400001525878906,58.060001373291016,45.76741027832031,23643000,0.026157599730820325,1297,2016-03-01,56.97999954223633,58.150001525878906,56.400001525878906,58.060001373291016,45.76741027832031,23643000,0.026157599730820325,1297,2016-03-01,56.97999954223633,58.150001525878906,56.400001525878906,58.060001373291016,45.76741027832031,23643000,0.026157599730820325,1297,2016-03-01,56.97999954223633,58.150001525878906,56.400001525878906,58.060001373291016,45.76741027832031,23643000,0.026157599730820325,1297,2016-03-01,56.97999954223633,58.150001525878906,56.400001525878906,58.060001373291016,45.76741027832031,23643000,0.026157599730820325
1298,2016-03-02,57.70000076293945,59.52000045776367,57.41999816894531,59.47999954223633,46.886756896972656,26795000,0.024457285475524726,1298,2016-03-02,57.70000076293945,59.52000045776367,57.41999816894531,59.47999954223633,46.886756896972656,26795000,0.024457285475524726,1298,2016-03-02,57.70000076293945,59.52000045776367,57.41999816894531,59.47999954223633,46.886756896972656,26795000,0.024457285475524726,1298,2016-03-02,57.70000076293945,59.52000045776367,57.41999816894531,59.47999954223633,46.886756896972656,26795000,0.024457285475524726,1298,2016-03-02,57.70000076293945,59.52000045776367,57.41999816894531,59.47999954223633,46.886756896972656,26795000,0.024457285475524726
1299,2016-03-03,59.2400016784668,60.4900016784668,59.209999084472656,60.380001068115234,47.59621047973633,24395600,0.015131214648149038,1299,2016-03-03,59.2400016784668,60.4900016784668,59.209999084472656,60.380001068115234,47.59621047973633,24395600,0.015131214648149038,1299,2016-03-03,59.2400016784668,60.4900016784668,59.209999084472656,60.380001068115234,47.59621047973633,24395600,0.015131214648149038,1299,2016-03-03,59.2400016784668,60.4900016784668,59.209999084472656,60.380001068115234,47.59621047973633,24395600,0.015131214648149038,1299,2016-03-03,59.2400016784668,60.4900016784668,59.209999084472656,60.380001068115234,47.59621047973633,24395600,0.015131214648149038
1300,2016-03-04,60.720001220703125,61.83000183105469,60.06999969482422,60.959999084472656,48.053409576416016,30551600,0.00960578777325849,1300,2016-03-04,60.720001220703125,61.83000183105469,60.06999969482422,60.959999084472656,48.053409576416016,30551600,0.00960578777325849,1300,2016-03-04,60.720001220703125,61.83000183105469,60.06999969482422,60.959999084472656,48.053409576416016,30551600,0.00960578777325849,1300,2016-03-04,60.720001220703125,61.83000183105469,60.06999969482422,60.959999084472656,48.053409576416016,30551600,0.00960578777325849,1300,2016-03-04,60.720001220703125,61.83000183105469,60.06999969482422,60.959999084472656,48.053409576416016,30551600,0.00960578777325849
1301,2016-03-07,60.93000030517578,62.459999084472656,60.63999938964844,62.38999938964844,49.18064880371094,33360500,0.023458048809259946,1301,2016-03-07,60.93000030517578,62.459999084472656,60.63999938964844,62.38999938964844,49.18064880371094,33360500,0.023458048809259946,1301,2016-03-07,60.93000030517578,62.459999084472656,60.63999938964844,62.38999938964844,49.18064880371094,33360500,0.023458048809259946,1301,2016-03-07,60.93000030517578,62.459999084472656,60.63999938964844,62.38999938964844,49.18064880371094,33360500,0.023458048809259946,1301,2016-03-07,60.93000030517578,62.459999084472656,60.63999938964844,62.38999938964844,49.18064880371094,33360500,0.023458048809259946
1302,2016-03-08,61.880001068115234,61.91999816894531,59.66999816894531,59.77000045776367,47.1153678894043,29817600,-0.041993771219846265,1302,2016-03-08,61.880001068115234,61.91999816894531,59.66999816894531,59.77000045776367,47.1153678894043,29817600,-0.041993771219846265,1302,2016-03-08,61.880001068115234,61.91999816894531,59.66999816894531,59.77000045776367,47.1153678894043,29817600,-0.041993771219846265,1302,2016-03-08,61.880001068115234,61.91999816894531,59.66999816894531,59.77000045776367,47.1153678894043,29817600,-0.041993771219846265,1302,2016-03-08,61.880001068115234,61.91999816894531,59.66999816894531,59.77000045776367,47.1153678894043,29817600,-0.041993771219846265
1303,2016-03-09,60.58000183105469,61.52000045776367,59.84000015258789,60.7400016784668,47.87999725341797,25467600,0.01622887389542438,1303,2016-03-09,60.58000183105469,61.52000045776367,59.84000015258789,60.7400016784668,47.87999725341797,25467600,0.01622887389542438,1303,2016-03-09,60.58000183105469,61.52000045776367,59.84000015258789,60.7400016784668,47.87999725341797,25467600,0.01622887389542438,1303,2016-03-09,60.58000183105469,61.52000045776367,59.84000015258789,60.7400016784668,47.87999725341797,25467600,0.01622887389542438,1303,2016-03-09,60.58000183105469,61.52000045776367,59.84000015258789,60.7400016784668,47.87999725341797,25467600,0.01622887389542438
1304,2016-03-10,60.47999954223633,60.86000061035156,59.689998626708984,60.790000915527344,47.91941452026367,28623600,0.0008232512344785725,1304,2016-03-10,60.47999954223633,60.86000061035156,59.689998626708984,60.790000915527344,47.91941452026367,28623600,0.0008232512344785725,1304,2016-03-10,60.47999954223633,60.86000061035156,59.689998626708984,60.790000915527344,47.91941452026367,28623600,0.0008232512344785725,1304,2016-03-10,60.47999954223633,60.86000061035156,59.689998626708984,60.790000915527344,47.91941452026367,28623600,0.0008232512344785725,1304,2016-03-10,60.47999954223633,60.86000061035156,59.689998626708984,60.790000915527344,47.91941452026367,28623600,0.0008232512344785725
1305,2016-03-11,61.59000015258789,62.56999969482422,61.52000045776367,62.36000061035156,49.15699768066406,24783600,0.025826341427378052,1305,2016-03-11,61.59000015258789,62.56999969482422,61.52000045776367,62.36000061035156,49.15699768066406,24783600,0.025826341427378052,1305,2016-03-11,61.59000015258789,62.56999969482422,61.52000045776367,62.36000061035156,49.15699768066406,24783600,0.025826341427378052,1305,2016-03-11,61.59000015258789,62.56999969482422,61.52000045776367,62.36000061035156,49.15699768066406,24783600,0.025826341427378052,1305,2016-03-11,61.59000015258789,62.56999969482422,61.52000045776367,62.36000061035156,49.15699768066406,24783600,0.025826341427378052
1306,2016-03-14,61.58000183105469,62.16999816894531,61.34000015258789,61.95000076293945,48.83381271362305,21766100,-0.006574546499778178,1306,2016-03-14,61.58000183105469,62.16999816894531,61.34000015258789,61.95000076293945,48.83381271362305,21766100,-0.006574546499778178,1306,2016-03-14,61.58000183105469,62.16999816894531,61.34000015258789,61.95000076293945,48.83381271362305,21766100,-0.006574546499778178,1306,2016-03-14,61.58000183105469,62.16999816894531,61.34000015258789,61.95000076293945,48.83381271362305,21766100,-0.006574546499778178,1306,2016-03-14,61.58000183105469,62.16999816894531,61.34000015258789,61.95000076293945,48.83381271362305,21766100,-0.006574546499778178
1307,2016-03-15,61.099998474121094,61.84000015258789,60.65999984741211,61.83000183105469,48.739219665527344,21719600,-0.0019370399901074142,1307,2016-03-15,61.099998474121094,61.84000015258789,60.65999984741211,61.83000183105469,48.739219665527344,21719600,-0.0019370399901074142,1307,2016-03-15,61.099998474121094,61.84000015258789,60.65999984741211,61.83000183105469,48.739219665527344,21719600,-0.0019370399901074142,1307,2016-03-15,61.099998474121094,61.84000015258789,60.65999984741211,61.83000183105469,48.739219665527344,21719600,-0.0019370399901074142,1307,2016-03-15,61.099998474121094,61.84000015258789,60.65999984741211,61.83000183105469,48.739219665527344,21719600,-0.0019370399901074142
1308,2016-03-16,62.20000076293945,63.040000915527344,61.77000045776367,62.900001525878906,49.58266830444336,26970400,0.017305337358787698,1308,2016-03-16,62.20000076293945,63.040000915527344,61.77000045776367,62.900001525878906,49.58266830444336,26970400,0.017305337358787698,1308,2016-03-16,62.20000076293945,63.040000915527344,61.77000045776367,62.900001525878906,49.58266830444336,26970400,0.017305337358787698,1308,2016-03-16,62.20000076293945,63.040000915527344,61.77000045776367,62.900001525878906,49.58266830444336,26970400,0.017305337358787698,1308,2016-03-16,62.20000076293945,63.040000915527344,61.77000045776367,62.900001525878906,49.58266830444336,26970400,0.017305337358787698
1309,2016-03-17,63.40999984741211,64.27999877929688,62.84000015258789,63.7599983215332,50.26059341430664,28160800,0.01367262257248325,1309,2016-03-17,63.40999984741211,64.27999877929688,62.84000015258789,63.7599983215332,50.26059341430664,28160800,0.01367262257248325,1309,2016-03-17,63.40999984741211,64.27999877929688,62.84000015258789,63.7599983215332,50.26059341430664,28160800,0.01367262257248325,1309,2016-03-17,63.40999984741211,64.27999877929688,62.84000015258789,63.7599983215332,50.26059341430664,28160800,0.01367262257248325,1309,2016-03-17,63.40999984741211,64.27999877929688,62.84000015258789,63.7599983215332,50.26059341430664,28160800,0.01367262257248325
1310,2016-03-18,63.790000915527344,63.849998474121094,62.900001525878906,63.4900016784668,50.40507507324219,30474000,0.002874650876971474,1310,2016-03-18,63.790000915527344,63.849998474121094,62.900001525878906,63.4900016784668,50.40507507324219,30474000,0.002874650876971474,1310,2016-03-18,63.790000915527344,63.849998474121094,62.900001525878906,63.4900016784668,50.40507507324219,30474000,0.002874650876971474,1310,2016-03-18,63.790000915527344,63.849998474121094,62.900001525878906,63.4900016784668,50.40507507324219,30474000,0.002874650876971474,1310,2016-03-18,63.790000915527344,63.849998474121094,62.900001525878906,63.4900016784668,50.40507507324219,30474000,0.002874650876971474
1311,2016-03-21,63.2400016784668,63.689998626708984,62.56999969482422,63.27000045776367,50.230430603027344,16698500,-0.003464819166742128,1311,2016-03-21,63.2400016784668,63.689998626708984,62.56999969482422,63.27000045776367,50.230430603027344,16698500,-0.003464819166742128,1311,2016-03-21,63.2400016784668,63.689998626708984,62.56999969482422,63.27000045776367,50.230430603027344,16698500,-0.003464819166742128,1311,2016-03-21,63.2400016784668,63.689998626708984,62.56999969482422,63.27000045776367,50.230430603027344,16698500,-0.003464819166742128,1311,2016-03-21,63.2400016784668,63.689998626708984,62.56999969482422,63.27000045776367,50.230430603027344,16698500,-0.003464819166742128
1312,2016-03-22,62.529998779296875,63.4900016784668,62.4900016784668,62.91999816894531,49.952552795410156,14180100,-0.005532061029165036,1312,2016-03-22,62.529998779296875,63.4900016784668,62.4900016784668,62.91999816894531,49.952552795410156,14180100,-0.005532061029165036,1312,2016-03-22,62.529998779296875,63.4900016784668,62.4900016784668,62.91999816894531,49.952552795410156,14180100,-0.005532061029165036,1312,2016-03-22,62.529998779296875,63.4900016784668,62.4900016784668,62.91999816894531,49.952552795410156,14180100,-0.005532061029165036,1312,2016-03-22,62.529998779296875,63.4900016784668,62.4900016784668,62.91999816894531,49.952552795410156,14180100,-0.005532061029165036
1313,2016-03-23,62.470001220703125,62.70000076293945,61.41999816894531,61.540000915527344,48.85696029663086,18873800,-0.021932662846411377,1313,2016-03-23,62.470001220703125,62.70000076293945,61.41999816894531,61.540000915527344,48.85696029663086,18873800,-0.021932662846411377,1313,2016-03-23,62.470001220703125,62.70000076293945,61.41999816894531,61.540000915527344,48.85696029663086,18873800,-0.021932662846411377,1313,2016-03-23,62.470001220703125,62.70000076293945,61.41999816894531,61.540000915527344,48.85696029663086,18873800,-0.021932662846411377,1313,2016-03-23,62.470001220703125,62.70000076293945,61.41999816894531,61.540000915527344,48.85696029663086,18873800,-0.021932662846411377
1314,2016-03-24,60.689998626708984,61.84000015258789,60.400001525878906,61.84000015258789,49.095130920410156,15516000,0.004874855544292345,1314,2016-03-24,60.689998626708984,61.84000015258789,60.400001525878906,61.84000015258789,49.095130920410156,15516000,0.004874855544292345,1314,2016-03-24,60.689998626708984,61.84000015258789,60.400001525878906,61.84000015258789,49.095130920410156,15516000,0.004874855544292345,1314,2016-03-24,60.689998626708984,61.84000015258789,60.400001525878906,61.84000015258789,49.095130920410156,15516000,0.004874855544292345,1314,2016-03-24,60.689998626708984,61.84000015258789,60.400001525878906,61.84000015258789,49.095130920410156,15516000,0.004874855544292345
1315,2016-03-28,61.86000061035156,62.029998779296875,61.08000183105469,61.5099983215332,48.83314895629883,11564900,-0.005336210723952184,1315,2016-03-28,61.86000061035156,62.029998779296875,61.08000183105469,61.5099983215332,48.83314895629883,11564900,-0.005336210723952184,1315,2016-03-28,61.86000061035156,62.029998779296875,61.08000183105469,61.5099983215332,48.83314895629883,11564900,-0.005336210723952184,1315,2016-03-28,61.86000061035156,62.029998779296875,61.08000183105469,61.5099983215332,48.83314895629883,11564900,-0.005336210723952184,1315,2016-03-28,61.86000061035156,62.029998779296875,61.08000183105469,61.5099983215332,48.83314895629883,11564900,-0.005336210723952184
1316,2016-03-29,60.81999969482422,61.849998474121094,60.459999084472656,61.79999923706055,49.063377380371094,14366900,0.0047145930375758205,1316,2016-03-29,60.81999969482422,61.849998474121094,60.459999084472656,61.79999923706055,49.063377380371094,14366900,0.0047145930375758205,1316,2016-03-29,60.81999969482422,61.849998474121094,60.459999084472656,61.79999923706055,49.063377380371094,14366900,0.0047145930375758205,1316,2016-03-29,60.81999969482422,61.849998474121094,60.459999084472656,61.79999923706055,49.063377380371094,14366900,0.0047145930375758205,1316,2016-03-29,60.81999969482422,61.849998474121094,60.459999084472656,61.79999923706055,49.063377380371094,14366900,0.0047145930375758205
1317,2016-03-30,62.36000061035156,62.619998931884766,61.560001373291016,61.91999816894531,49.15864562988281,15744800,0.0019417385145164001,1317,2016-03-30,62.36000061035156,62.619998931884766,61.560001373291016,61.91999816894531,49.15864562988281,15744800,0.0019417385145164001,1317,2016-03-30,62.36000061035156,62.619998931884766,61.560001373291016,61.91999816894531,49.15864562988281,15744800,0.0019417385145164001,1317,2016-03-30,62.36000061035156,62.619998931884766,61.560001373291016,61.91999816894531,49.15864562988281,15744800,0.0019417385145164001,1317,2016-03-30,62.36000061035156,62.619998931884766,61.560001373291016,61.91999816894531,49.15864562988281,15744800,0.0019417385145164001
1318,2016-03-31,61.68000030517578,62.369998931884766,61.58000183105469,61.88999938964844,49.134830474853516,14046400,-0.00048445506836380936,1318,2016-03-31,61.68000030517578,62.369998931884766,61.58000183105469,61.88999938964844,49.134830474853516,14046400,-0.00048445506836380936,1318,2016-03-31,61.68000030517578,62.369998931884766,61.58000183105469,61.88999938964844,49.134830474853516,14046400,-0.00048445506836380936,1318,2016-03-31,61.68000030517578,62.369998931884766,61.58000183105469,61.88999938964844,49.134830474853516,14046400,-0.00048445506836380936,1318,2016-03-31,61.68000030517578,62.369998931884766,61.58000183105469,61.88999938964844,49.134830474853516,14046400,-0.00048445506836380936
1319,2016-04-01,60.81999969482422,61.2400016784668,60.61000061035156,61.060001373291016,48.47590255737305,14804800,-0.013410607325035961,1319,2016-04-01,60.81999969482422,61.2400016784668,60.61000061035156,61.060001373291016,48.47590255737305,14804800,-0.013410607325035961,1319,2016-04-01,60.81999969482422,61.2400016784668,60.61000061035156,61.060001373291016,48.47590255737305,14804800,-0.013410607325035961,1319,2016-04-01,60.81999969482422,61.2400016784668,60.61000061035156,61.060001373291016,48.47590255737305,14804800,-0.013410607325035961,1319,2016-04-01,60.81999969482422,61.2400016784668,60.61000061035156,61.060001373291016,48.47590255737305,14804800,-0.013410607325035961
1320,2016-04-04,60.95000076293945,61.59000015258789,60.43000030517578,60.61000061035156,48.118629455566406,15809500,-0.007370117583345603,1320,2016-04-04,60.95000076293945,61.59000015258789,60.43000030517578,60.61000061035156,48.118629455566406,15809500,-0.007370117583345603,1320,2016-04-04,60.95000076293945,61.59000015258789,60.43000030517578,60.61000061035156,48.118629455566406,15809500,-0.007370117583345603,1320,2016-04-04,60.95000076293945,61.59000015258789,60.43000030517578,60.61000061035156,48.118629455566406,15809500,-0.007370117583345603,1320,2016-04-04,60.95000076293945,61.59000015258789,60.43000030517578,60.61000061035156,48.118629455566406,15809500,-0.007370117583345603
1321,2016-04-05,60.099998474121094,60.630001068115234,59.939998626708984,60.20000076293945,47.79313659667969,16048800,-0.0067643834117778745,1321,2016-04-05,60.099998474121094,60.630001068115234,59.939998626708984,60.20000076293945,47.79313659667969,16048800,-0.0067643834117778745,1321,2016-04-05,60.099998474121094,60.630001068115234,59.939998626708984,60.20000076293945,47.79313659667969,16048800,-0.0067643834117778745,1321,2016-04-05,60.099998474121094,60.630001068115234,59.939998626708984,60.20000076293945,47.79313659667969,16048800,-0.0067643834117778745,1321,2016-04-05,60.099998474121094,60.630001068115234,59.939998626708984,60.20000076293945,47.79313659667969,16048800,-0.0067643834117778745
1322,2016-04-06,60.689998626708984,61.5099983215332,60.2400016784668,61.5,48.82521438598633,18218800,0.02159468624158767,1322,2016-04-06,60.689998626708984,61.5099983215332,60.2400016784668,61.5,48.82521438598633,18218800,0.02159468624158767,1322,2016-04-06,60.689998626708984,61.5099983215332,60.2400016784668,61.5,48.82521438598633,18218800,0.02159468624158767,1322,2016-04-06,60.689998626708984,61.5099983215332,60.2400016784668,61.5,48.82521438598633,18218800,0.02159468624158767,1322,2016-04-06,60.689998626708984,61.5099983215332,60.2400016784668,61.5,48.82521438598633,18218800,0.02159468624158767
1323,2016-04-07,61.02000045776367,61.59000015258789,60.630001068115234,61.13999938964844,48.53940200805664,13927100,-0.005853786440551123,1323,2016-04-07,61.02000045776367,61.59000015258789,60.630001068115234,61.13999938964844,48.53940200805664,13927100,-0.005853786440551123,1323,2016-04-07,61.02000045776367,61.59000015258789,60.630001068115234,61.13999938964844,48.53940200805664,13927100,-0.005853786440551123,1323,2016-04-07,61.02000045776367,61.59000015258789,60.630001068115234,61.13999938964844,48.53940200805664,13927100,-0.005853786440551123,1323,2016-04-07,61.02000045776367,61.59000015258789,60.630001068115234,61.13999938964844,48.53940200805664,13927100,-0.005853786440551123
1324,2016-04-08,62.290000915527344,62.709999084472656,62.060001373291016,62.369998931884766,49.51591110229492,17666500,0.020117864123587736,1324,2016-04-08,62.290000915527344,62.709999084472656,62.060001373291016,62.369998931884766,49.51591110229492,17666500,0.020117864123587736,1324,2016-04-08,62.290000915527344,62.709999084472656,62.060001373291016,62.369998931884766,49.51591110229492,17666500,0.020117864123587736,1324,2016-04-08,62.290000915527344,62.709999084472656,62.060001373291016,62.369998931884766,49.51591110229492,17666500,0.020117864123587736,1324,2016-04-08,62.290000915527344,62.709999084472656,62.060001373291016,62.369998931884766,49.51591110229492,17666500,0.020117864123587736
1325,2016-04-11,62.869998931884766,63.060001373291016,62.11000061035156,62.11000061035156,49.30949020385742,16235700,-0.004168779162945335,1325,2016-04-11,62.869998931884766,63.060001373291016,62.11000061035156,62.11000061035156,49.30949020385742,16235700,-0.004168779162945335,1325,2016-04-11,62.869998931884766,63.060001373291016,62.11000061035156,62.11000061035156,49.30949020385742,16235700,-0.004168779162945335,1325,2016-04-11,62.869998931884766,63.060001373291016,62.11000061035156,62.11000061035156,49.30949020385742,16235700,-0.004168779162945335,1325,2016-04-11,62.869998931884766,63.060001373291016,62.11000061035156,62.11000061035156,49.30949020385742,16235700,-0.004168779162945335
1326,2016-04-12,62.349998474121094,64.33000183105469,62.220001220703125,63.959999084472656,50.77821731567383,27630400,0.029785891229950456,1326,2016-04-12,62.349998474121094,64.33000183105469,62.220001220703125,63.959999084472656,50.77821731567383,27630400,0.029785891229950456,1326,2016-04-12,62.349998474121094,64.33000183105469,62.220001220703125,63.959999084472656,50.77821731567383,27630400,0.029785891229950456,1326,2016-04-12,62.349998474121094,64.33000183105469,62.220001220703125,63.959999084472656,50.77821731567383,27630400,0.029785891229950456,1326,2016-04-12,62.349998474121094,64.33000183105469,62.220001220703125,63.959999084472656,50.77821731567383,27630400,0.029785891229950456
1327,2016-04-13,63.93000030517578,64.44999694824219,63.47999954223633,64.26000213623047,51.016387939453125,18702900,0.004690409320568634,1327,2016-04-13,63.93000030517578,64.44999694824219,63.47999954223633,64.26000213623047,51.016387939453125,18702900,0.004690409320568634,1327,2016-04-13,63.93000030517578,64.44999694824219,63.47999954223633,64.26000213623047,51.016387939453125,18702900,0.004690409320568634,1327,2016-04-13,63.93000030517578,64.44999694824219,63.47999954223633,64.26000213623047,51.016387939453125,18702900,0.004690409320568634,1327,2016-04-13,63.93000030517578,64.44999694824219,63.47999954223633,64.26000213623047,51.016387939453125,18702900,0.004690409320568634
1328,2016-04-14,64.52999877929688,64.54000091552734,64.02999877929688,64.41000366210938,51.135475158691406,17435500,0.0023342934309582564,1328,2016-04-14,64.52999877929688,64.54000091552734,64.02999877929688,64.41000366210938,51.135475158691406,17435500,0.0023342934309582564,1328,2016-04-14,64.52999877929688,64.54000091552734,64.02999877929688,64.41000366210938,51.135475158691406,17435500,0.0023342934309582564,1328,2016-04-14,64.52999877929688,64.54000091552734,64.02999877929688,64.41000366210938,51.135475158691406,17435500,0.0023342934309582564,1328,2016-04-14,64.52999877929688,64.54000091552734,64.02999877929688,64.41000366210938,51.135475158691406,17435500,0.0023342934309582564
1329,2016-04-15,64.05000305175781,64.16000366210938,63.459999084472656,63.540000915527344,50.44477844238281,14221200,-0.013507192690888625,1329,2016-04-15,64.05000305175781,64.16000366210938,63.459999084472656,63.540000915527344,50.44477844238281,14221200,-0.013507192690888625,1329,2016-04-15,64.05000305175781,64.16000366210938,63.459999084472656,63.540000915527344,50.44477844238281,14221200,-0.013507192690888625,1329,2016-04-15,64.05000305175781,64.16000366210938,63.459999084472656,63.540000915527344,50.44477844238281,14221200,-0.013507192690888625,1329,2016-04-15,64.05000305175781,64.16000366210938,63.459999084472656,63.540000915527344,50.44477844238281,14221200,-0.013507192690888625
1330,2016-04-18,62.22999954223633,64.75,62.08000183105469,64.58999633789062,51.27837371826172,20685800,0.016524907069044303,1330,2016-04-18,62.22999954223633,64.75,62.08000183105469,64.58999633789062,51.27837371826172,20685800,0.016524907069044303,1330,2016-04-18,62.22999954223633,64.75,62.08000183105469,64.58999633789062,51.27837371826172,20685800,0.016524907069044303,1330,2016-04-18,62.22999954223633,64.75,62.08000183105469,64.58999633789062,51.27837371826172,20685800,0.016524907069044303,1330,2016-04-18,62.22999954223633,64.75,62.08000183105469,64.58999633789062,51.27837371826172,20685800,0.016524907069044303
1331,2016-04-19,64.95999908447266,65.94999694824219,64.66000366210938,65.87999725341797,52.3025016784668,17341400,0.01997192746072507,1331,2016-04-19,64.95999908447266,65.94999694824219,64.66000366210938,65.87999725341797,52.3025016784668,17341400,0.01997192746072507,1331,2016-04-19,64.95999908447266,65.94999694824219,64.66000366210938,65.87999725341797,52.3025016784668,17341400,0.01997192746072507,1331,2016-04-19,64.95999908447266,65.94999694824219,64.66000366210938,65.87999725341797,52.3025016784668,17341400,0.01997192746072507,1331,2016-04-19,64.95999908447266,65.94999694824219,64.66000366210938,65.87999725341797,52.3025016784668,17341400,0.01997192746072507
1332,2016-04-20,65.52999877929688,66.9800033569336,65.31999969482422,66.47000122070312,52.77091598510742,21088300,0.00895586810589366,1332,2016-04-20,65.52999877929688,66.9800033569336,65.31999969482422,66.47000122070312,52.77091598510742,21088300,0.00895586810589366,1332,2016-04-20,65.52999877929688,66.9800033569336,65.31999969482422,66.47000122070312,52.77091598510742,21088300,0.00895586810589366,1332,2016-04-20,65.52999877929688,66.9800033569336,65.31999969482422,66.47000122070312,52.77091598510742,21088300,0.00895586810589366,1332,2016-04-20,65.52999877929688,66.9800033569336,65.31999969482422,66.47000122070312,52.77091598510742,21088300,0.00895586810589366
1333,2016-04-21,66.55999755859375,66.83999633789062,65.94000244140625,66.08000183105469,52.461299896240234,19335100,-0.005867172913097907,1333,2016-04-21,66.55999755859375,66.83999633789062,65.94000244140625,66.08000183105469,52.461299896240234,19335100,-0.005867172913097907,1333,2016-04-21,66.55999755859375,66.83999633789062,65.94000244140625,66.08000183105469,52.461299896240234,19335100,-0.005867172913097907,1333,2016-04-21,66.55999755859375,66.83999633789062,65.94000244140625,66.08000183105469,52.461299896240234,19335100,-0.005867172913097907,1333,2016-04-21,66.55999755859375,66.83999633789062,65.94000244140625,66.08000183105469,52.461299896240234,19335100,-0.005867172913097907
1334,2016-04-22,66.23999786376953,67.29000091552734,66.19000244140625,67.04000091552734,53.223445892333984,15764500,0.014527775667037446,1334,2016-04-22,66.23999786376953,67.29000091552734,66.19000244140625,67.04000091552734,53.223445892333984,15764500,0.014527775667037446,1334,2016-04-22,66.23999786376953,67.29000091552734,66.19000244140625,67.04000091552734,53.223445892333984,15764500,0.014527775667037446,1334,2016-04-22,66.23999786376953,67.29000091552734,66.19000244140625,67.04000091552734,53.223445892333984,15764500,0.014527775667037446,1334,2016-04-22,66.23999786376953,67.29000091552734,66.19000244140625,67.04000091552734,53.223445892333984,15764500,0.014527775667037446
1335,2016-04-25,66.80999755859375,66.81999969482422,65.79000091552734,66.29000091552734,52.628021240234375,17234300,-0.011187262344946602,1335,2016-04-25,66.80999755859375,66.81999969482422,65.79000091552734,66.29000091552734,52.628021240234375,17234300,-0.011187262344946602,1335,2016-04-25,66.80999755859375,66.81999969482422,65.79000091552734,66.29000091552734,52.628021240234375,17234300,-0.011187262344946602,1335,2016-04-25,66.80999755859375,66.81999969482422,65.79000091552734,66.29000091552734,52.628021240234375,17234300,-0.011187262344946602,1335,2016-04-25,66.80999755859375,66.81999969482422,65.79000091552734,66.29000091552734,52.628021240234375,17234300,-0.011187262344946602
1336,2016-04-26,66.66999816894531,67.37999725341797,66.51000213623047,67.3499984741211,53.469566345214844,13585700,0.015990437891233222,1336,2016-04-26,66.66999816894531,67.37999725341797,66.51000213623047,67.3499984741211,53.469566345214844,13585700,0.015990437891233222,1336,2016-04-26,66.66999816894531,67.37999725341797,66.51000213623047,67.3499984741211,53.469566345214844,13585700,0.015990437891233222,1336,2016-04-26,66.66999816894531,67.37999725341797,66.51000213623047,67.3499984741211,53.469566345214844,13585700,0.015990437891233222,1336,2016-04-26,66.66999816894531,67.37999725341797,66.51000213623047,67.3499984741211,53.469566345214844,13585700,0.015990437891233222
1337,2016-04-27,67.69999694824219,68.77999877929688,67.6500015258789,68.62999725341797,54.485755920410156,21962400,0.01900500873028399,1337,2016-04-27,67.69999694824219,68.77999877929688,67.6500015258789,68.62999725341797,54.485755920410156,21962400,0.01900500873028399,1337,2016-04-27,67.69999694824219,68.77999877929688,67.6500015258789,68.62999725341797,54.485755920410156,21962400,0.01900500873028399,1337,2016-04-27,67.69999694824219,68.77999877929688,67.6500015258789,68.62999725341797,54.485755920410156,21962400,0.01900500873028399,1337,2016-04-27,67.69999694824219,68.77999877929688,67.6500015258789,68.62999725341797,54.485755920410156,21962400,0.01900500873028399
1338,2016-04-28,68.31999969482422,68.81999969482422,67.3499984741211,67.61000061035156,53.67597198486328,15555200,-0.014862305236799211,1338,2016-04-28,68.31999969482422,68.81999969482422,67.3499984741211,67.61000061035156,53.67597198486328,15555200,-0.014862305236799211,1338,2016-04-28,68.31999969482422,68.81999969482422,67.3499984741211,67.61000061035156,53.67597198486328,15555200,-0.014862305236799211,1338,2016-04-28,68.31999969482422,68.81999969482422,67.3499984741211,67.61000061035156,53.67597198486328,15555200,-0.014862305236799211,1338,2016-04-28,68.31999969482422,68.81999969482422,67.3499984741211,67.61000061035156,53.67597198486328,15555200,-0.014862305236799211
1339,2016-04-29,67.76000213623047,68.41999816894531,66.47000122070312,67.5,53.58865737915039,24107400,-0.0016266981758152887,1339,2016-04-29,67.76000213623047,68.41999816894531,66.47000122070312,67.5,53.58865737915039,24107400,-0.0016266981758152887,1339,2016-04-29,67.76000213623047,68.41999816894531,66.47000122070312,67.5,53.58865737915039,24107400,-0.0016266981758152887,1339,2016-04-29,67.76000213623047,68.41999816894531,66.47000122070312,67.5,53.58865737915039,24107400,-0.0016266981758152887,1339,2016-04-29,67.76000213623047,68.41999816894531,66.47000122070312,67.5,53.58865737915039,24107400,-0.0016266981758152887
1340,2016-05-02,67.37999725341797,67.66000366210938,66.5999984741211,67.43000030517578,53.53307342529297,15066000,-0.0010372335597840232,1340,2016-05-02,67.37999725341797,67.66000366210938,66.5999984741211,67.43000030517578,53.53307342529297,15066000,-0.0010372335597840232,1340,2016-05-02,67.37999725341797,67.66000366210938,66.5999984741211,67.43000030517578,53.53307342529297,15066000,-0.0010372335597840232,1340,2016-05-02,67.37999725341797,67.66000366210938,66.5999984741211,67.43000030517578,53.53307342529297,15066000,-0.0010372335597840232,1340,2016-05-02,67.37999725341797,67.66000366210938,66.5999984741211,67.43000030517578,53.53307342529297,15066000,-0.0010372335597840232
1341,2016-05-03,66.5199966430664,66.63999938964844,65.43000030517578,65.83999633789062,52.270751953125,16158100,-0.02358021670341004,1341,2016-05-03,66.5199966430664,66.63999938964844,65.43000030517578,65.83999633789062,52.270751953125,16158100,-0.02358021670341004,1341,2016-05-03,66.5199966430664,66.63999938964844,65.43000030517578,65.83999633789062,52.270751953125,16158100,-0.02358021670341004,1341,2016-05-03,66.5199966430664,66.63999938964844,65.43000030517578,65.83999633789062,52.270751953125,16158100,-0.02358021670341004,1341,2016-05-03,66.5199966430664,66.63999938964844,65.43000030517578,65.83999633789062,52.270751953125,16158100,-0.02358021670341004
1342,2016-05-04,65.87999725341797,66.33999633789062,64.5,64.88999938964844,51.51654815673828,18605400,-0.014428791785185524,1342,2016-05-04,65.87999725341797,66.33999633789062,64.5,64.88999938964844,51.51654815673828,18605400,-0.014428791785185524,1342,2016-05-04,65.87999725341797,66.33999633789062,64.5,64.88999938964844,51.51654815673828,18605400,-0.014428791785185524,1342,2016-05-04,65.87999725341797,66.33999633789062,64.5,64.88999938964844,51.51654815673828,18605400,-0.014428791785185524,1342,2016-05-04,65.87999725341797,66.33999633789062,64.5,64.88999938964844,51.51654815673828,18605400,-0.014428791785185524
1343,2016-05-05,65.98999786376953,66.3499984741211,64.87999725341797,65.41999816894531,51.937320709228516,14352000,0.008167716346406673,1343,2016-05-05,65.98999786376953,66.3499984741211,64.87999725341797,65.41999816894531,51.937320709228516,14352000,0.008167716346406673,1343,2016-05-05,65.98999786376953,66.3499984741211,64.87999725341797,65.41999816894531,51.937320709228516,14352000,0.008167716346406673,1343,2016-05-05,65.98999786376953,66.3499984741211,64.87999725341797,65.41999816894531,51.937320709228516,14352000,0.008167716346406673,1343,2016-05-05,65.98999786376953,66.3499984741211,64.87999725341797,65.41999816894531,51.937320709228516,14352000,0.008167716346406673
1344,2016-05-06,65.0,66.06999969482422,64.83000183105469,65.2699966430664,51.818241119384766,12545500,-0.002292755733596996,1344,2016-05-06,65.0,66.06999969482422,64.83000183105469,65.2699966430664,51.818241119384766,12545500,-0.002292755733596996,1344,2016-05-06,65.0,66.06999969482422,64.83000183105469,65.2699966430664,51.818241119384766,12545500,-0.002292755733596996,1344,2016-05-06,65.0,66.06999969482422,64.83000183105469,65.2699966430664,51.818241119384766,12545500,-0.002292755733596996,1344,2016-05-06,65.0,66.06999969482422,64.83000183105469,65.2699966430664,51.818241119384766,12545500,-0.002292755733596996
1345,2016-05-09,64.9000015258789,65.04000091552734,63.5,64.31999969482422,51.064022064208984,16020800,-0.014555087916591436,1345,2016-05-09,64.9000015258789,65.04000091552734,63.5,64.31999969482422,51.064022064208984,16020800,-0.014555087916591436,1345,2016-05-09,64.9000015258789,65.04000091552734,63.5,64.31999969482422,51.064022064208984,16020800,-0.014555087916591436,1345,2016-05-09,64.9000015258789,65.04000091552734,63.5,64.31999969482422,51.064022064208984,16020800,-0.014555087916591436,1345,2016-05-09,64.9000015258789,65.04000091552734,63.5,64.31999969482422,51.064022064208984,16020800,-0.014555087916591436
1346,2016-05-10,64.6500015258789,65.47000122070312,64.62000274658203,65.44999694824219,51.96113586425781,10351400,0.0175684124317661,1346,2016-05-10,64.6500015258789,65.47000122070312,64.62000274658203,65.44999694824219,51.96113586425781,10351400,0.0175684124317661,1346,2016-05-10,64.6500015258789,65.47000122070312,64.62000274658203,65.44999694824219,51.96113586425781,10351400,0.0175684124317661,1346,2016-05-10,64.6500015258789,65.47000122070312,64.62000274658203,65.44999694824219,51.96113586425781,10351400,0.0175684124317661,1346,2016-05-10,64.6500015258789,65.47000122070312,64.62000274658203,65.44999694824219,51.96113586425781,10351400,0.0175684124317661
1347,2016-05-11,65.29000091552734,66.2300033569336,64.76000213623047,65.6500015258789,52.119911193847656,14214800,0.003055655480754371,1347,2016-05-11,65.29000091552734,66.2300033569336,64.76000213623047,65.6500015258789,52.119911193847656,14214800,0.003055655480754371,1347,2016-05-11,65.29000091552734,66.2300033569336,64.76000213623047,65.6500015258789,52.119911193847656,14214800,0.003055655480754371,1347,2016-05-11,65.29000091552734,66.2300033569336,64.76000213623047,65.6500015258789,52.119911193847656,14214800,0.003055655480754371,1347,2016-05-11,65.29000091552734,66.2300033569336,64.76000213623047,65.6500015258789,52.119911193847656,14214800,0.003055655480754371
1348,2016-05-12,66.23999786376953,66.73999786376953,65.33999633789062,65.83000183105469,52.262813568115234,12477200,0.0027418000336969506,1348,2016-05-12,66.23999786376953,66.73999786376953,65.33999633789062,65.83000183105469,52.262813568115234,12477200,0.0027418000336969506,1348,2016-05-12,66.23999786376953,66.73999786376953,65.33999633789062,65.83000183105469,52.262813568115234,12477200,0.0027418000336969506,1348,2016-05-12,66.23999786376953,66.73999786376953,65.33999633789062,65.83000183105469,52.262813568115234,12477200,0.0027418000336969506,1348,2016-05-12,66.23999786376953,66.73999786376953,65.33999633789062,65.83000183105469,52.262813568115234,12477200,0.0027418000336969506
1349,2016-05-13,65.54000091552734,66.04000091552734,64.8499984741211,64.98999786376953,51.595947265625,12371900,-0.01275986226078496,1349,2016-05-13,65.54000091552734,66.04000091552734,64.8499984741211,64.98999786376953,51.595947265625,12371900,-0.01275986226078496,1349,2016-05-13,65.54000091552734,66.04000091552734,64.8499984741211,64.98999786376953,51.595947265625,12371900,-0.01275986226078496,1349,2016-05-13,65.54000091552734,66.04000091552734,64.8499984741211,64.98999786376953,51.595947265625,12371900,-0.01275986226078496,1349,2016-05-13,65.54000091552734,66.04000091552734,64.8499984741211,64.98999786376953,51.595947265625,12371900,-0.01275986226078496
1350,2016-05-16,65.83999633789062,66.30000305175781,65.6500015258789,66.08999633789062,52.46923065185547,13727700,0.016925425978413733,1350,2016-05-16,65.83999633789062,66.30000305175781,65.6500015258789,66.08999633789062,52.46923065185547,13727700,0.016925425978413733,1350,2016-05-16,65.83999633789062,66.30000305175781,65.6500015258789,66.08999633789062,52.46923065185547,13727700,0.016925425978413733,1350,2016-05-16,65.83999633789062,66.30000305175781,65.6500015258789,66.08999633789062,52.46923065185547,13727700,0.016925425978413733,1350,2016-05-16,65.83999633789062,66.30000305175781,65.6500015258789,66.08999633789062,52.46923065185547,13727700,0.016925425978413733
1351,2016-05-17,66.0999984741211,66.91000366210938,65.88999938964844,66.4000015258789,52.71535110473633,15837300,0.004690757798869294,1351,2016-05-17,66.0999984741211,66.91000366210938,65.88999938964844,66.4000015258789,52.71535110473633,15837300,0.004690757798869294,1351,2016-05-17,66.0999984741211,66.91000366210938,65.88999938964844,66.4000015258789,52.71535110473633,15837300,0.004690757798869294,1351,2016-05-17,66.0999984741211,66.91000366210938,65.88999938964844,66.4000015258789,52.71535110473633,15837300,0.004690757798869294,1351,2016-05-17,66.0999984741211,66.91000366210938,65.88999938964844,66.4000015258789,52.71535110473633,15837300,0.004690757798869294
1352,2016-05-18,66.38999938964844,66.61000061035156,65.33999633789062,65.76000213623047,52.20724868774414,20583200,-0.009638604435787124,1352,2016-05-18,66.38999938964844,66.61000061035156,65.33999633789062,65.76000213623047,52.20724868774414,20583200,-0.009638604435787124,1352,2016-05-18,66.38999938964844,66.61000061035156,65.33999633789062,65.76000213623047,52.20724868774414,20583200,-0.009638604435787124,1352,2016-05-18,66.38999938964844,66.61000061035156,65.33999633789062,65.76000213623047,52.20724868774414,20583200,-0.009638604435787124,1352,2016-05-18,66.38999938964844,66.61000061035156,65.33999633789062,65.76000213623047,52.20724868774414,20583200,-0.009638604435787124
1353,2016-05-19,65.0999984741211,65.91999816894531,64.48999786376953,65.7699966430664,52.21519088745117,16854900,0.00015212829456956456,1353,2016-05-19,65.0999984741211,65.91999816894531,64.48999786376953,65.7699966430664,52.21519088745117,16854900,0.00015212829456956456,1353,2016-05-19,65.0999984741211,65.91999816894531,64.48999786376953,65.7699966430664,52.21519088745117,16854900,0.00015212829456956456,1353,2016-05-19,65.0999984741211,65.91999816894531,64.48999786376953,65.7699966430664,52.21519088745117,16854900,0.00015212829456956456,1353,2016-05-19,65.0999984741211,65.91999816894531,64.48999786376953,65.7699966430664,52.21519088745117,16854900,0.00015212829456956456
1354,2016-05-20,65.97000122070312,66.30000305175781,65.56999969482422,66.16000366210938,52.524803161621094,9833500,0.005929544044706914,1354,2016-05-20,65.97000122070312,66.30000305175781,65.56999969482422,66.16000366210938,52.524803161621094,9833500,0.005929544044706914,1354,2016-05-20,65.97000122070312,66.30000305175781,65.56999969482422,66.16000366210938,52.524803161621094,9833500,0.005929544044706914,1354,2016-05-20,65.97000122070312,66.30000305175781,65.56999969482422,66.16000366210938,52.524803161621094,9833500,0.005929544044706914,1354,2016-05-20,65.97000122070312,66.30000305175781,65.56999969482422,66.16000366210938,52.524803161621094,9833500,0.005929544044706914
1355,2016-05-23,65.7699966430664,66.27999877929688,65.54000091552734,65.98999786376953,52.38984298706055,10272500,-0.0025694560747856476,1355,2016-05-23,65.7699966430664,66.27999877929688,65.54000091552734,65.98999786376953,52.38984298706055,10272500,-0.0025694560747856476,1355,2016-05-23,65.7699966430664,66.27999877929688,65.54000091552734,65.98999786376953,52.38984298706055,10272500,-0.0025694560747856476,1355,2016-05-23,65.7699966430664,66.27999877929688,65.54000091552734,65.98999786376953,52.38984298706055,10272500,-0.0025694560747856476,1355,2016-05-23,65.7699966430664,66.27999877929688,65.54000091552734,65.98999786376953,52.38984298706055,10272500,-0.0025694560747856476
1356,2016-05-24,66.33000183105469,66.70999908447266,65.91000366210938,66.31999969482422,52.65182876586914,11302900,0.005000697919123276,1356,2016-05-24,66.33000183105469,66.70999908447266,65.91000366210938,66.31999969482422,52.65182876586914,11302900,0.005000697919123276,1356,2016-05-24,66.33000183105469,66.70999908447266,65.91000366210938,66.31999969482422,52.65182876586914,11302900,0.005000697919123276,1356,2016-05-24,66.33000183105469,66.70999908447266,65.91000366210938,66.31999969482422,52.65182876586914,11302900,0.005000697919123276,1356,2016-05-24,66.33000183105469,66.70999908447266,65.91000366210938,66.31999969482422,52.65182876586914,11302900,0.005000697919123276
1357,2016-05-25,66.72000122070312,67.47000122070312,66.66000366210938,67.37000274658203,53.485443115234375,14255500,0.015832581106957067,1357,2016-05-25,66.72000122070312,67.47000122070312,66.66000366210938,67.37000274658203,53.485443115234375,14255500,0.015832581106957067,1357,2016-05-25,66.72000122070312,67.47000122070312,66.66000366210938,67.37000274658203,53.485443115234375,14255500,0.015832581106957067,1357,2016-05-25,66.72000122070312,67.47000122070312,66.66000366210938,67.37000274658203,53.485443115234375,14255500,0.015832581106957067,1357,2016-05-25,66.72000122070312,67.47000122070312,66.66000366210938,67.37000274658203,53.485443115234375,14255500,0.015832581106957067
1358,2016-05-26,67.62999725341797,67.91999816894531,66.87999725341797,67.08999633789062,53.26313400268555,10716800,-0.004156441446504622,1358,2016-05-26,67.62999725341797,67.91999816894531,66.87999725341797,67.08999633789062,53.26313400268555,10716800,-0.004156441446504622,1358,2016-05-26,67.62999725341797,67.91999816894531,66.87999725341797,67.08999633789062,53.26313400268555,10716800,-0.004156441446504622,1358,2016-05-26,67.62999725341797,67.91999816894531,66.87999725341797,67.08999633789062,53.26313400268555,10716800,-0.004156441446504622,1358,2016-05-26,67.62999725341797,67.91999816894531,66.87999725341797,67.08999633789062,53.26313400268555,10716800,-0.004156441446504622
1359,2016-05-27,66.8499984741211,67.18000030517578,66.4800033569336,67.12999725341797,53.294891357421875,9258700,0.0005962351883899153,1359,2016-05-27,66.8499984741211,67.18000030517578,66.4800033569336,67.12999725341797,53.294891357421875,9258700,0.0005962351883899153,1359,2016-05-27,66.8499984741211,67.18000030517578,66.4800033569336,67.12999725341797,53.294891357421875,9258700,0.0005962351883899153,1359,2016-05-27,66.8499984741211,67.18000030517578,66.4800033569336,67.12999725341797,53.294891357421875,9258700,0.0005962351883899153,1359,2016-05-27,66.8499984741211,67.18000030517578,66.4800033569336,67.12999725341797,53.294891357421875,9258700,0.0005962351883899153
1360,2016-05-31,67.29000091552734,67.81999969482422,66.56999969482422,66.87000274658203,53.08848571777344,15406100,-0.003872897277605425,1360,2016-05-31,67.29000091552734,67.81999969482422,66.56999969482422,66.87000274658203,53.08848571777344,15406100,-0.003872897277605425,1360,2016-05-31,67.29000091552734,67.81999969482422,66.56999969482422,66.87000274658203,53.08848571777344,15406100,-0.003872897277605425,1360,2016-05-31,67.29000091552734,67.81999969482422,66.56999969482422,66.87000274658203,53.08848571777344,15406100,-0.003872897277605425,1360,2016-05-31,67.29000091552734,67.81999969482422,66.56999969482422,66.87000274658203,53.08848571777344,15406100,-0.003872897277605425
1361,2016-06-01,66.22000122070312,67.08999633789062,66.05000305175781,66.88999938964844,53.10435485839844,16695700,0.0002989186903796792,1361,2016-06-01,66.22000122070312,67.08999633789062,66.05000305175781,66.88999938964844,53.10435485839844,16695700,0.0002989186903796792,1361,2016-06-01,66.22000122070312,67.08999633789062,66.05000305175781,66.88999938964844,53.10435485839844,16695700,0.0002989186903796792,1361,2016-06-01,66.22000122070312,67.08999633789062,66.05000305175781,66.88999938964844,53.10435485839844,16695700,0.0002989186903796792,1361,2016-06-01,66.22000122070312,67.08999633789062,66.05000305175781,66.88999938964844,53.10435485839844,16695700,0.0002989186903796792
1362,2016-06-02,66.37999725341797,66.83999633789062,66.12999725341797,66.80000305175781,53.03290557861328,12850000,-0.0013454504809572443,1362,2016-06-02,66.37999725341797,66.83999633789062,66.12999725341797,66.80000305175781,53.03290557861328,12850000,-0.0013454504809572443,1362,2016-06-02,66.37999725341797,66.83999633789062,66.12999725341797,66.80000305175781,53.03290557861328,12850000,-0.0013454504809572443,1362,2016-06-02,66.37999725341797,66.83999633789062,66.12999725341797,66.80000305175781,53.03290557861328,12850000,-0.0013454504809572443,1362,2016-06-02,66.37999725341797,66.83999633789062,66.12999725341797,66.80000305175781,53.03290557861328,12850000,-0.0013454504809572443
1363,2016-06-03,66.80000305175781,67.1500015258789,66.1500015258789,66.54000091552734,52.826499938964844,12157700,-0.003892029625691018,1363,2016-06-03,66.80000305175781,67.1500015258789,66.1500015258789,66.54000091552734,52.826499938964844,12157700,-0.003892029625691018,1363,2016-06-03,66.80000305175781,67.1500015258789,66.1500015258789,66.54000091552734,52.826499938964844,12157700,-0.003892029625691018,1363,2016-06-03,66.80000305175781,67.1500015258789,66.1500015258789,66.54000091552734,52.826499938964844,12157700,-0.003892029625691018,1363,2016-06-03,66.80000305175781,67.1500015258789,66.1500015258789,66.54000091552734,52.826499938964844,12157700,-0.003892029625691018
1364,2016-06-06,67.19000244140625,68.06999969482422,67.06999969482422,68.01000213623047,53.99354553222656,18223800,0.022092048396356256,1364,2016-06-06,67.19000244140625,68.06999969482422,67.06999969482422,68.01000213623047,53.99354553222656,18223800,0.022092048396356256,1364,2016-06-06,67.19000244140625,68.06999969482422,67.06999969482422,68.01000213623047,53.99354553222656,18223800,0.022092048396356256,1364,2016-06-06,67.19000244140625,68.06999969482422,67.06999969482422,68.01000213623047,53.99354553222656,18223800,0.022092048396356256,1364,2016-06-06,67.19000244140625,68.06999969482422,67.06999969482422,68.01000213623047,53.99354553222656,18223800,0.022092048396356256
1365,2016-06-07,68.2300033569336,69.7300033569336,68.20999908447266,69.55000305175781,55.21615982055664,15618300,0.0226437118784939,1365,2016-06-07,68.2300033569336,69.7300033569336,68.20999908447266,69.55000305175781,55.21615982055664,15618300,0.0226437118784939,1365,2016-06-07,68.2300033569336,69.7300033569336,68.20999908447266,69.55000305175781,55.21615982055664,15618300,0.0226437118784939,1365,2016-06-07,68.2300033569336,69.7300033569336,68.20999908447266,69.55000305175781,55.21615982055664,15618300,0.0226437118784939,1365,2016-06-07,68.2300033569336,69.7300033569336,68.20999908447266,69.55000305175781,55.21615982055664,15618300,0.0226437118784939
1366,2016-06-08,69.97000122070312,70.26000213623047,69.19999694824219,69.38999938964844,55.0891227722168,18129700,-0.0023007222659578996,1366,2016-06-08,69.97000122070312,70.26000213623047,69.19999694824219,69.38999938964844,55.0891227722168,18129700,-0.0023007222659578996,1366,2016-06-08,69.97000122070312,70.26000213623047,69.19999694824219,69.38999938964844,55.0891227722168,18129700,-0.0023007222659578996,1366,2016-06-08,69.97000122070312,70.26000213623047,69.19999694824219,69.38999938964844,55.0891227722168,18129700,-0.0023007222659578996,1366,2016-06-08,69.97000122070312,70.26000213623047,69.19999694824219,69.38999938964844,55.0891227722168,18129700,-0.0023007222659578996
1367,2016-06-09,68.58999633789062,69.20999908447266,68.5199966430664,68.86000061035156,54.66836166381836,12340600,-0.007637825531152553,1367,2016-06-09,68.58999633789062,69.20999908447266,68.5199966430664,68.86000061035156,54.66836166381836,12340600,-0.007637825531152553,1367,2016-06-09,68.58999633789062,69.20999908447266,68.5199966430664,68.86000061035156,54.66836166381836,12340600,-0.007637825531152553,1367,2016-06-09,68.58999633789062,69.20999908447266,68.5199966430664,68.86000061035156,54.66836166381836,12340600,-0.007637825531152553,1367,2016-06-09,68.58999633789062,69.20999908447266,68.5199966430664,68.86000061035156,54.66836166381836,12340600,-0.007637825531152553
1368,2016-06-10,68.1500015258789,68.58999633789062,67.27999877929688,67.37000274658203,53.485443115234375,14490200,-0.02163808302612602,1368,2016-06-10,68.1500015258789,68.58999633789062,67.27999877929688,67.37000274658203,53.485443115234375,14490200,-0.02163808302612602,1368,2016-06-10,68.1500015258789,68.58999633789062,67.27999877929688,67.37000274658203,53.485443115234375,14490200,-0.02163808302612602,1368,2016-06-10,68.1500015258789,68.58999633789062,67.27999877929688,67.37000274658203,53.485443115234375,14490200,-0.02163808302612602,1368,2016-06-10,68.1500015258789,68.58999633789062,67.27999877929688,67.37000274658203,53.485443115234375,14490200,-0.02163808302612602
1369,2016-06-13,67.04000091552734,68.08000183105469,66.97000122070312,67.16999816894531,53.3266487121582,11573800,-0.002968927503022578,1369,2016-06-13,67.04000091552734,68.08000183105469,66.97000122070312,67.16999816894531,53.3266487121582,11573800,-0.002968927503022578,1369,2016-06-13,67.04000091552734,68.08000183105469,66.97000122070312,67.16999816894531,53.3266487121582,11573800,-0.002968927503022578,1369,2016-06-13,67.04000091552734,68.08000183105469,66.97000122070312,67.16999816894531,53.3266487121582,11573800,-0.002968927503022578,1369,2016-06-13,67.04000091552734,68.08000183105469,66.97000122070312,67.16999816894531,53.3266487121582,11573800,-0.002968927503022578
1370,2016-06-14,66.88999938964844,67.47000122070312,66.37000274658203,67.12999725341797,53.294891357421875,12202500,-0.0005955250424182212,1370,2016-06-14,66.88999938964844,67.47000122070312,66.37000274658203,67.12999725341797,53.294891357421875,12202500,-0.0005955250424182212,1370,2016-06-14,66.88999938964844,67.47000122070312,66.37000274658203,67.12999725341797,53.294891357421875,12202500,-0.0005955250424182212,1370,2016-06-14,66.88999938964844,67.47000122070312,66.37000274658203,67.12999725341797,53.294891357421875,12202500,-0.0005955250424182212,1370,2016-06-14,66.88999938964844,67.47000122070312,66.37000274658203,67.12999725341797,53.294891357421875,12202500,-0.0005955250424182212
1371,2016-06-15,66.87999725341797,67.77999877929688,66.5,66.97000122070312,53.167884826660156,16829500,-0.0023830901522989834,1371,2016-06-15,66.87999725341797,67.77999877929688,66.5,66.97000122070312,53.167884826660156,16829500,-0.0023830901522989834,1371,2016-06-15,66.87999725341797,67.77999877929688,66.5,66.97000122070312,53.167884826660156,16829500,-0.0023830901522989834,1371,2016-06-15,66.87999725341797,67.77999877929688,66.5,66.97000122070312,53.167884826660156,16829500,-0.0023830901522989834,1371,2016-06-15,66.87999725341797,67.77999877929688,66.5,66.97000122070312,53.167884826660156,16829500,-0.0023830901522989834
1372,2016-06-16,66.25,66.75,65.33999633789062,66.6500015258789,52.91382598876953,19993700,-0.004778426652083612,1372,2016-06-16,66.25,66.75,65.33999633789062,66.6500015258789,52.91382598876953,19993700,-0.004778426652083612,1372,2016-06-16,66.25,66.75,65.33999633789062,66.6500015258789,52.91382598876953,19993700,-0.004778426652083612,1372,2016-06-16,66.25,66.75,65.33999633789062,66.6500015258789,52.91382598876953,19993700,-0.004778426652083612,1372,2016-06-16,66.25,66.75,65.33999633789062,66.6500015258789,52.91382598876953,19993700,-0.004778426652083612
1373,2016-06-17,66.9000015258789,67.0199966430664,66.5,66.88999938964844,53.454036712646484,17435900,0.010209254647199462,1373,2016-06-17,66.9000015258789,67.0199966430664,66.5,66.88999938964844,53.454036712646484,17435900,0.010209254647199462,1373,2016-06-17,66.9000015258789,67.0199966430664,66.5,66.88999938964844,53.454036712646484,17435900,0.010209254647199462,1373,2016-06-17,66.9000015258789,67.0199966430664,66.5,66.88999938964844,53.454036712646484,17435900,0.010209254647199462,1373,2016-06-17,66.9000015258789,67.0199966430664,66.5,66.88999938964844,53.454036712646484,17435900,0.010209254647199462
1374,2016-06-20,67.8499984741211,68.0,67.41000366210938,67.47000122070312,53.91753387451172,10913200,0.008670947796830752,1374,2016-06-20,67.8499984741211,68.0,67.41000366210938,67.47000122070312,53.91753387451172,10913200,0.008670947796830752,1374,2016-06-20,67.8499984741211,68.0,67.41000366210938,67.47000122070312,53.91753387451172,10913200,0.008670947796830752,1374,2016-06-20,67.8499984741211,68.0,67.41000366210938,67.47000122070312,53.91753387451172,10913200,0.008670947796830752,1374,2016-06-20,67.8499984741211,68.0,67.41000366210938,67.47000122070312,53.91753387451172,10913200,0.008670947796830752
1375,2016-06-21,67.31999969482422,68.41000366210938,67.12000274658203,68.2699966430664,54.55683898925781,11222300,0.011857091168784084,1375,2016-06-21,67.31999969482422,68.41000366210938,67.12000274658203,68.2699966430664,54.55683898925781,11222300,0.011857091168784084,1375,2016-06-21,67.31999969482422,68.41000366210938,67.12000274658203,68.2699966430664,54.55683898925781,11222300,0.011857091168784084,1375,2016-06-21,67.31999969482422,68.41000366210938,67.12000274658203,68.2699966430664,54.55683898925781,11222300,0.011857091168784084,1375,2016-06-21,67.31999969482422,68.41000366210938,67.12000274658203,68.2699966430664,54.55683898925781,11222300,0.011857091168784084
1376,2016-06-22,68.56999969482422,68.56999969482422,67.83000183105469,67.88999938964844,54.25316619873047,10258200,-0.005566172750351872,1376,2016-06-22,68.56999969482422,68.56999969482422,67.83000183105469,67.88999938964844,54.25316619873047,10258200,-0.005566172750351872,1376,2016-06-22,68.56999969482422,68.56999969482422,67.83000183105469,67.88999938964844,54.25316619873047,10258200,-0.005566172750351872,1376,2016-06-22,68.56999969482422,68.56999969482422,67.83000183105469,67.88999938964844,54.25316619873047,10258200,-0.005566172750351872,1376,2016-06-22,68.56999969482422,68.56999969482422,67.83000183105469,67.88999938964844,54.25316619873047,10258200,-0.005566172750351872
1377,2016-06-23,68.5999984741211,69.02999877929688,68.33999633789062,69.01000213623047,55.148216247558594,9538500,0.016497655557088375,1377,2016-06-23,68.5999984741211,69.02999877929688,68.33999633789062,69.01000213623047,55.148216247558594,9538500,0.016497655557088375,1377,2016-06-23,68.5999984741211,69.02999877929688,68.33999633789062,69.01000213623047,55.148216247558594,9538500,0.016497655557088375,1377,2016-06-23,68.5999984741211,69.02999877929688,68.33999633789062,69.01000213623047,55.148216247558594,9538500,0.016497655557088375,1377,2016-06-23,68.5999984741211,69.02999877929688,68.33999633789062,69.01000213623047,55.148216247558594,9538500,0.016497655557088375
1378,2016-06-24,66.3499984741211,67.55000305175781,66.29000091552734,66.77999877929688,53.36613082885742,26879900,-0.03231447071110061,1378,2016-06-24,66.3499984741211,67.55000305175781,66.29000091552734,66.77999877929688,53.36613082885742,26879900,-0.03231447071110061,1378,2016-06-24,66.3499984741211,67.55000305175781,66.29000091552734,66.77999877929688,53.36613082885742,26879900,-0.03231447071110061,1378,2016-06-24,66.3499984741211,67.55000305175781,66.29000091552734,66.77999877929688,53.36613082885742,26879900,-0.03231447071110061,1378,2016-06-24,66.3499984741211,67.55000305175781,66.29000091552734,66.77999877929688,53.36613082885742,26879900,-0.03231447071110061
1379,2016-06-27,65.87000274658203,65.93000030517578,64.11000061035156,64.63999938964844,51.655982971191406,21659700,-0.03204556581308804,1379,2016-06-27,65.87000274658203,65.93000030517578,64.11000061035156,64.63999938964844,51.655982971191406,21659700,-0.03204556581308804,1379,2016-06-27,65.87000274658203,65.93000030517578,64.11000061035156,64.63999938964844,51.655982971191406,21659700,-0.03204556581308804,1379,2016-06-27,65.87000274658203,65.93000030517578,64.11000061035156,64.63999938964844,51.655982971191406,21659700,-0.03204556581308804,1379,2016-06-27,65.87000274658203,65.93000030517578,64.11000061035156,64.63999938964844,51.655982971191406,21659700,-0.03204556581308804
1380,2016-06-28,65.8499984741211,66.44999694824219,65.47000122070312,66.44000244140625,53.09443283081055,14550400,0.027846723203803325,1380,2016-06-28,65.8499984741211,66.44999694824219,65.47000122070312,66.44000244140625,53.09443283081055,14550400,0.027846723203803325,1380,2016-06-28,65.8499984741211,66.44999694824219,65.47000122070312,66.44000244140625,53.09443283081055,14550400,0.027846723203803325,1380,2016-06-28,65.8499984741211,66.44999694824219,65.47000122070312,66.44000244140625,53.09443283081055,14550400,0.027846723203803325,1380,2016-06-28,65.8499984741211,66.44999694824219,65.47000122070312,66.44000244140625,53.09443283081055,14550400,0.027846723203803325
1381,2016-06-29,66.8499984741211,68.0999984741211,66.8499984741211,67.69999694824219,54.1013298034668,16354400,0.018964266477142777,1381,2016-06-29,66.8499984741211,68.0999984741211,66.8499984741211,67.69999694824219,54.1013298034668,16354400,0.018964266477142777,1381,2016-06-29,66.8499984741211,68.0999984741211,66.8499984741211,67.69999694824219,54.1013298034668,16354400,0.018964266477142777,1381,2016-06-29,66.8499984741211,68.0999984741211,66.8499984741211,67.69999694824219,54.1013298034668,16354400,0.018964266477142777,1381,2016-06-29,66.8499984741211,68.0999984741211,66.8499984741211,67.69999694824219,54.1013298034668,16354400,0.018964266477142777
1382,2016-06-30,67.41000366210938,68.27999877929688,67.2699966430664,68.23999786376953,54.53286361694336,12132300,0.00797639937953809,1382,2016-06-30,67.41000366210938,68.27999877929688,67.2699966430664,68.23999786376953,54.53286361694336,12132300,0.00797639937953809,1382,2016-06-30,67.41000366210938,68.27999877929688,67.2699966430664,68.23999786376953,54.53286361694336,12132300,0.00797639937953809,1382,2016-06-30,67.41000366210938,68.27999877929688,67.2699966430664,68.23999786376953,54.53286361694336,12132300,0.00797639937953809,1382,2016-06-30,67.41000366210938,68.27999877929688,67.2699966430664,68.23999786376953,54.53286361694336,12132300,0.00797639937953809
1383,2016-07-01,68.16000366210938,68.8499984741211,68.11000061035156,68.5999984741211,54.820552825927734,12678800,0.005275519932442796,1383,2016-07-01,68.16000366210938,68.8499984741211,68.11000061035156,68.5999984741211,54.820552825927734,12678800,0.005275519932442796,1383,2016-07-01,68.16000366210938,68.8499984741211,68.11000061035156,68.5999984741211,54.820552825927734,12678800,0.005275519932442796,1383,2016-07-01,68.16000366210938,68.8499984741211,68.11000061035156,68.5999984741211,54.820552825927734,12678800,0.005275519932442796,1383,2016-07-01,68.16000366210938,68.8499984741211,68.11000061035156,68.5999984741211,54.820552825927734,12678800,0.005275519932442796
1384,2016-07-05,67.68000030517578,67.91999816894531,66.55000305175781,67.22000122070312,53.717750549316406,15069900,-0.020116584378728652,1384,2016-07-05,67.68000030517578,67.91999816894531,66.55000305175781,67.22000122070312,53.717750549316406,15069900,-0.020116584378728652,1384,2016-07-05,67.68000030517578,67.91999816894531,66.55000305175781,67.22000122070312,53.717750549316406,15069900,-0.020116584378728652,1384,2016-07-05,67.68000030517578,67.91999816894531,66.55000305175781,67.22000122070312,53.717750549316406,15069900,-0.020116584378728652,1384,2016-07-05,67.68000030517578,67.91999816894531,66.55000305175781,67.22000122070312,53.717750549316406,15069900,-0.020116584378728652
1385,2016-07-06,66.83000183105469,67.55999755859375,66.37000274658203,67.51000213623047,53.94950485229492,15897500,0.004314296496197301,1385,2016-07-06,66.83000183105469,67.55999755859375,66.37000274658203,67.51000213623047,53.94950485229492,15897500,0.004314296496197301,1385,2016-07-06,66.83000183105469,67.55999755859375,66.37000274658203,67.51000213623047,53.94950485229492,15897500,0.004314296496197301,1385,2016-07-06,66.83000183105469,67.55999755859375,66.37000274658203,67.51000213623047,53.94950485229492,15897500,0.004314296496197301,1385,2016-07-06,66.83000183105469,67.55999755859375,66.37000274658203,67.51000213623047,53.94950485229492,15897500,0.004314296496197301
1386,2016-07-07,67.91000366210938,68.33999633789062,66.3499984741211,66.81999969482422,53.398101806640625,14097800,-0.010220724864184572,1386,2016-07-07,67.91000366210938,68.33999633789062,66.3499984741211,66.81999969482422,53.398101806640625,14097800,-0.010220724864184572,1386,2016-07-07,67.91000366210938,68.33999633789062,66.3499984741211,66.81999969482422,53.398101806640625,14097800,-0.010220724864184572,1386,2016-07-07,67.91000366210938,68.33999633789062,66.3499984741211,66.81999969482422,53.398101806640625,14097800,-0.010220724864184572,1386,2016-07-07,67.91000366210938,68.33999633789062,66.3499984741211,66.81999969482422,53.398101806640625,14097800,-0.010220724864184572
1387,2016-07-08,67.41999816894531,67.94999694824219,67.05000305175781,67.70999908447266,54.10932159423828,11567900,0.013319196067550276,1387,2016-07-08,67.41999816894531,67.94999694824219,67.05000305175781,67.70999908447266,54.10932159423828,11567900,0.013319196067550276,1387,2016-07-08,67.41999816894531,67.94999694824219,67.05000305175781,67.70999908447266,54.10932159423828,11567900,0.013319196067550276,1387,2016-07-08,67.41999816894531,67.94999694824219,67.05000305175781,67.70999908447266,54.10932159423828,11567900,0.013319196067550276,1387,2016-07-08,67.41999816894531,67.94999694824219,67.05000305175781,67.70999908447266,54.10932159423828,11567900,0.013319196067550276
1388,2016-07-11,68.06999969482422,68.38999938964844,67.77999877929688,67.83999633789062,54.21321105957031,9750400,0.0019199920137806803,1388,2016-07-11,68.06999969482422,68.38999938964844,67.77999877929688,67.83999633789062,54.21321105957031,9750400,0.0019199920137806803,1388,2016-07-11,68.06999969482422,68.38999938964844,67.77999877929688,67.83999633789062,54.21321105957031,9750400,0.0019199920137806803,1388,2016-07-11,68.06999969482422,68.38999938964844,67.77999877929688,67.83999633789062,54.21321105957031,9750400,0.0019199920137806803,1388,2016-07-11,68.06999969482422,68.38999938964844,67.77999877929688,67.83999633789062,54.21321105957031,9750400,0.0019199920137806803
1389,2016-07-12,68.86000061035156,69.81999969482422,68.72000122070312,69.5199966430664,55.55575942993164,15524500,0.02476422894202135,1389,2016-07-12,68.86000061035156,69.81999969482422,68.72000122070312,69.5199966430664,55.55575942993164,15524500,0.02476422894202135,1389,2016-07-12,68.86000061035156,69.81999969482422,68.72000122070312,69.5199966430664,55.55575942993164,15524500,0.02476422894202135,1389,2016-07-12,68.86000061035156,69.81999969482422,68.72000122070312,69.5199966430664,55.55575942993164,15524500,0.02476422894202135,1389,2016-07-12,68.86000061035156,69.81999969482422,68.72000122070312,69.5199966430664,55.55575942993164,15524500,0.02476422894202135
1390,2016-07-13,69.31999969482422,69.69999694824219,68.27999877929688,68.91999816894531,55.0762825012207,12546200,-0.008630553044921774,1390,2016-07-13,69.31999969482422,69.69999694824219,68.27999877929688,68.91999816894531,55.0762825012207,12546200,-0.008630553044921774,1390,2016-07-13,69.31999969482422,69.69999694824219,68.27999877929688,68.91999816894531,55.0762825012207,12546200,-0.008630553044921774,1390,2016-07-13,69.31999969482422,69.69999694824219,68.27999877929688,68.91999816894531,55.0762825012207,12546200,-0.008630553044921774,1390,2016-07-13,69.31999969482422,69.69999694824219,68.27999877929688,68.91999816894531,55.0762825012207,12546200,-0.008630553044921774
1391,2016-07-14,69.45999908447266,69.62999725341797,69.06999969482422,69.2699966430664,55.35597229003906,10898600,0.005078225619388199,1391,2016-07-14,69.45999908447266,69.62999725341797,69.06999969482422,69.2699966430664,55.35597229003906,10898600,0.005078225619388199,1391,2016-07-14,69.45999908447266,69.62999725341797,69.06999969482422,69.2699966430664,55.35597229003906,10898600,0.005078225619388199,1391,2016-07-14,69.45999908447266,69.62999725341797,69.06999969482422,69.2699966430664,55.35597229003906,10898600,0.005078225619388199,1391,2016-07-14,69.45999908447266,69.62999725341797,69.06999969482422,69.2699966430664,55.35597229003906,10898600,0.005078225619388199
1392,2016-07-15,69.5199966430664,69.68000030517578,68.97000122070312,69.2300033569336,55.324012756347656,9129500,-0.0005773457202404852,1392,2016-07-15,69.5199966430664,69.68000030517578,68.97000122070312,69.2300033569336,55.324012756347656,9129500,-0.0005773457202404852,1392,2016-07-15,69.5199966430664,69.68000030517578,68.97000122070312,69.2300033569336,55.324012756347656,9129500,-0.0005773457202404852,1392,2016-07-15,69.5199966430664,69.68000030517578,68.97000122070312,69.2300033569336,55.324012756347656,9129500,-0.0005773457202404852,1392,2016-07-15,69.5199966430664,69.68000030517578,68.97000122070312,69.2300033569336,55.324012756347656,9129500,-0.0005773457202404852
1393,2016-07-18,69.02999877929688,69.30999755859375,68.58999633789062,69.27999877929688,55.36397171020508,9401100,0.0007222714309138567,1393,2016-07-18,69.02999877929688,69.30999755859375,68.58999633789062,69.27999877929688,55.36397171020508,9401100,0.0007222714309138567,1393,2016-07-18,69.02999877929688,69.30999755859375,68.58999633789062,69.27999877929688,55.36397171020508,9401100,0.0007222714309138567,1393,2016-07-18,69.02999877929688,69.30999755859375,68.58999633789062,69.27999877929688,55.36397171020508,9401100,0.0007222714309138567,1393,2016-07-18,69.02999877929688,69.30999755859375,68.58999633789062,69.27999877929688,55.36397171020508,9401100,0.0007222714309138567
1394,2016-07-19,69.11000061035156,69.22000122070312,68.62999725341797,68.88999938964844,55.052303314208984,6991900,-0.005629444318544841,1394,2016-07-19,69.11000061035156,69.22000122070312,68.62999725341797,68.88999938964844,55.052303314208984,6991900,-0.005629444318544841,1394,2016-07-19,69.11000061035156,69.22000122070312,68.62999725341797,68.88999938964844,55.052303314208984,6991900,-0.005629444318544841,1394,2016-07-19,69.11000061035156,69.22000122070312,68.62999725341797,68.88999938964844,55.052303314208984,6991900,-0.005629444318544841,1394,2016-07-19,69.11000061035156,69.22000122070312,68.62999725341797,68.88999938964844,55.052303314208984,6991900,-0.005629444318544841
1395,2016-07-20,68.61000061035156,69.12999725341797,68.04000091552734,68.79000091552734,54.97239303588867,11555000,-0.0014515337871374712,1395,2016-07-20,68.61000061035156,69.12999725341797,68.04000091552734,68.79000091552734,54.97239303588867,11555000,-0.0014515337871374712,1395,2016-07-20,68.61000061035156,69.12999725341797,68.04000091552734,68.79000091552734,54.97239303588867,11555000,-0.0014515337871374712,1395,2016-07-20,68.61000061035156,69.12999725341797,68.04000091552734,68.79000091552734,54.97239303588867,11555000,-0.0014515337871374712,1395,2016-07-20,68.61000061035156,69.12999725341797,68.04000091552734,68.79000091552734,54.97239303588867,11555000,-0.0014515337871374712
1396,2016-07-21,68.5999984741211,69.2300033569336,67.94000244140625,68.11000061035156,54.42898178100586,9256900,-0.009885166442145765,1396,2016-07-21,68.5999984741211,69.2300033569336,67.94000244140625,68.11000061035156,54.42898178100586,9256900,-0.009885166442145765,1396,2016-07-21,68.5999984741211,69.2300033569336,67.94000244140625,68.11000061035156,54.42898178100586,9256900,-0.009885166442145765,1396,2016-07-21,68.5999984741211,69.2300033569336,67.94000244140625,68.11000061035156,54.42898178100586,9256900,-0.009885166442145765,1396,2016-07-21,68.5999984741211,69.2300033569336,67.94000244140625,68.11000061035156,54.42898178100586,9256900,-0.009885166442145765
1397,2016-07-22,68.26000213623047,68.43000030517578,67.87999725341797,68.31999969482422,54.5968017578125,7990600,0.0030832834147414,1397,2016-07-22,68.26000213623047,68.43000030517578,67.87999725341797,68.31999969482422,54.5968017578125,7990600,0.0030832834147414,1397,2016-07-22,68.26000213623047,68.43000030517578,67.87999725341797,68.31999969482422,54.5968017578125,7990600,0.0030832834147414,1397,2016-07-22,68.26000213623047,68.43000030517578,67.87999725341797,68.31999969482422,54.5968017578125,7990600,0.0030832834147414,1397,2016-07-22,68.26000213623047,68.43000030517578,67.87999725341797,68.31999969482422,54.5968017578125,7990600,0.0030832834147414
1398,2016-07-25,67.87000274658203,68.0199966430664,66.70999908447266,66.95999908447266,53.509971618652344,12771700,-0.01990647994329886,1398,2016-07-25,67.87000274658203,68.0199966430664,66.70999908447266,66.95999908447266,53.509971618652344,12771700,-0.01990647994329886,1398,2016-07-25,67.87000274658203,68.0199966430664,66.70999908447266,66.95999908447266,53.509971618652344,12771700,-0.01990647994329886,1398,2016-07-25,67.87000274658203,68.0199966430664,66.70999908447266,66.95999908447266,53.509971618652344,12771700,-0.01990647994329886,1398,2016-07-25,67.87000274658203,68.0199966430664,66.70999908447266,66.95999908447266,53.509971618652344,12771700,-0.01990647994329886
1399,2016-07-26,66.56999969482422,67.41000366210938,66.52999877929688,67.3499984741211,53.82163619995117,12393900,0.005824420605563985,1399,2016-07-26,66.56999969482422,67.41000366210938,66.52999877929688,67.3499984741211,53.82163619995117,12393900,0.005824420605563985,1399,2016-07-26,66.56999969482422,67.41000366210938,66.52999877929688,67.3499984741211,53.82163619995117,12393900,0.005824420605563985,1399,2016-07-26,66.56999969482422,67.41000366210938,66.52999877929688,67.3499984741211,53.82163619995117,12393900,0.005824420605563985,1399,2016-07-26,66.56999969482422,67.41000366210938,66.52999877929688,67.3499984741211,53.82163619995117,12393900,0.005824420605563985
1400,2016-07-27,67.44000244140625,67.93000030517578,66.4000015258789,66.69000244140625,53.294212341308594,16177900,-0.009799476490888526,1400,2016-07-27,67.44000244140625,67.93000030517578,66.4000015258789,66.69000244140625,53.294212341308594,16177900,-0.009799476490888526,1400,2016-07-27,67.44000244140625,67.93000030517578,66.4000015258789,66.69000244140625,53.294212341308594,16177900,-0.009799476490888526,1400,2016-07-27,67.44000244140625,67.93000030517578,66.4000015258789,66.69000244140625,53.294212341308594,16177900,-0.009799476490888526,1400,2016-07-27,67.44000244140625,67.93000030517578,66.4000015258789,66.69000244140625,53.294212341308594,16177900,-0.009799476490888526
1401,2016-07-28,66.61000061035156,67.0199966430664,66.2300033569336,66.69999694824219,53.30220413208008,10863500,0.00014995607253376342,1401,2016-07-28,66.61000061035156,67.0199966430664,66.2300033569336,66.69999694824219,53.30220413208008,10863500,0.00014995607253376342,1401,2016-07-28,66.61000061035156,67.0199966430664,66.2300033569336,66.69999694824219,53.30220413208008,10863500,0.00014995607253376342,1401,2016-07-28,66.61000061035156,67.0199966430664,66.2300033569336,66.69999694824219,53.30220413208008,10863500,0.00014995607253376342,1401,2016-07-28,66.61000061035156,67.0199966430664,66.2300033569336,66.69999694824219,53.30220413208008,10863500,0.00014995607253376342
1402,2016-07-29,65.75,67.45999908447266,65.69000244140625,67.37999725341797,53.84560775756836,16501800,0.01019476838409461,1402,2016-07-29,65.75,67.45999908447266,65.69000244140625,67.37999725341797,53.84560775756836,16501800,0.01019476838409461,1402,2016-07-29,65.75,67.45999908447266,65.69000244140625,67.37999725341797,53.84560775756836,16501800,0.01019476838409461,1402,2016-07-29,65.75,67.45999908447266,65.69000244140625,67.37999725341797,53.84560775756836,16501800,0.01019476838409461,1402,2016-07-29,65.75,67.45999908447266,65.69000244140625,67.37999725341797,53.84560775756836,16501800,0.01019476838409461
1403,2016-08-01,66.79000091552734,66.83999633789062,64.93000030517578,65.16000366210938,52.0715446472168,30648500,-0.032947220474119465,1403,2016-08-01,66.79000091552734,66.83999633789062,64.93000030517578,65.16000366210938,52.0715446472168,30648500,-0.032947220474119465,1403,2016-08-01,66.79000091552734,66.83999633789062,64.93000030517578,65.16000366210938,52.0715446472168,30648500,-0.032947220474119465,1403,2016-08-01,66.79000091552734,66.83999633789062,64.93000030517578,65.16000366210938,52.0715446472168,30648500,-0.032947220474119465,1403,2016-08-01,66.79000091552734,66.83999633789062,64.93000030517578,65.16000366210938,52.0715446472168,30648500,-0.032947220474119465
1404,2016-08-02,65.62000274658203,66.06999969482422,64.56999969482422,65.75,52.543025970458984,25600100,0.009054490824815353,1404,2016-08-02,65.62000274658203,66.06999969482422,64.56999969482422,65.75,52.543025970458984,25600100,0.009054490824815353,1404,2016-08-02,65.62000274658203,66.06999969482422,64.56999969482422,65.75,52.543025970458984,25600100,0.009054490824815353,1404,2016-08-02,65.62000274658203,66.06999969482422,64.56999969482422,65.75,52.543025970458984,25600100,0.009054490824815353,1404,2016-08-02,65.62000274658203,66.06999969482422,64.56999969482422,65.75,52.543025970458984,25600100,0.009054490824815353
1405,2016-08-03,65.76000213623047,67.05000305175781,65.5,67.0199966430664,53.557926177978516,23905600,0.01931560257093179,1405,2016-08-03,65.76000213623047,67.05000305175781,65.5,67.0199966430664,53.557926177978516,23905600,0.01931560257093179,1405,2016-08-03,65.76000213623047,67.05000305175781,65.5,67.0199966430664,53.557926177978516,23905600,0.01931560257093179,1405,2016-08-03,65.76000213623047,67.05000305175781,65.5,67.0199966430664,53.557926177978516,23905600,0.01931560257093179,1405,2016-08-03,65.76000213623047,67.05000305175781,65.5,67.0199966430664,53.557926177978516,23905600,0.01931560257093179
1406,2016-08-04,66.7699966430664,67.37999725341797,66.54000091552734,66.91999816894531,53.4780158996582,16790200,-0.001492034588022717,1406,2016-08-04,66.7699966430664,67.37999725341797,66.54000091552734,66.91999816894531,53.4780158996582,16790200,-0.001492034588022717,1406,2016-08-04,66.7699966430664,67.37999725341797,66.54000091552734,66.91999816894531,53.4780158996582,16790200,-0.001492034588022717,1406,2016-08-04,66.7699966430664,67.37999725341797,66.54000091552734,66.91999816894531,53.4780158996582,16790200,-0.001492034588022717,1406,2016-08-04,66.7699966430664,67.37999725341797,66.54000091552734,66.91999816894531,53.4780158996582,16790200,-0.001492034588022717
1407,2016-08-05,66.95999908447266,67.62000274658203,66.83999633789062,67.52999877929688,53.96548080444336,11426800,0.009115239161074928,1407,2016-08-05,66.95999908447266,67.62000274658203,66.83999633789062,67.52999877929688,53.96548080444336,11426800,0.009115239161074928,1407,2016-08-05,66.95999908447266,67.62000274658203,66.83999633789062,67.52999877929688,53.96548080444336,11426800,0.009115239161074928,1407,2016-08-05,66.95999908447266,67.62000274658203,66.83999633789062,67.52999877929688,53.96548080444336,11426800,0.009115239161074928,1407,2016-08-05,66.95999908447266,67.62000274658203,66.83999633789062,67.52999877929688,53.96548080444336,11426800,0.009115239161074928
1408,2016-08-08,68.0,68.88999938964844,67.9800033569336,68.43000030517578,54.684688568115234,21663400,0.013327181615931272,1408,2016-08-08,68.0,68.88999938964844,67.9800033569336,68.43000030517578,54.684688568115234,21663400,0.013327181615931272,1408,2016-08-08,68.0,68.88999938964844,67.9800033569336,68.43000030517578,54.684688568115234,21663400,0.013327181615931272,1408,2016-08-08,68.0,68.88999938964844,67.9800033569336,68.43000030517578,54.684688568115234,21663400,0.013327181615931272,1408,2016-08-08,68.0,68.88999938964844,67.9800033569336,68.43000030517578,54.684688568115234,21663400,0.013327181615931272
1409,2016-08-09,68.62000274658203,68.7300033569336,67.80000305175781,68.06999969482422,54.397010803222656,11128400,-0.005260663860858328,1409,2016-08-09,68.62000274658203,68.7300033569336,67.80000305175781,68.06999969482422,54.397010803222656,11128400,-0.005260663860858328,1409,2016-08-09,68.62000274658203,68.7300033569336,67.80000305175781,68.06999969482422,54.397010803222656,11128400,-0.005260663860858328,1409,2016-08-09,68.62000274658203,68.7300033569336,67.80000305175781,68.06999969482422,54.397010803222656,11128400,-0.005260663860858328,1409,2016-08-09,68.62000274658203,68.7300033569336,67.80000305175781,68.06999969482422,54.397010803222656,11128400,-0.005260663860858328
1410,2016-08-10,68.20999908447266,68.36000061035156,67.19000244140625,67.33000183105469,53.80564498901367,18036800,-0.010871292475026051,1410,2016-08-10,68.20999908447266,68.36000061035156,67.19000244140625,67.33000183105469,53.80564498901367,18036800,-0.010871292475026051,1410,2016-08-10,68.20999908447266,68.36000061035156,67.19000244140625,67.33000183105469,53.80564498901367,18036800,-0.010871292475026051,1410,2016-08-10,68.20999908447266,68.36000061035156,67.19000244140625,67.33000183105469,53.80564498901367,18036800,-0.010871292475026051,1410,2016-08-10,68.20999908447266,68.36000061035156,67.19000244140625,67.33000183105469,53.80564498901367,18036800,-0.010871292475026051
1411,2016-08-11,67.62000274658203,68.61000061035156,67.47000122070312,68.31999969482422,54.5968017578125,17429700,0.01470397332771256,1411,2016-08-11,67.62000274658203,68.61000061035156,67.47000122070312,68.31999969482422,54.5968017578125,17429700,0.01470397332771256,1411,2016-08-11,67.62000274658203,68.61000061035156,67.47000122070312,68.31999969482422,54.5968017578125,17429700,0.01470397332771256,1411,2016-08-11,67.62000274658203,68.61000061035156,67.47000122070312,68.31999969482422,54.5968017578125,17429700,0.01470397332771256,1411,2016-08-11,67.62000274658203,68.61000061035156,67.47000122070312,68.31999969482422,54.5968017578125,17429700,0.01470397332771256
1412,2016-08-12,68.5,68.91000366210938,68.31999969482422,68.69999694824219,54.900474548339844,10189700,0.005562098525009107,1412,2016-08-12,68.5,68.91000366210938,68.31999969482422,68.69999694824219,54.900474548339844,10189700,0.005562098525009107,1412,2016-08-12,68.5,68.91000366210938,68.31999969482422,68.69999694824219,54.900474548339844,10189700,0.005562098525009107,1412,2016-08-12,68.5,68.91000366210938,68.31999969482422,68.69999694824219,54.900474548339844,10189700,0.005562098525009107,1412,2016-08-12,68.5,68.91000366210938,68.31999969482422,68.69999694824219,54.900474548339844,10189700,0.005562098525009107
1413,2016-08-15,69.08999633789062,69.38999938964844,68.88999938964844,69.25,55.339996337890625,10703400,0.008005792175143744,1413,2016-08-15,69.08999633789062,69.38999938964844,68.88999938964844,69.25,55.339996337890625,10703400,0.008005792175143744,1413,2016-08-15,69.08999633789062,69.38999938964844,68.88999938964844,69.25,55.339996337890625,10703400,0.008005792175143744,1413,2016-08-15,69.08999633789062,69.38999938964844,68.88999938964844,69.25,55.339996337890625,10703400,0.008005792175143744,1413,2016-08-15,69.08999633789062,69.38999938964844,68.88999938964844,69.25,55.339996337890625,10703400,0.008005792175143744
1414,2016-08-16,69.12999725341797,69.58000183105469,68.70999908447266,69.36000061035156,55.42789077758789,10242800,0.001588262477659086,1414,2016-08-16,69.12999725341797,69.58000183105469,68.70999908447266,69.36000061035156,55.42789077758789,10242800,0.001588262477659086,1414,2016-08-16,69.12999725341797,69.58000183105469,68.70999908447266,69.36000061035156,55.42789077758789,10242800,0.001588262477659086,1414,2016-08-16,69.12999725341797,69.58000183105469,68.70999908447266,69.36000061035156,55.42789077758789,10242800,0.001588262477659086,1414,2016-08-16,69.12999725341797,69.58000183105469,68.70999908447266,69.36000061035156,55.42789077758789,10242800,0.001588262477659086
1415,2016-08-17,69.0199966430664,69.61000061035156,68.94999694824219,69.56999969482422,55.5957145690918,14719500,0.0030277859963556697,1415,2016-08-17,69.0199966430664,69.61000061035156,68.94999694824219,69.56999969482422,55.5957145690918,14719500,0.0030277859963556697,1415,2016-08-17,69.0199966430664,69.61000061035156,68.94999694824219,69.56999969482422,55.5957145690918,14719500,0.0030277859963556697,1415,2016-08-17,69.0199966430664,69.61000061035156,68.94999694824219,69.56999969482422,55.5957145690918,14719500,0.0030277859963556697,1415,2016-08-17,69.0199966430664,69.61000061035156,68.94999694824219,69.56999969482422,55.5957145690918,14719500,0.0030277859963556697
1416,2016-08-18,69.80999755859375,71.0,69.73999786376953,71.0,56.738487243652344,24148500,0.020555049672765113,1416,2016-08-18,69.80999755859375,71.0,69.73999786376953,71.0,56.738487243652344,24148500,0.020555049672765113,1416,2016-08-18,69.80999755859375,71.0,69.73999786376953,71.0,56.738487243652344,24148500,0.020555049672765113,1416,2016-08-18,69.80999755859375,71.0,69.73999786376953,71.0,56.738487243652344,24148500,0.020555049672765113,1416,2016-08-18,69.80999755859375,71.0,69.73999786376953,71.0,56.738487243652344,24148500,0.020555049672765113
1417,2016-08-19,70.7699966430664,70.7699966430664,70.1500015258789,70.41000366210938,56.26700210571289,11045700,-0.008309793948413802,1417,2016-08-19,70.7699966430664,70.7699966430664,70.1500015258789,70.41000366210938,56.26700210571289,11045700,-0.008309793948413802,1417,2016-08-19,70.7699966430664,70.7699966430664,70.1500015258789,70.41000366210938,56.26700210571289,11045700,-0.008309793948413802,1417,2016-08-19,70.7699966430664,70.7699966430664,70.1500015258789,70.41000366210938,56.26700210571289,11045700,-0.008309793948413802,1417,2016-08-19,70.7699966430664,70.7699966430664,70.1500015258789,70.41000366210938,56.26700210571289,11045700,-0.008309793948413802
1418,2016-08-22,69.80000305175781,69.93000030517578,69.27999877929688,69.5999984741211,55.61968231201172,14136700,-0.011504430118473463,1418,2016-08-22,69.80000305175781,69.93000030517578,69.27999877929688,69.5999984741211,55.61968231201172,14136700,-0.011504430118473463,1418,2016-08-22,69.80000305175781,69.93000030517578,69.27999877929688,69.5999984741211,55.61968231201172,14136700,-0.011504430118473463,1418,2016-08-22,69.80000305175781,69.93000030517578,69.27999877929688,69.5999984741211,55.61968231201172,14136700,-0.011504430118473463,1418,2016-08-22,69.80000305175781,69.93000030517578,69.27999877929688,69.5999984741211,55.61968231201172,14136700,-0.011504430118473463
1419,2016-08-23,69.5999984741211,70.2699966430664,69.5999984741211,70.08999633789062,56.011268615722656,12456200,0.0070404268315349405,1419,2016-08-23,69.5999984741211,70.2699966430664,69.5999984741211,70.08999633789062,56.011268615722656,12456200,0.0070404268315349405,1419,2016-08-23,69.5999984741211,70.2699966430664,69.5999984741211,70.08999633789062,56.011268615722656,12456200,0.0070404268315349405,1419,2016-08-23,69.5999984741211,70.2699966430664,69.5999984741211,70.08999633789062,56.011268615722656,12456200,0.0070404268315349405,1419,2016-08-23,69.5999984741211,70.2699966430664,69.5999984741211,70.08999633789062,56.011268615722656,12456200,0.0070404268315349405
1420,2016-08-24,69.69999694824219,70.16000366210938,69.62999725341797,69.80999755859375,55.787506103515625,16452600,-0.003994955260560151,1420,2016-08-24,69.69999694824219,70.16000366210938,69.62999725341797,69.80999755859375,55.787506103515625,16452600,-0.003994955260560151,1420,2016-08-24,69.69999694824219,70.16000366210938,69.62999725341797,69.80999755859375,55.787506103515625,16452600,-0.003994955260560151,1420,2016-08-24,69.69999694824219,70.16000366210938,69.62999725341797,69.80999755859375,55.787506103515625,16452600,-0.003994955260560151,1420,2016-08-24,69.69999694824219,70.16000366210938,69.62999725341797,69.80999755859375,55.787506103515625,16452600,-0.003994955260560151
1421,2016-08-25,69.69999694824219,69.91000366210938,69.38999938964844,69.62000274658203,55.635677337646484,11895800,-0.002721554994543296,1421,2016-08-25,69.69999694824219,69.91000366210938,69.38999938964844,69.62000274658203,55.635677337646484,11895800,-0.002721554994543296,1421,2016-08-25,69.69999694824219,69.91000366210938,69.38999938964844,69.62000274658203,55.635677337646484,11895800,-0.002721554994543296,1421,2016-08-25,69.69999694824219,69.91000366210938,69.38999938964844,69.62000274658203,55.635677337646484,11895800,-0.002721554994543296,1421,2016-08-25,69.69999694824219,69.91000366210938,69.38999938964844,69.62000274658203,55.635677337646484,11895800,-0.002721554994543296
1422,2016-08-26,69.73999786376953,70.27999877929688,69.05000305175781,69.37999725341797,55.44388961791992,14575100,-0.0034472074198472757,1422,2016-08-26,69.73999786376953,70.27999877929688,69.05000305175781,69.37999725341797,55.44388961791992,14575100,-0.0034472074198472757,1422,2016-08-26,69.73999786376953,70.27999877929688,69.05000305175781,69.37999725341797,55.44388961791992,14575100,-0.0034472074198472757,1422,2016-08-26,69.73999786376953,70.27999877929688,69.05000305175781,69.37999725341797,55.44388961791992,14575100,-0.0034472074198472757,1422,2016-08-26,69.73999786376953,70.27999877929688,69.05000305175781,69.37999725341797,55.44388961791992,14575100,-0.0034472074198472757
1423,2016-08-29,69.18000030517578,69.91000366210938,69.0999984741211,69.8499984741211,55.81947326660156,7394000,0.006774121571734959,1423,2016-08-29,69.18000030517578,69.91000366210938,69.0999984741211,69.8499984741211,55.81947326660156,7394000,0.006774121571734959,1423,2016-08-29,69.18000030517578,69.91000366210938,69.0999984741211,69.8499984741211,55.81947326660156,7394000,0.006774121571734959,1423,2016-08-29,69.18000030517578,69.91000366210938,69.0999984741211,69.8499984741211,55.81947326660156,7394000,0.006774121571734959,1423,2016-08-29,69.18000030517578,69.91000366210938,69.0999984741211,69.8499984741211,55.81947326660156,7394000,0.006774121571734959
1424,2016-08-30,70.01000213623047,70.27999877929688,69.3499984741211,69.61000061035156,55.62769317626953,7132900,-0.003435720172708545,1424,2016-08-30,70.01000213623047,70.27999877929688,69.3499984741211,69.61000061035156,55.62769317626953,7132900,-0.003435720172708545,1424,2016-08-30,70.01000213623047,70.27999877929688,69.3499984741211,69.61000061035156,55.62769317626953,7132900,-0.003435720172708545,1424,2016-08-30,70.01000213623047,70.27999877929688,69.3499984741211,69.61000061035156,55.62769317626953,7132900,-0.003435720172708545,1424,2016-08-30,70.01000213623047,70.27999877929688,69.3499984741211,69.61000061035156,55.62769317626953,7132900,-0.003435720172708545
1425,2016-08-31,69.22000122070312,69.31999969482422,68.12999725341797,68.51000213623047,54.74864196777344,13232800,-0.015802402693755657,1425,2016-08-31,69.22000122070312,69.31999969482422,68.12999725341797,68.51000213623047,54.74864196777344,13232800,-0.015802402693755657,1425,2016-08-31,69.22000122070312,69.31999969482422,68.12999725341797,68.51000213623047,54.74864196777344,13232800,-0.015802402693755657,1425,2016-08-31,69.22000122070312,69.31999969482422,68.12999725341797,68.51000213623047,54.74864196777344,13232800,-0.015802402693755657,1425,2016-08-31,69.22000122070312,69.31999969482422,68.12999725341797,68.51000213623047,54.74864196777344,13232800,-0.015802402693755657
1426,2016-09-01,68.22000122070312,68.47000122070312,67.7699966430664,68.30999755859375,54.58879852294922,16668500,-0.0029195873921092907,1426,2016-09-01,68.22000122070312,68.47000122070312,67.7699966430664,68.30999755859375,54.58879852294922,16668500,-0.0029195873921092907,1426,2016-09-01,68.22000122070312,68.47000122070312,67.7699966430664,68.30999755859375,54.58879852294922,16668500,-0.0029195873921092907,1426,2016-09-01,68.22000122070312,68.47000122070312,67.7699966430664,68.30999755859375,54.58879852294922,16668500,-0.0029195873921092907,1426,2016-09-01,68.22000122070312,68.47000122070312,67.7699966430664,68.30999755859375,54.58879852294922,16668500,-0.0029195873921092907
1427,2016-09-02,68.9800033569336,69.25,68.6500015258789,69.08000183105469,55.20414352416992,10794400,0.011272367552878304,1427,2016-09-02,68.9800033569336,69.25,68.6500015258789,69.08000183105469,55.20414352416992,10794400,0.011272367552878304,1427,2016-09-02,68.9800033569336,69.25,68.6500015258789,69.08000183105469,55.20414352416992,10794400,0.011272367552878304,1427,2016-09-02,68.9800033569336,69.25,68.6500015258789,69.08000183105469,55.20414352416992,10794400,0.011272367552878304,1427,2016-09-02,68.9800033569336,69.25,68.6500015258789,69.08000183105469,55.20414352416992,10794400,0.011272367552878304
1428,2016-09-06,69.26000213623047,70.18000030517578,69.19999694824219,70.12000274658203,56.035240173339844,12844100,0.015054968633034571,1428,2016-09-06,69.26000213623047,70.18000030517578,69.19999694824219,70.12000274658203,56.035240173339844,12844100,0.015054968633034571,1428,2016-09-06,69.26000213623047,70.18000030517578,69.19999694824219,70.12000274658203,56.035240173339844,12844100,0.015054968633034571,1428,2016-09-06,69.26000213623047,70.18000030517578,69.19999694824219,70.12000274658203,56.035240173339844,12844100,0.015054968633034571,1428,2016-09-06,69.26000213623047,70.18000030517578,69.19999694824219,70.12000274658203,56.035240173339844,12844100,0.015054968633034571
1429,2016-09-07,70.44000244140625,70.66999816894531,70.12999725341797,70.5199966430664,56.354888916015625,15094500,0.005704423532173264,1429,2016-09-07,70.44000244140625,70.66999816894531,70.12999725341797,70.5199966430664,56.354888916015625,15094500,0.005704423532173264,1429,2016-09-07,70.44000244140625,70.66999816894531,70.12999725341797,70.5199966430664,56.354888916015625,15094500,0.005704423532173264,1429,2016-09-07,70.44000244140625,70.66999816894531,70.12999725341797,70.5199966430664,56.354888916015625,15094500,0.005704423532173264,1429,2016-09-07,70.44000244140625,70.66999816894531,70.12999725341797,70.5199966430664,56.354888916015625,15094500,0.005704423532173264
1430,2016-09-08,70.97000122070312,71.94000244140625,70.62999725341797,71.83999633789062,57.409732818603516,18005300,0.018717877417164352,1430,2016-09-08,70.97000122070312,71.94000244140625,70.62999725341797,71.83999633789062,57.409732818603516,18005300,0.018717877417164352,1430,2016-09-08,70.97000122070312,71.94000244140625,70.62999725341797,71.83999633789062,57.409732818603516,18005300,0.018717877417164352,1430,2016-09-08,70.97000122070312,71.94000244140625,70.62999725341797,71.83999633789062,57.409732818603516,18005300,0.018717877417164352,1430,2016-09-08,70.97000122070312,71.94000244140625,70.62999725341797,71.83999633789062,57.409732818603516,18005300,0.018717877417164352
1431,2016-09-09,71.16999816894531,71.38999938964844,69.69999694824219,69.69999694824219,55.69961166381836,21771800,-0.02978800058499831,1431,2016-09-09,71.16999816894531,71.38999938964844,69.69999694824219,69.69999694824219,55.69961166381836,21771800,-0.02978800058499831,1431,2016-09-09,71.16999816894531,71.38999938964844,69.69999694824219,69.69999694824219,55.69961166381836,21771800,-0.02978800058499831,1431,2016-09-09,71.16999816894531,71.38999938964844,69.69999694824219,69.69999694824219,55.69961166381836,21771800,-0.02978800058499831,1431,2016-09-09,71.16999816894531,71.38999938964844,69.69999694824219,69.69999694824219,55.69961166381836,21771800,-0.02978800058499831
1432,2016-09-12,69.20999908447266,70.75,69.08000183105469,70.38999938964844,56.25099182128906,21972900,0.009899174177346648,1432,2016-09-12,69.20999908447266,70.75,69.08000183105469,70.38999938964844,56.25099182128906,21972900,0.009899174177346648,1432,2016-09-12,69.20999908447266,70.75,69.08000183105469,70.38999938964844,56.25099182128906,21972900,0.009899174177346648,1432,2016-09-12,69.20999908447266,70.75,69.08000183105469,70.38999938964844,56.25099182128906,21972900,0.009899174177346648,1432,2016-09-12,69.20999908447266,70.75,69.08000183105469,70.38999938964844,56.25099182128906,21972900,0.009899174177346648
1433,2016-09-13,69.62000274658203,69.6500015258789,68.18000030517578,68.37999725341797,54.64474868774414,24580400,-0.028554929993910183,1433,2016-09-13,69.62000274658203,69.6500015258789,68.18000030517578,68.37999725341797,54.64474868774414,24580400,-0.028554929993910183,1433,2016-09-13,69.62000274658203,69.6500015258789,68.18000030517578,68.37999725341797,54.64474868774414,24580400,-0.028554929993910183,1433,2016-09-13,69.62000274658203,69.6500015258789,68.18000030517578,68.37999725341797,54.64474868774414,24580400,-0.028554929993910183,1433,2016-09-13,69.62000274658203,69.6500015258789,68.18000030517578,68.37999725341797,54.64474868774414,24580400,-0.028554929993910183
1434,2016-09-14,68.30000305175781,69.12000274658203,67.4000015258789,67.56999969482422,53.99745559692383,26470200,-0.011845476580359615,1434,2016-09-14,68.30000305175781,69.12000274658203,67.4000015258789,67.56999969482422,53.99745559692383,26470200,-0.011845476580359615,1434,2016-09-14,68.30000305175781,69.12000274658203,67.4000015258789,67.56999969482422,53.99745559692383,26470200,-0.011845476580359615,1434,2016-09-14,68.30000305175781,69.12000274658203,67.4000015258789,67.56999969482422,53.99745559692383,26470200,-0.011845476580359615,1434,2016-09-14,68.30000305175781,69.12000274658203,67.4000015258789,67.56999969482422,53.99745559692383,26470200,-0.011845476580359615
1435,2016-09-15,67.83999633789062,68.91000366210938,67.7300033569336,68.41000366210938,54.66872787475586,16477400,0.012431553865109857,1435,2016-09-15,67.83999633789062,68.91000366210938,67.7300033569336,68.41000366210938,54.66872787475586,16477400,0.012431553865109857,1435,2016-09-15,67.83999633789062,68.91000366210938,67.7300033569336,68.41000366210938,54.66872787475586,16477400,0.012431553865109857,1435,2016-09-15,67.83999633789062,68.91000366210938,67.7300033569336,68.41000366210938,54.66872787475586,16477400,0.012431553865109857,1435,2016-09-15,67.83999633789062,68.91000366210938,67.7300033569336,68.41000366210938,54.66872787475586,16477400,0.012431553865109857
1436,2016-09-16,67.01000213623047,67.69999694824219,67.01000213623047,67.44999694824219,54.22733688354492,17394400,-0.008073921021578334,1436,2016-09-16,67.01000213623047,67.69999694824219,67.01000213623047,67.44999694824219,54.22733688354492,17394400,-0.008073921021578334,1436,2016-09-16,67.01000213623047,67.69999694824219,67.01000213623047,67.44999694824219,54.22733688354492,17394400,-0.008073921021578334,1436,2016-09-16,67.01000213623047,67.69999694824219,67.01000213623047,67.44999694824219,54.22733688354492,17394400,-0.008073921021578334,1436,2016-09-16,67.01000213623047,67.69999694824219,67.01000213623047,67.44999694824219,54.22733688354492,17394400,-0.008073921021578334
1437,2016-09-19,68.0,68.19000244140625,67.4000015258789,67.41000366210938,54.1952018737793,11797500,-0.000592597970183073,1437,2016-09-19,68.0,68.19000244140625,67.4000015258789,67.41000366210938,54.1952018737793,11797500,-0.000592597970183073,1437,2016-09-19,68.0,68.19000244140625,67.4000015258789,67.41000366210938,54.1952018737793,11797500,-0.000592597970183073,1437,2016-09-19,68.0,68.19000244140625,67.4000015258789,67.41000366210938,54.1952018737793,11797500,-0.000592597970183073,1437,2016-09-19,68.0,68.19000244140625,67.4000015258789,67.41000366210938,54.1952018737793,11797500,-0.000592597970183073
1438,2016-09-20,67.33000183105469,67.79000091552734,66.87000274658203,66.91999816894531,53.801239013671875,14132900,-0.007269330982933919,1438,2016-09-20,67.33000183105469,67.79000091552734,66.87000274658203,66.91999816894531,53.801239013671875,14132900,-0.007269330982933919,1438,2016-09-20,67.33000183105469,67.79000091552734,66.87000274658203,66.91999816894531,53.801239013671875,14132900,-0.007269330982933919,1438,2016-09-20,67.33000183105469,67.79000091552734,66.87000274658203,66.91999816894531,53.801239013671875,14132900,-0.007269330982933919,1438,2016-09-20,67.33000183105469,67.79000091552734,66.87000274658203,66.91999816894531,53.801239013671875,14132900,-0.007269330982933919
1439,2016-09-21,67.5,68.5,67.41999816894531,68.47000122070312,55.047401428222656,20260900,0.02316233673046275,1439,2016-09-21,67.5,68.5,67.41999816894531,68.47000122070312,55.047401428222656,20260900,0.02316233673046275,1439,2016-09-21,67.5,68.5,67.41999816894531,68.47000122070312,55.047401428222656,20260900,0.02316233673046275,1439,2016-09-21,67.5,68.5,67.41999816894531,68.47000122070312,55.047401428222656,20260900,0.02316233673046275,1439,2016-09-21,67.5,68.5,67.41999816894531,68.47000122070312,55.047401428222656,20260900,0.02316233673046275
1440,2016-09-22,69.20999908447266,69.45999908447266,68.48999786376953,68.55000305175781,55.11170959472656,13315900,0.0011682325565860463,1440,2016-09-22,69.20999908447266,69.45999908447266,68.48999786376953,68.55000305175781,55.11170959472656,13315900,0.0011682325565860463,1440,2016-09-22,69.20999908447266,69.45999908447266,68.48999786376953,68.55000305175781,55.11170959472656,13315900,0.0011682325565860463,1440,2016-09-22,69.20999908447266,69.45999908447266,68.48999786376953,68.55000305175781,55.11170959472656,13315900,0.0011682325565860463,1440,2016-09-22,69.20999908447266,69.45999908447266,68.48999786376953,68.55000305175781,55.11170959472656,13315900,0.0011682325565860463
1441,2016-09-23,68.22000122070312,68.83999633789062,67.25,67.63999938964844,54.38009262084961,23075200,-0.013275163831008463,1441,2016-09-23,68.22000122070312,68.83999633789062,67.25,67.63999938964844,54.38009262084961,23075200,-0.013275163831008463,1441,2016-09-23,68.22000122070312,68.83999633789062,67.25,67.63999938964844,54.38009262084961,23075200,-0.013275163831008463,1441,2016-09-23,68.22000122070312,68.83999633789062,67.25,67.63999938964844,54.38009262084961,23075200,-0.013275163831008463,1441,2016-09-23,68.22000122070312,68.83999633789062,67.25,67.63999938964844,54.38009262084961,23075200,-0.013275163831008463
1442,2016-09-26,67.87000274658203,68.2300033569336,67.20999908447266,67.33999633789062,54.13890075683594,13240200,-0.004435297043263953,1442,2016-09-26,67.87000274658203,68.2300033569336,67.20999908447266,67.33999633789062,54.13890075683594,13240200,-0.004435297043263953,1442,2016-09-26,67.87000274658203,68.2300033569336,67.20999908447266,67.33999633789062,54.13890075683594,13240200,-0.004435297043263953,1442,2016-09-26,67.87000274658203,68.2300033569336,67.20999908447266,67.33999633789062,54.13890075683594,13240200,-0.004435297043263953,1442,2016-09-26,67.87000274658203,68.2300033569336,67.20999908447266,67.33999633789062,54.13890075683594,13240200,-0.004435297043263953
1443,2016-09-27,66.66999816894531,67.06999969482422,66.13999938964844,66.88999938964844,53.77712631225586,19410200,-0.00668233819901487,1443,2016-09-27,66.66999816894531,67.06999969482422,66.13999938964844,66.88999938964844,53.77712631225586,19410200,-0.00668233819901487,1443,2016-09-27,66.66999816894531,67.06999969482422,66.13999938964844,66.88999938964844,53.77712631225586,19410200,-0.00668233819901487,1443,2016-09-27,66.66999816894531,67.06999969482422,66.13999938964844,66.88999938964844,53.77712631225586,19410200,-0.00668233819901487,1443,2016-09-27,66.66999816894531,67.06999969482422,66.13999938964844,66.88999938964844,53.77712631225586,19410200,-0.00668233819901487
1444,2016-09-28,67.27999877929688,69.87999725341797,66.70999908447266,69.77999877929688,56.1005744934082,41143400,0.04320513832705175,1444,2016-09-28,67.27999877929688,69.87999725341797,66.70999908447266,69.77999877929688,56.1005744934082,41143400,0.04320513832705175,1444,2016-09-28,67.27999877929688,69.87999725341797,66.70999908447266,69.77999877929688,56.1005744934082,41143400,0.04320513832705175,1444,2016-09-28,67.27999877929688,69.87999725341797,66.70999908447266,69.77999877929688,56.1005744934082,41143400,0.04320513832705175,1444,2016-09-28,67.27999877929688,69.87999725341797,66.70999908447266,69.77999877929688,56.1005744934082,41143400,0.04320513832705175
1445,2016-09-29,69.7300033569336,70.44999694824219,69.02999877929688,69.66000366210938,56.004119873046875,27001600,-0.0017193160895823123,1445,2016-09-29,69.7300033569336,70.44999694824219,69.02999877929688,69.66000366210938,56.004119873046875,27001600,-0.0017193160895823123,1445,2016-09-29,69.7300033569336,70.44999694824219,69.02999877929688,69.66000366210938,56.004119873046875,27001600,-0.0017193160895823123,1445,2016-09-29,69.7300033569336,70.44999694824219,69.02999877929688,69.66000366210938,56.004119873046875,27001600,-0.0017193160895823123,1445,2016-09-29,69.7300033569336,70.44999694824219,69.02999877929688,69.66000366210938,56.004119873046875,27001600,-0.0017193160895823123
1446,2016-09-30,70.1500015258789,70.9800033569336,69.69999694824219,70.61000061035156,56.76786804199219,14714500,0.013637356870827011,1446,2016-09-30,70.1500015258789,70.9800033569336,69.69999694824219,70.61000061035156,56.76786804199219,14714500,0.013637356870827011,1446,2016-09-30,70.1500015258789,70.9800033569336,69.69999694824219,70.61000061035156,56.76786804199219,14714500,0.013637356870827011,1446,2016-09-30,70.1500015258789,70.9800033569336,69.69999694824219,70.61000061035156,56.76786804199219,14714500,0.013637356870827011,1446,2016-09-30,70.1500015258789,70.9800033569336,69.69999694824219,70.61000061035156,56.76786804199219,14714500,0.013637356870827011
1447,2016-10-03,70.7300033569336,70.83999633789062,69.97000122070312,70.55999755859375,56.727664947509766,13154900,-0.0007082015913065787,1447,2016-10-03,70.7300033569336,70.83999633789062,69.97000122070312,70.55999755859375,56.727664947509766,13154900,-0.0007082015913065787,1447,2016-10-03,70.7300033569336,70.83999633789062,69.97000122070312,70.55999755859375,56.727664947509766,13154900,-0.0007082015913065787,1447,2016-10-03,70.7300033569336,70.83999633789062,69.97000122070312,70.55999755859375,56.727664947509766,13154900,-0.0007082015913065787,1447,2016-10-03,70.7300033569336,70.83999633789062,69.97000122070312,70.55999755859375,56.727664947509766,13154900,-0.0007082015913065787
1448,2016-10-04,70.62000274658203,70.79000091552734,69.55999755859375,69.83999633789062,56.1488151550293,11852800,-0.010204012328307144,1448,2016-10-04,70.62000274658203,70.79000091552734,69.55999755859375,69.83999633789062,56.1488151550293,11852800,-0.010204012328307144,1448,2016-10-04,70.62000274658203,70.79000091552734,69.55999755859375,69.83999633789062,56.1488151550293,11852800,-0.010204012328307144,1448,2016-10-04,70.62000274658203,70.79000091552734,69.55999755859375,69.83999633789062,56.1488151550293,11852800,-0.010204012328307144,1448,2016-10-04,70.62000274658203,70.79000091552734,69.55999755859375,69.83999633789062,56.1488151550293,11852800,-0.010204012328307144
1449,2016-10-05,70.55000305175781,71.23999786376953,70.4800033569336,70.91000366210938,57.009056091308594,13351200,0.015320731771527818,1449,2016-10-05,70.55000305175781,71.23999786376953,70.4800033569336,70.91000366210938,57.009056091308594,13351200,0.015320731771527818,1449,2016-10-05,70.55000305175781,71.23999786376953,70.4800033569336,70.91000366210938,57.009056091308594,13351200,0.015320731771527818,1449,2016-10-05,70.55000305175781,71.23999786376953,70.4800033569336,70.91000366210938,57.009056091308594,13351200,0.015320731771527818,1449,2016-10-05,70.55000305175781,71.23999786376953,70.4800033569336,70.91000366210938,57.009056091308594,13351200,0.015320731771527818
1450,2016-10-06,71.12000274658203,71.3499984741211,70.37999725341797,71.0199966430664,57.09748077392578,11175800,0.0015510637902083069,1450,2016-10-06,71.12000274658203,71.3499984741211,70.37999725341797,71.0199966430664,57.09748077392578,11175800,0.0015510637902083069,1450,2016-10-06,71.12000274658203,71.3499984741211,70.37999725341797,71.0199966430664,57.09748077392578,11175800,0.0015510637902083069,1450,2016-10-06,71.12000274658203,71.3499984741211,70.37999725341797,71.0199966430664,57.09748077392578,11175800,0.0015510637902083069,1450,2016-10-06,71.12000274658203,71.3499984741211,70.37999725341797,71.0199966430664,57.09748077392578,11175800,0.0015510637902083069
1451,2016-10-07,71.02999877929688,71.33000183105469,70.4000015258789,70.61000061035156,56.76786804199219,11744400,-0.005772806916625184,1451,2016-10-07,71.02999877929688,71.33000183105469,70.4000015258789,70.61000061035156,56.76786804199219,11744400,-0.005772806916625184,1451,2016-10-07,71.02999877929688,71.33000183105469,70.4000015258789,70.61000061035156,56.76786804199219,11744400,-0.005772806916625184,1451,2016-10-07,71.02999877929688,71.33000183105469,70.4000015258789,70.61000061035156,56.76786804199219,11744400,-0.005772806916625184,1451,2016-10-07,71.02999877929688,71.33000183105469,70.4000015258789,70.61000061035156,56.76786804199219,11744400,-0.005772806916625184
1452,2016-10-10,70.61000061035156,71.9800033569336,70.61000061035156,71.72000122070312,57.660274505615234,11534500,0.015720274415852886,1452,2016-10-10,70.61000061035156,71.9800033569336,70.61000061035156,71.72000122070312,57.660274505615234,11534500,0.015720274415852886,1452,2016-10-10,70.61000061035156,71.9800033569336,70.61000061035156,71.72000122070312,57.660274505615234,11534500,0.015720274415852886,1452,2016-10-10,70.61000061035156,71.9800033569336,70.61000061035156,71.72000122070312,57.660274505615234,11534500,0.015720274415852886,1452,2016-10-10,70.61000061035156,71.9800033569336,70.61000061035156,71.72000122070312,57.660274505615234,11534500,0.015720274415852886
1453,2016-10-11,71.47000122070312,71.58999633789062,70.51000213623047,70.9000015258789,57.00102996826172,13712200,-0.01143325353557445,1453,2016-10-11,71.47000122070312,71.58999633789062,70.51000213623047,70.9000015258789,57.00102996826172,13712200,-0.01143325353557445,1453,2016-10-11,71.47000122070312,71.58999633789062,70.51000213623047,70.9000015258789,57.00102996826172,13712200,-0.01143325353557445,1453,2016-10-11,71.47000122070312,71.58999633789062,70.51000213623047,70.9000015258789,57.00102996826172,13712200,-0.01143325353557445,1453,2016-10-11,71.47000122070312,71.58999633789062,70.51000213623047,70.9000015258789,57.00102996826172,13712200,-0.01143325353557445
1454,2016-10-12,70.5999984741211,70.8499984741211,70.0,70.5999984741211,56.75983428955078,10439100,-0.004231426675013306,1454,2016-10-12,70.5999984741211,70.8499984741211,70.0,70.5999984741211,56.75983428955078,10439100,-0.004231426675013306,1454,2016-10-12,70.5999984741211,70.8499984741211,70.0,70.5999984741211,56.75983428955078,10439100,-0.004231426675013306,1454,2016-10-12,70.5999984741211,70.8499984741211,70.0,70.5999984741211,56.75983428955078,10439100,-0.004231426675013306,1454,2016-10-12,70.5999984741211,70.8499984741211,70.0,70.5999984741211,56.75983428955078,10439100,-0.004231426675013306
1455,2016-10-13,70.16000366210938,70.56999969482422,69.29000091552734,70.20999908447266,56.446285247802734,13543400,-0.005524135961153975,1455,2016-10-13,70.16000366210938,70.56999969482422,69.29000091552734,70.20999908447266,56.446285247802734,13543400,-0.005524135961153975,1455,2016-10-13,70.16000366210938,70.56999969482422,69.29000091552734,70.20999908447266,56.446285247802734,13543400,-0.005524135961153975,1455,2016-10-13,70.16000366210938,70.56999969482422,69.29000091552734,70.20999908447266,56.446285247802734,13543400,-0.005524135961153975,1455,2016-10-13,70.16000366210938,70.56999969482422,69.29000091552734,70.20999908447266,56.446285247802734,13543400,-0.005524135961153975
1456,2016-10-14,70.56999969482422,70.80000305175781,69.75,69.80000305175781,56.11665725708008,11372400,-0.005839675530029509,1456,2016-10-14,70.56999969482422,70.80000305175781,69.75,69.80000305175781,56.11665725708008,11372400,-0.005839675530029509,1456,2016-10-14,70.56999969482422,70.80000305175781,69.75,69.80000305175781,56.11665725708008,11372400,-0.005839675530029509,1456,2016-10-14,70.56999969482422,70.80000305175781,69.75,69.80000305175781,56.11665725708008,11372400,-0.005839675530029509,1456,2016-10-14,70.56999969482422,70.80000305175781,69.75,69.80000305175781,56.11665725708008,11372400,-0.005839675530029509
1457,2016-10-17,69.81999969482422,70.04000091552734,69.08000183105469,69.45999908447266,55.84331512451172,7425000,-0.004870962490088004,1457,2016-10-17,69.81999969482422,70.04000091552734,69.08000183105469,69.45999908447266,55.84331512451172,7425000,-0.004870962490088004,1457,2016-10-17,69.81999969482422,70.04000091552734,69.08000183105469,69.45999908447266,55.84331512451172,7425000,-0.004870962490088004,1457,2016-10-17,69.81999969482422,70.04000091552734,69.08000183105469,69.45999908447266,55.84331512451172,7425000,-0.004870962490088004,1457,2016-10-17,69.81999969482422,70.04000091552734,69.08000183105469,69.45999908447266,55.84331512451172,7425000,-0.004870962490088004
1458,2016-10-18,70.1500015258789,70.30000305175781,69.43000030517578,69.73999786376953,56.06842041015625,6945100,0.004031015800953552,1458,2016-10-18,70.1500015258789,70.30000305175781,69.43000030517578,69.73999786376953,56.06842041015625,6945100,0.004031015800953552,1458,2016-10-18,70.1500015258789,70.30000305175781,69.43000030517578,69.73999786376953,56.06842041015625,6945100,0.004031015800953552,1458,2016-10-18,70.1500015258789,70.30000305175781,69.43000030517578,69.73999786376953,56.06842041015625,6945100,0.004031015800953552,1458,2016-10-18,70.1500015258789,70.30000305175781,69.43000030517578,69.73999786376953,56.06842041015625,6945100,0.004031015800953552
1459,2016-10-19,70.27999877929688,71.2699966430664,70.20999908447266,70.7300033569336,56.864349365234375,14315900,0.014195672880664034,1459,2016-10-19,70.27999877929688,71.2699966430664,70.20999908447266,70.7300033569336,56.864349365234375,14315900,0.014195672880664034,1459,2016-10-19,70.27999877929688,71.2699966430664,70.20999908447266,70.7300033569336,56.864349365234375,14315900,0.014195672880664034,1459,2016-10-19,70.27999877929688,71.2699966430664,70.20999908447266,70.7300033569336,56.864349365234375,14315900,0.014195672880664034,1459,2016-10-19,70.27999877929688,71.2699966430664,70.20999908447266,70.7300033569336,56.864349365234375,14315900,0.014195672880664034
1460,2016-10-20,70.30999755859375,70.94000244140625,69.91999816894531,70.6500015258789,56.80004119873047,12494500,-0.0011309048150864864,1460,2016-10-20,70.30999755859375,70.94000244140625,69.91999816894531,70.6500015258789,56.80004119873047,12494500,-0.0011309048150864864,1460,2016-10-20,70.30999755859375,70.94000244140625,69.91999816894531,70.6500015258789,56.80004119873047,12494500,-0.0011309048150864864,1460,2016-10-20,70.30999755859375,70.94000244140625,69.91999816894531,70.6500015258789,56.80004119873047,12494500,-0.0011309048150864864,1460,2016-10-20,70.30999755859375,70.94000244140625,69.91999816894531,70.6500015258789,56.80004119873047,12494500,-0.0011309048150864864
1461,2016-10-21,70.19000244140625,70.30999755859375,69.77999877929688,70.19000244140625,56.43021011352539,14238500,-0.0065111059323200715,1461,2016-10-21,70.19000244140625,70.30999755859375,69.77999877929688,70.19000244140625,56.43021011352539,14238500,-0.0065111059323200715,1461,2016-10-21,70.19000244140625,70.30999755859375,69.77999877929688,70.19000244140625,56.43021011352539,14238500,-0.0065111059323200715,1461,2016-10-21,70.19000244140625,70.30999755859375,69.77999877929688,70.19000244140625,56.43021011352539,14238500,-0.0065111059323200715,1461,2016-10-21,70.19000244140625,70.30999755859375,69.77999877929688,70.19000244140625,56.43021011352539,14238500,-0.0065111059323200715
1462,2016-10-24,70.19000244140625,70.43000030517578,69.20999908447266,69.9800033569336,56.26137924194336,10668400,-0.00299185261303081,1462,2016-10-24,70.19000244140625,70.43000030517578,69.20999908447266,69.9800033569336,56.26137924194336,10668400,-0.00299185261303081,1462,2016-10-24,70.19000244140625,70.43000030517578,69.20999908447266,69.9800033569336,56.26137924194336,10668400,-0.00299185261303081,1462,2016-10-24,70.19000244140625,70.43000030517578,69.20999908447266,69.9800033569336,56.26137924194336,10668400,-0.00299185261303081,1462,2016-10-24,70.19000244140625,70.43000030517578,69.20999908447266,69.9800033569336,56.26137924194336,10668400,-0.00299185261303081
1463,2016-10-25,69.95999908447266,70.70999908447266,69.54000091552734,69.66000366210938,56.004119873046875,13227100,-0.00457257487041296,1463,2016-10-25,69.95999908447266,70.70999908447266,69.54000091552734,69.66000366210938,56.004119873046875,13227100,-0.00457257487041296,1463,2016-10-25,69.95999908447266,70.70999908447266,69.54000091552734,69.66000366210938,56.004119873046875,13227100,-0.00457257487041296,1463,2016-10-25,69.95999908447266,70.70999908447266,69.54000091552734,69.66000366210938,56.004119873046875,13227100,-0.00457257487041296,1463,2016-10-25,69.95999908447266,70.70999908447266,69.54000091552734,69.66000366210938,56.004119873046875,13227100,-0.00457257487041296
1464,2016-10-26,69.04000091552734,70.11000061035156,68.91999816894531,69.81999969482422,56.13273239135742,17867800,0.00229648316234754,1464,2016-10-26,69.04000091552734,70.11000061035156,68.91999816894531,69.81999969482422,56.13273239135742,17867800,0.00229648316234754,1464,2016-10-26,69.04000091552734,70.11000061035156,68.91999816894531,69.81999969482422,56.13273239135742,17867800,0.00229648316234754,1464,2016-10-26,69.04000091552734,70.11000061035156,68.91999816894531,69.81999969482422,56.13273239135742,17867800,0.00229648316234754,1464,2016-10-26,69.04000091552734,70.11000061035156,68.91999816894531,69.81999969482422,56.13273239135742,17867800,0.00229648316234754
1465,2016-10-27,70.12000274658203,70.22000122070312,69.54000091552734,69.55999755859375,55.9237060546875,14206300,-0.0037237869557568137,1465,2016-10-27,70.12000274658203,70.22000122070312,69.54000091552734,69.55999755859375,55.9237060546875,14206300,-0.0037237869557568137,1465,2016-10-27,70.12000274658203,70.22000122070312,69.54000091552734,69.55999755859375,55.9237060546875,14206300,-0.0037237869557568137,1465,2016-10-27,70.12000274658203,70.22000122070312,69.54000091552734,69.55999755859375,55.9237060546875,14206300,-0.0037237869557568137,1465,2016-10-27,70.12000274658203,70.22000122070312,69.54000091552734,69.55999755859375,55.9237060546875,14206300,-0.0037237869557568137
1466,2016-10-28,69.44000244140625,70.43000030517578,68.93000030517578,69.37000274658203,55.77095031738281,18558400,-0.0027315023999895383,1466,2016-10-28,69.44000244140625,70.43000030517578,68.93000030517578,69.37000274658203,55.77095031738281,18558400,-0.0027315023999895383,1466,2016-10-28,69.44000244140625,70.43000030517578,68.93000030517578,69.37000274658203,55.77095031738281,18558400,-0.0027315023999895383,1466,2016-10-28,69.44000244140625,70.43000030517578,68.93000030517578,69.37000274658203,55.77095031738281,18558400,-0.0027315023999895383,1466,2016-10-28,69.44000244140625,70.43000030517578,68.93000030517578,69.37000274658203,55.77095031738281,18558400,-0.0027315023999895383
1467,2016-10-31,69.12000274658203,69.48999786376953,68.5,68.62000274658203,55.1679801940918,12973800,-0.010811544717449051,1467,2016-10-31,69.12000274658203,69.48999786376953,68.5,68.62000274658203,55.1679801940918,12973800,-0.010811544717449051,1467,2016-10-31,69.12000274658203,69.48999786376953,68.5,68.62000274658203,55.1679801940918,12973800,-0.010811544717449051,1467,2016-10-31,69.12000274658203,69.48999786376953,68.5,68.62000274658203,55.1679801940918,12973800,-0.010811544717449051,1467,2016-10-31,69.12000274658203,69.48999786376953,68.5,68.62000274658203,55.1679801940918,12973800,-0.010811544717449051
1468,2016-11-01,69.12999725341797,69.37000274658203,67.87999725341797,68.62999725341797,55.1760139465332,18824800,0.00014562346515401003,1468,2016-11-01,69.12999725341797,69.37000274658203,67.87999725341797,68.62999725341797,55.1760139465332,18824800,0.00014562346515401003,1468,2016-11-01,69.12999725341797,69.37000274658203,67.87999725341797,68.62999725341797,55.1760139465332,18824800,0.00014562346515401003,1468,2016-11-01,69.12999725341797,69.37000274658203,67.87999725341797,68.62999725341797,55.1760139465332,18824800,0.00014562346515401003,1468,2016-11-01,69.12999725341797,69.37000274658203,67.87999725341797,68.62999725341797,55.1760139465332,18824800,0.00014562346515401003
1469,2016-11-02,67.9800033569336,68.22000122070312,67.0,67.87000274658203,54.56501007080078,22983000,-0.01107372265645179,1469,2016-11-02,67.9800033569336,68.22000122070312,67.0,67.87000274658203,54.56501007080078,22983000,-0.01107372265645179,1469,2016-11-02,67.9800033569336,68.22000122070312,67.0,67.87000274658203,54.56501007080078,22983000,-0.01107372265645179,1469,2016-11-02,67.9800033569336,68.22000122070312,67.0,67.87000274658203,54.56501007080078,22983000,-0.01107372265645179,1469,2016-11-02,67.9800033569336,68.22000122070312,67.0,67.87000274658203,54.56501007080078,22983000,-0.01107372265645179
1470,2016-11-03,67.87000274658203,68.26000213623047,67.5,68.13999938964844,54.782081604003906,12748100,0.003978218512586507,1470,2016-11-03,67.87000274658203,68.26000213623047,67.5,68.13999938964844,54.782081604003906,12748100,0.003978218512586507,1470,2016-11-03,67.87000274658203,68.26000213623047,67.5,68.13999938964844,54.782081604003906,12748100,0.003978218512586507,1470,2016-11-03,67.87000274658203,68.26000213623047,67.5,68.13999938964844,54.782081604003906,12748100,0.003978218512586507,1470,2016-11-03,67.87000274658203,68.26000213623047,67.5,68.13999938964844,54.782081604003906,12748100,0.003978218512586507
1471,2016-11-04,67.80000305175781,68.45999908447266,67.36000061035156,67.7699966430664,54.48461151123047,17554100,-0.0054300618754088426,1471,2016-11-04,67.80000305175781,68.45999908447266,67.36000061035156,67.7699966430664,54.48461151123047,17554100,-0.0054300618754088426,1471,2016-11-04,67.80000305175781,68.45999908447266,67.36000061035156,67.7699966430664,54.48461151123047,17554100,-0.0054300618754088426,1471,2016-11-04,67.80000305175781,68.45999908447266,67.36000061035156,67.7699966430664,54.48461151123047,17554100,-0.0054300618754088426,1471,2016-11-04,67.80000305175781,68.45999908447266,67.36000061035156,67.7699966430664,54.48461151123047,17554100,-0.0054300618754088426
1472,2016-11-07,68.54000091552734,69.2699966430664,68.54000091552734,69.2300033569336,55.65839385986328,14799500,0.021543373735735782,1472,2016-11-07,68.54000091552734,69.2699966430664,68.54000091552734,69.2300033569336,55.65839385986328,14799500,0.021543373735735782,1472,2016-11-07,68.54000091552734,69.2699966430664,68.54000091552734,69.2300033569336,55.65839385986328,14799500,0.021543373735735782,1472,2016-11-07,68.54000091552734,69.2699966430664,68.54000091552734,69.2300033569336,55.65839385986328,14799500,0.021543373735735782,1472,2016-11-07,68.54000091552734,69.2699966430664,68.54000091552734,69.2300033569336,55.65839385986328,14799500,0.021543373735735782
1473,2016-11-08,68.88999938964844,69.70999908447266,68.79000091552734,69.31999969482422,55.730751037597656,11208700,0.0013000227408026532,1473,2016-11-08,68.88999938964844,69.70999908447266,68.79000091552734,69.31999969482422,55.730751037597656,11208700,0.0013000227408026532,1473,2016-11-08,68.88999938964844,69.70999908447266,68.79000091552734,69.31999969482422,55.730751037597656,11208700,0.0013000227408026532,1473,2016-11-08,68.88999938964844,69.70999908447266,68.79000091552734,69.31999969482422,55.730751037597656,11208700,0.0013000227408026532,1473,2016-11-08,68.88999938964844,69.70999908447266,68.79000091552734,69.31999969482422,55.730751037597656,11208700,0.0013000227408026532
1474,2016-11-09,69.55999755859375,70.97000122070312,68.75,70.44999694824219,56.63923645019531,25993800,0.016301330875386322,1474,2016-11-09,69.55999755859375,70.97000122070312,68.75,70.44999694824219,56.63923645019531,25993800,0.016301330875386322,1474,2016-11-09,69.55999755859375,70.97000122070312,68.75,70.44999694824219,56.63923645019531,25993800,0.016301330875386322,1474,2016-11-09,69.55999755859375,70.97000122070312,68.75,70.44999694824219,56.63923645019531,25993800,0.016301330875386322,1474,2016-11-09,69.55999755859375,70.97000122070312,68.75,70.44999694824219,56.63923645019531,25993800,0.016301330875386322
1475,2016-11-10,70.4000015258789,71.27999877929688,70.16000366210938,70.75,56.88042068481445,20634800,0.0042582536371447155,1475,2016-11-10,70.4000015258789,71.27999877929688,70.16000366210938,70.75,56.88042068481445,20634800,0.0042582536371447155,1475,2016-11-10,70.4000015258789,71.27999877929688,70.16000366210938,70.75,56.88042068481445,20634800,0.0042582536371447155,1475,2016-11-10,70.4000015258789,71.27999877929688,70.16000366210938,70.75,56.88042068481445,20634800,0.0042582536371447155,1475,2016-11-10,70.4000015258789,71.27999877929688,70.16000366210938,70.75,56.88042068481445,20634800,0.0042582536371447155
1476,2016-11-11,70.33000183105469,70.47000122070312,68.88999938964844,69.45999908447266,55.84331512451172,17659700,-0.018233085265834115,1476,2016-11-11,70.33000183105469,70.47000122070312,68.88999938964844,69.45999908447266,55.84331512451172,17659700,-0.018233085265834115,1476,2016-11-11,70.33000183105469,70.47000122070312,68.88999938964844,69.45999908447266,55.84331512451172,17659700,-0.018233085265834115,1476,2016-11-11,70.33000183105469,70.47000122070312,68.88999938964844,69.45999908447266,55.84331512451172,17659700,-0.018233085265834115,1476,2016-11-11,70.33000183105469,70.47000122070312,68.88999938964844,69.45999908447266,55.84331512451172,17659700,-0.018233085265834115
1477,2016-11-14,69.20999908447266,69.91999816894531,68.83000183105469,69.8499984741211,56.156864166259766,12572000,0.005614799928137071,1477,2016-11-14,69.20999908447266,69.91999816894531,68.83000183105469,69.8499984741211,56.156864166259766,12572000,0.005614799928137071,1477,2016-11-14,69.20999908447266,69.91999816894531,68.83000183105469,69.8499984741211,56.156864166259766,12572000,0.005614799928137071,1477,2016-11-14,69.20999908447266,69.91999816894531,68.83000183105469,69.8499984741211,56.156864166259766,12572000,0.005614799928137071,1477,2016-11-14,69.20999908447266,69.91999816894531,68.83000183105469,69.8499984741211,56.156864166259766,12572000,0.005614799928137071
1478,2016-11-15,70.45999908447266,71.86000061035156,70.4000015258789,71.81999969482422,57.74066925048828,19228700,0.028203232280553436,1478,2016-11-15,70.45999908447266,71.86000061035156,70.4000015258789,71.81999969482422,57.74066925048828,19228700,0.028203232280553436,1478,2016-11-15,70.45999908447266,71.86000061035156,70.4000015258789,71.81999969482422,57.74066925048828,19228700,0.028203232280553436,1478,2016-11-15,70.45999908447266,71.86000061035156,70.4000015258789,71.81999969482422,57.74066925048828,19228700,0.028203232280553436,1478,2016-11-15,70.45999908447266,71.86000061035156,70.4000015258789,71.81999969482422,57.74066925048828,19228700,0.028203232280553436
1479,2016-11-16,71.66000366210938,72.13999938964844,71.0999984741211,71.31999969482422,57.33867645263672,16609100,-0.00696203911505866,1479,2016-11-16,71.66000366210938,72.13999938964844,71.0999984741211,71.31999969482422,57.33867645263672,16609100,-0.00696203911505866,1479,2016-11-16,71.66000366210938,72.13999938964844,71.0999984741211,71.31999969482422,57.33867645263672,16609100,-0.00696203911505866,1479,2016-11-16,71.66000366210938,72.13999938964844,71.0999984741211,71.31999969482422,57.33867645263672,16609100,-0.00696203911505866,1479,2016-11-16,71.66000366210938,72.13999938964844,71.0999984741211,71.31999969482422,57.33867645263672,16609100,-0.00696203911505866
1480,2016-11-17,71.91999816894531,72.38999938964844,70.66000366210938,70.83999633789062,56.95278549194336,10338000,-0.00673002909322673,1480,2016-11-17,71.91999816894531,72.38999938964844,70.66000366210938,70.83999633789062,56.95278549194336,10338000,-0.00673002909322673,1480,2016-11-17,71.91999816894531,72.38999938964844,70.66000366210938,70.83999633789062,56.95278549194336,10338000,-0.00673002909322673,1480,2016-11-17,71.91999816894531,72.38999938964844,70.66000366210938,70.83999633789062,56.95278549194336,10338000,-0.00673002909322673,1480,2016-11-17,71.91999816894531,72.38999938964844,70.66000366210938,70.83999633789062,56.95278549194336,10338000,-0.00673002909322673
1481,2016-11-18,71.08999633789062,71.52999877929688,70.7300033569336,71.12999725341797,57.18593215942383,11962300,0.004093683310949725,1481,2016-11-18,71.08999633789062,71.52999877929688,70.7300033569336,71.12999725341797,57.18593215942383,11962300,0.004093683310949725,1481,2016-11-18,71.08999633789062,71.52999877929688,70.7300033569336,71.12999725341797,57.18593215942383,11962300,0.004093683310949725,1481,2016-11-18,71.08999633789062,71.52999877929688,70.7300033569336,71.12999725341797,57.18593215942383,11962300,0.004093683310949725,1481,2016-11-18,71.08999633789062,71.52999877929688,70.7300033569336,71.12999725341797,57.18593215942383,11962300,0.004093683310949725
1482,2016-11-21,72.12999725341797,72.9000015258789,72.12999725341797,72.81999969482422,58.54462814331055,16875400,0.023759269676656203,1482,2016-11-21,72.12999725341797,72.9000015258789,72.12999725341797,72.81999969482422,58.54462814331055,16875400,0.023759269676656203,1482,2016-11-21,72.12999725341797,72.9000015258789,72.12999725341797,72.81999969482422,58.54462814331055,16875400,0.023759269676656203,1482,2016-11-21,72.12999725341797,72.9000015258789,72.12999725341797,72.81999969482422,58.54462814331055,16875400,0.023759269676656203,1482,2016-11-21,72.12999725341797,72.9000015258789,72.12999725341797,72.81999969482422,58.54462814331055,16875400,0.023759269676656203
1483,2016-11-22,72.83999633789062,73.19999694824219,71.9000015258789,72.77999877929688,58.5124626159668,16013200,-0.0005494189366958002,1483,2016-11-22,72.83999633789062,73.19999694824219,71.9000015258789,72.77999877929688,58.5124626159668,16013200,-0.0005494189366958002,1483,2016-11-22,72.83999633789062,73.19999694824219,71.9000015258789,72.77999877929688,58.5124626159668,16013200,-0.0005494189366958002,1483,2016-11-22,72.83999633789062,73.19999694824219,71.9000015258789,72.77999877929688,58.5124626159668,16013200,-0.0005494189366958002,1483,2016-11-22,72.83999633789062,73.19999694824219,71.9000015258789,72.77999877929688,58.5124626159668,16013200,-0.0005494189366958002
1484,2016-11-23,72.43000030517578,73.30999755859375,72.3499984741211,73.08000183105469,58.75365447998047,11462000,0.0041220596985753755,1484,2016-11-23,72.43000030517578,73.30999755859375,72.3499984741211,73.08000183105469,58.75365447998047,11462000,0.0041220596985753755,1484,2016-11-23,72.43000030517578,73.30999755859375,72.3499984741211,73.08000183105469,58.75365447998047,11462000,0.0041220596985753755,1484,2016-11-23,72.43000030517578,73.30999755859375,72.3499984741211,73.08000183105469,58.75365447998047,11462000,0.0041220596985753755,1484,2016-11-23,72.43000030517578,73.30999755859375,72.3499984741211,73.08000183105469,58.75365447998047,11462000,0.0041220596985753755
1485,2016-11-25,72.7699966430664,72.93000030517578,72.36000061035156,72.72000122070312,58.46422576904297,8791800,-0.004926139718442912,1485,2016-11-25,72.7699966430664,72.93000030517578,72.36000061035156,72.72000122070312,58.46422576904297,8791800,-0.004926139718442912,1485,2016-11-25,72.7699966430664,72.93000030517578,72.36000061035156,72.72000122070312,58.46422576904297,8791800,-0.004926139718442912,1485,2016-11-25,72.7699966430664,72.93000030517578,72.36000061035156,72.72000122070312,58.46422576904297,8791800,-0.004926139718442912,1485,2016-11-25,72.7699966430664,72.93000030517578,72.36000061035156,72.72000122070312,58.46422576904297,8791800,-0.004926139718442912
1486,2016-11-28,73.06999969482422,73.08999633789062,71.58000183105469,71.70999908447266,57.65222930908203,18790100,-0.01388877470418659,1486,2016-11-28,73.06999969482422,73.08999633789062,71.58000183105469,71.70999908447266,57.65222930908203,18790100,-0.01388877470418659,1486,2016-11-28,73.06999969482422,73.08999633789062,71.58000183105469,71.70999908447266,57.65222930908203,18790100,-0.01388877470418659,1486,2016-11-28,73.06999969482422,73.08999633789062,71.58000183105469,71.70999908447266,57.65222930908203,18790100,-0.01388877470418659,1486,2016-11-28,73.06999969482422,73.08999633789062,71.58000183105469,71.70999908447266,57.65222930908203,18790100,-0.01388877470418659
1487,2016-11-29,70.62000274658203,71.26000213623047,70.06999969482422,70.83000183105469,56.944740295410156,18361700,-0.012271667932889807,1487,2016-11-29,70.62000274658203,71.26000213623047,70.06999969482422,70.83000183105469,56.944740295410156,18361700,-0.012271667932889807,1487,2016-11-29,70.62000274658203,71.26000213623047,70.06999969482422,70.83000183105469,56.944740295410156,18361700,-0.012271667932889807,1487,2016-11-29,70.62000274658203,71.26000213623047,70.06999969482422,70.83000183105469,56.944740295410156,18361700,-0.012271667932889807,1487,2016-11-29,70.62000274658203,71.26000213623047,70.06999969482422,70.83000183105469,56.944740295410156,18361700,-0.012271667932889807
1488,2016-11-30,73.29000091552734,75.12000274658203,73.29000091552734,74.43000030517578,59.83899688720703,44854800,0.05082570535544528,1488,2016-11-30,73.29000091552734,75.12000274658203,73.29000091552734,74.43000030517578,59.83899688720703,44854800,0.05082570535544528,1488,2016-11-30,73.29000091552734,75.12000274658203,73.29000091552734,74.43000030517578,59.83899688720703,44854800,0.05082570535544528,1488,2016-11-30,73.29000091552734,75.12000274658203,73.29000091552734,74.43000030517578,59.83899688720703,44854800,0.05082570535544528,1488,2016-11-30,73.29000091552734,75.12000274658203,73.29000091552734,74.43000030517578,59.83899688720703,44854800,0.05082570535544528
1489,2016-12-01,75.80999755859375,76.05999755859375,74.55000305175781,74.61000061035156,59.983734130859375,27382400,0.0024187779070756754,1489,2016-12-01,75.80999755859375,76.05999755859375,74.55000305175781,74.61000061035156,59.983734130859375,27382400,0.0024187779070756754,1489,2016-12-01,75.80999755859375,76.05999755859375,74.55000305175781,74.61000061035156,59.983734130859375,27382400,0.0024187779070756754,1489,2016-12-01,75.80999755859375,76.05999755859375,74.55000305175781,74.61000061035156,59.983734130859375,27382400,0.0024187779070756754,1489,2016-12-01,75.80999755859375,76.05999755859375,74.55000305175781,74.61000061035156,59.983734130859375,27382400,0.0024187779070756754
1490,2016-12-02,74.56999969482422,75.18000030517578,74.36000061035156,74.83000183105469,60.16061019897461,18338800,0.002948733863906483,1490,2016-12-02,74.56999969482422,75.18000030517578,74.36000061035156,74.83000183105469,60.16061019897461,18338800,0.002948733863906483,1490,2016-12-02,74.56999969482422,75.18000030517578,74.36000061035156,74.83000183105469,60.16061019897461,18338800,0.002948733863906483,1490,2016-12-02,74.56999969482422,75.18000030517578,74.36000061035156,74.83000183105469,60.16061019897461,18338800,0.002948733863906483,1490,2016-12-02,74.56999969482422,75.18000030517578,74.36000061035156,74.83000183105469,60.16061019897461,18338800,0.002948733863906483
1491,2016-12-05,75.51000213623047,76.0999984741211,75.19000244140625,75.48999786376953,60.691192626953125,22535100,0.008819432286734985,1491,2016-12-05,75.51000213623047,76.0999984741211,75.19000244140625,75.48999786376953,60.691192626953125,22535100,0.008819432286734985,1491,2016-12-05,75.51000213623047,76.0999984741211,75.19000244140625,75.48999786376953,60.691192626953125,22535100,0.008819432286734985,1491,2016-12-05,75.51000213623047,76.0999984741211,75.19000244140625,75.48999786376953,60.691192626953125,22535100,0.008819432286734985,1491,2016-12-05,75.51000213623047,76.0999984741211,75.19000244140625,75.48999786376953,60.691192626953125,22535100,0.008819432286734985
1492,2016-12-06,75.02999877929688,75.6500015258789,74.58000183105469,75.3499984741211,60.57865905761719,16963500,-0.0018541993403827783,1492,2016-12-06,75.02999877929688,75.6500015258789,74.58000183105469,75.3499984741211,60.57865905761719,16963500,-0.0018541993403827783,1492,2016-12-06,75.02999877929688,75.6500015258789,74.58000183105469,75.3499984741211,60.57865905761719,16963500,-0.0018541993403827783,1492,2016-12-06,75.02999877929688,75.6500015258789,74.58000183105469,75.3499984741211,60.57865905761719,16963500,-0.0018541993403827783,1492,2016-12-06,75.02999877929688,75.6500015258789,74.58000183105469,75.3499984741211,60.57865905761719,16963500,-0.0018541993403827783
1493,2016-12-07,75.18000030517578,76.05999755859375,75.18000030517578,75.94999694824219,61.061031341552734,16008300,0.007962742844419113,1493,2016-12-07,75.18000030517578,76.05999755859375,75.18000030517578,75.94999694824219,61.061031341552734,16008300,0.007962742844419113,1493,2016-12-07,75.18000030517578,76.05999755859375,75.18000030517578,75.94999694824219,61.061031341552734,16008300,0.007962742844419113,1493,2016-12-07,75.18000030517578,76.05999755859375,75.18000030517578,75.94999694824219,61.061031341552734,16008300,0.007962742844419113,1493,2016-12-07,75.18000030517578,76.05999755859375,75.18000030517578,75.94999694824219,61.061031341552734,16008300,0.007962742844419113
1494,2016-12-08,76.1500015258789,76.45999908447266,75.55999755859375,76.36000061035156,61.390655517578125,14600200,0.005398273969229095,1494,2016-12-08,76.1500015258789,76.45999908447266,75.55999755859375,76.36000061035156,61.390655517578125,14600200,0.005398273969229095,1494,2016-12-08,76.1500015258789,76.45999908447266,75.55999755859375,76.36000061035156,61.390655517578125,14600200,0.005398273969229095,1494,2016-12-08,76.1500015258789,76.45999908447266,75.55999755859375,76.36000061035156,61.390655517578125,14600200,0.005398273969229095,1494,2016-12-08,76.1500015258789,76.45999908447266,75.55999755859375,76.36000061035156,61.390655517578125,14600200,0.005398273969229095
1495,2016-12-09,76.76000213623047,76.76000213623047,76.16000366210938,76.5999984741211,61.5836067199707,8974800,0.0031430060611965516,1495,2016-12-09,76.76000213623047,76.76000213623047,76.16000366210938,76.5999984741211,61.5836067199707,8974800,0.0031430060611965516,1495,2016-12-09,76.76000213623047,76.76000213623047,76.16000366210938,76.5999984741211,61.5836067199707,8974800,0.0031430060611965516,1495,2016-12-09,76.76000213623047,76.76000213623047,76.16000366210938,76.5999984741211,61.5836067199707,8974800,0.0031430060611965516,1495,2016-12-09,76.76000213623047,76.76000213623047,76.16000366210938,76.5999984741211,61.5836067199707,8974800,0.0031430060611965516
1496,2016-12-12,78.30000305175781,78.44999694824219,76.63999938964844,76.95999908447266,61.87302780151367,16130200,0.004699644872360409,1496,2016-12-12,78.30000305175781,78.44999694824219,76.63999938964844,76.95999908447266,61.87302780151367,16130200,0.004699644872360409,1496,2016-12-12,78.30000305175781,78.44999694824219,76.63999938964844,76.95999908447266,61.87302780151367,16130200,0.004699644872360409,1496,2016-12-12,78.30000305175781,78.44999694824219,76.63999938964844,76.95999908447266,61.87302780151367,16130200,0.004699644872360409,1496,2016-12-12,78.30000305175781,78.44999694824219,76.63999938964844,76.95999908447266,61.87302780151367,16130200,0.004699644872360409
1497,2016-12-13,77.54000091552734,78.38999938964844,76.83000183105469,77.83000183105469,62.57247543334961,16028600,0.011304564471610101,1497,2016-12-13,77.54000091552734,78.38999938964844,76.83000183105469,77.83000183105469,62.57247543334961,16028600,0.011304564471610101,1497,2016-12-13,77.54000091552734,78.38999938964844,76.83000183105469,77.83000183105469,62.57247543334961,16028600,0.011304564471610101,1497,2016-12-13,77.54000091552734,78.38999938964844,76.83000183105469,77.83000183105469,62.57247543334961,16028600,0.011304564471610101,1497,2016-12-13,77.54000091552734,78.38999938964844,76.83000183105469,77.83000183105469,62.57247543334961,16028600,0.011304564471610101
1498,2016-12-14,77.45999908447266,77.7699966430664,76.05999755859375,76.2699966430664,61.31829833984375,19851400,-0.02004359080921725,1498,2016-12-14,77.45999908447266,77.7699966430664,76.05999755859375,76.2699966430664,61.31829833984375,19851400,-0.02004359080921725,1498,2016-12-14,77.45999908447266,77.7699966430664,76.05999755859375,76.2699966430664,61.31829833984375,19851400,-0.02004359080921725,1498,2016-12-14,77.45999908447266,77.7699966430664,76.05999755859375,76.2699966430664,61.31829833984375,19851400,-0.02004359080921725,1498,2016-12-14,77.45999908447266,77.7699966430664,76.05999755859375,76.2699966430664,61.31829833984375,19851400,-0.02004359080921725
1499,2016-12-15,75.94999694824219,76.72000122070312,75.5199966430664,76.44000244140625,61.45498275756836,20251800,0.0022290967203144607,1499,2016-12-15,75.94999694824219,76.72000122070312,75.5199966430664,76.44000244140625,61.45498275756836,20251800,0.0022290967203144607,1499,2016-12-15,75.94999694824219,76.72000122070312,75.5199966430664,76.44000244140625,61.45498275756836,20251800,0.0022290967203144607,1499,2016-12-15,75.94999694824219,76.72000122070312,75.5199966430664,76.44000244140625,61.45498275756836,20251800,0.0022290967203144607,1499,2016-12-15,75.94999694824219,76.72000122070312,75.5199966430664,76.44000244140625,61.45498275756836,20251800,0.0022290967203144607
1500,2016-12-16,76.58000183105469,76.58000183105469,76.12000274658203,76.51000213623047,61.836463928222656,17864900,0.006207489670271071,1500,2016-12-16,76.58000183105469,76.58000183105469,76.12000274658203,76.51000213623047,61.836463928222656,17864900,0.006207489670271071,1500,2016-12-16,76.58000183105469,76.58000183105469,76.12000274658203,76.51000213623047,61.836463928222656,17864900,0.006207489670271071,1500,2016-12-16,76.58000183105469,76.58000183105469,76.12000274658203,76.51000213623047,61.836463928222656,17864900,0.006207489670271071,1500,2016-12-16,76.58000183105469,76.58000183105469,76.12000274658203,76.51000213623047,61.836463928222656,17864900,0.006207489670271071
1501,2016-12-19,76.43000030517578,76.56999969482422,76.01000213623047,76.16000366210938,61.5535888671875,7113200,-0.004574567222399795,1501,2016-12-19,76.43000030517578,76.56999969482422,76.01000213623047,76.16000366210938,61.5535888671875,7113200,-0.004574567222399795,1501,2016-12-19,76.43000030517578,76.56999969482422,76.01000213623047,76.16000366210938,61.5535888671875,7113200,-0.004574567222399795,1501,2016-12-19,76.43000030517578,76.56999969482422,76.01000213623047,76.16000366210938,61.5535888671875,7113200,-0.004574567222399795,1501,2016-12-19,76.43000030517578,76.56999969482422,76.01000213623047,76.16000366210938,61.5535888671875,7113200,-0.004574567222399795
1502,2016-12-20,76.55000305175781,76.6500015258789,75.77999877929688,75.98999786376953,61.41617965698242,8982100,-0.0022323509113588713,1502,2016-12-20,76.55000305175781,76.6500015258789,75.77999877929688,75.98999786376953,61.41617965698242,8982100,-0.0022323509113588713,1502,2016-12-20,76.55000305175781,76.6500015258789,75.77999877929688,75.98999786376953,61.41617965698242,8982100,-0.0022323509113588713,1502,2016-12-20,76.55000305175781,76.6500015258789,75.77999877929688,75.98999786376953,61.41617965698242,8982100,-0.0022323509113588713,1502,2016-12-20,76.55000305175781,76.6500015258789,75.77999877929688,75.98999786376953,61.41617965698242,8982100,-0.0022323509113588713
1503,2016-12-21,76.1500015258789,76.45999908447266,75.7300033569336,76.11000061035156,61.513179779052734,8102700,0.0015793903595449077,1503,2016-12-21,76.1500015258789,76.45999908447266,75.7300033569336,76.11000061035156,61.513179779052734,8102700,0.0015793903595449077,1503,2016-12-21,76.1500015258789,76.45999908447266,75.7300033569336,76.11000061035156,61.513179779052734,8102700,0.0015793903595449077,1503,2016-12-21,76.1500015258789,76.45999908447266,75.7300033569336,76.11000061035156,61.513179779052734,8102700,0.0015793903595449077,1503,2016-12-21,76.1500015258789,76.45999908447266,75.7300033569336,76.11000061035156,61.513179779052734,8102700,0.0015793903595449077
1504,2016-12-22,76.16000366210938,76.62000274658203,76.01000213623047,76.41999816894531,61.763710021972656,10970400,0.00407278966588609,1504,2016-12-22,76.16000366210938,76.62000274658203,76.01000213623047,76.41999816894531,61.763710021972656,10970400,0.00407278966588609,1504,2016-12-22,76.16000366210938,76.62000274658203,76.01000213623047,76.41999816894531,61.763710021972656,10970400,0.00407278966588609,1504,2016-12-22,76.16000366210938,76.62000274658203,76.01000213623047,76.41999816894531,61.763710021972656,10970400,0.00407278966588609,1504,2016-12-22,76.16000366210938,76.62000274658203,76.01000213623047,76.41999816894531,61.763710021972656,10970400,0.00407278966588609
1505,2016-12-23,76.30000305175781,76.51000213623047,76.18000030517578,76.3499984741211,61.70714569091797,6398100,-0.0009158182213239163,1505,2016-12-23,76.30000305175781,76.51000213623047,76.18000030517578,76.3499984741211,61.70714569091797,6398100,-0.0009158182213239163,1505,2016-12-23,76.30000305175781,76.51000213623047,76.18000030517578,76.3499984741211,61.70714569091797,6398100,-0.0009158182213239163,1505,2016-12-23,76.30000305175781,76.51000213623047,76.18000030517578,76.3499984741211,61.70714569091797,6398100,-0.0009158182213239163,1505,2016-12-23,76.30000305175781,76.51000213623047,76.18000030517578,76.3499984741211,61.70714569091797,6398100,-0.0009158182213239163
1506,2016-12-27,76.47000122070312,76.77999877929688,76.4000015258789,76.5199966430664,61.84452819824219,10008900,0.0022263630214294228,1506,2016-12-27,76.47000122070312,76.77999877929688,76.4000015258789,76.5199966430664,61.84452819824219,10008900,0.0022263630214294228,1506,2016-12-27,76.47000122070312,76.77999877929688,76.4000015258789,76.5199966430664,61.84452819824219,10008900,0.0022263630214294228,1506,2016-12-27,76.47000122070312,76.77999877929688,76.4000015258789,76.5199966430664,61.84452819824219,10008900,0.0022263630214294228,1506,2016-12-27,76.47000122070312,76.77999877929688,76.4000015258789,76.5199966430664,61.84452819824219,10008900,0.0022263630214294228
1507,2016-12-28,76.69000244140625,76.72000122070312,75.62999725341797,75.69000244140625,61.17372131347656,8093700,-0.010846665085961327,1507,2016-12-28,76.69000244140625,76.72000122070312,75.62999725341797,75.69000244140625,61.17372131347656,8093700,-0.010846665085961327,1507,2016-12-28,76.69000244140625,76.72000122070312,75.62999725341797,75.69000244140625,61.17372131347656,8093700,-0.010846665085961327,1507,2016-12-28,76.69000244140625,76.72000122070312,75.62999725341797,75.69000244140625,61.17372131347656,8093700,-0.010846665085961327,1507,2016-12-28,76.69000244140625,76.72000122070312,75.62999725341797,75.69000244140625,61.17372131347656,8093700,-0.010846665085961327
1508,2016-12-29,75.58000183105469,75.80000305175781,75.2699966430664,75.54000091552734,61.052490234375,6697400,-0.0019817509299512315,1508,2016-12-29,75.58000183105469,75.80000305175781,75.2699966430664,75.54000091552734,61.052490234375,6697400,-0.0019817509299512315,1508,2016-12-29,75.58000183105469,75.80000305175781,75.2699966430664,75.54000091552734,61.052490234375,6697400,-0.0019817509299512315,1508,2016-12-29,75.58000183105469,75.80000305175781,75.2699966430664,75.54000091552734,61.052490234375,6697400,-0.0019817509299512315,1508,2016-12-29,75.58000183105469,75.80000305175781,75.2699966430664,75.54000091552734,61.052490234375,6697400,-0.0019817509299512315
1509,2016-12-30,75.47000122070312,75.88999938964844,75.08000183105469,75.31999969482422,60.87467575073242,8853300,-0.002912485354159444,1509,2016-12-30,75.47000122070312,75.88999938964844,75.08000183105469,75.31999969482422,60.87467575073242,8853300,-0.002912485354159444,1509,2016-12-30,75.47000122070312,75.88999938964844,75.08000183105469,75.31999969482422,60.87467575073242,8853300,-0.002912485354159444,1509,2016-12-30,75.47000122070312,75.88999938964844,75.08000183105469,75.31999969482422,60.87467575073242,8853300,-0.002912485354159444,1509,2016-12-30,75.47000122070312,75.88999938964844,75.08000183105469,75.31999969482422,60.87467575073242,8853300,-0.002912485354159444
1510,2017-01-03,76.11000061035156,76.80999755859375,75.36000061035156,76.16999816894531,61.5616569519043,24623100,0.011285172244446917,1510,2017-01-03,76.11000061035156,76.80999755859375,75.36000061035156,76.16999816894531,61.5616569519043,24623100,0.011285172244446917,1510,2017-01-03,76.11000061035156,76.80999755859375,75.36000061035156,76.16999816894531,61.5616569519043,24623100,0.011285172244446917,1510,2017-01-03,76.11000061035156,76.80999755859375,75.36000061035156,76.16999816894531,61.5616569519043,24623100,0.011285172244446917,1510,2017-01-03,76.11000061035156,76.80999755859375,75.36000061035156,76.16999816894531,61.5616569519043,24623100,0.011285172244446917
1511,2017-01-04,76.2300033569336,76.37000274658203,75.76000213623047,76.01000213623047,61.43236541748047,11185500,-0.002100195817094974,1511,2017-01-04,76.2300033569336,76.37000274658203,75.76000213623047,76.01000213623047,61.43236541748047,11185500,-0.002100195817094974,1511,2017-01-04,76.2300033569336,76.37000274658203,75.76000213623047,76.01000213623047,61.43236541748047,11185500,-0.002100195817094974,1511,2017-01-04,76.2300033569336,76.37000274658203,75.76000213623047,76.01000213623047,61.43236541748047,11185500,-0.002100195817094974,1511,2017-01-04,76.2300033569336,76.37000274658203,75.76000213623047,76.01000213623047,61.43236541748047,11185500,-0.002100195817094974
1512,2017-01-05,76.05999755859375,76.33999633789062,75.45999908447266,75.81999969482422,61.27880096435547,11141200,-0.0024997320562444303,1512,2017-01-05,76.05999755859375,76.33999633789062,75.45999908447266,75.81999969482422,61.27880096435547,11141200,-0.0024997320562444303,1512,2017-01-05,76.05999755859375,76.33999633789062,75.45999908447266,75.81999969482422,61.27880096435547,11141200,-0.0024997320562444303,1512,2017-01-05,76.05999755859375,76.33999633789062,75.45999908447266,75.81999969482422,61.27880096435547,11141200,-0.0024997320562444303,1512,2017-01-05,76.05999755859375,76.33999633789062,75.45999908447266,75.81999969482422,61.27880096435547,11141200,-0.0024997320562444303
1513,2017-01-06,76.05999755859375,76.1500015258789,75.38999938964844,75.88999938964844,61.33536148071289,7410500,0.0009230029874494061,1513,2017-01-06,76.05999755859375,76.1500015258789,75.38999938964844,75.88999938964844,61.33536148071289,7410500,0.0009230029874494061,1513,2017-01-06,76.05999755859375,76.1500015258789,75.38999938964844,75.88999938964844,61.33536148071289,7410500,0.0009230029874494061,1513,2017-01-06,76.05999755859375,76.1500015258789,75.38999938964844,75.88999938964844,61.33536148071289,7410500,0.0009230029874494061,1513,2017-01-06,76.05999755859375,76.1500015258789,75.38999938964844,75.88999938964844,61.33536148071289,7410500,0.0009230029874494061
1514,2017-01-09,75.38999938964844,75.45999908447266,74.68000030517578,74.79000091552734,60.44633102416992,10960900,-0.01449458249011093,1514,2017-01-09,75.38999938964844,75.45999908447266,74.68000030517578,74.79000091552734,60.44633102416992,10960900,-0.01449458249011093,1514,2017-01-09,75.38999938964844,75.45999908447266,74.68000030517578,74.79000091552734,60.44633102416992,10960900,-0.01449458249011093,1514,2017-01-09,75.38999938964844,75.45999908447266,74.68000030517578,74.79000091552734,60.44633102416992,10960900,-0.01449458249011093,1514,2017-01-09,75.38999938964844,75.45999908447266,74.68000030517578,74.79000091552734,60.44633102416992,10960900,-0.01449458249011093
1515,2017-01-10,74.7300033569336,74.9000015258789,74.05000305175781,74.11000061035156,59.896732330322266,9660800,-0.009092341661363967,1515,2017-01-10,74.7300033569336,74.9000015258789,74.05000305175781,74.11000061035156,59.896732330322266,9660800,-0.009092341661363967,1515,2017-01-10,74.7300033569336,74.9000015258789,74.05000305175781,74.11000061035156,59.896732330322266,9660800,-0.009092341661363967,1515,2017-01-10,74.7300033569336,74.9000015258789,74.05000305175781,74.11000061035156,59.896732330322266,9660800,-0.009092341661363967,1515,2017-01-10,74.7300033569336,74.9000015258789,74.05000305175781,74.11000061035156,59.896732330322266,9660800,-0.009092341661363967
1516,2017-01-11,74.37000274658203,75.05000305175781,74.05999755859375,74.91000366210938,60.54331970214844,13127000,0.010795035833680133,1516,2017-01-11,74.37000274658203,75.05000305175781,74.05999755859375,74.91000366210938,60.54331970214844,13127000,0.010795035833680133,1516,2017-01-11,74.37000274658203,75.05000305175781,74.05999755859375,74.91000366210938,60.54331970214844,13127000,0.010795035833680133,1516,2017-01-11,74.37000274658203,75.05000305175781,74.05999755859375,74.91000366210938,60.54331970214844,13127000,0.010795035833680133,1516,2017-01-11,74.37000274658203,75.05000305175781,74.05999755859375,74.91000366210938,60.54331970214844,13127000,0.010795035833680133
1517,2017-01-12,75.33000183105469,75.41000366210938,74.30000305175781,74.5999984741211,60.29276657104492,10895600,-0.0041384108492257266,1517,2017-01-12,75.33000183105469,75.41000366210938,74.30000305175781,74.5999984741211,60.29276657104492,10895600,-0.0041384108492257266,1517,2017-01-12,75.33000183105469,75.41000366210938,74.30000305175781,74.5999984741211,60.29276657104492,10895600,-0.0041384108492257266,1517,2017-01-12,75.33000183105469,75.41000366210938,74.30000305175781,74.5999984741211,60.29276657104492,10895600,-0.0041384108492257266,1517,2017-01-12,75.33000183105469,75.41000366210938,74.30000305175781,74.5999984741211,60.29276657104492,10895600,-0.0041384108492257266
1518,2017-01-13,74.5,74.66000366210938,74.19000244140625,74.37999725341797,60.11495590209961,9906700,-0.0029491210813122892,1518,2017-01-13,74.5,74.66000366210938,74.19000244140625,74.37999725341797,60.11495590209961,9906700,-0.0029491210813122892,1518,2017-01-13,74.5,74.66000366210938,74.19000244140625,74.37999725341797,60.11495590209961,9906700,-0.0029491210813122892,1518,2017-01-13,74.5,74.66000366210938,74.19000244140625,74.37999725341797,60.11495590209961,9906700,-0.0029491210813122892,1518,2017-01-13,74.5,74.66000366210938,74.19000244140625,74.37999725341797,60.11495590209961,9906700,-0.0029491210813122892
1519,2017-01-17,74.61000061035156,75.0199966430664,74.55000305175781,74.83999633789062,60.486732482910156,9783000,0.006184427406318083,1519,2017-01-17,74.61000061035156,75.0199966430664,74.55000305175781,74.83999633789062,60.486732482910156,9783000,0.006184427406318083,1519,2017-01-17,74.61000061035156,75.0199966430664,74.55000305175781,74.83999633789062,60.486732482910156,9783000,0.006184427406318083,1519,2017-01-17,74.61000061035156,75.0199966430664,74.55000305175781,74.83999633789062,60.486732482910156,9783000,0.006184427406318083,1519,2017-01-17,74.61000061035156,75.0199966430664,74.55000305175781,74.83999633789062,60.486732482910156,9783000,0.006184427406318083
1520,2017-01-18,74.43000030517578,74.87000274658203,74.33999633789062,74.66999816894531,60.34934616088867,8725200,-0.002271346399151275,1520,2017-01-18,74.43000030517578,74.87000274658203,74.33999633789062,74.66999816894531,60.34934616088867,8725200,-0.002271346399151275,1520,2017-01-18,74.43000030517578,74.87000274658203,74.33999633789062,74.66999816894531,60.34934616088867,8725200,-0.002271346399151275,1520,2017-01-18,74.43000030517578,74.87000274658203,74.33999633789062,74.66999816894531,60.34934616088867,8725200,-0.002271346399151275,1520,2017-01-18,74.43000030517578,74.87000274658203,74.33999633789062,74.66999816894531,60.34934616088867,8725200,-0.002271346399151275
1521,2017-01-19,74.66999816894531,74.69999694824219,74.08000183105469,74.26000213623047,60.017974853515625,9000900,-0.005490884797486051,1521,2017-01-19,74.66999816894531,74.69999694824219,74.08000183105469,74.26000213623047,60.017974853515625,9000900,-0.005490884797486051,1521,2017-01-19,74.66999816894531,74.69999694824219,74.08000183105469,74.26000213623047,60.017974853515625,9000900,-0.005490884797486051,1521,2017-01-19,74.66999816894531,74.69999694824219,74.08000183105469,74.26000213623047,60.017974853515625,9000900,-0.005490884797486051,1521,2017-01-19,74.66999816894531,74.69999694824219,74.08000183105469,74.26000213623047,60.017974853515625,9000900,-0.005490884797486051
1522,2017-01-20,74.73999786376953,74.98999786376953,74.29000091552734,74.54000091552734,60.2442741394043,9182200,0.003770525187512419,1522,2017-01-20,74.73999786376953,74.98999786376953,74.29000091552734,74.54000091552734,60.2442741394043,9182200,0.003770525187512419,1522,2017-01-20,74.73999786376953,74.98999786376953,74.29000091552734,74.54000091552734,60.2442741394043,9182200,0.003770525187512419,1522,2017-01-20,74.73999786376953,74.98999786376953,74.29000091552734,74.54000091552734,60.2442741394043,9182200,0.003770525187512419,1522,2017-01-20,74.73999786376953,74.98999786376953,74.29000091552734,74.54000091552734,60.2442741394043,9182200,0.003770525187512419
1523,2017-01-23,74.19999694824219,74.3499984741211,73.38999938964844,73.75,59.605777740478516,15207000,-0.010598457829341767,1523,2017-01-23,74.19999694824219,74.3499984741211,73.38999938964844,73.75,59.605777740478516,15207000,-0.010598457829341767,1523,2017-01-23,74.19999694824219,74.3499984741211,73.38999938964844,73.75,59.605777740478516,15207000,-0.010598457829341767,1523,2017-01-23,74.19999694824219,74.3499984741211,73.38999938964844,73.75,59.605777740478516,15207000,-0.010598457829341767,1523,2017-01-23,74.19999694824219,74.3499984741211,73.38999938964844,73.75,59.605777740478516,15207000,-0.010598457829341767
1524,2017-01-24,74.04000091552734,74.87999725341797,73.9000015258789,74.55999755859375,60.26043701171875,11857200,0.010983151232261346,1524,2017-01-24,74.04000091552734,74.87999725341797,73.9000015258789,74.55999755859375,60.26043701171875,11857200,0.010983151232261346,1524,2017-01-24,74.04000091552734,74.87999725341797,73.9000015258789,74.55999755859375,60.26043701171875,11857200,0.010983151232261346,1524,2017-01-24,74.04000091552734,74.87999725341797,73.9000015258789,74.55999755859375,60.26043701171875,11857200,0.010983151232261346,1524,2017-01-24,74.04000091552734,74.87999725341797,73.9000015258789,74.55999755859375,60.26043701171875,11857200,0.010983151232261346
1525,2017-01-25,74.58000183105469,75.18000030517578,74.55999755859375,74.94999694824219,60.57563781738281,9410300,0.005230642545834385,1525,2017-01-25,74.58000183105469,75.18000030517578,74.55999755859375,74.94999694824219,60.57563781738281,9410300,0.005230642545834385,1525,2017-01-25,74.58000183105469,75.18000030517578,74.55999755859375,74.94999694824219,60.57563781738281,9410300,0.005230642545834385,1525,2017-01-25,74.58000183105469,75.18000030517578,74.55999755859375,74.94999694824219,60.57563781738281,9410300,0.005230642545834385,1525,2017-01-25,74.58000183105469,75.18000030517578,74.55999755859375,74.94999694824219,60.57563781738281,9410300,0.005230642545834385
1526,2017-01-26,75.19000244140625,75.30999755859375,74.8499984741211,75.01000213623047,60.6241340637207,8651700,0.0008005899415222117,1526,2017-01-26,75.19000244140625,75.30999755859375,74.8499984741211,75.01000213623047,60.6241340637207,8651700,0.0008005899415222117,1526,2017-01-26,75.19000244140625,75.30999755859375,74.8499984741211,75.01000213623047,60.6241340637207,8651700,0.0008005899415222117,1526,2017-01-26,75.19000244140625,75.30999755859375,74.8499984741211,75.01000213623047,60.6241340637207,8651700,0.0008005899415222117,1526,2017-01-26,75.19000244140625,75.30999755859375,74.8499984741211,75.01000213623047,60.6241340637207,8651700,0.0008005899415222117
1527,2017-01-27,74.55000305175781,74.62999725341797,74.01000213623047,74.2300033569336,59.99374008178711,9950900,-0.010398399773776545,1527,2017-01-27,74.55000305175781,74.62999725341797,74.01000213623047,74.2300033569336,59.99374008178711,9950900,-0.010398399773776545,1527,2017-01-27,74.55000305175781,74.62999725341797,74.01000213623047,74.2300033569336,59.99374008178711,9950900,-0.010398399773776545,1527,2017-01-27,74.55000305175781,74.62999725341797,74.01000213623047,74.2300033569336,59.99374008178711,9950900,-0.010398399773776545,1527,2017-01-27,74.55000305175781,74.62999725341797,74.01000213623047,74.2300033569336,59.99374008178711,9950900,-0.010398399773776545
1528,2017-01-30,73.88999938964844,73.93000030517578,72.36000061035156,72.87000274658203,58.89455795288086,13286400,-0.018321613678490056,1528,2017-01-30,73.88999938964844,73.93000030517578,72.36000061035156,72.87000274658203,58.89455795288086,13286400,-0.018321613678490056,1528,2017-01-30,73.88999938964844,73.93000030517578,72.36000061035156,72.87000274658203,58.89455795288086,13286400,-0.018321613678490056,1528,2017-01-30,73.88999938964844,73.93000030517578,72.36000061035156,72.87000274658203,58.89455795288086,13286400,-0.018321613678490056,1528,2017-01-30,73.88999938964844,73.93000030517578,72.36000061035156,72.87000274658203,58.89455795288086,13286400,-0.018321613678490056
1529,2017-01-31,72.91000366210938,73.0199966430664,72.12999725341797,72.9000015258789,58.918800354003906,14007400,0.00041162378945847067,1529,2017-01-31,72.91000366210938,73.0199966430664,72.12999725341797,72.9000015258789,58.918800354003906,14007400,0.00041162378945847067,1529,2017-01-31,72.91000366210938,73.0199966430664,72.12999725341797,72.9000015258789,58.918800354003906,14007400,0.00041162378945847067,1529,2017-01-31,72.91000366210938,73.0199966430664,72.12999725341797,72.9000015258789,58.918800354003906,14007400,0.00041162378945847067,1529,2017-01-31,72.91000366210938,73.0199966430664,72.12999725341797,72.9000015258789,58.918800354003906,14007400,0.00041162378945847067
1530,2017-02-01,73.29000091552734,73.38999938964844,71.91000366210938,72.36000061035156,58.48236083984375,18424300,-0.00740747455036217,1530,2017-02-01,73.29000091552734,73.38999938964844,71.91000366210938,72.36000061035156,58.48236083984375,18424300,-0.00740747455036217,1530,2017-02-01,73.29000091552734,73.38999938964844,71.91000366210938,72.36000061035156,58.48236083984375,18424300,-0.00740747455036217,1530,2017-02-01,73.29000091552734,73.38999938964844,71.91000366210938,72.36000061035156,58.48236083984375,18424300,-0.00740747455036217,1530,2017-02-01,73.29000091552734,73.38999938964844,71.91000366210938,72.36000061035156,58.48236083984375,18424300,-0.00740747455036217
1531,2017-02-02,72.4800033569336,72.9000015258789,71.9000015258789,72.7699966430664,58.81373596191406,12880100,0.0056662405093015344,1531,2017-02-02,72.4800033569336,72.9000015258789,71.9000015258789,72.7699966430664,58.81373596191406,12880100,0.0056662405093015344,1531,2017-02-02,72.4800033569336,72.9000015258789,71.9000015258789,72.7699966430664,58.81373596191406,12880100,0.0056662405093015344,1531,2017-02-02,72.4800033569336,72.9000015258789,71.9000015258789,72.7699966430664,58.81373596191406,12880100,0.0056662405093015344,1531,2017-02-02,72.4800033569336,72.9000015258789,71.9000015258789,72.7699966430664,58.81373596191406,12880100,0.0056662405093015344
1532,2017-02-03,73.05999755859375,73.77999877929688,72.62999725341797,73.4000015258789,59.322906494140625,11828600,0.008657340396744928,1532,2017-02-03,73.05999755859375,73.77999877929688,72.62999725341797,73.4000015258789,59.322906494140625,11828600,0.008657340396744928,1532,2017-02-03,73.05999755859375,73.77999877929688,72.62999725341797,73.4000015258789,59.322906494140625,11828600,0.008657340396744928,1532,2017-02-03,73.05999755859375,73.77999877929688,72.62999725341797,73.4000015258789,59.322906494140625,11828600,0.008657340396744928,1532,2017-02-03,73.05999755859375,73.77999877929688,72.62999725341797,73.4000015258789,59.322906494140625,11828600,0.008657340396744928
1533,2017-02-06,73.4000015258789,73.6500015258789,72.56999969482422,72.77999877929688,58.82181167602539,10521700,-0.008446902684458468,1533,2017-02-06,73.4000015258789,73.6500015258789,72.56999969482422,72.77999877929688,58.82181167602539,10521700,-0.008446902684458468,1533,2017-02-06,73.4000015258789,73.6500015258789,72.56999969482422,72.77999877929688,58.82181167602539,10521700,-0.008446902684458468,1533,2017-02-06,73.4000015258789,73.6500015258789,72.56999969482422,72.77999877929688,58.82181167602539,10521700,-0.008446902684458468,1533,2017-02-06,73.4000015258789,73.6500015258789,72.56999969482422,72.77999877929688,58.82181167602539,10521700,-0.008446902684458468
1534,2017-02-07,72.45999908447266,72.80000305175781,71.37000274658203,71.75,57.98935317993164,14157800,-0.01415220769939396,1534,2017-02-07,72.45999908447266,72.80000305175781,71.37000274658203,71.75,57.98935317993164,14157800,-0.01415220769939396,1534,2017-02-07,72.45999908447266,72.80000305175781,71.37000274658203,71.75,57.98935317993164,14157800,-0.01415220769939396,1534,2017-02-07,72.45999908447266,72.80000305175781,71.37000274658203,71.75,57.98935317993164,14157800,-0.01415220769939396,1534,2017-02-07,72.45999908447266,72.80000305175781,71.37000274658203,71.75,57.98935317993164,14157800,-0.01415220769939396
1535,2017-02-08,71.75,72.08000183105469,70.6500015258789,71.91999816894531,58.12675476074219,16148400,0.002369427718640127,1535,2017-02-08,71.75,72.08000183105469,70.6500015258789,71.91999816894531,58.12675476074219,16148400,0.002369427718640127,1535,2017-02-08,71.75,72.08000183105469,70.6500015258789,71.91999816894531,58.12675476074219,16148400,0.002369427718640127,1535,2017-02-08,71.75,72.08000183105469,70.6500015258789,71.91999816894531,58.12675476074219,16148400,0.002369427718640127,1535,2017-02-08,71.75,72.08000183105469,70.6500015258789,71.91999816894531,58.12675476074219,16148400,0.002369427718640127
1536,2017-02-09,72.3499984741211,72.94999694824219,72.3499984741211,72.7300033569336,58.781410217285156,9261600,0.011262549564957203,1536,2017-02-09,72.3499984741211,72.94999694824219,72.3499984741211,72.7300033569336,58.781410217285156,9261600,0.011262549564957203,1536,2017-02-09,72.3499984741211,72.94999694824219,72.3499984741211,72.7300033569336,58.781410217285156,9261600,0.011262549564957203,1536,2017-02-09,72.3499984741211,72.94999694824219,72.3499984741211,72.7300033569336,58.781410217285156,9261600,0.011262549564957203,1536,2017-02-09,72.3499984741211,72.94999694824219,72.3499984741211,72.7300033569336,58.781410217285156,9261600,0.011262549564957203
1537,2017-02-10,73.30999755859375,73.69000244140625,73.05999755859375,73.27999877929688,59.225914001464844,10405400,0.007561978906878597,1537,2017-02-10,73.30999755859375,73.69000244140625,73.05999755859375,73.27999877929688,59.225914001464844,10405400,0.007561978906878597,1537,2017-02-10,73.30999755859375,73.69000244140625,73.05999755859375,73.27999877929688,59.225914001464844,10405400,0.007561978906878597,1537,2017-02-10,73.30999755859375,73.69000244140625,73.05999755859375,73.27999877929688,59.225914001464844,10405400,0.007561978906878597,1537,2017-02-10,73.30999755859375,73.69000244140625,73.05999755859375,73.27999877929688,59.225914001464844,10405400,0.007561978906878597
1538,2017-02-13,73.12999725341797,73.44999694824219,72.98999786376953,73.41999816894531,59.33908462524414,7984900,0.0019108295023779753,1538,2017-02-13,73.12999725341797,73.44999694824219,72.98999786376953,73.41999816894531,59.33908462524414,7984900,0.0019108295023779753,1538,2017-02-13,73.12999725341797,73.44999694824219,72.98999786376953,73.41999816894531,59.33908462524414,7984900,0.0019108295023779753,1538,2017-02-13,73.12999725341797,73.44999694824219,72.98999786376953,73.41999816894531,59.33908462524414,7984900,0.0019108295023779753,1538,2017-02-13,73.12999725341797,73.44999694824219,72.98999786376953,73.41999816894531,59.33908462524414,7984900,0.0019108295023779753
1539,2017-02-14,73.62999725341797,73.69000244140625,72.73999786376953,73.66000366210938,59.53306198120117,10771700,0.003268964413288389,1539,2017-02-14,73.62999725341797,73.69000244140625,72.73999786376953,73.66000366210938,59.53306198120117,10771700,0.003268964413288389,1539,2017-02-14,73.62999725341797,73.69000244140625,72.73999786376953,73.66000366210938,59.53306198120117,10771700,0.003268964413288389,1539,2017-02-14,73.62999725341797,73.69000244140625,72.73999786376953,73.66000366210938,59.53306198120117,10771700,0.003268964413288389,1539,2017-02-14,73.62999725341797,73.69000244140625,72.73999786376953,73.66000366210938,59.53306198120117,10771700,0.003268964413288389
1540,2017-02-15,73.44000244140625,73.76000213623047,73.12999725341797,73.37000274658203,59.298667907714844,8926600,-0.0039372084298359145,1540,2017-02-15,73.44000244140625,73.76000213623047,73.12999725341797,73.37000274658203,59.298667907714844,8926600,-0.0039372084298359145,1540,2017-02-15,73.44000244140625,73.76000213623047,73.12999725341797,73.37000274658203,59.298667907714844,8926600,-0.0039372084298359145,1540,2017-02-15,73.44000244140625,73.76000213623047,73.12999725341797,73.37000274658203,59.298667907714844,8926600,-0.0039372084298359145,1540,2017-02-15,73.44000244140625,73.76000213623047,73.12999725341797,73.37000274658203,59.298667907714844,8926600,-0.0039372084298359145
1541,2017-02-16,73.44000244140625,73.54000091552734,72.26000213623047,72.37000274658203,58.49044418334961,11375400,-0.01362971130520263,1541,2017-02-16,73.44000244140625,73.54000091552734,72.26000213623047,72.37000274658203,58.49044418334961,11375400,-0.01362971130520263,1541,2017-02-16,73.44000244140625,73.54000091552734,72.26000213623047,72.37000274658203,58.49044418334961,11375400,-0.01362971130520263,1541,2017-02-16,73.44000244140625,73.54000091552734,72.26000213623047,72.37000274658203,58.49044418334961,11375400,-0.01362971130520263,1541,2017-02-16,73.44000244140625,73.54000091552734,72.26000213623047,72.37000274658203,58.49044418334961,11375400,-0.01362971130520263
1542,2017-02-17,72.0,72.20999908447266,71.73999786376953,71.97000122070312,58.16716384887695,11645000,-0.00552706239431644,1542,2017-02-17,72.0,72.20999908447266,71.73999786376953,71.97000122070312,58.16716384887695,11645000,-0.00552706239431644,1542,2017-02-17,72.0,72.20999908447266,71.73999786376953,71.97000122070312,58.16716384887695,11645000,-0.00552706239431644,1542,2017-02-17,72.0,72.20999908447266,71.73999786376953,71.97000122070312,58.16716384887695,11645000,-0.00552706239431644,1542,2017-02-17,72.0,72.20999908447266,71.73999786376953,71.97000122070312,58.16716384887695,11645000,-0.00552706239431644
1543,2017-02-21,72.6500015258789,72.8499984741211,72.3499984741211,72.45999908447266,58.56318283081055,11802500,0.006808291065427907,1543,2017-02-21,72.6500015258789,72.8499984741211,72.3499984741211,72.45999908447266,58.56318283081055,11802500,0.006808291065427907,1543,2017-02-21,72.6500015258789,72.8499984741211,72.3499984741211,72.45999908447266,58.56318283081055,11802500,0.006808291065427907,1543,2017-02-21,72.6500015258789,72.8499984741211,72.3499984741211,72.45999908447266,58.56318283081055,11802500,0.006808291065427907,1543,2017-02-21,72.6500015258789,72.8499984741211,72.3499984741211,72.45999908447266,58.56318283081055,11802500,0.006808291065427907
1544,2017-02-22,72.12000274658203,72.19999694824219,71.30999755859375,71.36000061035156,57.67415237426758,11539400,-0.01518070592425591,1544,2017-02-22,72.12000274658203,72.19999694824219,71.30999755859375,71.36000061035156,57.67415237426758,11539400,-0.01518070592425591,1544,2017-02-22,72.12000274658203,72.19999694824219,71.30999755859375,71.36000061035156,57.67415237426758,11539400,-0.01518070592425591,1544,2017-02-22,72.12000274658203,72.19999694824219,71.30999755859375,71.36000061035156,57.67415237426758,11539400,-0.01518070592425591,1544,2017-02-22,72.12000274658203,72.19999694824219,71.30999755859375,71.36000061035156,57.67415237426758,11539400,-0.01518070592425591
1545,2017-02-23,72.16000366210938,72.27999877929688,71.20999908447266,71.66000366210938,57.916629791259766,17390100,0.0042042649438289725,1545,2017-02-23,72.16000366210938,72.27999877929688,71.20999908447266,71.66000366210938,57.916629791259766,17390100,0.0042042649438289725,1545,2017-02-23,72.16000366210938,72.27999877929688,71.20999908447266,71.66000366210938,57.916629791259766,17390100,0.0042042649438289725,1545,2017-02-23,72.16000366210938,72.27999877929688,71.20999908447266,71.66000366210938,57.916629791259766,17390100,0.0042042649438289725,1545,2017-02-23,72.16000366210938,72.27999877929688,71.20999908447266,71.66000366210938,57.916629791259766,17390100,0.0042042649438289725
1546,2017-02-24,71.13999938964844,71.41000366210938,70.62999725341797,70.98999786376953,57.3751106262207,13997600,-0.009349977148027766,1546,2017-02-24,71.13999938964844,71.41000366210938,70.62999725341797,70.98999786376953,57.3751106262207,13997600,-0.009349977148027766,1546,2017-02-24,71.13999938964844,71.41000366210938,70.62999725341797,70.98999786376953,57.3751106262207,13997600,-0.009349977148027766,1546,2017-02-24,71.13999938964844,71.41000366210938,70.62999725341797,70.98999786376953,57.3751106262207,13997600,-0.009349977148027766,1546,2017-02-24,71.13999938964844,71.41000366210938,70.62999725341797,70.98999786376953,57.3751106262207,13997600,-0.009349977148027766
1547,2017-02-27,71.05999755859375,71.91000366210938,70.94000244140625,71.5999984741211,57.86812210083008,23686400,0.008592776017830817,1547,2017-02-27,71.05999755859375,71.91000366210938,70.94000244140625,71.5999984741211,57.86812210083008,23686400,0.008592776017830817,1547,2017-02-27,71.05999755859375,71.91000366210938,70.94000244140625,71.5999984741211,57.86812210083008,23686400,0.008592776017830817,1547,2017-02-27,71.05999755859375,71.91000366210938,70.94000244140625,71.5999984741211,57.86812210083008,23686400,0.008592776017830817,1547,2017-02-27,71.05999755859375,71.91000366210938,70.94000244140625,71.5999984741211,57.86812210083008,23686400,0.008592776017830817
1548,2017-02-28,71.38999938964844,71.72000122070312,71.18000030517578,71.37999725341797,57.6903190612793,14018400,-0.003072555892533968,1548,2017-02-28,71.38999938964844,71.72000122070312,71.18000030517578,71.37999725341797,57.6903190612793,14018400,-0.003072555892533968,1548,2017-02-28,71.38999938964844,71.72000122070312,71.18000030517578,71.37999725341797,57.6903190612793,14018400,-0.003072555892533968,1548,2017-02-28,71.38999938964844,71.72000122070312,71.18000030517578,71.37999725341797,57.6903190612793,14018400,-0.003072555892533968,1548,2017-02-28,71.38999938964844,71.72000122070312,71.18000030517578,71.37999725341797,57.6903190612793,14018400,-0.003072555892533968
1549,2017-03-01,72.04000091552734,73.13999938964844,71.98999786376953,72.80999755859375,58.846065521240234,18997600,0.02003362919059759,1549,2017-03-01,72.04000091552734,73.13999938964844,71.98999786376953,72.80999755859375,58.846065521240234,18997600,0.02003362919059759,1549,2017-03-01,72.04000091552734,73.13999938964844,71.98999786376953,72.80999755859375,58.846065521240234,18997600,0.02003362919059759,1549,2017-03-01,72.04000091552734,73.13999938964844,71.98999786376953,72.80999755859375,58.846065521240234,18997600,0.02003362919059759,1549,2017-03-01,72.04000091552734,73.13999938964844,71.98999786376953,72.80999755859375,58.846065521240234,18997600,0.02003362919059759
1550,2017-03-02,72.44999694824219,72.80999755859375,72.08999633789062,72.12000274658203,58.28839874267578,10770300,-0.00947670457871419,1550,2017-03-02,72.44999694824219,72.80999755859375,72.08999633789062,72.12000274658203,58.28839874267578,10770300,-0.00947670457871419,1550,2017-03-02,72.44999694824219,72.80999755859375,72.08999633789062,72.12000274658203,58.28839874267578,10770300,-0.00947670457871419,1550,2017-03-02,72.44999694824219,72.80999755859375,72.08999633789062,72.12000274658203,58.28839874267578,10770300,-0.00947670457871419,1550,2017-03-02,72.44999694824219,72.80999755859375,72.08999633789062,72.12000274658203,58.28839874267578,10770300,-0.00947670457871419
1551,2017-03-03,72.23999786376953,72.51000213623047,71.83000183105469,71.98999786376953,58.183326721191406,11166500,-0.0018026232277924548,1551,2017-03-03,72.23999786376953,72.51000213623047,71.83000183105469,71.98999786376953,58.183326721191406,11166500,-0.0018026232277924548,1551,2017-03-03,72.23999786376953,72.51000213623047,71.83000183105469,71.98999786376953,58.183326721191406,11166500,-0.0018026232277924548,1551,2017-03-03,72.23999786376953,72.51000213623047,71.83000183105469,71.98999786376953,58.183326721191406,11166500,-0.0018026232277924548,1551,2017-03-03,72.23999786376953,72.51000213623047,71.83000183105469,71.98999786376953,58.183326721191406,11166500,-0.0018026232277924548
1552,2017-03-06,71.87000274658203,72.25,71.58999633789062,72.1500015258789,58.312644958496094,8374700,0.0022225995760669637,1552,2017-03-06,71.87000274658203,72.25,71.58999633789062,72.1500015258789,58.312644958496094,8374700,0.0022225995760669637,1552,2017-03-06,71.87000274658203,72.25,71.58999633789062,72.1500015258789,58.312644958496094,8374700,0.0022225995760669637,1552,2017-03-06,71.87000274658203,72.25,71.58999633789062,72.1500015258789,58.312644958496094,8374700,0.0022225995760669637,1552,2017-03-06,71.87000274658203,72.25,71.58999633789062,72.1500015258789,58.312644958496094,8374700,0.0022225995760669637
1553,2017-03-07,72.41000366210938,72.43000030517578,71.41999816894531,71.51000213623047,57.79539489746094,11461800,-0.008870289821415356,1553,2017-03-07,72.41000366210938,72.43000030517578,71.41999816894531,71.51000213623047,57.79539489746094,11461800,-0.008870289821415356,1553,2017-03-07,72.41000366210938,72.43000030517578,71.41999816894531,71.51000213623047,57.79539489746094,11461800,-0.008870289821415356,1553,2017-03-07,72.41000366210938,72.43000030517578,71.41999816894531,71.51000213623047,57.79539489746094,11461800,-0.008870289821415356,1553,2017-03-07,72.41000366210938,72.43000030517578,71.41999816894531,71.51000213623047,57.79539489746094,11461800,-0.008870289821415356
1554,2017-03-08,71.22000122070312,71.63999938964844,69.62000274658203,69.6500015258789,56.29209899902344,25566200,-0.026010651905824078,1554,2017-03-08,71.22000122070312,71.63999938964844,69.62000274658203,69.6500015258789,56.29209899902344,25566200,-0.026010651905824078,1554,2017-03-08,71.22000122070312,71.63999938964844,69.62000274658203,69.6500015258789,56.29209899902344,25566200,-0.026010651905824078,1554,2017-03-08,71.22000122070312,71.63999938964844,69.62000274658203,69.6500015258789,56.29209899902344,25566200,-0.026010651905824078,1554,2017-03-08,71.22000122070312,71.63999938964844,69.62000274658203,69.6500015258789,56.29209899902344,25566200,-0.026010651905824078
1555,2017-03-09,69.30000305175781,70.1500015258789,68.88999938964844,70.11000061035156,56.66387939453125,27770700,0.006604486279935262,1555,2017-03-09,69.30000305175781,70.1500015258789,68.88999938964844,70.11000061035156,56.66387939453125,27770700,0.006604486279935262,1555,2017-03-09,69.30000305175781,70.1500015258789,68.88999938964844,70.11000061035156,56.66387939453125,27770700,0.006604486279935262,1555,2017-03-09,69.30000305175781,70.1500015258789,68.88999938964844,70.11000061035156,56.66387939453125,27770700,0.006604486279935262,1555,2017-03-09,69.30000305175781,70.1500015258789,68.88999938964844,70.11000061035156,56.66387939453125,27770700,0.006604486279935262
1556,2017-03-10,70.55999755859375,70.6500015258789,69.5999984741211,70.01000213623047,56.58306884765625,17479300,-0.0014261386219666106,1556,2017-03-10,70.55999755859375,70.6500015258789,69.5999984741211,70.01000213623047,56.58306884765625,17479300,-0.0014261386219666106,1556,2017-03-10,70.55999755859375,70.6500015258789,69.5999984741211,70.01000213623047,56.58306884765625,17479300,-0.0014261386219666106,1556,2017-03-10,70.55999755859375,70.6500015258789,69.5999984741211,70.01000213623047,56.58306884765625,17479300,-0.0014261386219666106,1556,2017-03-10,70.55999755859375,70.6500015258789,69.5999984741211,70.01000213623047,56.58306884765625,17479300,-0.0014261386219666106
1557,2017-03-13,69.94000244140625,70.36000061035156,69.77999877929688,70.0199966430664,56.59113693237305,13078800,0.00014258831981206477,1557,2017-03-13,69.94000244140625,70.36000061035156,69.77999877929688,70.0199966430664,56.59113693237305,13078800,0.00014258831981206477,1557,2017-03-13,69.94000244140625,70.36000061035156,69.77999877929688,70.0199966430664,56.59113693237305,13078800,0.00014258831981206477,1557,2017-03-13,69.94000244140625,70.36000061035156,69.77999877929688,70.0199966430664,56.59113693237305,13078800,0.00014258831981206477,1557,2017-03-13,69.94000244140625,70.36000061035156,69.77999877929688,70.0199966430664,56.59113693237305,13078800,0.00014258831981206477
1558,2017-03-14,69.4800033569336,69.48999786376953,68.62000274658203,69.2300033569336,55.95265197753906,26384800,-0.011282419641029273,1558,2017-03-14,69.4800033569336,69.48999786376953,68.62000274658203,69.2300033569336,55.95265197753906,26384800,-0.011282419641029273,1558,2017-03-14,69.4800033569336,69.48999786376953,68.62000274658203,69.2300033569336,55.95265197753906,26384800,-0.011282419641029273,1558,2017-03-14,69.4800033569336,69.48999786376953,68.62000274658203,69.2300033569336,55.95265197753906,26384800,-0.011282419641029273,1558,2017-03-14,69.4800033569336,69.48999786376953,68.62000274658203,69.2300033569336,55.95265197753906,26384800,-0.011282419641029273
1559,2017-03-15,69.81999969482422,70.93000030517578,69.4800033569336,70.7699966430664,57.197296142578125,23205000,0.022244596476654888,1559,2017-03-15,69.81999969482422,70.93000030517578,69.4800033569336,70.7699966430664,57.197296142578125,23205000,0.022244596476654888,1559,2017-03-15,69.81999969482422,70.93000030517578,69.4800033569336,70.7699966430664,57.197296142578125,23205000,0.022244596476654888,1559,2017-03-15,69.81999969482422,70.93000030517578,69.4800033569336,70.7699966430664,57.197296142578125,23205000,0.022244596476654888,1559,2017-03-15,69.81999969482422,70.93000030517578,69.4800033569336,70.7699966430664,57.197296142578125,23205000,0.022244596476654888
1560,2017-03-16,70.91999816894531,70.91999816894531,70.06999969482422,70.2699966430664,56.79318618774414,16277500,-0.007065193323590679,1560,2017-03-16,70.91999816894531,70.91999816894531,70.06999969482422,70.2699966430664,56.79318618774414,16277500,-0.007065193323590679,1560,2017-03-16,70.91999816894531,70.91999816894531,70.06999969482422,70.2699966430664,56.79318618774414,16277500,-0.007065193323590679,1560,2017-03-16,70.91999816894531,70.91999816894531,70.06999969482422,70.2699966430664,56.79318618774414,16277500,-0.007065193323590679,1560,2017-03-16,70.91999816894531,70.91999816894531,70.06999969482422,70.2699966430664,56.79318618774414,16277500,-0.007065193323590679
1561,2017-03-17,70.13999938964844,70.29000091552734,69.80000305175781,69.80000305175781,56.75174331665039,14243900,-0.0007297155499736974,1561,2017-03-17,70.13999938964844,70.29000091552734,69.80000305175781,69.80000305175781,56.75174331665039,14243900,-0.0007297155499736974,1561,2017-03-17,70.13999938964844,70.29000091552734,69.80000305175781,69.80000305175781,56.75174331665039,14243900,-0.0007297155499736974,1561,2017-03-17,70.13999938964844,70.29000091552734,69.80000305175781,69.80000305175781,56.75174331665039,14243900,-0.0007297155499736974,1561,2017-03-17,70.13999938964844,70.29000091552734,69.80000305175781,69.80000305175781,56.75174331665039,14243900,-0.0007297155499736974
1562,2017-03-20,69.56999969482422,69.8499984741211,69.1500015258789,69.69999694824219,56.67043685913086,12218700,-0.0014326688973389512,1562,2017-03-20,69.56999969482422,69.8499984741211,69.1500015258789,69.69999694824219,56.67043685913086,12218700,-0.0014326688973389512,1562,2017-03-20,69.56999969482422,69.8499984741211,69.1500015258789,69.69999694824219,56.67043685913086,12218700,-0.0014326688973389512,1562,2017-03-20,69.56999969482422,69.8499984741211,69.1500015258789,69.69999694824219,56.67043685913086,12218700,-0.0014326688973389512,1562,2017-03-20,69.56999969482422,69.8499984741211,69.1500015258789,69.69999694824219,56.67043685913086,12218700,-0.0014326688973389512
1563,2017-03-21,70.02999877929688,70.08000183105469,68.94999694824219,69.20999908447266,56.27203369140625,16717200,-0.00703017639893877,1563,2017-03-21,70.02999877929688,70.08000183105469,68.94999694824219,69.20999908447266,56.27203369140625,16717200,-0.00703017639893877,1563,2017-03-21,70.02999877929688,70.08000183105469,68.94999694824219,69.20999908447266,56.27203369140625,16717200,-0.00703017639893877,1563,2017-03-21,70.02999877929688,70.08000183105469,68.94999694824219,69.20999908447266,56.27203369140625,16717200,-0.00703017639893877,1563,2017-03-21,70.02999877929688,70.08000183105469,68.94999694824219,69.20999908447266,56.27203369140625,16717200,-0.00703017639893877
1564,2017-03-22,69.0,69.43000030517578,68.72000122070312,69.11000061035156,56.19072723388672,12419600,-0.0014448821587897953,1564,2017-03-22,69.0,69.43000030517578,68.72000122070312,69.11000061035156,56.19072723388672,12419600,-0.0014448821587897953,1564,2017-03-22,69.0,69.43000030517578,68.72000122070312,69.11000061035156,56.19072723388672,12419600,-0.0014448821587897953,1564,2017-03-22,69.0,69.43000030517578,68.72000122070312,69.11000061035156,56.19072723388672,12419600,-0.0014448821587897953,1564,2017-03-22,69.0,69.43000030517578,68.72000122070312,69.11000061035156,56.19072723388672,12419600,-0.0014448821587897953
1565,2017-03-23,68.91000366210938,69.41999816894531,68.76000213623047,68.83000183105469,55.963050842285156,11800400,-0.004051849883591752,1565,2017-03-23,68.91000366210938,69.41999816894531,68.76000213623047,68.83000183105469,55.963050842285156,11800400,-0.004051849883591752,1565,2017-03-23,68.91000366210938,69.41999816894531,68.76000213623047,68.83000183105469,55.963050842285156,11800400,-0.004051849883591752,1565,2017-03-23,68.91000366210938,69.41999816894531,68.76000213623047,68.83000183105469,55.963050842285156,11800400,-0.004051849883591752,1565,2017-03-23,68.91000366210938,69.41999816894531,68.76000213623047,68.83000183105469,55.963050842285156,11800400,-0.004051849883591752
1566,2017-03-24,68.93000030517578,69.08000183105469,68.43000030517578,68.55999755859375,55.7435417175293,10442500,-0.00392239381970938,1566,2017-03-24,68.93000030517578,69.08000183105469,68.43000030517578,68.55999755859375,55.7435417175293,10442500,-0.00392239381970938,1566,2017-03-24,68.93000030517578,69.08000183105469,68.43000030517578,68.55999755859375,55.7435417175293,10442500,-0.00392239381970938,1566,2017-03-24,68.93000030517578,69.08000183105469,68.43000030517578,68.55999755859375,55.7435417175293,10442500,-0.00392239381970938,1566,2017-03-24,68.93000030517578,69.08000183105469,68.43000030517578,68.55999755859375,55.7435417175293,10442500,-0.00392239381970938
1567,2017-03-27,67.91000366210938,68.43000030517578,67.86000061035156,68.23999786376953,55.48335266113281,11491300,-0.004667608988947025,1567,2017-03-27,67.91000366210938,68.43000030517578,67.86000061035156,68.23999786376953,55.48335266113281,11491300,-0.004667608988947025,1567,2017-03-27,67.91000366210938,68.43000030517578,67.86000061035156,68.23999786376953,55.48335266113281,11491300,-0.004667608988947025,1567,2017-03-27,67.91000366210938,68.43000030517578,67.86000061035156,68.23999786376953,55.48335266113281,11491300,-0.004667608988947025,1567,2017-03-27,67.91000366210938,68.43000030517578,67.86000061035156,68.23999786376953,55.48335266113281,11491300,-0.004667608988947025
1568,2017-03-28,68.33999633789062,69.37999725341797,68.18000030517578,69.20999908447266,56.27203369140625,27922600,0.014214732752188652,1568,2017-03-28,68.33999633789062,69.37999725341797,68.18000030517578,69.20999908447266,56.27203369140625,27922600,0.014214732752188652,1568,2017-03-28,68.33999633789062,69.37999725341797,68.18000030517578,69.20999908447266,56.27203369140625,27922600,0.014214732752188652,1568,2017-03-28,68.33999633789062,69.37999725341797,68.18000030517578,69.20999908447266,56.27203369140625,27922600,0.014214732752188652,1568,2017-03-28,68.33999633789062,69.37999725341797,68.18000030517578,69.20999908447266,56.27203369140625,27922600,0.014214732752188652
1569,2017-03-29,69.19999694824219,70.27999877929688,69.01000213623047,70.16000366210938,57.044429779052734,18575200,0.013726109347358406,1569,2017-03-29,69.19999694824219,70.27999877929688,69.01000213623047,70.16000366210938,57.044429779052734,18575200,0.013726109347358406,1569,2017-03-29,69.19999694824219,70.27999877929688,69.01000213623047,70.16000366210938,57.044429779052734,18575200,0.013726109347358406,1569,2017-03-29,69.19999694824219,70.27999877929688,69.01000213623047,70.16000366210938,57.044429779052734,18575200,0.013726109347358406,1569,2017-03-29,69.19999694824219,70.27999877929688,69.01000213623047,70.16000366210938,57.044429779052734,18575200,0.013726109347358406
1570,2017-03-30,70.5999984741211,70.7699966430664,69.95999908447266,70.13999938964844,57.02817153930664,15912300,-0.00028501011946413524,1570,2017-03-30,70.5999984741211,70.7699966430664,69.95999908447266,70.13999938964844,57.02817153930664,15912300,-0.00028501011946413524,1570,2017-03-30,70.5999984741211,70.7699966430664,69.95999908447266,70.13999938964844,57.02817153930664,15912300,-0.00028501011946413524,1570,2017-03-30,70.5999984741211,70.7699966430664,69.95999908447266,70.13999938964844,57.02817153930664,15912300,-0.00028501011946413524,1570,2017-03-30,70.5999984741211,70.7699966430664,69.95999908447266,70.13999938964844,57.02817153930664,15912300,-0.00028501011946413524
1571,2017-03-31,69.91000366210938,70.33999633789062,69.58000183105469,69.9000015258789,56.83303451538086,19861200,-0.0034217653952184346,1571,2017-03-31,69.91000366210938,70.33999633789062,69.58000183105469,69.9000015258789,56.83303451538086,19861200,-0.0034217653952184346,1571,2017-03-31,69.91000366210938,70.33999633789062,69.58000183105469,69.9000015258789,56.83303451538086,19861200,-0.0034217653952184346,1571,2017-03-31,69.91000366210938,70.33999633789062,69.58000183105469,69.9000015258789,56.83303451538086,19861200,-0.0034217653952184346,1571,2017-03-31,69.91000366210938,70.33999633789062,69.58000183105469,69.9000015258789,56.83303451538086,19861200,-0.0034217653952184346
1572,2017-04-03,70.01000213623047,70.05999755859375,69.08000183105469,69.77999877929688,56.735469818115234,13133300,-0.0017166899163060245,1572,2017-04-03,70.01000213623047,70.05999755859375,69.08000183105469,69.77999877929688,56.735469818115234,13133300,-0.0017166899163060245,1572,2017-04-03,70.01000213623047,70.05999755859375,69.08000183105469,69.77999877929688,56.735469818115234,13133300,-0.0017166899163060245,1572,2017-04-03,70.01000213623047,70.05999755859375,69.08000183105469,69.77999877929688,56.735469818115234,13133300,-0.0017166899163060245,1572,2017-04-03,70.01000213623047,70.05999755859375,69.08000183105469,69.77999877929688,56.735469818115234,13133300,-0.0017166899163060245
1573,2017-04-04,69.93000030517578,70.3499984741211,69.26000213623047,70.29000091552734,57.15013122558594,12974000,0.007308680245357024,1573,2017-04-04,69.93000030517578,70.3499984741211,69.26000213623047,70.29000091552734,57.15013122558594,12974000,0.007308680245357024,1573,2017-04-04,69.93000030517578,70.3499984741211,69.26000213623047,70.29000091552734,57.15013122558594,12974000,0.007308680245357024,1573,2017-04-04,69.93000030517578,70.3499984741211,69.26000213623047,70.29000091552734,57.15013122558594,12974000,0.007308680245357024,1573,2017-04-04,69.93000030517578,70.3499984741211,69.26000213623047,70.29000091552734,57.15013122558594,12974000,0.007308680245357024
1574,2017-04-05,70.87999725341797,71.48999786376953,69.97000122070312,70.06999969482422,56.97126388549805,22733700,-0.003129780041656538,1574,2017-04-05,70.87999725341797,71.48999786376953,69.97000122070312,70.06999969482422,56.97126388549805,22733700,-0.003129780041656538,1574,2017-04-05,70.87999725341797,71.48999786376953,69.97000122070312,70.06999969482422,56.97126388549805,22733700,-0.003129780041656538,1574,2017-04-05,70.87999725341797,71.48999786376953,69.97000122070312,70.06999969482422,56.97126388549805,22733700,-0.003129780041656538,1574,2017-04-05,70.87999725341797,71.48999786376953,69.97000122070312,70.06999969482422,56.97126388549805,22733700,-0.003129780041656538
1575,2017-04-06,70.3499984741211,70.83000183105469,70.16000366210938,70.62999725341797,57.426578521728516,13124700,0.00799200518257015,1575,2017-04-06,70.3499984741211,70.83000183105469,70.16000366210938,70.62999725341797,57.426578521728516,13124700,0.00799200518257015,1575,2017-04-06,70.3499984741211,70.83000183105469,70.16000366210938,70.62999725341797,57.426578521728516,13124700,0.00799200518257015,1575,2017-04-06,70.3499984741211,70.83000183105469,70.16000366210938,70.62999725341797,57.426578521728516,13124700,0.00799200518257015,1575,2017-04-06,70.3499984741211,70.83000183105469,70.16000366210938,70.62999725341797,57.426578521728516,13124700,0.00799200518257015
1576,2017-04-07,70.66999816894531,70.86000061035156,70.25,70.36000061035156,57.20704650878906,12580300,-0.003822829403921202,1576,2017-04-07,70.66999816894531,70.86000061035156,70.25,70.36000061035156,57.20704650878906,12580300,-0.003822829403921202,1576,2017-04-07,70.66999816894531,70.86000061035156,70.25,70.36000061035156,57.20704650878906,12580300,-0.003822829403921202,1576,2017-04-07,70.66999816894531,70.86000061035156,70.25,70.36000061035156,57.20704650878906,12580300,-0.003822829403921202,1576,2017-04-07,70.66999816894531,70.86000061035156,70.25,70.36000061035156,57.20704650878906,12580300,-0.003822829403921202
1577,2017-04-10,70.75,71.20999908447266,70.5999984741211,70.88999938964844,57.63796615600586,10820900,0.0075326323156814645,1577,2017-04-10,70.75,71.20999908447266,70.5999984741211,70.88999938964844,57.63796615600586,10820900,0.0075326323156814645,1577,2017-04-10,70.75,71.20999908447266,70.5999984741211,70.88999938964844,57.63796615600586,10820900,0.0075326323156814645,1577,2017-04-10,70.75,71.20999908447266,70.5999984741211,70.88999938964844,57.63796615600586,10820900,0.0075326323156814645,1577,2017-04-10,70.75,71.20999908447266,70.5999984741211,70.88999938964844,57.63796615600586,10820900,0.0075326323156814645
1578,2017-04-11,71.0,71.02999877929688,70.13999938964844,70.9000015258789,57.64611053466797,13891500,0.00014130232562448164,1578,2017-04-11,71.0,71.02999877929688,70.13999938964844,70.9000015258789,57.64611053466797,13891500,0.00014130232562448164,1578,2017-04-11,71.0,71.02999877929688,70.13999938964844,70.9000015258789,57.64611053466797,13891500,0.00014130232562448164,1578,2017-04-11,71.0,71.02999877929688,70.13999938964844,70.9000015258789,57.64611053466797,13891500,0.00014130232562448164,1578,2017-04-11,71.0,71.02999877929688,70.13999938964844,70.9000015258789,57.64611053466797,13891500,0.00014130232562448164
1579,2017-04-12,70.97000122070312,71.41999816894531,70.37999725341797,70.5999984741211,57.40218734741211,11453600,-0.00423139020123775,1579,2017-04-12,70.97000122070312,71.41999816894531,70.37999725341797,70.5999984741211,57.40218734741211,11453600,-0.00423139020123775,1579,2017-04-12,70.97000122070312,71.41999816894531,70.37999725341797,70.5999984741211,57.40218734741211,11453600,-0.00423139020123775,1579,2017-04-12,70.97000122070312,71.41999816894531,70.37999725341797,70.5999984741211,57.40218734741211,11453600,-0.00423139020123775,1579,2017-04-12,70.97000122070312,71.41999816894531,70.37999725341797,70.5999984741211,57.40218734741211,11453600,-0.00423139020123775
1580,2017-04-13,70.54000091552734,70.58999633789062,69.1500015258789,69.30999755859375,56.35334014892578,17656000,-0.018271902987571642,1580,2017-04-13,70.54000091552734,70.58999633789062,69.1500015258789,69.30999755859375,56.35334014892578,17656000,-0.018271902987571642,1580,2017-04-13,70.54000091552734,70.58999633789062,69.1500015258789,69.30999755859375,56.35334014892578,17656000,-0.018271902987571642,1580,2017-04-13,70.54000091552734,70.58999633789062,69.1500015258789,69.30999755859375,56.35334014892578,17656000,-0.018271902987571642,1580,2017-04-13,70.54000091552734,70.58999633789062,69.1500015258789,69.30999755859375,56.35334014892578,17656000,-0.018271902987571642
1581,2017-04-17,69.29000091552734,69.52999877929688,69.12000274658203,69.45999908447266,56.47529602050781,8012200,0.0021641285371858388,1581,2017-04-17,69.29000091552734,69.52999877929688,69.12000274658203,69.45999908447266,56.47529602050781,8012200,0.0021641285371858388,1581,2017-04-17,69.29000091552734,69.52999877929688,69.12000274658203,69.45999908447266,56.47529602050781,8012200,0.0021641285371858388,1581,2017-04-17,69.29000091552734,69.52999877929688,69.12000274658203,69.45999908447266,56.47529602050781,8012200,0.0021641285371858388,1581,2017-04-17,69.29000091552734,69.52999877929688,69.12000274658203,69.45999908447266,56.47529602050781,8012200,0.0021641285371858388
1582,2017-04-18,69.1500015258789,69.61000061035156,68.66999816894531,68.80999755859375,55.946807861328125,14750300,-0.009357864348117362,1582,2017-04-18,69.1500015258789,69.61000061035156,68.66999816894531,68.80999755859375,55.946807861328125,14750300,-0.009357864348117362,1582,2017-04-18,69.1500015258789,69.61000061035156,68.66999816894531,68.80999755859375,55.946807861328125,14750300,-0.009357864348117362,1582,2017-04-18,69.1500015258789,69.61000061035156,68.66999816894531,68.80999755859375,55.946807861328125,14750300,-0.009357864348117362,1582,2017-04-18,69.1500015258789,69.61000061035156,68.66999816894531,68.80999755859375,55.946807861328125,14750300,-0.009357864348117362
1583,2017-04-19,68.9800033569336,69.11000061035156,67.62000274658203,67.80000305175781,55.125606536865234,18125400,-0.014678251643924889,1583,2017-04-19,68.9800033569336,69.11000061035156,67.62000274658203,67.80000305175781,55.125606536865234,18125400,-0.014678251643924889,1583,2017-04-19,68.9800033569336,69.11000061035156,67.62000274658203,67.80000305175781,55.125606536865234,18125400,-0.014678251643924889,1583,2017-04-19,68.9800033569336,69.11000061035156,67.62000274658203,67.80000305175781,55.125606536865234,18125400,-0.014678251643924889,1583,2017-04-19,68.9800033569336,69.11000061035156,67.62000274658203,67.80000305175781,55.125606536865234,18125400,-0.014678251643924889
1584,2017-04-20,68.0,68.62999725341797,67.93000030517578,68.12999725341797,55.393917083740234,16235400,0.004867257953807158,1584,2017-04-20,68.0,68.62999725341797,67.93000030517578,68.12999725341797,55.393917083740234,16235400,0.004867257953807158,1584,2017-04-20,68.0,68.62999725341797,67.93000030517578,68.12999725341797,55.393917083740234,16235400,0.004867257953807158,1584,2017-04-20,68.0,68.62999725341797,67.93000030517578,68.12999725341797,55.393917083740234,16235400,0.004867257953807158,1584,2017-04-20,68.0,68.62999725341797,67.93000030517578,68.12999725341797,55.393917083740234,16235400,0.004867257953807158
1585,2017-04-21,67.83999633789062,68.12999725341797,67.44999694824219,67.79000091552734,55.11748123168945,14116100,-0.0049903647657356665,1585,2017-04-21,67.83999633789062,68.12999725341797,67.44999694824219,67.79000091552734,55.11748123168945,14116100,-0.0049903647657356665,1585,2017-04-21,67.83999633789062,68.12999725341797,67.44999694824219,67.79000091552734,55.11748123168945,14116100,-0.0049903647657356665,1585,2017-04-21,67.83999633789062,68.12999725341797,67.44999694824219,67.79000091552734,55.11748123168945,14116100,-0.0049903647657356665,1585,2017-04-21,67.83999633789062,68.12999725341797,67.44999694824219,67.79000091552734,55.11748123168945,14116100,-0.0049903647657356665
1586,2017-04-24,68.29000091552734,68.47000122070312,67.9800033569336,68.19000244140625,55.44269561767578,13350700,0.00590038548059324,1586,2017-04-24,68.29000091552734,68.47000122070312,67.9800033569336,68.19000244140625,55.44269561767578,13350700,0.00590038548059324,1586,2017-04-24,68.29000091552734,68.47000122070312,67.9800033569336,68.19000244140625,55.44269561767578,13350700,0.00590038548059324,1586,2017-04-24,68.29000091552734,68.47000122070312,67.9800033569336,68.19000244140625,55.44269561767578,13350700,0.00590038548059324,1586,2017-04-24,68.29000091552734,68.47000122070312,67.9800033569336,68.19000244140625,55.44269561767578,13350700,0.00590038548059324
1587,2017-04-25,68.36000061035156,68.93000030517578,68.1500015258789,68.7699966430664,55.914276123046875,15591000,0.008505728304104121,1587,2017-04-25,68.36000061035156,68.93000030517578,68.1500015258789,68.7699966430664,55.914276123046875,15591000,0.008505728304104121,1587,2017-04-25,68.36000061035156,68.93000030517578,68.1500015258789,68.7699966430664,55.914276123046875,15591000,0.008505728304104121,1587,2017-04-25,68.36000061035156,68.93000030517578,68.1500015258789,68.7699966430664,55.914276123046875,15591000,0.008505728304104121,1587,2017-04-25,68.36000061035156,68.93000030517578,68.1500015258789,68.7699966430664,55.914276123046875,15591000,0.008505728304104121
1588,2017-04-26,68.44999694824219,69.47000122070312,68.41999816894531,68.54000091552734,55.72727966308594,18737600,-0.0033443419628544913,1588,2017-04-26,68.44999694824219,69.47000122070312,68.41999816894531,68.54000091552734,55.72727966308594,18737600,-0.0033443419628544913,1588,2017-04-26,68.44999694824219,69.47000122070312,68.41999816894531,68.54000091552734,55.72727966308594,18737600,-0.0033443419628544913,1588,2017-04-26,68.44999694824219,69.47000122070312,68.41999816894531,68.54000091552734,55.72727966308594,18737600,-0.0033443419628544913,1588,2017-04-26,68.44999694824219,69.47000122070312,68.41999816894531,68.54000091552734,55.72727966308594,18737600,-0.0033443419628544913
1589,2017-04-27,68.01000213623047,68.08000183105469,67.11000061035156,67.79000091552734,55.11748123168945,20547700,-0.010942547977995432,1589,2017-04-27,68.01000213623047,68.08000183105469,67.11000061035156,67.79000091552734,55.11748123168945,20547700,-0.010942547977995432,1589,2017-04-27,68.01000213623047,68.08000183105469,67.11000061035156,67.79000091552734,55.11748123168945,20547700,-0.010942547977995432,1589,2017-04-27,68.01000213623047,68.08000183105469,67.11000061035156,67.79000091552734,55.11748123168945,20547700,-0.010942547977995432,1589,2017-04-27,68.01000213623047,68.08000183105469,67.11000061035156,67.79000091552734,55.11748123168945,20547700,-0.010942547977995432
1590,2017-04-28,68.37000274658203,68.48999786376953,67.73999786376953,67.83999633789062,55.15813064575195,14426000,0.0007375049286382218,1590,2017-04-28,68.37000274658203,68.48999786376953,67.73999786376953,67.83999633789062,55.15813064575195,14426000,0.0007375049286382218,1590,2017-04-28,68.37000274658203,68.48999786376953,67.73999786376953,67.83999633789062,55.15813064575195,14426000,0.0007375049286382218,1590,2017-04-28,68.37000274658203,68.48999786376953,67.73999786376953,67.83999633789062,55.15813064575195,14426000,0.0007375049286382218,1590,2017-04-28,68.37000274658203,68.48999786376953,67.73999786376953,67.83999633789062,55.15813064575195,14426000,0.0007375049286382218
1591,2017-05-01,67.81999969482422,68.01000213623047,67.5,67.6500015258789,55.00365447998047,9419400,-0.0028006055310974,1591,2017-05-01,67.81999969482422,68.01000213623047,67.5,67.6500015258789,55.00365447998047,9419400,-0.0028006055310974,1591,2017-05-01,67.81999969482422,68.01000213623047,67.5,67.6500015258789,55.00365447998047,9419400,-0.0028006055310974,1591,2017-05-01,67.81999969482422,68.01000213623047,67.5,67.6500015258789,55.00365447998047,9419400,-0.0028006055310974,1591,2017-05-01,67.81999969482422,68.01000213623047,67.5,67.6500015258789,55.00365447998047,9419400,-0.0028006055310974
1592,2017-05-02,67.79000091552734,68.01000213623047,67.02999877929688,67.30999755859375,54.727203369140625,16435600,-0.005026049877112526,1592,2017-05-02,67.79000091552734,68.01000213623047,67.02999877929688,67.30999755859375,54.727203369140625,16435600,-0.005026049877112526,1592,2017-05-02,67.79000091552734,68.01000213623047,67.02999877929688,67.30999755859375,54.727203369140625,16435600,-0.005026049877112526,1592,2017-05-02,67.79000091552734,68.01000213623047,67.02999877929688,67.30999755859375,54.727203369140625,16435600,-0.005026049877112526,1592,2017-05-02,67.79000091552734,68.01000213623047,67.02999877929688,67.30999755859375,54.727203369140625,16435600,-0.005026049877112526
1593,2017-05-03,67.16000366210938,67.81999969482422,66.97000122070312,67.5,54.88169860839844,16934800,0.0028230062884033735,1593,2017-05-03,67.16000366210938,67.81999969482422,66.97000122070312,67.5,54.88169860839844,16934800,0.0028230062884033735,1593,2017-05-03,67.16000366210938,67.81999969482422,66.97000122070312,67.5,54.88169860839844,16934800,0.0028230062884033735,1593,2017-05-03,67.16000366210938,67.81999969482422,66.97000122070312,67.5,54.88169860839844,16934800,0.0028230062884033735,1593,2017-05-03,67.16000366210938,67.81999969482422,66.97000122070312,67.5,54.88169860839844,16934800,0.0028230062884033735
1594,2017-05-04,67.02999877929688,67.11000061035156,65.83000183105469,66.26000213623047,53.87349319458008,33944500,-0.018370521310068888,1594,2017-05-04,67.02999877929688,67.11000061035156,65.83000183105469,66.26000213623047,53.87349319458008,33944500,-0.018370521310068888,1594,2017-05-04,67.02999877929688,67.11000061035156,65.83000183105469,66.26000213623047,53.87349319458008,33944500,-0.018370521310068888,1594,2017-05-04,67.02999877929688,67.11000061035156,65.83000183105469,66.26000213623047,53.87349319458008,33944500,-0.018370521310068888,1594,2017-05-04,67.02999877929688,67.11000061035156,65.83000183105469,66.26000213623047,53.87349319458008,33944500,-0.018370521310068888
1595,2017-05-05,66.30000305175781,67.41999816894531,66.2699966430664,67.30999755859375,54.727203369140625,18743800,0.015846571735697923,1595,2017-05-05,66.30000305175781,67.41999816894531,66.2699966430664,67.30999755859375,54.727203369140625,18743800,0.015846571735697923,1595,2017-05-05,66.30000305175781,67.41999816894531,66.2699966430664,67.30999755859375,54.727203369140625,18743800,0.015846571735697923,1595,2017-05-05,66.30000305175781,67.41999816894531,66.2699966430664,67.30999755859375,54.727203369140625,18743800,0.015846571735697923,1595,2017-05-05,66.30000305175781,67.41999816894531,66.2699966430664,67.30999755859375,54.727203369140625,18743800,0.015846571735697923
1596,2017-05-08,67.30000305175781,67.91000366210938,67.23999786376953,67.79000091552734,55.11748123168945,18948700,0.007131332107660704,1596,2017-05-08,67.30000305175781,67.91000366210938,67.23999786376953,67.79000091552734,55.11748123168945,18948700,0.007131332107660704,1596,2017-05-08,67.30000305175781,67.91000366210938,67.23999786376953,67.79000091552734,55.11748123168945,18948700,0.007131332107660704,1596,2017-05-08,67.30000305175781,67.91000366210938,67.23999786376953,67.79000091552734,55.11748123168945,18948700,0.007131332107660704,1596,2017-05-08,67.30000305175781,67.91000366210938,67.23999786376953,67.79000091552734,55.11748123168945,18948700,0.007131332107660704
1597,2017-05-09,67.93000030517578,67.93000030517578,67.02999877929688,67.2300033569336,54.66217041015625,10719700,-0.008260733461663117,1597,2017-05-09,67.93000030517578,67.93000030517578,67.02999877929688,67.2300033569336,54.66217041015625,10719700,-0.008260733461663117,1597,2017-05-09,67.93000030517578,67.93000030517578,67.02999877929688,67.2300033569336,54.66217041015625,10719700,-0.008260733461663117,1597,2017-05-09,67.93000030517578,67.93000030517578,67.02999877929688,67.2300033569336,54.66217041015625,10719700,-0.008260733461663117,1597,2017-05-09,67.93000030517578,67.93000030517578,67.02999877929688,67.2300033569336,54.66217041015625,10719700,-0.008260733461663117
1598,2017-05-10,67.62000274658203,68.44000244140625,67.55999755859375,68.12000274658203,55.38578414916992,18259200,0.013237925490042768,1598,2017-05-10,67.62000274658203,68.44000244140625,67.55999755859375,68.12000274658203,55.38578414916992,18259200,0.013237925490042768,1598,2017-05-10,67.62000274658203,68.44000244140625,67.55999755859375,68.12000274658203,55.38578414916992,18259200,0.013237925490042768,1598,2017-05-10,67.62000274658203,68.44000244140625,67.55999755859375,68.12000274658203,55.38578414916992,18259200,0.013237925490042768,1598,2017-05-10,67.62000274658203,68.44000244140625,67.55999755859375,68.12000274658203,55.38578414916992,18259200,0.013237925490042768
1599,2017-05-11,68.36000061035156,68.4800033569336,67.87999725341797,67.9800033569336,55.27196502685547,11968700,-0.002055024119689386,1599,2017-05-11,68.36000061035156,68.4800033569336,67.87999725341797,67.9800033569336,55.27196502685547,11968700,-0.002055024119689386,1599,2017-05-11,68.36000061035156,68.4800033569336,67.87999725341797,67.9800033569336,55.27196502685547,11968700,-0.002055024119689386,1599,2017-05-11,68.36000061035156,68.4800033569336,67.87999725341797,67.9800033569336,55.27196502685547,11968700,-0.002055024119689386,1599,2017-05-11,68.36000061035156,68.4800033569336,67.87999725341797,67.9800033569336,55.27196502685547,11968700,-0.002055024119689386
1600,2017-05-12,67.93000030517578,68.05999755859375,67.55000305175781,67.75,55.084964752197266,10708600,-0.0033832753108622438,1600,2017-05-12,67.93000030517578,68.05999755859375,67.55000305175781,67.75,55.084964752197266,10708600,-0.0033832753108622438,1600,2017-05-12,67.93000030517578,68.05999755859375,67.55000305175781,67.75,55.084964752197266,10708600,-0.0033832753108622438,1600,2017-05-12,67.93000030517578,68.05999755859375,67.55000305175781,67.75,55.084964752197266,10708600,-0.0033832753108622438,1600,2017-05-12,67.93000030517578,68.05999755859375,67.55000305175781,67.75,55.084964752197266,10708600,-0.0033832753108622438
1601,2017-05-15,68.76000213623047,68.87000274658203,68.05999755859375,68.27999877929688,55.51588439941406,13206900,0.00782281788061967,1601,2017-05-15,68.76000213623047,68.87000274658203,68.05999755859375,68.27999877929688,55.51588439941406,13206900,0.00782281788061967,1601,2017-05-15,68.76000213623047,68.87000274658203,68.05999755859375,68.27999877929688,55.51588439941406,13206900,0.00782281788061967,1601,2017-05-15,68.76000213623047,68.87000274658203,68.05999755859375,68.27999877929688,55.51588439941406,13206900,0.00782281788061967,1601,2017-05-15,68.76000213623047,68.87000274658203,68.05999755859375,68.27999877929688,55.51588439941406,13206900,0.00782281788061967
1602,2017-05-16,68.5999984741211,68.5999984741211,67.69999694824219,67.94000244140625,55.23944091796875,11693400,-0.004979538458874444,1602,2017-05-16,68.5999984741211,68.5999984741211,67.69999694824219,67.94000244140625,55.23944091796875,11693400,-0.004979538458874444,1602,2017-05-16,68.5999984741211,68.5999984741211,67.69999694824219,67.94000244140625,55.23944091796875,11693400,-0.004979538458874444,1602,2017-05-16,68.5999984741211,68.5999984741211,67.69999694824219,67.94000244140625,55.23944091796875,11693400,-0.004979538458874444,1602,2017-05-16,68.5999984741211,68.5999984741211,67.69999694824219,67.94000244140625,55.23944091796875,11693400,-0.004979538458874444
1603,2017-05-17,67.54000091552734,68.12000274658203,67.23999786376953,67.2699966430664,54.69469451904297,15606800,-0.009861548014845734,1603,2017-05-17,67.54000091552734,68.12000274658203,67.23999786376953,67.2699966430664,54.69469451904297,15606800,-0.009861548014845734,1603,2017-05-17,67.54000091552734,68.12000274658203,67.23999786376953,67.2699966430664,54.69469451904297,15606800,-0.009861548014845734,1603,2017-05-17,67.54000091552734,68.12000274658203,67.23999786376953,67.2699966430664,54.69469451904297,15606800,-0.009861548014845734,1603,2017-05-17,67.54000091552734,68.12000274658203,67.23999786376953,67.2699966430664,54.69469451904297,15606800,-0.009861548014845734
1604,2017-05-18,66.97000122070312,67.58000183105469,66.72000122070312,67.25,54.67842483520508,14115000,-0.0002974636567761868,1604,2017-05-18,66.97000122070312,67.58000183105469,66.72000122070312,67.25,54.67842483520508,14115000,-0.0002974636567761868,1604,2017-05-18,66.97000122070312,67.58000183105469,66.72000122070312,67.25,54.67842483520508,14115000,-0.0002974636567761868,1604,2017-05-18,66.97000122070312,67.58000183105469,66.72000122070312,67.25,54.67842483520508,14115000,-0.0002974636567761868,1604,2017-05-18,66.97000122070312,67.58000183105469,66.72000122070312,67.25,54.67842483520508,14115000,-0.0002974636567761868
1605,2017-05-19,67.58000183105469,68.22000122070312,67.41999816894531,68.08000183105469,55.3532600402832,15624500,0.012341891835984775,1605,2017-05-19,67.58000183105469,68.22000122070312,67.41999816894531,68.08000183105469,55.3532600402832,15624500,0.012341891835984775,1605,2017-05-19,67.58000183105469,68.22000122070312,67.41999816894531,68.08000183105469,55.3532600402832,15624500,0.012341891835984775,1605,2017-05-19,67.58000183105469,68.22000122070312,67.41999816894531,68.08000183105469,55.3532600402832,15624500,0.012341891835984775,1605,2017-05-19,67.58000183105469,68.22000122070312,67.41999816894531,68.08000183105469,55.3532600402832,15624500,0.012341891835984775
1606,2017-05-22,68.44000244140625,68.4800033569336,67.69000244140625,67.93000030517578,55.231300354003906,10339200,-0.002203297261815118,1606,2017-05-22,68.44000244140625,68.4800033569336,67.69000244140625,67.93000030517578,55.231300354003906,10339200,-0.002203297261815118,1606,2017-05-22,68.44000244140625,68.4800033569336,67.69000244140625,67.93000030517578,55.231300354003906,10339200,-0.002203297261815118,1606,2017-05-22,68.44000244140625,68.4800033569336,67.69000244140625,67.93000030517578,55.231300354003906,10339200,-0.002203297261815118,1606,2017-05-22,68.44000244140625,68.4800033569336,67.69000244140625,67.93000030517578,55.231300354003906,10339200,-0.002203297261815118
1607,2017-05-23,68.11000061035156,68.18000030517578,67.7300033569336,68.08999633789062,55.36139678955078,9086800,0.0023554838418256008,1607,2017-05-23,68.11000061035156,68.18000030517578,67.7300033569336,68.08999633789062,55.36139678955078,9086800,0.0023554838418256008,1607,2017-05-23,68.11000061035156,68.18000030517578,67.7300033569336,68.08999633789062,55.36139678955078,9086800,0.0023554838418256008,1607,2017-05-23,68.11000061035156,68.18000030517578,67.7300033569336,68.08999633789062,55.36139678955078,9086800,0.0023554838418256008,1607,2017-05-23,68.11000061035156,68.18000030517578,67.7300033569336,68.08999633789062,55.36139678955078,9086800,0.0023554838418256008
1608,2017-05-24,68.01000213623047,68.22000122070312,67.41999816894531,67.7300033569336,55.06869888305664,13480700,-0.005287039769007129,1608,2017-05-24,68.01000213623047,68.22000122070312,67.41999816894531,67.7300033569336,55.06869888305664,13480700,-0.005287039769007129,1608,2017-05-24,68.01000213623047,68.22000122070312,67.41999816894531,67.7300033569336,55.06869888305664,13480700,-0.005287039769007129,1608,2017-05-24,68.01000213623047,68.22000122070312,67.41999816894531,67.7300033569336,55.06869888305664,13480700,-0.005287039769007129,1608,2017-05-24,68.01000213623047,68.22000122070312,67.41999816894531,67.7300033569336,55.06869888305664,13480700,-0.005287039769007129
1609,2017-05-25,67.55999755859375,68.2300033569336,66.26000213623047,66.5,54.06863784790039,23329200,-0.01816024448443876,1609,2017-05-25,67.55999755859375,68.2300033569336,66.26000213623047,66.5,54.06863784790039,23329200,-0.01816024448443876,1609,2017-05-25,67.55999755859375,68.2300033569336,66.26000213623047,66.5,54.06863784790039,23329200,-0.01816024448443876,1609,2017-05-25,67.55999755859375,68.2300033569336,66.26000213623047,66.5,54.06863784790039,23329200,-0.01816024448443876,1609,2017-05-25,67.55999755859375,68.2300033569336,66.26000213623047,66.5,54.06863784790039,23329200,-0.01816024448443876
1610,2017-05-26,66.5,66.66999816894531,66.18000030517578,66.61000061035156,54.15806579589844,13199100,0.0016539707963352246,1610,2017-05-26,66.5,66.66999816894531,66.18000030517578,66.61000061035156,54.15806579589844,13199100,0.0016539707963352246,1610,2017-05-26,66.5,66.66999816894531,66.18000030517578,66.61000061035156,54.15806579589844,13199100,0.0016539707963352246,1610,2017-05-26,66.5,66.66999816894531,66.18000030517578,66.61000061035156,54.15806579589844,13199100,0.0016539707963352246,1610,2017-05-26,66.5,66.66999816894531,66.18000030517578,66.61000061035156,54.15806579589844,13199100,0.0016539707963352246
1611,2017-05-30,66.26000213623047,66.26000213623047,65.69000244140625,65.72000122070312,53.43444061279297,14529100,-0.01336135573660524,1611,2017-05-30,66.26000213623047,66.26000213623047,65.69000244140625,65.72000122070312,53.43444061279297,14529100,-0.01336135573660524,1611,2017-05-30,66.26000213623047,66.26000213623047,65.69000244140625,65.72000122070312,53.43444061279297,14529100,-0.01336135573660524,1611,2017-05-30,66.26000213623047,66.26000213623047,65.69000244140625,65.72000122070312,53.43444061279297,14529100,-0.01336135573660524,1611,2017-05-30,66.26000213623047,66.26000213623047,65.69000244140625,65.72000122070312,53.43444061279297,14529100,-0.01336135573660524
1612,2017-05-31,65.19999694824219,65.63999938964844,65.0999984741211,65.44000244140625,53.206787109375,16093000,-0.004260426436717757,1612,2017-05-31,65.19999694824219,65.63999938964844,65.0999984741211,65.44000244140625,53.206787109375,16093000,-0.004260426436717757,1612,2017-05-31,65.19999694824219,65.63999938964844,65.0999984741211,65.44000244140625,53.206787109375,16093000,-0.004260426436717757,1612,2017-05-31,65.19999694824219,65.63999938964844,65.0999984741211,65.44000244140625,53.206787109375,16093000,-0.004260426436717757,1612,2017-05-31,65.19999694824219,65.63999938964844,65.0999984741211,65.44000244140625,53.206787109375,16093000,-0.004260426436717757
1613,2017-06-01,65.47000122070312,66.08999633789062,65.26000213623047,65.8499984741211,53.54014205932617,17983700,0.0062652711817743345,1613,2017-06-01,65.47000122070312,66.08999633789062,65.26000213623047,65.8499984741211,53.54014205932617,17983700,0.0062652711817743345,1613,2017-06-01,65.47000122070312,66.08999633789062,65.26000213623047,65.8499984741211,53.54014205932617,17983700,0.0062652711817743345,1613,2017-06-01,65.47000122070312,66.08999633789062,65.26000213623047,65.8499984741211,53.54014205932617,17983700,0.0062652711817743345,1613,2017-06-01,65.47000122070312,66.08999633789062,65.26000213623047,65.8499984741211,53.54014205932617,17983700,0.0062652711817743345
1614,2017-06-02,65.55000305175781,65.56999969482422,64.80999755859375,65.08999633789062,52.92220687866211,16542500,-0.011541530464737049,1614,2017-06-02,65.55000305175781,65.56999969482422,64.80999755859375,65.08999633789062,52.92220687866211,16542500,-0.011541530464737049,1614,2017-06-02,65.55000305175781,65.56999969482422,64.80999755859375,65.08999633789062,52.92220687866211,16542500,-0.011541530464737049,1614,2017-06-02,65.55000305175781,65.56999969482422,64.80999755859375,65.08999633789062,52.92220687866211,16542500,-0.011541530464737049,1614,2017-06-02,65.55000305175781,65.56999969482422,64.80999755859375,65.08999633789062,52.92220687866211,16542500,-0.011541530464737049
1615,2017-06-05,64.88999938964844,65.44999694824219,64.87000274658203,65.20999908447266,53.019779205322266,12552500,0.0018436934590400078,1615,2017-06-05,64.88999938964844,65.44999694824219,64.87000274658203,65.20999908447266,53.019779205322266,12552500,0.0018436934590400078,1615,2017-06-05,64.88999938964844,65.44999694824219,64.87000274658203,65.20999908447266,53.019779205322266,12552500,0.0018436934590400078,1615,2017-06-05,64.88999938964844,65.44999694824219,64.87000274658203,65.20999908447266,53.019779205322266,12552500,0.0018436934590400078,1615,2017-06-05,64.88999938964844,65.44999694824219,64.87000274658203,65.20999908447266,53.019779205322266,12552500,0.0018436934590400078
1616,2017-06-06,65.16999816894531,66.08999633789062,65.0199966430664,65.9800033569336,53.64583206176758,14835300,0.01180791142152593,1616,2017-06-06,65.16999816894531,66.08999633789062,65.0199966430664,65.9800033569336,53.64583206176758,14835300,0.01180791142152593,1616,2017-06-06,65.16999816894531,66.08999633789062,65.0199966430664,65.9800033569336,53.64583206176758,14835300,0.01180791142152593,1616,2017-06-06,65.16999816894531,66.08999633789062,65.0199966430664,65.9800033569336,53.64583206176758,14835300,0.01180791142152593,1616,2017-06-06,65.16999816894531,66.08999633789062,65.0199966430664,65.9800033569336,53.64583206176758,14835300,0.01180791142152593
1617,2017-06-07,65.70999908447266,66.02999877929688,64.5999984741211,65.05000305175781,52.889705657958984,22942100,-0.014094783783724196,1617,2017-06-07,65.70999908447266,66.02999877929688,64.5999984741211,65.05000305175781,52.889705657958984,22942100,-0.014094783783724196,1617,2017-06-07,65.70999908447266,66.02999877929688,64.5999984741211,65.05000305175781,52.889705657958984,22942100,-0.014094783783724196,1617,2017-06-07,65.70999908447266,66.02999877929688,64.5999984741211,65.05000305175781,52.889705657958984,22942100,-0.014094783783724196,1617,2017-06-07,65.70999908447266,66.02999877929688,64.5999984741211,65.05000305175781,52.889705657958984,22942100,-0.014094783783724196
1618,2017-06-08,64.73999786376953,65.33999633789062,64.72000122070312,64.86000061035156,52.735206604003906,19569300,-0.002921155488257665,1618,2017-06-08,64.73999786376953,65.33999633789062,64.72000122070312,64.86000061035156,52.735206604003906,19569300,-0.002921155488257665,1618,2017-06-08,64.73999786376953,65.33999633789062,64.72000122070312,64.86000061035156,52.735206604003906,19569300,-0.002921155488257665,1618,2017-06-08,64.73999786376953,65.33999633789062,64.72000122070312,64.86000061035156,52.735206604003906,19569300,-0.002921155488257665,1618,2017-06-08,64.73999786376953,65.33999633789062,64.72000122070312,64.86000061035156,52.735206604003906,19569300,-0.002921155488257665
1619,2017-06-09,65.01000213623047,66.63999938964844,65.0,66.41999816894531,54.00358963012695,23184200,0.02405192105622178,1619,2017-06-09,65.01000213623047,66.63999938964844,65.0,66.41999816894531,54.00358963012695,23184200,0.02405192105622178,1619,2017-06-09,65.01000213623047,66.63999938964844,65.0,66.41999816894531,54.00358963012695,23184200,0.02405192105622178,1619,2017-06-09,65.01000213623047,66.63999938964844,65.0,66.41999816894531,54.00358963012695,23184200,0.02405192105622178,1619,2017-06-09,65.01000213623047,66.63999938964844,65.0,66.41999816894531,54.00358963012695,23184200,0.02405192105622178
1620,2017-06-12,67.01000213623047,67.55000305175781,66.75,66.88999938964844,54.38572692871094,22924400,0.007076146256225879,1620,2017-06-12,67.01000213623047,67.55000305175781,66.75,66.88999938964844,54.38572692871094,22924400,0.007076146256225879,1620,2017-06-12,67.01000213623047,67.55000305175781,66.75,66.88999938964844,54.38572692871094,22924400,0.007076146256225879,1620,2017-06-12,67.01000213623047,67.55000305175781,66.75,66.88999938964844,54.38572692871094,22924400,0.007076146256225879,1620,2017-06-12,67.01000213623047,67.55000305175781,66.75,66.88999938964844,54.38572692871094,22924400,0.007076146256225879
1621,2017-06-13,67.08999633789062,67.4800033569336,66.7699966430664,67.38999938964844,54.7922477722168,15807900,0.007474770798572283,1621,2017-06-13,67.08999633789062,67.4800033569336,66.7699966430664,67.38999938964844,54.7922477722168,15807900,0.007474770798572283,1621,2017-06-13,67.08999633789062,67.4800033569336,66.7699966430664,67.38999938964844,54.7922477722168,15807900,0.007474770798572283,1621,2017-06-13,67.08999633789062,67.4800033569336,66.7699966430664,67.38999938964844,54.7922477722168,15807900,0.007474770798572283,1621,2017-06-13,67.08999633789062,67.4800033569336,66.7699966430664,67.38999938964844,54.7922477722168,15807900,0.007474770798572283
1622,2017-06-14,67.20999908447266,67.20999908447266,65.66000366210938,66.16999816894531,53.800323486328125,30280200,-0.018103369111855283,1622,2017-06-14,67.20999908447266,67.20999908447266,65.66000366210938,66.16999816894531,53.800323486328125,30280200,-0.018103369111855283,1622,2017-06-14,67.20999908447266,67.20999908447266,65.66000366210938,66.16999816894531,53.800323486328125,30280200,-0.018103369111855283,1622,2017-06-14,67.20999908447266,67.20999908447266,65.66000366210938,66.16999816894531,53.800323486328125,30280200,-0.018103369111855283,1622,2017-06-14,67.20999908447266,67.20999908447266,65.66000366210938,66.16999816894531,53.800323486328125,30280200,-0.018103369111855283
1623,2017-06-15,65.87000274658203,66.19999694824219,65.37999725341797,65.66999816894531,53.39379119873047,19258900,-0.007556316788707829,1623,2017-06-15,65.87000274658203,66.19999694824219,65.37999725341797,65.66999816894531,53.39379119873047,19258900,-0.007556316788707829,1623,2017-06-15,65.87000274658203,66.19999694824219,65.37999725341797,65.66999816894531,53.39379119873047,19258900,-0.007556316788707829,1623,2017-06-15,65.87000274658203,66.19999694824219,65.37999725341797,65.66999816894531,53.39379119873047,19258900,-0.007556316788707829,1623,2017-06-15,65.87000274658203,66.19999694824219,65.37999725341797,65.66999816894531,53.39379119873047,19258900,-0.007556316788707829
1624,2017-06-16,65.61000061035156,66.33000183105469,65.19000244140625,66.30000305175781,54.277122497558594,24621000,0.016543708154013403,1624,2017-06-16,65.61000061035156,66.33000183105469,65.19000244140625,66.30000305175781,54.277122497558594,24621000,0.016543708154013403,1624,2017-06-16,65.61000061035156,66.33000183105469,65.19000244140625,66.30000305175781,54.277122497558594,24621000,0.016543708154013403,1624,2017-06-16,65.61000061035156,66.33000183105469,65.19000244140625,66.30000305175781,54.277122497558594,24621000,0.016543708154013403,1624,2017-06-16,65.61000061035156,66.33000183105469,65.19000244140625,66.30000305175781,54.277122497558594,24621000,0.016543708154013403
1625,2017-06-19,66.1500015258789,66.29000091552734,65.70999908447266,65.87999725341797,53.93327331542969,15678400,-0.006335066530919642,1625,2017-06-19,66.1500015258789,66.29000091552734,65.70999908447266,65.87999725341797,53.93327331542969,15678400,-0.006335066530919642,1625,2017-06-19,66.1500015258789,66.29000091552734,65.70999908447266,65.87999725341797,53.93327331542969,15678400,-0.006335066530919642,1625,2017-06-19,66.1500015258789,66.29000091552734,65.70999908447266,65.87999725341797,53.93327331542969,15678400,-0.006335066530919642,1625,2017-06-19,66.1500015258789,66.29000091552734,65.70999908447266,65.87999725341797,53.93327331542969,15678400,-0.006335066530919642
1626,2017-06-20,65.12000274658203,65.22000122070312,64.30999755859375,65.04000091552734,53.24560546875,16063400,-0.012750345091384507,1626,2017-06-20,65.12000274658203,65.22000122070312,64.30999755859375,65.04000091552734,53.24560546875,16063400,-0.012750345091384507,1626,2017-06-20,65.12000274658203,65.22000122070312,64.30999755859375,65.04000091552734,53.24560546875,16063400,-0.012750345091384507,1626,2017-06-20,65.12000274658203,65.22000122070312,64.30999755859375,65.04000091552734,53.24560546875,16063400,-0.012750345091384507,1626,2017-06-20,65.12000274658203,65.22000122070312,64.30999755859375,65.04000091552734,53.24560546875,16063400,-0.012750345091384507
1627,2017-06-21,64.83999633789062,65.22000122070312,63.63999938964844,63.9900016784668,52.386016845703125,27305500,-0.01614384164626259,1627,2017-06-21,64.83999633789062,65.22000122070312,63.63999938964844,63.9900016784668,52.386016845703125,27305500,-0.01614384164626259,1627,2017-06-21,64.83999633789062,65.22000122070312,63.63999938964844,63.9900016784668,52.386016845703125,27305500,-0.01614384164626259,1627,2017-06-21,64.83999633789062,65.22000122070312,63.63999938964844,63.9900016784668,52.386016845703125,27305500,-0.01614384164626259,1627,2017-06-21,64.83999633789062,65.22000122070312,63.63999938964844,63.9900016784668,52.386016845703125,27305500,-0.01614384164626259
1628,2017-06-22,64.0199966430664,64.5,63.689998626708984,63.95000076293945,52.35327911376953,15431600,-0.0006249326424266899,1628,2017-06-22,64.0199966430664,64.5,63.689998626708984,63.95000076293945,52.35327911376953,15431600,-0.0006249326424266899,1628,2017-06-22,64.0199966430664,64.5,63.689998626708984,63.95000076293945,52.35327911376953,15431600,-0.0006249326424266899,1628,2017-06-22,64.0199966430664,64.5,63.689998626708984,63.95000076293945,52.35327911376953,15431600,-0.0006249326424266899,1628,2017-06-22,64.0199966430664,64.5,63.689998626708984,63.95000076293945,52.35327911376953,15431600,-0.0006249326424266899
1629,2017-06-23,63.959999084472656,64.44999694824219,63.779998779296875,64.37999725341797,52.70528793334961,14555500,0.006723720568011071,1629,2017-06-23,63.959999084472656,64.44999694824219,63.779998779296875,64.37999725341797,52.70528793334961,14555500,0.006723720568011071,1629,2017-06-23,63.959999084472656,64.44999694824219,63.779998779296875,64.37999725341797,52.70528793334961,14555500,0.006723720568011071,1629,2017-06-23,63.959999084472656,64.44999694824219,63.779998779296875,64.37999725341797,52.70528793334961,14555500,0.006723720568011071,1629,2017-06-23,63.959999084472656,64.44999694824219,63.779998779296875,64.37999725341797,52.70528793334961,14555500,0.006723720568011071
1630,2017-06-26,64.58000183105469,64.69999694824219,63.97999954223633,64.23999786376953,52.59068298339844,13603400,-0.002174448797169992,1630,2017-06-26,64.58000183105469,64.69999694824219,63.97999954223633,64.23999786376953,52.59068298339844,13603400,-0.002174448797169992,1630,2017-06-26,64.58000183105469,64.69999694824219,63.97999954223633,64.23999786376953,52.59068298339844,13603400,-0.002174448797169992,1630,2017-06-26,64.58000183105469,64.69999694824219,63.97999954223633,64.23999786376953,52.59068298339844,13603400,-0.002174448797169992,1630,2017-06-26,64.58000183105469,64.69999694824219,63.97999954223633,64.23999786376953,52.59068298339844,13603400,-0.002174448797169992
1631,2017-06-27,64.47000122070312,64.76000213623047,64.12999725341797,64.13999938964844,52.50881576538086,14227500,-0.0015566867242134963,1631,2017-06-27,64.47000122070312,64.76000213623047,64.12999725341797,64.13999938964844,52.50881576538086,14227500,-0.0015566867242134963,1631,2017-06-27,64.47000122070312,64.76000213623047,64.12999725341797,64.13999938964844,52.50881576538086,14227500,-0.0015566867242134963,1631,2017-06-27,64.47000122070312,64.76000213623047,64.12999725341797,64.13999938964844,52.50881576538086,14227500,-0.0015566867242134963,1631,2017-06-27,64.47000122070312,64.76000213623047,64.12999725341797,64.13999938964844,52.50881576538086,14227500,-0.0015566867242134963
1632,2017-06-28,64.22000122070312,64.87999725341797,64.18000030517578,64.48999786376953,52.79533767700195,16859900,0.005456643945300987,1632,2017-06-28,64.22000122070312,64.87999725341797,64.18000030517578,64.48999786376953,52.79533767700195,16859900,0.005456643945300987,1632,2017-06-28,64.22000122070312,64.87999725341797,64.18000030517578,64.48999786376953,52.79533767700195,16859900,0.005456643945300987,1632,2017-06-28,64.22000122070312,64.87999725341797,64.18000030517578,64.48999786376953,52.79533767700195,16859900,0.005456643945300987,1632,2017-06-28,64.22000122070312,64.87999725341797,64.18000030517578,64.48999786376953,52.79533767700195,16859900,0.005456643945300987
1633,2017-06-29,64.68000030517578,65.33999633789062,64.48999786376953,64.62999725341797,52.90995788574219,19022400,0.002171028992019597,1633,2017-06-29,64.68000030517578,65.33999633789062,64.48999786376953,64.62999725341797,52.90995788574219,19022400,0.002171028992019597,1633,2017-06-29,64.68000030517578,65.33999633789062,64.48999786376953,64.62999725341797,52.90995788574219,19022400,0.002171028992019597,1633,2017-06-29,64.68000030517578,65.33999633789062,64.48999786376953,64.62999725341797,52.90995788574219,19022400,0.002171028992019597,1633,2017-06-29,64.68000030517578,65.33999633789062,64.48999786376953,64.62999725341797,52.90995788574219,19022400,0.002171028992019597
1634,2017-06-30,65.0999984741211,65.22000122070312,64.5,64.91999816894531,53.147369384765625,19643200,0.004487085390166401,1634,2017-06-30,65.0999984741211,65.22000122070312,64.5,64.91999816894531,53.147369384765625,19643200,0.004487085390166401,1634,2017-06-30,65.0999984741211,65.22000122070312,64.5,64.91999816894531,53.147369384765625,19643200,0.004487085390166401,1634,2017-06-30,65.0999984741211,65.22000122070312,64.5,64.91999816894531,53.147369384765625,19643200,0.004487085390166401,1634,2017-06-30,65.0999984741211,65.22000122070312,64.5,64.91999816894531,53.147369384765625,19643200,0.004487085390166401
1635,2017-07-03,65.1500015258789,66.4800033569336,65.08000183105469,66.16999816894531,54.17069625854492,18402800,0.01925451599251926,1635,2017-07-03,65.1500015258789,66.4800033569336,65.08000183105469,66.16999816894531,54.17069625854492,18402800,0.01925451599251926,1635,2017-07-03,65.1500015258789,66.4800033569336,65.08000183105469,66.16999816894531,54.17069625854492,18402800,0.01925451599251926,1635,2017-07-03,65.1500015258789,66.4800033569336,65.08000183105469,66.16999816894531,54.17069625854492,18402800,0.01925451599251926,1635,2017-07-03,65.1500015258789,66.4800033569336,65.08000183105469,66.16999816894531,54.17069625854492,18402800,0.01925451599251926
1636,2017-07-05,65.83999633789062,65.9000015258789,64.58000183105469,64.83000183105469,53.07368850708008,20988200,-0.020250944278601524,1636,2017-07-05,65.83999633789062,65.9000015258789,64.58000183105469,64.83000183105469,53.07368850708008,20988200,-0.020250944278601524,1636,2017-07-05,65.83999633789062,65.9000015258789,64.58000183105469,64.83000183105469,53.07368850708008,20988200,-0.020250944278601524,1636,2017-07-05,65.83999633789062,65.9000015258789,64.58000183105469,64.83000183105469,53.07368850708008,20988200,-0.020250944278601524,1636,2017-07-05,65.83999633789062,65.9000015258789,64.58000183105469,64.83000183105469,53.07368850708008,20988200,-0.020250944278601524
1637,2017-07-06,64.94000244140625,65.12999725341797,63.970001220703125,64.11000061035156,52.48426055908203,20683600,-0.01110584104060186,1637,2017-07-06,64.94000244140625,65.12999725341797,63.970001220703125,64.11000061035156,52.48426055908203,20683600,-0.01110584104060186,1637,2017-07-06,64.94000244140625,65.12999725341797,63.970001220703125,64.11000061035156,52.48426055908203,20683600,-0.01110584104060186,1637,2017-07-06,64.94000244140625,65.12999725341797,63.970001220703125,64.11000061035156,52.48426055908203,20683600,-0.01110584104060186,1637,2017-07-06,64.94000244140625,65.12999725341797,63.970001220703125,64.11000061035156,52.48426055908203,20683600,-0.01110584104060186
1638,2017-07-07,63.900001525878906,64.0999984741211,63.290000915527344,64.01000213623047,52.40238952636719,16036700,-0.0015599159032197996,1638,2017-07-07,63.900001525878906,64.0999984741211,63.290000915527344,64.01000213623047,52.40238952636719,16036700,-0.0015599159032197996,1638,2017-07-07,63.900001525878906,64.0999984741211,63.290000915527344,64.01000213623047,52.40238952636719,16036700,-0.0015599159032197996,1638,2017-07-07,63.900001525878906,64.0999984741211,63.290000915527344,64.01000213623047,52.40238952636719,16036700,-0.0015599159032197996,1638,2017-07-07,63.900001525878906,64.0999984741211,63.290000915527344,64.01000213623047,52.40238952636719,16036700,-0.0015599159032197996
1639,2017-07-10,63.91999816894531,64.37000274658203,63.779998779296875,64.22000122070312,52.574310302734375,14153800,0.0032807812376700607,1639,2017-07-10,63.91999816894531,64.37000274658203,63.779998779296875,64.22000122070312,52.574310302734375,14153800,0.0032807812376700607,1639,2017-07-10,63.91999816894531,64.37000274658203,63.779998779296875,64.22000122070312,52.574310302734375,14153800,0.0032807812376700607,1639,2017-07-10,63.91999816894531,64.37000274658203,63.779998779296875,64.22000122070312,52.574310302734375,14153800,0.0032807812376700607,1639,2017-07-10,63.91999816894531,64.37000274658203,63.779998779296875,64.22000122070312,52.574310302734375,14153800,0.0032807812376700607
1640,2017-07-11,64.33000183105469,64.80000305175781,63.93000030517578,64.56999969482422,52.86083984375,11899800,0.005449991438132518,1640,2017-07-11,64.33000183105469,64.80000305175781,63.93000030517578,64.56999969482422,52.86083984375,11899800,0.005449991438132518,1640,2017-07-11,64.33000183105469,64.80000305175781,63.93000030517578,64.56999969482422,52.86083984375,11899800,0.005449991438132518,1640,2017-07-11,64.33000183105469,64.80000305175781,63.93000030517578,64.56999969482422,52.86083984375,11899800,0.005449991438132518,1640,2017-07-11,64.33000183105469,64.80000305175781,63.93000030517578,64.56999969482422,52.86083984375,11899800,0.005449991438132518
1641,2017-07-12,65.20999908447266,65.37000274658203,64.47000122070312,64.75,53.00819778442383,14818600,0.00278765795453495,1641,2017-07-12,65.20999908447266,65.37000274658203,64.47000122070312,64.75,53.00819778442383,14818600,0.00278765795453495,1641,2017-07-12,65.20999908447266,65.37000274658203,64.47000122070312,64.75,53.00819778442383,14818600,0.00278765795453495,1641,2017-07-12,65.20999908447266,65.37000274658203,64.47000122070312,64.75,53.00819778442383,14818600,0.00278765795453495,1641,2017-07-12,65.20999908447266,65.37000274658203,64.47000122070312,64.75,53.00819778442383,14818600,0.00278765795453495
1642,2017-07-13,64.80000305175781,65.05999755859375,64.44000244140625,65.01000213623047,53.22105026245117,10056800,0.004015463398566732,1642,2017-07-13,64.80000305175781,65.05999755859375,64.44000244140625,65.01000213623047,53.22105026245117,10056800,0.004015463398566732,1642,2017-07-13,64.80000305175781,65.05999755859375,64.44000244140625,65.01000213623047,53.22105026245117,10056800,0.004015463398566732,1642,2017-07-13,64.80000305175781,65.05999755859375,64.44000244140625,65.01000213623047,53.22105026245117,10056800,0.004015463398566732,1642,2017-07-13,64.80000305175781,65.05999755859375,64.44000244140625,65.01000213623047,53.22105026245117,10056800,0.004015463398566732
1643,2017-07-14,65.05000305175781,65.5199966430664,64.98999786376953,65.4000015258789,53.540321350097656,10272500,0.005998962554704335,1643,2017-07-14,65.05000305175781,65.5199966430664,64.98999786376953,65.4000015258789,53.540321350097656,10272500,0.005998962554704335,1643,2017-07-14,65.05000305175781,65.5199966430664,64.98999786376953,65.4000015258789,53.540321350097656,10272500,0.005998962554704335,1643,2017-07-14,65.05000305175781,65.5199966430664,64.98999786376953,65.4000015258789,53.540321350097656,10272500,0.005998962554704335,1643,2017-07-14,65.05000305175781,65.5199966430664,64.98999786376953,65.4000015258789,53.540321350097656,10272500,0.005998962554704335
1644,2017-07-17,65.27999877929688,65.7699966430664,65.22000122070312,65.31999969482422,53.47483825683594,12214900,-0.0012230612669192897,1644,2017-07-17,65.27999877929688,65.7699966430664,65.22000122070312,65.31999969482422,53.47483825683594,12214900,-0.0012230612669192897,1644,2017-07-17,65.27999877929688,65.7699966430664,65.22000122070312,65.31999969482422,53.47483825683594,12214900,-0.0012230612669192897,1644,2017-07-17,65.27999877929688,65.7699966430664,65.22000122070312,65.31999969482422,53.47483825683594,12214900,-0.0012230612669192897,1644,2017-07-17,65.27999877929688,65.7699966430664,65.22000122070312,65.31999969482422,53.47483825683594,12214900,-0.0012230612669192897
1645,2017-07-18,65.6500015258789,65.66999816894531,64.73999786376953,65.01000213623047,53.22105026245117,14956800,-0.00474593290335612,1645,2017-07-18,65.6500015258789,65.66999816894531,64.73999786376953,65.01000213623047,53.22105026245117,14956800,-0.00474593290335612,1645,2017-07-18,65.6500015258789,65.66999816894531,64.73999786376953,65.01000213623047,53.22105026245117,14956800,-0.00474593290335612,1645,2017-07-18,65.6500015258789,65.66999816894531,64.73999786376953,65.01000213623047,53.22105026245117,14956800,-0.00474593290335612,1645,2017-07-18,65.6500015258789,65.66999816894531,64.73999786376953,65.01000213623047,53.22105026245117,14956800,-0.00474593290335612
1646,2017-07-19,64.94000244140625,66.0199966430664,64.88999938964844,65.95999908447266,53.998779296875,24802700,0.014613184643831323,1646,2017-07-19,64.94000244140625,66.0199966430664,64.88999938964844,65.95999908447266,53.998779296875,24802700,0.014613184643831323,1646,2017-07-19,64.94000244140625,66.0199966430664,64.88999938964844,65.95999908447266,53.998779296875,24802700,0.014613184643831323,1646,2017-07-19,64.94000244140625,66.0199966430664,64.88999938964844,65.95999908447266,53.998779296875,24802700,0.014613184643831323,1646,2017-07-19,64.94000244140625,66.0199966430664,64.88999938964844,65.95999908447266,53.998779296875,24802700,0.014613184643831323
1647,2017-07-20,66.33000183105469,66.56999969482422,65.58000183105469,65.76000213623047,53.83504867553711,17159300,-0.0030321170861610236,1647,2017-07-20,66.33000183105469,66.56999969482422,65.58000183105469,65.76000213623047,53.83504867553711,17159300,-0.0030321170861610236,1647,2017-07-20,66.33000183105469,66.56999969482422,65.58000183105469,65.76000213623047,53.83504867553711,17159300,-0.0030321170861610236,1647,2017-07-20,66.33000183105469,66.56999969482422,65.58000183105469,65.76000213623047,53.83504867553711,17159300,-0.0030321170861610236,1647,2017-07-20,66.33000183105469,66.56999969482422,65.58000183105469,65.76000213623047,53.83504867553711,17159300,-0.0030321170861610236
1648,2017-07-21,65.54000091552734,65.8499984741211,65.0199966430664,65.11000061035156,53.302921295166016,13047600,-0.009884404183939988,1648,2017-07-21,65.54000091552734,65.8499984741211,65.0199966430664,65.11000061035156,53.302921295166016,13047600,-0.009884404183939988,1648,2017-07-21,65.54000091552734,65.8499984741211,65.0199966430664,65.11000061035156,53.302921295166016,13047600,-0.009884404183939988,1648,2017-07-21,65.54000091552734,65.8499984741211,65.0199966430664,65.11000061035156,53.302921295166016,13047600,-0.009884404183939988,1648,2017-07-21,65.54000091552734,65.8499984741211,65.0199966430664,65.11000061035156,53.302921295166016,13047600,-0.009884404183939988
1649,2017-07-24,65.25,65.3499984741211,64.83999633789062,64.98999786376953,53.20468521118164,10433400,-0.0018429774878639948,1649,2017-07-24,65.25,65.3499984741211,64.83999633789062,64.98999786376953,53.20468521118164,10433400,-0.0018429774878639948,1649,2017-07-24,65.25,65.3499984741211,64.83999633789062,64.98999786376953,53.20468521118164,10433400,-0.0018429774878639948,1649,2017-07-24,65.25,65.3499984741211,64.83999633789062,64.98999786376953,53.20468521118164,10433400,-0.0018429774878639948,1649,2017-07-24,65.25,65.3499984741211,64.83999633789062,64.98999786376953,53.20468521118164,10433400,-0.0018429774878639948
1650,2017-07-25,65.7699966430664,66.27999877929688,65.62000274658203,65.80999755859375,53.8759765625,15479300,0.012617147318020105,1650,2017-07-25,65.7699966430664,66.27999877929688,65.62000274658203,65.80999755859375,53.8759765625,15479300,0.012617147318020105,1650,2017-07-25,65.7699966430664,66.27999877929688,65.62000274658203,65.80999755859375,53.8759765625,15479300,0.012617147318020105,1650,2017-07-25,65.7699966430664,66.27999877929688,65.62000274658203,65.80999755859375,53.8759765625,15479300,0.012617147318020105,1650,2017-07-25,65.7699966430664,66.27999877929688,65.62000274658203,65.80999755859375,53.8759765625,15479300,0.012617147318020105
1651,2017-07-26,66.18000030517578,66.63999938964844,65.69999694824219,65.87999725341797,53.93327331542969,21211400,0.0010634935380375854,1651,2017-07-26,66.18000030517578,66.63999938964844,65.69999694824219,65.87999725341797,53.93327331542969,21211400,0.0010634935380375854,1651,2017-07-26,66.18000030517578,66.63999938964844,65.69999694824219,65.87999725341797,53.93327331542969,21211400,0.0010634935380375854,1651,2017-07-26,66.18000030517578,66.63999938964844,65.69999694824219,65.87999725341797,53.93327331542969,21211400,0.0010634935380375854,1651,2017-07-26,66.18000030517578,66.63999938964844,65.69999694824219,65.87999725341797,53.93327331542969,21211400,0.0010634935380375854
1652,2017-07-27,65.9000015258789,66.58000183105469,65.5999984741211,66.55000305175781,54.481788635253906,15815900,0.01017025828594198,1652,2017-07-27,65.9000015258789,66.58000183105469,65.5999984741211,66.55000305175781,54.481788635253906,15815900,0.01017025828594198,1652,2017-07-27,65.9000015258789,66.58000183105469,65.5999984741211,66.55000305175781,54.481788635253906,15815900,0.01017025828594198,1652,2017-07-27,65.9000015258789,66.58000183105469,65.5999984741211,66.55000305175781,54.481788635253906,15815900,0.01017025828594198,1652,2017-07-27,65.9000015258789,66.58000183105469,65.5999984741211,66.55000305175781,54.481788635253906,15815900,0.01017025828594198
1653,2017-07-28,66.33000183105469,67.12999725341797,66.22000122070312,66.47000122070312,54.41629409790039,14765000,-0.0012021363283791775,1653,2017-07-28,66.33000183105469,67.12999725341797,66.22000122070312,66.47000122070312,54.41629409790039,14765000,-0.0012021363283791775,1653,2017-07-28,66.33000183105469,67.12999725341797,66.22000122070312,66.47000122070312,54.41629409790039,14765000,-0.0012021363283791775,1653,2017-07-28,66.33000183105469,67.12999725341797,66.22000122070312,66.47000122070312,54.41629409790039,14765000,-0.0012021363283791775,1653,2017-07-28,66.33000183105469,67.12999725341797,66.22000122070312,66.47000122070312,54.41629409790039,14765000,-0.0012021363283791775
1654,2017-07-31,66.48999786376953,67.0,66.30999755859375,66.62000274658203,54.53909683227539,13519500,0.002256727261765956,1654,2017-07-31,66.48999786376953,67.0,66.30999755859375,66.62000274658203,54.53909683227539,13519500,0.002256727261765956,1654,2017-07-31,66.48999786376953,67.0,66.30999755859375,66.62000274658203,54.53909683227539,13519500,0.002256727261765956,1654,2017-07-31,66.48999786376953,67.0,66.30999755859375,66.62000274658203,54.53909683227539,13519500,0.002256727261765956,1654,2017-07-31,66.48999786376953,67.0,66.30999755859375,66.62000274658203,54.53909683227539,13519500,0.002256727261765956
1655,2017-08-01,66.66000366210938,66.98999786376953,66.31999969482422,66.61000061035156,54.530906677246094,12668700,-0.00015017034577013977,1655,2017-08-01,66.66000366210938,66.98999786376953,66.31999969482422,66.61000061035156,54.530906677246094,12668700,-0.00015017034577013977,1655,2017-08-01,66.66000366210938,66.98999786376953,66.31999969482422,66.61000061035156,54.530906677246094,12668700,-0.00015017034577013977,1655,2017-08-01,66.66000366210938,66.98999786376953,66.31999969482422,66.61000061035156,54.530906677246094,12668700,-0.00015017034577013977,1655,2017-08-01,66.66000366210938,66.98999786376953,66.31999969482422,66.61000061035156,54.530906677246094,12668700,-0.00015017034577013977
1656,2017-08-02,66.2699966430664,66.62999725341797,65.68000030517578,66.36000061035156,54.32624053955078,15118500,-0.003753213547441625,1656,2017-08-02,66.2699966430664,66.62999725341797,65.68000030517578,66.36000061035156,54.32624053955078,15118500,-0.003753213547441625,1656,2017-08-02,66.2699966430664,66.62999725341797,65.68000030517578,66.36000061035156,54.32624053955078,15118500,-0.003753213547441625,1656,2017-08-02,66.2699966430664,66.62999725341797,65.68000030517578,66.36000061035156,54.32624053955078,15118500,-0.003753213547441625,1656,2017-08-02,66.2699966430664,66.62999725341797,65.68000030517578,66.36000061035156,54.32624053955078,15118500,-0.003753213547441625
1657,2017-08-03,66.25,66.36000061035156,65.13999938964844,65.43000030517578,53.56488800048828,15327800,-0.014014452896077279,1657,2017-08-03,66.25,66.36000061035156,65.13999938964844,65.43000030517578,53.56488800048828,15327800,-0.014014452896077279,1657,2017-08-03,66.25,66.36000061035156,65.13999938964844,65.43000030517578,53.56488800048828,15327800,-0.014014452896077279,1657,2017-08-03,66.25,66.36000061035156,65.13999938964844,65.43000030517578,53.56488800048828,15327800,-0.014014452896077279,1657,2017-08-03,66.25,66.36000061035156,65.13999938964844,65.43000030517578,53.56488800048828,15327800,-0.014014452896077279
1658,2017-08-04,65.45999908447266,65.81999969482422,65.30999755859375,65.63999938964844,53.7368049621582,9371000,0.0032095084688379405,1658,2017-08-04,65.45999908447266,65.81999969482422,65.30999755859375,65.63999938964844,53.7368049621582,9371000,0.0032095084688379405,1658,2017-08-04,65.45999908447266,65.81999969482422,65.30999755859375,65.63999938964844,53.7368049621582,9371000,0.0032095084688379405,1658,2017-08-04,65.45999908447266,65.81999969482422,65.30999755859375,65.63999938964844,53.7368049621582,9371000,0.0032095084688379405,1658,2017-08-04,65.45999908447266,65.81999969482422,65.30999755859375,65.63999938964844,53.7368049621582,9371000,0.0032095084688379405
1659,2017-08-07,65.36000061035156,65.4800033569336,64.94000244140625,65.13999938964844,53.327484130859375,11437300,-0.007617141204935285,1659,2017-08-07,65.36000061035156,65.4800033569336,64.94000244140625,65.13999938964844,53.327484130859375,11437300,-0.007617141204935285,1659,2017-08-07,65.36000061035156,65.4800033569336,64.94000244140625,65.13999938964844,53.327484130859375,11437300,-0.007617141204935285,1659,2017-08-07,65.36000061035156,65.4800033569336,64.94000244140625,65.13999938964844,53.327484130859375,11437300,-0.007617141204935285,1659,2017-08-07,65.36000061035156,65.4800033569336,64.94000244140625,65.13999938964844,53.327484130859375,11437300,-0.007617141204935285
1660,2017-08-08,64.94999694824219,65.55999755859375,64.80000305175781,64.98999786376953,53.20468521118164,10429100,-0.0023027322904715097,1660,2017-08-08,64.94999694824219,65.55999755859375,64.80000305175781,64.98999786376953,53.20468521118164,10429100,-0.0023027322904715097,1660,2017-08-08,64.94999694824219,65.55999755859375,64.80000305175781,64.98999786376953,53.20468521118164,10429100,-0.0023027322904715097,1660,2017-08-08,64.94999694824219,65.55999755859375,64.80000305175781,64.98999786376953,53.20468521118164,10429100,-0.0023027322904715097,1660,2017-08-08,64.94999694824219,65.55999755859375,64.80000305175781,64.98999786376953,53.20468521118164,10429100,-0.0023027322904715097
1661,2017-08-09,65.08999633789062,65.45999908447266,64.80999755859375,65.05000305175781,53.25379943847656,10437900,0.0009231184640972057,1661,2017-08-09,65.08999633789062,65.45999908447266,64.80999755859375,65.05000305175781,53.25379943847656,10437900,0.0009231184640972057,1661,2017-08-09,65.08999633789062,65.45999908447266,64.80999755859375,65.05000305175781,53.25379943847656,10437900,0.0009231184640972057,1661,2017-08-09,65.08999633789062,65.45999908447266,64.80999755859375,65.05000305175781,53.25379943847656,10437900,0.0009231184640972057,1661,2017-08-09,65.08999633789062,65.45999908447266,64.80999755859375,65.05000305175781,53.25379943847656,10437900,0.0009231184640972057
1662,2017-08-10,65.16000366210938,65.2699966430664,64.25,64.36000061035156,52.688926696777344,15262100,-0.010607181978664393,1662,2017-08-10,65.16000366210938,65.2699966430664,64.25,64.36000061035156,52.688926696777344,15262100,-0.010607181978664393,1662,2017-08-10,65.16000366210938,65.2699966430664,64.25,64.36000061035156,52.688926696777344,15262100,-0.010607181978664393,1662,2017-08-10,65.16000366210938,65.2699966430664,64.25,64.36000061035156,52.688926696777344,15262100,-0.010607181978664393,1662,2017-08-10,65.16000366210938,65.2699966430664,64.25,64.36000061035156,52.688926696777344,15262100,-0.010607181978664393
1663,2017-08-11,64.16000366210938,64.5199966430664,63.880001068115234,63.939998626708984,52.3450813293457,15990900,-0.00652595125747113,1663,2017-08-11,64.16000366210938,64.5199966430664,63.880001068115234,63.939998626708984,52.3450813293457,15990900,-0.00652595125747113,1663,2017-08-11,64.16000366210938,64.5199966430664,63.880001068115234,63.939998626708984,52.3450813293457,15990900,-0.00652595125747113,1663,2017-08-11,64.16000366210938,64.5199966430664,63.880001068115234,63.939998626708984,52.3450813293457,15990900,-0.00652595125747113,1663,2017-08-11,64.16000366210938,64.5199966430664,63.880001068115234,63.939998626708984,52.3450813293457,15990900,-0.00652595125747113
1664,2017-08-14,64.05999755859375,64.33999633789062,63.66999816894531,63.75,52.189537048339844,11406700,-0.0029715166555421835,1664,2017-08-14,64.05999755859375,64.33999633789062,63.66999816894531,63.75,52.189537048339844,11406700,-0.0029715166555421835,1664,2017-08-14,64.05999755859375,64.33999633789062,63.66999816894531,63.75,52.189537048339844,11406700,-0.0029715166555421835,1664,2017-08-14,64.05999755859375,64.33999633789062,63.66999816894531,63.75,52.189537048339844,11406700,-0.0029715166555421835,1664,2017-08-14,64.05999755859375,64.33999633789062,63.66999816894531,63.75,52.189537048339844,11406700,-0.0029715166555421835
1665,2017-08-15,63.849998474121094,63.849998474121094,63.13999938964844,63.5099983215332,51.993064880371094,12725600,-0.0037645892084992028,1665,2017-08-15,63.849998474121094,63.849998474121094,63.13999938964844,63.5099983215332,51.993064880371094,12725600,-0.0037645892084992028,1665,2017-08-15,63.849998474121094,63.849998474121094,63.13999938964844,63.5099983215332,51.993064880371094,12725600,-0.0037645892084992028,1665,2017-08-15,63.849998474121094,63.849998474121094,63.13999938964844,63.5099983215332,51.993064880371094,12725600,-0.0037645892084992028,1665,2017-08-15,63.849998474121094,63.849998474121094,63.13999938964844,63.5099983215332,51.993064880371094,12725600,-0.0037645892084992028
1666,2017-08-16,63.529998779296875,63.709999084472656,62.77000045776367,62.900001525878906,51.493675231933594,16583300,-0.009604928072359797,1666,2017-08-16,63.529998779296875,63.709999084472656,62.77000045776367,62.900001525878906,51.493675231933594,16583300,-0.009604928072359797,1666,2017-08-16,63.529998779296875,63.709999084472656,62.77000045776367,62.900001525878906,51.493675231933594,16583300,-0.009604928072359797,1666,2017-08-16,63.529998779296875,63.709999084472656,62.77000045776367,62.900001525878906,51.493675231933594,16583300,-0.009604928072359797,1666,2017-08-16,63.529998779296875,63.709999084472656,62.77000045776367,62.900001525878906,51.493675231933594,16583300,-0.009604928072359797
1667,2017-08-17,62.650001525878906,62.88999938964844,61.9900016784668,62.0099983215332,50.76506805419922,14796900,-0.014149449897538746,1667,2017-08-17,62.650001525878906,62.88999938964844,61.9900016784668,62.0099983215332,50.76506805419922,14796900,-0.014149449897538746,1667,2017-08-17,62.650001525878906,62.88999938964844,61.9900016784668,62.0099983215332,50.76506805419922,14796900,-0.014149449897538746,1667,2017-08-17,62.650001525878906,62.88999938964844,61.9900016784668,62.0099983215332,50.76506805419922,14796900,-0.014149449897538746,1667,2017-08-17,62.650001525878906,62.88999938964844,61.9900016784668,62.0099983215332,50.76506805419922,14796900,-0.014149449897538746
1668,2017-08-18,61.849998474121094,62.7400016784668,61.810001373291016,62.31999969482422,51.018856048583984,18632700,0.00499926433889164,1668,2017-08-18,61.849998474121094,62.7400016784668,61.810001373291016,62.31999969482422,51.018856048583984,18632700,0.00499926433889164,1668,2017-08-18,61.849998474121094,62.7400016784668,61.810001373291016,62.31999969482422,51.018856048583984,18632700,0.00499926433889164,1668,2017-08-18,61.849998474121094,62.7400016784668,61.810001373291016,62.31999969482422,51.018856048583984,18632700,0.00499926433889164,1668,2017-08-18,61.849998474121094,62.7400016784668,61.810001373291016,62.31999969482422,51.018856048583984,18632700,0.00499926433889164
1669,2017-08-21,62.22999954223633,62.2599983215332,61.79999923706055,62.0,50.75688552856445,10375200,-0.005134778399775608,1669,2017-08-21,62.22999954223633,62.2599983215332,61.79999923706055,62.0,50.75688552856445,10375200,-0.005134778399775608,1669,2017-08-21,62.22999954223633,62.2599983215332,61.79999923706055,62.0,50.75688552856445,10375200,-0.005134778399775608,1669,2017-08-21,62.22999954223633,62.2599983215332,61.79999923706055,62.0,50.75688552856445,10375200,-0.005134778399775608,1669,2017-08-21,62.22999954223633,62.2599983215332,61.79999923706055,62.0,50.75688552856445,10375200,-0.005134778399775608
1670,2017-08-22,62.16999816894531,62.54999923706055,62.130001068115234,62.40999984741211,51.092533111572266,15171800,0.006612848276888794,1670,2017-08-22,62.16999816894531,62.54999923706055,62.130001068115234,62.40999984741211,51.092533111572266,15171800,0.006612848276888794,1670,2017-08-22,62.16999816894531,62.54999923706055,62.130001068115234,62.40999984741211,51.092533111572266,15171800,0.006612848276888794,1670,2017-08-22,62.16999816894531,62.54999923706055,62.130001068115234,62.40999984741211,51.092533111572266,15171800,0.006612848276888794,1670,2017-08-22,62.16999816894531,62.54999923706055,62.130001068115234,62.40999984741211,51.092533111572266,15171800,0.006612848276888794
1671,2017-08-23,62.279998779296875,63.0,62.220001220703125,62.68000030517578,51.313575744628906,11526000,0.004326319710434845,1671,2017-08-23,62.279998779296875,63.0,62.220001220703125,62.68000030517578,51.313575744628906,11526000,0.004326319710434845,1671,2017-08-23,62.279998779296875,63.0,62.220001220703125,62.68000030517578,51.313575744628906,11526000,0.004326319710434845,1671,2017-08-23,62.279998779296875,63.0,62.220001220703125,62.68000030517578,51.313575744628906,11526000,0.004326319710434845,1671,2017-08-23,62.279998779296875,63.0,62.220001220703125,62.68000030517578,51.313575744628906,11526000,0.004326319710434845
1672,2017-08-24,62.459999084472656,62.869998931884766,62.439998626708984,62.720001220703125,51.34632110595703,10390500,0.0006381422626069444,1672,2017-08-24,62.459999084472656,62.869998931884766,62.439998626708984,62.720001220703125,51.34632110595703,10390500,0.0006381422626069444,1672,2017-08-24,62.459999084472656,62.869998931884766,62.439998626708984,62.720001220703125,51.34632110595703,10390500,0.0006381422626069444,1672,2017-08-24,62.459999084472656,62.869998931884766,62.439998626708984,62.720001220703125,51.34632110595703,10390500,0.0006381422626069444,1672,2017-08-24,62.459999084472656,62.869998931884766,62.439998626708984,62.720001220703125,51.34632110595703,10390500,0.0006381422626069444
1673,2017-08-25,62.84000015258789,63.25,62.81999969482422,63.0,51.57554626464844,8220200,0.004464295664306395,1673,2017-08-25,62.84000015258789,63.25,62.81999969482422,63.0,51.57554626464844,8220200,0.004464295664306395,1673,2017-08-25,62.84000015258789,63.25,62.81999969482422,63.0,51.57554626464844,8220200,0.004464295664306395,1673,2017-08-25,62.84000015258789,63.25,62.81999969482422,63.0,51.57554626464844,8220200,0.004464295664306395,1673,2017-08-25,62.84000015258789,63.25,62.81999969482422,63.0,51.57554626464844,8220200,0.004464295664306395
1674,2017-08-28,63.029998779296875,63.2400016784668,62.380001068115234,62.720001220703125,51.34632110595703,9956000,-0.004444454306216872,1674,2017-08-28,63.029998779296875,63.2400016784668,62.380001068115234,62.720001220703125,51.34632110595703,9956000,-0.004444454306216872,1674,2017-08-28,63.029998779296875,63.2400016784668,62.380001068115234,62.720001220703125,51.34632110595703,9956000,-0.004444454306216872,1674,2017-08-28,63.029998779296875,63.2400016784668,62.380001068115234,62.720001220703125,51.34632110595703,9956000,-0.004444454306216872,1674,2017-08-28,63.029998779296875,63.2400016784668,62.380001068115234,62.720001220703125,51.34632110595703,9956000,-0.004444454306216872
1675,2017-08-29,62.41999816894531,62.720001220703125,62.18000030517578,62.63999938964844,51.28083038330078,8727100,-0.0012754705935232868,1675,2017-08-29,62.41999816894531,62.720001220703125,62.18000030517578,62.63999938964844,51.28083038330078,8727100,-0.0012754705935232868,1675,2017-08-29,62.41999816894531,62.720001220703125,62.18000030517578,62.63999938964844,51.28083038330078,8727100,-0.0012754705935232868,1675,2017-08-29,62.41999816894531,62.720001220703125,62.18000030517578,62.63999938964844,51.28083038330078,8727100,-0.0012754705935232868,1675,2017-08-29,62.41999816894531,62.720001220703125,62.18000030517578,62.63999938964844,51.28083038330078,8727100,-0.0012754705935232868
1676,2017-08-30,62.400001525878906,62.86000061035156,62.220001220703125,62.66999816894531,51.305389404296875,8664400,0.00047891231114105537,1676,2017-08-30,62.400001525878906,62.86000061035156,62.220001220703125,62.66999816894531,51.305389404296875,8664400,0.00047891231114105537,1676,2017-08-30,62.400001525878906,62.86000061035156,62.220001220703125,62.66999816894531,51.305389404296875,8664400,0.00047891231114105537,1676,2017-08-30,62.400001525878906,62.86000061035156,62.220001220703125,62.66999816894531,51.305389404296875,8664400,0.00047891231114105537,1676,2017-08-30,62.400001525878906,62.86000061035156,62.220001220703125,62.66999816894531,51.305389404296875,8664400,0.00047891231114105537
1677,2017-08-31,62.939998626708984,63.130001068115234,62.72999954223633,62.970001220703125,51.550987243652344,10333700,0.004786979344803433,1677,2017-08-31,62.939998626708984,63.130001068115234,62.72999954223633,62.970001220703125,51.550987243652344,10333700,0.004786979344803433,1677,2017-08-31,62.939998626708984,63.130001068115234,62.72999954223633,62.970001220703125,51.550987243652344,10333700,0.004786979344803433,1677,2017-08-31,62.939998626708984,63.130001068115234,62.72999954223633,62.970001220703125,51.550987243652344,10333700,0.004786979344803433,1677,2017-08-31,62.939998626708984,63.130001068115234,62.72999954223633,62.970001220703125,51.550987243652344,10333700,0.004786979344803433
1678,2017-09-01,63.06999969482422,63.790000915527344,62.90999984741211,63.58000183105469,52.05037307739258,11595500,0.009687221534282475,1678,2017-09-01,63.06999969482422,63.790000915527344,62.90999984741211,63.58000183105469,52.05037307739258,11595500,0.009687221534282475,1678,2017-09-01,63.06999969482422,63.790000915527344,62.90999984741211,63.58000183105469,52.05037307739258,11595500,0.009687221534282475,1678,2017-09-01,63.06999969482422,63.790000915527344,62.90999984741211,63.58000183105469,52.05037307739258,11595500,0.009687221534282475,1678,2017-09-01,63.06999969482422,63.790000915527344,62.90999984741211,63.58000183105469,52.05037307739258,11595500,0.009687221534282475
1679,2017-09-05,63.84000015258789,64.23999786376953,63.47999954223633,63.93000030517578,52.33689880371094,18114800,0.005504777571763597,1679,2017-09-05,63.84000015258789,64.23999786376953,63.47999954223633,63.93000030517578,52.33689880371094,18114800,0.005504777571763597,1679,2017-09-05,63.84000015258789,64.23999786376953,63.47999954223633,63.93000030517578,52.33689880371094,18114800,0.005504777571763597,1679,2017-09-05,63.84000015258789,64.23999786376953,63.47999954223633,63.93000030517578,52.33689880371094,18114800,0.005504777571763597,1679,2017-09-05,63.84000015258789,64.23999786376953,63.47999954223633,63.93000030517578,52.33689880371094,18114800,0.005504777571763597
1680,2017-09-06,64.25,65.1500015258789,64.22000122070312,64.97000122070312,53.18830871582031,17052100,0.01626787088212045,1680,2017-09-06,64.25,65.1500015258789,64.22000122070312,64.97000122070312,53.18830871582031,17052100,0.01626787088212045,1680,2017-09-06,64.25,65.1500015258789,64.22000122070312,64.97000122070312,53.18830871582031,17052100,0.01626787088212045,1680,2017-09-06,64.25,65.1500015258789,64.22000122070312,64.97000122070312,53.18830871582031,17052100,0.01626787088212045,1680,2017-09-06,64.25,65.1500015258789,64.22000122070312,64.97000122070312,53.18830871582031,17052100,0.01626787088212045
1681,2017-09-07,65.0,65.25,64.66000366210938,65.08999633789062,53.286537170410156,8640300,0.00184680537812687,1681,2017-09-07,65.0,65.25,64.66000366210938,65.08999633789062,53.286537170410156,8640300,0.00184680537812687,1681,2017-09-07,65.0,65.25,64.66000366210938,65.08999633789062,53.286537170410156,8640300,0.00184680537812687,1681,2017-09-07,65.0,65.25,64.66000366210938,65.08999633789062,53.286537170410156,8640300,0.00184680537812687,1681,2017-09-07,65.0,65.25,64.66000366210938,65.08999633789062,53.286537170410156,8640300,0.00184680537812687
1682,2017-09-08,64.94999694824219,64.98999786376953,64.0999984741211,64.4000015258789,52.7216682434082,10264700,-0.010600593639543576,1682,2017-09-08,64.94999694824219,64.98999786376953,64.0999984741211,64.4000015258789,52.7216682434082,10264700,-0.010600593639543576,1682,2017-09-08,64.94999694824219,64.98999786376953,64.0999984741211,64.4000015258789,52.7216682434082,10264700,-0.010600593639543576,1682,2017-09-08,64.94999694824219,64.98999786376953,64.0999984741211,64.4000015258789,52.7216682434082,10264700,-0.010600593639543576,1682,2017-09-08,64.94999694824219,64.98999786376953,64.0999984741211,64.4000015258789,52.7216682434082,10264700,-0.010600593639543576
1683,2017-09-11,64.6500015258789,65.0999984741211,64.5,65.01000213623047,53.22105026245117,13551100,0.009472045094199188,1683,2017-09-11,64.6500015258789,65.0999984741211,64.5,65.01000213623047,53.22105026245117,13551100,0.009472045094199188,1683,2017-09-11,64.6500015258789,65.0999984741211,64.5,65.01000213623047,53.22105026245117,13551100,0.009472045094199188,1683,2017-09-11,64.6500015258789,65.0999984741211,64.5,65.01000213623047,53.22105026245117,13551100,0.009472045094199188,1683,2017-09-11,64.6500015258789,65.0999984741211,64.5,65.01000213623047,53.22105026245117,13551100,0.009472045094199188
1684,2017-09-12,65.19999694824219,65.55000305175781,65.02999877929688,65.41000366210938,53.54851531982422,9409700,0.006152923622480211,1684,2017-09-12,65.19999694824219,65.55000305175781,65.02999877929688,65.41000366210938,53.54851531982422,9409700,0.006152923622480211,1684,2017-09-12,65.19999694824219,65.55000305175781,65.02999877929688,65.41000366210938,53.54851531982422,9409700,0.006152923622480211,1684,2017-09-12,65.19999694824219,65.55000305175781,65.02999877929688,65.41000366210938,53.54851531982422,9409700,0.006152923622480211,1684,2017-09-12,65.19999694824219,65.55000305175781,65.02999877929688,65.41000366210938,53.54851531982422,9409700,0.006152923622480211
1685,2017-09-13,65.55000305175781,66.2699966430664,65.4800033569336,66.2300033569336,54.21982192993164,15893300,0.012536418724178766,1685,2017-09-13,65.55000305175781,66.2699966430664,65.4800033569336,66.2300033569336,54.21982192993164,15893300,0.012536418724178766,1685,2017-09-13,65.55000305175781,66.2699966430664,65.4800033569336,66.2300033569336,54.21982192993164,15893300,0.012536418724178766,1685,2017-09-13,65.55000305175781,66.2699966430664,65.4800033569336,66.2300033569336,54.21982192993164,15893300,0.012536418724178766,1685,2017-09-13,65.55000305175781,66.2699966430664,65.4800033569336,66.2300033569336,54.21982192993164,15893300,0.012536418724178766
1686,2017-09-14,66.36000061035156,67.0,66.3499984741211,66.55000305175781,54.481788635253906,14583400,0.004831567054218722,1686,2017-09-14,66.36000061035156,67.0,66.3499984741211,66.55000305175781,54.481788635253906,14583400,0.004831567054218722,1686,2017-09-14,66.36000061035156,67.0,66.3499984741211,66.55000305175781,54.481788635253906,14583400,0.004831567054218722,1686,2017-09-14,66.36000061035156,67.0,66.3499984741211,66.55000305175781,54.481788635253906,14583400,0.004831567054218722,1686,2017-09-14,66.36000061035156,67.0,66.3499984741211,66.55000305175781,54.481788635253906,14583400,0.004831567054218722
1687,2017-09-15,65.81999969482422,65.83999633789062,65.4000015258789,65.83999633789062,54.61034393310547,13068100,0.0023596012735964678,1687,2017-09-15,65.81999969482422,65.83999633789062,65.4000015258789,65.83999633789062,54.61034393310547,13068100,0.0023596012735964678,1687,2017-09-15,65.81999969482422,65.83999633789062,65.4000015258789,65.83999633789062,54.61034393310547,13068100,0.0023596012735964678,1687,2017-09-15,65.81999969482422,65.83999633789062,65.4000015258789,65.83999633789062,54.61034393310547,13068100,0.0023596012735964678,1687,2017-09-15,65.81999969482422,65.83999633789062,65.4000015258789,65.83999633789062,54.61034393310547,13068100,0.0023596012735964678
1688,2017-09-18,65.69000244140625,66.16000366210938,65.63999938964844,66.12000274658203,54.84260559082031,12583500,0.004253070773539758,1688,2017-09-18,65.69000244140625,66.16000366210938,65.63999938964844,66.12000274658203,54.84260559082031,12583500,0.004253070773539758,1688,2017-09-18,65.69000244140625,66.16000366210938,65.63999938964844,66.12000274658203,54.84260559082031,12583500,0.004253070773539758,1688,2017-09-18,65.69000244140625,66.16000366210938,65.63999938964844,66.12000274658203,54.84260559082031,12583500,0.004253070773539758,1688,2017-09-18,65.69000244140625,66.16000366210938,65.63999938964844,66.12000274658203,54.84260559082031,12583500,0.004253070773539758
1689,2017-09-19,66.26000213623047,66.48999786376953,66.12999725341797,66.38999938964844,55.06653594970703,10504300,0.004083145876719652,1689,2017-09-19,66.26000213623047,66.48999786376953,66.12999725341797,66.38999938964844,55.06653594970703,10504300,0.004083145876719652,1689,2017-09-19,66.26000213623047,66.48999786376953,66.12999725341797,66.38999938964844,55.06653594970703,10504300,0.004083145876719652,1689,2017-09-19,66.26000213623047,66.48999786376953,66.12999725341797,66.38999938964844,55.06653594970703,10504300,0.004083145876719652,1689,2017-09-19,66.26000213623047,66.48999786376953,66.12999725341797,66.38999938964844,55.06653594970703,10504300,0.004083145876719652
1690,2017-09-20,66.58000183105469,67.0199966430664,66.5199966430664,66.83999633789062,55.43978500366211,18273800,0.006778146609693669,1690,2017-09-20,66.58000183105469,67.0199966430664,66.5199966430664,66.83999633789062,55.43978500366211,18273800,0.006778146609693669,1690,2017-09-20,66.58000183105469,67.0199966430664,66.5199966430664,66.83999633789062,55.43978500366211,18273800,0.006778146609693669,1690,2017-09-20,66.58000183105469,67.0199966430664,66.5199966430664,66.83999633789062,55.43978500366211,18273800,0.006778146609693669,1690,2017-09-20,66.58000183105469,67.0199966430664,66.5199966430664,66.83999633789062,55.43978500366211,18273800,0.006778146609693669
1691,2017-09-21,66.75,67.02999877929688,66.55999755859375,66.86000061035156,55.45637893676758,8874100,0.00029931452844511597,1691,2017-09-21,66.75,67.02999877929688,66.55999755859375,66.86000061035156,55.45637893676758,8874100,0.00029931452844511597,1691,2017-09-21,66.75,67.02999877929688,66.55999755859375,66.86000061035156,55.45637893676758,8874100,0.00029931452844511597,1691,2017-09-21,66.75,67.02999877929688,66.55999755859375,66.86000061035156,55.45637893676758,8874100,0.00029931452844511597,1691,2017-09-21,66.75,67.02999877929688,66.55999755859375,66.86000061035156,55.45637893676758,8874100,0.00029931452844511597
1692,2017-09-22,66.80000305175781,67.38999938964844,66.7300033569336,67.19999694824219,55.73837661743164,14647900,0.005085035952051564,1692,2017-09-22,66.80000305175781,67.38999938964844,66.7300033569336,67.19999694824219,55.73837661743164,14647900,0.005085035952051564,1692,2017-09-22,66.80000305175781,67.38999938964844,66.7300033569336,67.19999694824219,55.73837661743164,14647900,0.005085035952051564,1692,2017-09-22,66.80000305175781,67.38999938964844,66.7300033569336,67.19999694824219,55.73837661743164,14647900,0.005085035952051564,1692,2017-09-22,66.80000305175781,67.38999938964844,66.7300033569336,67.19999694824219,55.73837661743164,14647900,0.005085035952051564
1693,2017-09-25,67.51000213623047,68.37000274658203,67.44000244140625,68.16999816894531,56.542945861816406,14833800,0.014434744842086955,1693,2017-09-25,67.51000213623047,68.37000274658203,67.44000244140625,68.16999816894531,56.542945861816406,14833800,0.014434744842086955,1693,2017-09-25,67.51000213623047,68.37000274658203,67.44000244140625,68.16999816894531,56.542945861816406,14833800,0.014434744842086955,1693,2017-09-25,67.51000213623047,68.37000274658203,67.44000244140625,68.16999816894531,56.542945861816406,14833800,0.014434744842086955,1693,2017-09-25,67.51000213623047,68.37000274658203,67.44000244140625,68.16999816894531,56.542945861816406,14833800,0.014434744842086955
1694,2017-09-26,68.0,68.2699966430664,67.80999755859375,68.13999938964844,56.51805877685547,10710700,-0.00044014482410870137,1694,2017-09-26,68.0,68.2699966430664,67.80999755859375,68.13999938964844,56.51805877685547,10710700,-0.00044014482410870137,1694,2017-09-26,68.0,68.2699966430664,67.80999755859375,68.13999938964844,56.51805877685547,10710700,-0.00044014482410870137,1694,2017-09-26,68.0,68.2699966430664,67.80999755859375,68.13999938964844,56.51805877685547,10710700,-0.00044014482410870137,1694,2017-09-26,68.0,68.2699966430664,67.80999755859375,68.13999938964844,56.51805877685547,10710700,-0.00044014482410870137
1695,2017-09-27,68.19999694824219,68.44999694824219,67.81999969482422,68.43000030517578,56.758602142333984,10918200,0.00425604436324023,1695,2017-09-27,68.19999694824219,68.44999694824219,67.81999969482422,68.43000030517578,56.758602142333984,10918200,0.00425604436324023,1695,2017-09-27,68.19999694824219,68.44999694824219,67.81999969482422,68.43000030517578,56.758602142333984,10918200,0.00425604436324023,1695,2017-09-27,68.19999694824219,68.44999694824219,67.81999969482422,68.43000030517578,56.758602142333984,10918200,0.00425604436324023,1695,2017-09-27,68.19999694824219,68.44999694824219,67.81999969482422,68.43000030517578,56.758602142333984,10918200,0.00425604436324023
1696,2017-09-28,68.58000183105469,68.9000015258789,68.30000305175781,68.48999786376953,56.80835723876953,11799900,0.0008766089113818598,1696,2017-09-28,68.58000183105469,68.9000015258789,68.30000305175781,68.48999786376953,56.80835723876953,11799900,0.0008766089113818598,1696,2017-09-28,68.58000183105469,68.9000015258789,68.30000305175781,68.48999786376953,56.80835723876953,11799900,0.0008766089113818598,1696,2017-09-28,68.58000183105469,68.9000015258789,68.30000305175781,68.48999786376953,56.80835723876953,11799900,0.0008766089113818598,1696,2017-09-28,68.58000183105469,68.9000015258789,68.30000305175781,68.48999786376953,56.80835723876953,11799900,0.0008766089113818598
1697,2017-09-29,68.25,68.48999786376953,68.02999877929688,68.4800033569336,56.80006790161133,14287500,-0.00014591756496962205,1697,2017-09-29,68.25,68.48999786376953,68.02999877929688,68.4800033569336,56.80006790161133,14287500,-0.00014591756496962205,1697,2017-09-29,68.25,68.48999786376953,68.02999877929688,68.4800033569336,56.80006790161133,14287500,-0.00014591756496962205,1697,2017-09-29,68.25,68.48999786376953,68.02999877929688,68.4800033569336,56.80006790161133,14287500,-0.00014591756496962205,1697,2017-09-29,68.25,68.48999786376953,68.02999877929688,68.4800033569336,56.80006790161133,14287500,-0.00014591756496962205
1698,2017-10-02,67.75,68.4800033569336,67.48999786376953,68.45999908447266,56.783477783203125,12416800,-0.0002920792002738537,1698,2017-10-02,67.75,68.4800033569336,67.48999786376953,68.45999908447266,56.783477783203125,12416800,-0.0002920792002738537,1698,2017-10-02,67.75,68.4800033569336,67.48999786376953,68.45999908447266,56.783477783203125,12416800,-0.0002920792002738537,1698,2017-10-02,67.75,68.4800033569336,67.48999786376953,68.45999908447266,56.783477783203125,12416800,-0.0002920792002738537,1698,2017-10-02,67.75,68.4800033569336,67.48999786376953,68.45999908447266,56.783477783203125,12416800,-0.0002920792002738537
1699,2017-10-03,68.37000274658203,68.62000274658203,68.23999786376953,68.38999938964844,56.72542190551758,7239800,-0.0010224079248404294,1699,2017-10-03,68.37000274658203,68.62000274658203,68.23999786376953,68.38999938964844,56.72542190551758,7239800,-0.0010224079248404294,1699,2017-10-03,68.37000274658203,68.62000274658203,68.23999786376953,68.38999938964844,56.72542190551758,7239800,-0.0010224079248404294,1699,2017-10-03,68.37000274658203,68.62000274658203,68.23999786376953,68.38999938964844,56.72542190551758,7239800,-0.0010224079248404294,1699,2017-10-03,68.37000274658203,68.62000274658203,68.23999786376953,68.38999938964844,56.72542190551758,7239800,-0.0010224079248404294
1700,2017-10-04,68.38999938964844,68.58999633789062,68.0999984741211,68.33999633789062,56.68393325805664,10197600,-0.0007313942508888616,1700,2017-10-04,68.38999938964844,68.58999633789062,68.0999984741211,68.33999633789062,56.68393325805664,10197600,-0.0007313942508888616,1700,2017-10-04,68.38999938964844,68.58999633789062,68.0999984741211,68.33999633789062,56.68393325805664,10197600,-0.0007313942508888616,1700,2017-10-04,68.38999938964844,68.58999633789062,68.0999984741211,68.33999633789062,56.68393325805664,10197600,-0.0007313942508888616,1700,2017-10-04,68.38999938964844,68.58999633789062,68.0999984741211,68.33999633789062,56.68393325805664,10197600,-0.0007313942508888616
1701,2017-10-05,68.38999938964844,68.76000213623047,68.3499984741211,68.6500015258789,56.94108200073242,10161800,0.004536536685009196,1701,2017-10-05,68.38999938964844,68.76000213623047,68.3499984741211,68.6500015258789,56.94108200073242,10161800,0.004536536685009196,1701,2017-10-05,68.38999938964844,68.76000213623047,68.3499984741211,68.6500015258789,56.94108200073242,10161800,0.004536536685009196,1701,2017-10-05,68.38999938964844,68.76000213623047,68.3499984741211,68.6500015258789,56.94108200073242,10161800,0.004536536685009196,1701,2017-10-05,68.38999938964844,68.76000213623047,68.3499984741211,68.6500015258789,56.94108200073242,10161800,0.004536536685009196
1702,2017-10-06,68.0,68.37999725341797,67.83999633789062,68.06999969482422,56.459999084472656,11963300,-0.008448784240762675,1702,2017-10-06,68.0,68.37999725341797,67.83999633789062,68.06999969482422,56.459999084472656,11963300,-0.008448784240762675,1702,2017-10-06,68.0,68.37999725341797,67.83999633789062,68.06999969482422,56.459999084472656,11963300,-0.008448784240762675,1702,2017-10-06,68.0,68.37999725341797,67.83999633789062,68.06999969482422,56.459999084472656,11963300,-0.008448784240762675,1702,2017-10-06,68.0,68.37999725341797,67.83999633789062,68.06999969482422,56.459999084472656,11963300,-0.008448784240762675
1703,2017-10-09,68.1500015258789,68.41999816894531,68.06999969482422,68.20999908447266,56.57611083984375,5764100,0.00205653130099015,1703,2017-10-09,68.1500015258789,68.41999816894531,68.06999969482422,68.20999908447266,56.57611083984375,5764100,0.00205653130099015,1703,2017-10-09,68.1500015258789,68.41999816894531,68.06999969482422,68.20999908447266,56.57611083984375,5764100,0.00205653130099015,1703,2017-10-09,68.1500015258789,68.41999816894531,68.06999969482422,68.20999908447266,56.57611083984375,5764100,0.00205653130099015,1703,2017-10-09,68.1500015258789,68.41999816894531,68.06999969482422,68.20999908447266,56.57611083984375,5764100,0.00205653130099015
1704,2017-10-10,68.69000244140625,68.93000030517578,68.19999694824219,68.2699966430664,56.625892639160156,7763700,0.0008799084733366325,1704,2017-10-10,68.69000244140625,68.93000030517578,68.19999694824219,68.2699966430664,56.625892639160156,7763700,0.0008799084733366325,1704,2017-10-10,68.69000244140625,68.93000030517578,68.19999694824219,68.2699966430664,56.625892639160156,7763700,0.0008799084733366325,1704,2017-10-10,68.69000244140625,68.93000030517578,68.19999694824219,68.2699966430664,56.625892639160156,7763700,0.0008799084733366325,1704,2017-10-10,68.69000244140625,68.93000030517578,68.19999694824219,68.2699966430664,56.625892639160156,7763700,0.0008799084733366325
1705,2017-10-11,68.19000244140625,68.47000122070312,67.91000366210938,68.43000030517578,56.758602142333984,10287000,0.0023436187402730013,1705,2017-10-11,68.19000244140625,68.47000122070312,67.91000366210938,68.43000030517578,56.758602142333984,10287000,0.0023436187402730013,1705,2017-10-11,68.19000244140625,68.47000122070312,67.91000366210938,68.43000030517578,56.758602142333984,10287000,0.0023436187402730013,1705,2017-10-11,68.19000244140625,68.47000122070312,67.91000366210938,68.43000030517578,56.758602142333984,10287000,0.0023436187402730013,1705,2017-10-11,68.19000244140625,68.47000122070312,67.91000366210938,68.43000030517578,56.758602142333984,10287000,0.0023436187402730013
1706,2017-10-12,67.91000366210938,68.2699966430664,67.80000305175781,68.18000030517578,56.551239013671875,10181100,-0.003653422051200339,1706,2017-10-12,67.91000366210938,68.2699966430664,67.80000305175781,68.18000030517578,56.551239013671875,10181100,-0.003653422051200339,1706,2017-10-12,67.91000366210938,68.2699966430664,67.80000305175781,68.18000030517578,56.551239013671875,10181100,-0.003653422051200339,1706,2017-10-12,67.91000366210938,68.2699966430664,67.80000305175781,68.18000030517578,56.551239013671875,10181100,-0.003653422051200339,1706,2017-10-12,67.91000366210938,68.2699966430664,67.80000305175781,68.18000030517578,56.551239013671875,10181100,-0.003653422051200339
1707,2017-10-13,68.58000183105469,68.77999877929688,68.0999984741211,68.13999938964844,56.51805877685547,8893700,-0.0005867287330059145,1707,2017-10-13,68.58000183105469,68.77999877929688,68.0999984741211,68.13999938964844,56.51805877685547,8893700,-0.0005867287330059145,1707,2017-10-13,68.58000183105469,68.77999877929688,68.0999984741211,68.13999938964844,56.51805877685547,8893700,-0.0005867287330059145,1707,2017-10-13,68.58000183105469,68.77999877929688,68.0999984741211,68.13999938964844,56.51805877685547,8893700,-0.0005867287330059145,1707,2017-10-13,68.58000183105469,68.77999877929688,68.0999984741211,68.13999938964844,56.51805877685547,8893700,-0.0005867287330059145
1708,2017-10-16,68.3499984741211,68.69000244140625,68.1500015258789,68.29000091552734,56.64248275756836,7666900,0.002201490698825026,1708,2017-10-16,68.3499984741211,68.69000244140625,68.1500015258789,68.29000091552734,56.64248275756836,7666900,0.002201490698825026,1708,2017-10-16,68.3499984741211,68.69000244140625,68.1500015258789,68.29000091552734,56.64248275756836,7666900,0.002201490698825026,1708,2017-10-16,68.3499984741211,68.69000244140625,68.1500015258789,68.29000091552734,56.64248275756836,7666900,0.002201490698825026,1708,2017-10-16,68.3499984741211,68.69000244140625,68.1500015258789,68.29000091552734,56.64248275756836,7666900,0.002201490698825026
1709,2017-10-17,68.2699966430664,68.47000122070312,67.95999908447266,68.33000183105469,56.67565155029297,8377100,0.0005855815478035264,1709,2017-10-17,68.2699966430664,68.47000122070312,67.95999908447266,68.33000183105469,56.67565155029297,8377100,0.0005855815478035264,1709,2017-10-17,68.2699966430664,68.47000122070312,67.95999908447266,68.33000183105469,56.67565155029297,8377100,0.0005855815478035264,1709,2017-10-17,68.2699966430664,68.47000122070312,67.95999908447266,68.33000183105469,56.67565155029297,8377100,0.0005855815478035264,1709,2017-10-17,68.2699966430664,68.47000122070312,67.95999908447266,68.33000183105469,56.67565155029297,8377100,0.0005855815478035264
1710,2017-10-18,68.27999877929688,68.55999755859375,67.7699966430664,67.8499984741211,56.277523040771484,7706300,-0.00702468341573792,1710,2017-10-18,68.27999877929688,68.55999755859375,67.7699966430664,67.8499984741211,56.277523040771484,7706300,-0.00702468341573792,1710,2017-10-18,68.27999877929688,68.55999755859375,67.7699966430664,67.8499984741211,56.277523040771484,7706300,-0.00702468341573792,1710,2017-10-18,68.27999877929688,68.55999755859375,67.7699966430664,67.8499984741211,56.277523040771484,7706300,-0.00702468341573792,1710,2017-10-18,68.27999877929688,68.55999755859375,67.7699966430664,67.8499984741211,56.277523040771484,7706300,-0.00702468341573792
1711,2017-10-19,67.37999725341797,67.91999816894531,67.3499984741211,67.63999938964844,56.10334777832031,7591900,-0.0030949347632976965,1711,2017-10-19,67.37999725341797,67.91999816894531,67.3499984741211,67.63999938964844,56.10334777832031,7591900,-0.0030949347632976965,1711,2017-10-19,67.37999725341797,67.91999816894531,67.3499984741211,67.63999938964844,56.10334777832031,7591900,-0.0030949347632976965,1711,2017-10-19,67.37999725341797,67.91999816894531,67.3499984741211,67.63999938964844,56.10334777832031,7591900,-0.0030949347632976965,1711,2017-10-19,67.37999725341797,67.91999816894531,67.3499984741211,67.63999938964844,56.10334777832031,7591900,-0.0030949347632976965
1712,2017-10-20,67.79000091552734,67.80999755859375,67.31999969482422,67.7699966430664,56.2111701965332,9820200,0.0019218535521074998,1712,2017-10-20,67.79000091552734,67.80999755859375,67.31999969482422,67.7699966430664,56.2111701965332,9820200,0.0019218535521074998,1712,2017-10-20,67.79000091552734,67.80999755859375,67.31999969482422,67.7699966430664,56.2111701965332,9820200,0.0019218535521074998,1712,2017-10-20,67.79000091552734,67.80999755859375,67.31999969482422,67.7699966430664,56.2111701965332,9820200,0.0019218535521074998,1712,2017-10-20,67.79000091552734,67.80999755859375,67.31999969482422,67.7699966430664,56.2111701965332,9820200,0.0019218535521074998
1713,2017-10-23,67.81999969482422,68.04000091552734,67.36000061035156,67.41999816894531,55.92085647583008,8655300,-0.00516469804289954,1713,2017-10-23,67.81999969482422,68.04000091552734,67.36000061035156,67.41999816894531,55.92085647583008,8655300,-0.00516469804289954,1713,2017-10-23,67.81999969482422,68.04000091552734,67.36000061035156,67.41999816894531,55.92085647583008,8655300,-0.00516469804289954,1713,2017-10-23,67.81999969482422,68.04000091552734,67.36000061035156,67.41999816894531,55.92085647583008,8655300,-0.00516469804289954,1713,2017-10-23,67.81999969482422,68.04000091552734,67.36000061035156,67.41999816894531,55.92085647583008,8655300,-0.00516469804289954
1714,2017-10-24,67.66000366210938,67.8499984741211,67.41000366210938,67.55000305175781,56.0286979675293,9820200,0.0019284663808007974,1714,2017-10-24,67.66000366210938,67.8499984741211,67.41000366210938,67.55000305175781,56.0286979675293,9820200,0.0019284663808007974,1714,2017-10-24,67.66000366210938,67.8499984741211,67.41000366210938,67.55000305175781,56.0286979675293,9820200,0.0019284663808007974,1714,2017-10-24,67.66000366210938,67.8499984741211,67.41000366210938,67.55000305175781,56.0286979675293,9820200,0.0019284663808007974,1714,2017-10-24,67.66000366210938,67.8499984741211,67.41000366210938,67.55000305175781,56.0286979675293,9820200,0.0019284663808007974
1715,2017-10-25,67.43000030517578,67.62999725341797,66.87000274658203,67.08000183105469,55.638851165771484,13522700,-0.00695798431696093,1715,2017-10-25,67.43000030517578,67.62999725341797,66.87000274658203,67.08000183105469,55.638851165771484,13522700,-0.00695798431696093,1715,2017-10-25,67.43000030517578,67.62999725341797,66.87000274658203,67.08000183105469,55.638851165771484,13522700,-0.00695798431696093,1715,2017-10-25,67.43000030517578,67.62999725341797,66.87000274658203,67.08000183105469,55.638851165771484,13522700,-0.00695798431696093,1715,2017-10-25,67.43000030517578,67.62999725341797,66.87000274658203,67.08000183105469,55.638851165771484,13522700,-0.00695798431696093
1716,2017-10-26,67.11000061035156,67.44000244140625,66.81999969482422,67.22000122070312,55.75497055053711,9362200,0.00208701981318149,1716,2017-10-26,67.11000061035156,67.44000244140625,66.81999969482422,67.22000122070312,55.75497055053711,9362200,0.00208701981318149,1716,2017-10-26,67.11000061035156,67.44000244140625,66.81999969482422,67.22000122070312,55.75497055053711,9362200,0.00208701981318149,1716,2017-10-26,67.11000061035156,67.44000244140625,66.81999969482422,67.22000122070312,55.75497055053711,9362200,0.00208701981318149,1716,2017-10-26,67.11000061035156,67.44000244140625,66.81999969482422,67.22000122070312,55.75497055053711,9362200,0.00208701981318149
1717,2017-10-27,66.87000274658203,67.69999694824219,66.33999633789062,67.33999633789062,55.8545036315918,16188000,0.0017851875818761798,1717,2017-10-27,66.87000274658203,67.69999694824219,66.33999633789062,67.33999633789062,55.8545036315918,16188000,0.0017851875818761798,1717,2017-10-27,66.87000274658203,67.69999694824219,66.33999633789062,67.33999633789062,55.8545036315918,16188000,0.0017851875818761798,1717,2017-10-27,66.87000274658203,67.69999694824219,66.33999633789062,67.33999633789062,55.8545036315918,16188000,0.0017851875818761798,1717,2017-10-27,66.87000274658203,67.69999694824219,66.33999633789062,67.33999633789062,55.8545036315918,16188000,0.0017851875818761798
1718,2017-10-30,66.87000274658203,67.87999725341797,66.87000274658203,67.69000244140625,56.14481735229492,11614800,0.0051976779279607754,1718,2017-10-30,66.87000274658203,67.87999725341797,66.87000274658203,67.69000244140625,56.14481735229492,11614800,0.0051976779279607754,1718,2017-10-30,66.87000274658203,67.87999725341797,66.87000274658203,67.69000244140625,56.14481735229492,11614800,0.0051976779279607754,1718,2017-10-30,66.87000274658203,67.87999725341797,66.87000274658203,67.69000244140625,56.14481735229492,11614800,0.0051976779279607754,1718,2017-10-30,66.87000274658203,67.87999725341797,66.87000274658203,67.69000244140625,56.14481735229492,11614800,0.0051976779279607754
1719,2017-10-31,67.72000122070312,68.16000366210938,67.41999816894531,67.91000366210938,56.32729721069336,9649000,0.003250163897647429,1719,2017-10-31,67.72000122070312,68.16000366210938,67.41999816894531,67.91000366210938,56.32729721069336,9649000,0.003250163897647429,1719,2017-10-31,67.72000122070312,68.16000366210938,67.41999816894531,67.91000366210938,56.32729721069336,9649000,0.003250163897647429,1719,2017-10-31,67.72000122070312,68.16000366210938,67.41999816894531,67.91000366210938,56.32729721069336,9649000,0.003250163897647429,1719,2017-10-31,67.72000122070312,68.16000366210938,67.41999816894531,67.91000366210938,56.32729721069336,9649000,0.003250163897647429
1720,2017-11-01,68.31999969482422,69.0,68.29000091552734,68.68000030517578,56.9659538269043,17306300,0.011338314597663546,1720,2017-11-01,68.31999969482422,69.0,68.29000091552734,68.68000030517578,56.9659538269043,17306300,0.011338314597663546,1720,2017-11-01,68.31999969482422,69.0,68.29000091552734,68.68000030517578,56.9659538269043,17306300,0.011338314597663546,1720,2017-11-01,68.31999969482422,69.0,68.29000091552734,68.68000030517578,56.9659538269043,17306300,0.011338314597663546,1720,2017-11-01,68.31999969482422,69.0,68.29000091552734,68.68000030517578,56.9659538269043,17306300,0.011338314597663546
1721,2017-11-02,68.68000030517578,68.87000274658203,68.06999969482422,68.4800033569336,56.80006790161133,11328300,-0.002912018743634559,1721,2017-11-02,68.68000030517578,68.87000274658203,68.06999969482422,68.4800033569336,56.80006790161133,11328300,-0.002912018743634559,1721,2017-11-02,68.68000030517578,68.87000274658203,68.06999969482422,68.4800033569336,56.80006790161133,11328300,-0.002912018743634559,1721,2017-11-02,68.68000030517578,68.87000274658203,68.06999969482422,68.4800033569336,56.80006790161133,11328300,-0.002912018743634559,1721,2017-11-02,68.68000030517578,68.87000274658203,68.06999969482422,68.4800033569336,56.80006790161133,11328300,-0.002912018743634559
1722,2017-11-03,68.44999694824219,68.94999694824219,68.37999725341797,68.68000030517578,56.9659538269043,11111900,0.0029205233624072235,1722,2017-11-03,68.44999694824219,68.94999694824219,68.37999725341797,68.68000030517578,56.9659538269043,11111900,0.0029205233624072235,1722,2017-11-03,68.44999694824219,68.94999694824219,68.37999725341797,68.68000030517578,56.9659538269043,11111900,0.0029205233624072235,1722,2017-11-03,68.44999694824219,68.94999694824219,68.37999725341797,68.68000030517578,56.9659538269043,11111900,0.0029205233624072235,1722,2017-11-03,68.44999694824219,68.94999694824219,68.37999725341797,68.68000030517578,56.9659538269043,11111900,0.0029205233624072235
1723,2017-11-06,68.98999786376953,70.33999633789062,68.87000274658203,70.25,58.2681770324707,19100000,0.022859675263637635,1723,2017-11-06,68.98999786376953,70.33999633789062,68.87000274658203,70.25,58.2681770324707,19100000,0.022859675263637635,1723,2017-11-06,68.98999786376953,70.33999633789062,68.87000274658203,70.25,58.2681770324707,19100000,0.022859675263637635,1723,2017-11-06,68.98999786376953,70.33999633789062,68.87000274658203,70.25,58.2681770324707,19100000,0.022859675263637635,1723,2017-11-06,68.98999786376953,70.33999633789062,68.87000274658203,70.25,58.2681770324707,19100000,0.022859675263637635
1724,2017-11-07,70.37000274658203,70.47000122070312,69.79000091552734,70.16000366210938,58.19353485107422,13410300,-0.0012810110972734101,1724,2017-11-07,70.37000274658203,70.47000122070312,69.79000091552734,70.16000366210938,58.19353485107422,13410300,-0.0012810110972734101,1724,2017-11-07,70.37000274658203,70.47000122070312,69.79000091552734,70.16000366210938,58.19353485107422,13410300,-0.0012810110972734101,1724,2017-11-07,70.37000274658203,70.47000122070312,69.79000091552734,70.16000366210938,58.19353485107422,13410300,-0.0012810110972734101,1724,2017-11-07,70.37000274658203,70.47000122070312,69.79000091552734,70.16000366210938,58.19353485107422,13410300,-0.0012810110972734101
1725,2017-11-08,69.98999786376953,70.16999816894531,69.43000030517578,69.81999969482422,57.91151809692383,14246600,-0.0048461870355892556,1725,2017-11-08,69.98999786376953,70.16999816894531,69.43000030517578,69.81999969482422,57.91151809692383,14246600,-0.0048461870355892556,1725,2017-11-08,69.98999786376953,70.16999816894531,69.43000030517578,69.81999969482422,57.91151809692383,14246600,-0.0048461870355892556,1725,2017-11-08,69.98999786376953,70.16999816894531,69.43000030517578,69.81999969482422,57.91151809692383,14246600,-0.0048461870355892556,1725,2017-11-08,69.98999786376953,70.16999816894531,69.43000030517578,69.81999969482422,57.91151809692383,14246600,-0.0048461870355892556
1726,2017-11-09,69.55000305175781,70.1500015258789,69.44999694824219,70.02999877929688,58.085697174072266,12988900,0.0030076758971664397,1726,2017-11-09,69.55000305175781,70.1500015258789,69.44999694824219,70.02999877929688,58.085697174072266,12988900,0.0030076758971664397,1726,2017-11-09,69.55000305175781,70.1500015258789,69.44999694824219,70.02999877929688,58.085697174072266,12988900,0.0030076758971664397,1726,2017-11-09,69.55000305175781,70.1500015258789,69.44999694824219,70.02999877929688,58.085697174072266,12988900,0.0030076758971664397,1726,2017-11-09,69.55000305175781,70.1500015258789,69.44999694824219,70.02999877929688,58.085697174072266,12988900,0.0030076758971664397
1727,2017-11-10,69.91000366210938,69.97000122070312,69.12999725341797,69.66000366210938,57.77880859375,10534200,-0.005283376033218268,1727,2017-11-10,69.91000366210938,69.97000122070312,69.12999725341797,69.66000366210938,57.77880859375,10534200,-0.005283376033218268,1727,2017-11-10,69.91000366210938,69.97000122070312,69.12999725341797,69.66000366210938,57.77880859375,10534200,-0.005283376033218268,1727,2017-11-10,69.91000366210938,69.97000122070312,69.12999725341797,69.66000366210938,57.77880859375,10534200,-0.005283376033218268,1727,2017-11-10,69.91000366210938,69.97000122070312,69.12999725341797,69.66000366210938,57.77880859375,10534200,-0.005283376033218268
1728,2017-11-13,69.47000122070312,69.7300033569336,69.18000030517578,69.26000213623047,57.4470329284668,7489800,-0.0057421686836078845,1728,2017-11-13,69.47000122070312,69.7300033569336,69.18000030517578,69.26000213623047,57.4470329284668,7489800,-0.0057421686836078845,1728,2017-11-13,69.47000122070312,69.7300033569336,69.18000030517578,69.26000213623047,57.4470329284668,7489800,-0.0057421686836078845,1728,2017-11-13,69.47000122070312,69.7300033569336,69.18000030517578,69.26000213623047,57.4470329284668,7489800,-0.0057421686836078845,1728,2017-11-13,69.47000122070312,69.7300033569336,69.18000030517578,69.26000213623047,57.4470329284668,7489800,-0.0057421686836078845
1729,2017-11-14,69.0,69.0,68.05999755859375,68.13999938964844,56.51805877685547,16527700,-0.016170968355634474,1729,2017-11-14,69.0,69.0,68.05999755859375,68.13999938964844,56.51805877685547,16527700,-0.016170968355634474,1729,2017-11-14,69.0,69.0,68.05999755859375,68.13999938964844,56.51805877685547,16527700,-0.016170968355634474,1729,2017-11-14,69.0,69.0,68.05999755859375,68.13999938964844,56.51805877685547,16527700,-0.016170968355634474,1729,2017-11-14,69.0,69.0,68.05999755859375,68.13999938964844,56.51805877685547,16527700,-0.016170968355634474
1730,2017-11-15,67.52999877929688,67.66999816894531,67.08999633789062,67.37000274658203,55.87940216064453,17693100,-0.011300045154283844,1730,2017-11-15,67.52999877929688,67.66999816894531,67.08999633789062,67.37000274658203,55.87940216064453,17693100,-0.011300045154283844,1730,2017-11-15,67.52999877929688,67.66999816894531,67.08999633789062,67.37000274658203,55.87940216064453,17693100,-0.011300045154283844,1730,2017-11-15,67.52999877929688,67.66999816894531,67.08999633789062,67.37000274658203,55.87940216064453,17693100,-0.011300045154283844,1730,2017-11-15,67.52999877929688,67.66999816894531,67.08999633789062,67.37000274658203,55.87940216064453,17693100,-0.011300045154283844
1731,2017-11-16,67.16000366210938,67.4000015258789,66.91000366210938,67.0999984741211,55.65544891357422,12514000,-0.004007796046680667,1731,2017-11-16,67.16000366210938,67.4000015258789,66.91000366210938,67.0999984741211,55.65544891357422,12514000,-0.004007796046680667,1731,2017-11-16,67.16000366210938,67.4000015258789,66.91000366210938,67.0999984741211,55.65544891357422,12514000,-0.004007796046680667,1731,2017-11-16,67.16000366210938,67.4000015258789,66.91000366210938,67.0999984741211,55.65544891357422,12514000,-0.004007796046680667,1731,2017-11-16,67.16000366210938,67.4000015258789,66.91000366210938,67.0999984741211,55.65544891357422,12514000,-0.004007796046680667
1732,2017-11-17,67.2300033569336,67.56999969482422,67.05999755859375,67.43000030517578,55.92915344238281,9172400,0.004917838848692568,1732,2017-11-17,67.2300033569336,67.56999969482422,67.05999755859375,67.43000030517578,55.92915344238281,9172400,0.004917838848692568,1732,2017-11-17,67.2300033569336,67.56999969482422,67.05999755859375,67.43000030517578,55.92915344238281,9172400,0.004917838848692568,1732,2017-11-17,67.2300033569336,67.56999969482422,67.05999755859375,67.43000030517578,55.92915344238281,9172400,0.004917838848692568,1732,2017-11-17,67.2300033569336,67.56999969482422,67.05999755859375,67.43000030517578,55.92915344238281,9172400,0.004917838848692568
1733,2017-11-20,67.3499984741211,67.41000366210938,66.97000122070312,67.2699966430664,55.79645538330078,7785300,-0.0023726098271581453,1733,2017-11-20,67.3499984741211,67.41000366210938,66.97000122070312,67.2699966430664,55.79645538330078,7785300,-0.0023726098271581453,1733,2017-11-20,67.3499984741211,67.41000366210938,66.97000122070312,67.2699966430664,55.79645538330078,7785300,-0.0023726098271581453,1733,2017-11-20,67.3499984741211,67.41000366210938,66.97000122070312,67.2699966430664,55.79645538330078,7785300,-0.0023726098271581453,1733,2017-11-20,67.3499984741211,67.41000366210938,66.97000122070312,67.2699966430664,55.79645538330078,7785300,-0.0023726098271581453
1734,2017-11-21,67.52999877929688,67.80000305175781,67.27999877929688,67.41999816894531,55.92085647583008,8464400,0.002229551889536774,1734,2017-11-21,67.52999877929688,67.80000305175781,67.27999877929688,67.41999816894531,55.92085647583008,8464400,0.002229551889536774,1734,2017-11-21,67.52999877929688,67.80000305175781,67.27999877929688,67.41999816894531,55.92085647583008,8464400,0.002229551889536774,1734,2017-11-21,67.52999877929688,67.80000305175781,67.27999877929688,67.41999816894531,55.92085647583008,8464400,0.002229551889536774,1734,2017-11-21,67.52999877929688,67.80000305175781,67.27999877929688,67.41999816894531,55.92085647583008,8464400,0.002229551889536774
1735,2017-11-22,67.81999969482422,67.95999908447266,67.6500015258789,67.69000244140625,56.14481735229492,9307500,0.004004961486268499,1735,2017-11-22,67.81999969482422,67.95999908447266,67.6500015258789,67.69000244140625,56.14481735229492,9307500,0.004004961486268499,1735,2017-11-22,67.81999969482422,67.95999908447266,67.6500015258789,67.69000244140625,56.14481735229492,9307500,0.004004961486268499,1735,2017-11-22,67.81999969482422,67.95999908447266,67.6500015258789,67.69000244140625,56.14481735229492,9307500,0.004004961486268499,1735,2017-11-22,67.81999969482422,67.95999908447266,67.6500015258789,67.69000244140625,56.14481735229492,9307500,0.004004961486268499
1736,2017-11-24,67.95999908447266,68.0999984741211,67.87000274658203,67.87999725341797,56.30240249633789,4990700,0.0028067620748351008,1736,2017-11-24,67.95999908447266,68.0999984741211,67.87000274658203,67.87999725341797,56.30240249633789,4990700,0.0028067620748351008,1736,2017-11-24,67.95999908447266,68.0999984741211,67.87000274658203,67.87999725341797,56.30240249633789,4990700,0.0028067620748351008,1736,2017-11-24,67.95999908447266,68.0999984741211,67.87000274658203,67.87999725341797,56.30240249633789,4990700,0.0028067620748351008,1736,2017-11-24,67.95999908447266,68.0999984741211,67.87000274658203,67.87999725341797,56.30240249633789,4990700,0.0028067620748351008
1737,2017-11-27,67.58999633789062,67.66999816894531,67.05000305175781,67.19000244140625,55.73009490966797,10595800,-0.010164887487832286,1737,2017-11-27,67.58999633789062,67.66999816894531,67.05000305175781,67.19000244140625,55.73009490966797,10595800,-0.010164887487832286,1737,2017-11-27,67.58999633789062,67.66999816894531,67.05000305175781,67.19000244140625,55.73009490966797,10595800,-0.010164887487832286,1737,2017-11-27,67.58999633789062,67.66999816894531,67.05000305175781,67.19000244140625,55.73009490966797,10595800,-0.010164887487832286,1737,2017-11-27,67.58999633789062,67.66999816894531,67.05000305175781,67.19000244140625,55.73009490966797,10595800,-0.010164887487832286
1738,2017-11-28,67.26000213623047,67.80999755859375,67.18000030517578,67.70999908447266,56.16141128540039,12113300,0.007739379888577869,1738,2017-11-28,67.26000213623047,67.80999755859375,67.18000030517578,67.70999908447266,56.16141128540039,12113300,0.007739379888577869,1738,2017-11-28,67.26000213623047,67.80999755859375,67.18000030517578,67.70999908447266,56.16141128540039,12113300,0.007739379888577869,1738,2017-11-28,67.26000213623047,67.80999755859375,67.18000030517578,67.70999908447266,56.16141128540039,12113300,0.007739379888577869,1738,2017-11-28,67.26000213623047,67.80999755859375,67.18000030517578,67.70999908447266,56.16141128540039,12113300,0.007739379888577869
1739,2017-11-29,67.68000030517578,68.20999908447266,67.54000091552734,68.08000183105469,56.46828842163086,13599300,0.005464199157513727,1739,2017-11-29,67.68000030517578,68.20999908447266,67.54000091552734,68.08000183105469,56.46828842163086,13599300,0.005464199157513727,1739,2017-11-29,67.68000030517578,68.20999908447266,67.54000091552734,68.08000183105469,56.46828842163086,13599300,0.005464199157513727,1739,2017-11-29,67.68000030517578,68.20999908447266,67.54000091552734,68.08000183105469,56.46828842163086,13599300,0.005464199157513727,1739,2017-11-29,67.68000030517578,68.20999908447266,67.54000091552734,68.08000183105469,56.46828842163086,13599300,0.005464199157513727
1740,2017-11-30,68.23999786376953,69.2300033569336,68.23999786376953,69.0999984741211,57.3143196105957,22303600,0.014982412476322926,1740,2017-11-30,68.23999786376953,69.2300033569336,68.23999786376953,69.0999984741211,57.3143196105957,22303600,0.014982412476322926,1740,2017-11-30,68.23999786376953,69.2300033569336,68.23999786376953,69.0999984741211,57.3143196105957,22303600,0.014982412476322926,1740,2017-11-30,68.23999786376953,69.2300033569336,68.23999786376953,69.0999984741211,57.3143196105957,22303600,0.014982412476322926,1740,2017-11-30,68.23999786376953,69.2300033569336,68.23999786376953,69.0999984741211,57.3143196105957,22303600,0.014982412476322926
1741,2017-12-01,69.58999633789062,70.16000366210938,68.94000244140625,69.68000030517578,57.79539489746094,21188300,0.008393631646222977,1741,2017-12-01,69.58999633789062,70.16000366210938,68.94000244140625,69.68000030517578,57.79539489746094,21188300,0.008393631646222977,1741,2017-12-01,69.58999633789062,70.16000366210938,68.94000244140625,69.68000030517578,57.79539489746094,21188300,0.008393631646222977,1741,2017-12-01,69.58999633789062,70.16000366210938,68.94000244140625,69.68000030517578,57.79539489746094,21188300,0.008393631646222977,1741,2017-12-01,69.58999633789062,70.16000366210938,68.94000244140625,69.68000030517578,57.79539489746094,21188300,0.008393631646222977
1742,2017-12-04,70.2699966430664,70.75,69.43000030517578,69.6500015258789,57.7705192565918,13575900,-0.00043040870147659227,1742,2017-12-04,70.2699966430664,70.75,69.43000030517578,69.6500015258789,57.7705192565918,13575900,-0.00043040870147659227,1742,2017-12-04,70.2699966430664,70.75,69.43000030517578,69.6500015258789,57.7705192565918,13575900,-0.00043040870147659227,1742,2017-12-04,70.2699966430664,70.75,69.43000030517578,69.6500015258789,57.7705192565918,13575900,-0.00043040870147659227,1742,2017-12-04,70.2699966430664,70.75,69.43000030517578,69.6500015258789,57.7705192565918,13575900,-0.00043040870147659227
1743,2017-12-05,69.6500015258789,69.9000015258789,69.2699966430664,69.3499984741211,57.52167510986328,10689800,-0.004307459062696917,1743,2017-12-05,69.6500015258789,69.9000015258789,69.2699966430664,69.3499984741211,57.52167510986328,10689800,-0.004307459062696917,1743,2017-12-05,69.6500015258789,69.9000015258789,69.2699966430664,69.3499984741211,57.52167510986328,10689800,-0.004307459062696917,1743,2017-12-05,69.6500015258789,69.9000015258789,69.2699966430664,69.3499984741211,57.52167510986328,10689800,-0.004307459062696917,1743,2017-12-05,69.6500015258789,69.9000015258789,69.2699966430664,69.3499984741211,57.52167510986328,10689800,-0.004307459062696917
1744,2017-12-06,69.1500015258789,69.2699966430664,68.3499984741211,68.44999694824219,56.775177001953125,12061200,-0.01297768374242203,1744,2017-12-06,69.1500015258789,69.2699966430664,68.3499984741211,68.44999694824219,56.775177001953125,12061200,-0.01297768374242203,1744,2017-12-06,69.1500015258789,69.2699966430664,68.3499984741211,68.44999694824219,56.775177001953125,12061200,-0.01297768374242203,1744,2017-12-06,69.1500015258789,69.2699966430664,68.3499984741211,68.44999694824219,56.775177001953125,12061200,-0.01297768374242203,1744,2017-12-06,69.1500015258789,69.2699966430664,68.3499984741211,68.44999694824219,56.775177001953125,12061200,-0.01297768374242203
1745,2017-12-07,68.37999725341797,68.7699966430664,68.31999969482422,68.6500015258789,56.94108200073242,8640000,0.0029221397015386508,1745,2017-12-07,68.37999725341797,68.7699966430664,68.31999969482422,68.6500015258789,56.94108200073242,8640000,0.0029221397015386508,1745,2017-12-07,68.37999725341797,68.7699966430664,68.31999969482422,68.6500015258789,56.94108200073242,8640000,0.0029221397015386508,1745,2017-12-07,68.37999725341797,68.7699966430664,68.31999969482422,68.6500015258789,56.94108200073242,8640000,0.0029221397015386508,1745,2017-12-07,68.37999725341797,68.7699966430664,68.31999969482422,68.6500015258789,56.94108200073242,8640000,0.0029221397015386508
1746,2017-12-08,69.0,69.30999755859375,66.69000244140625,69.27999877929688,57.4636116027832,10696700,0.009176671459177,1746,2017-12-08,69.0,69.30999755859375,66.69000244140625,69.27999877929688,57.4636116027832,10696700,0.009176671459177,1746,2017-12-08,69.0,69.30999755859375,66.69000244140625,69.27999877929688,57.4636116027832,10696700,0.009176671459177,1746,2017-12-08,69.0,69.30999755859375,66.69000244140625,69.27999877929688,57.4636116027832,10696700,0.009176671459177,1746,2017-12-08,69.0,69.30999755859375,66.69000244140625,69.27999877929688,57.4636116027832,10696700,0.009176671459177
1747,2017-12-11,69.41000366210938,70.13999938964844,69.37000274658203,69.77999877929688,57.87834167480469,11316700,0.007217264290457548,1747,2017-12-11,69.41000366210938,70.13999938964844,69.37000274658203,69.77999877929688,57.87834167480469,11316700,0.007217264290457548,1747,2017-12-11,69.41000366210938,70.13999938964844,69.37000274658203,69.77999877929688,57.87834167480469,11316700,0.007217264290457548,1747,2017-12-11,69.41000366210938,70.13999938964844,69.37000274658203,69.77999877929688,57.87834167480469,11316700,0.007217264290457548,1747,2017-12-11,69.41000366210938,70.13999938964844,69.37000274658203,69.77999877929688,57.87834167480469,11316700,0.007217264290457548
1748,2017-12-12,69.58999633789062,70.12999725341797,69.5,69.58999633789062,57.72074890136719,11758200,-0.00272282807138724,1748,2017-12-12,69.58999633789062,70.12999725341797,69.5,69.58999633789062,57.72074890136719,11758200,-0.00272282807138724,1748,2017-12-12,69.58999633789062,70.12999725341797,69.5,69.58999633789062,57.72074890136719,11758200,-0.00272282807138724,1748,2017-12-12,69.58999633789062,70.12999725341797,69.5,69.58999633789062,57.72074890136719,11758200,-0.00272282807138724,1748,2017-12-12,69.58999633789062,70.12999725341797,69.5,69.58999633789062,57.72074890136719,11758200,-0.00272282807138724
1749,2017-12-13,69.58999633789062,69.75,69.29000091552734,69.48999786376953,57.63780212402344,9216000,-0.0014370357093856923,1749,2017-12-13,69.58999633789062,69.75,69.29000091552734,69.48999786376953,57.63780212402344,9216000,-0.0014370357093856923,1749,2017-12-13,69.58999633789062,69.75,69.29000091552734,69.48999786376953,57.63780212402344,9216000,-0.0014370357093856923,1749,2017-12-13,69.58999633789062,69.75,69.29000091552734,69.48999786376953,57.63780212402344,9216000,-0.0014370357093856923,1749,2017-12-13,69.58999633789062,69.75,69.29000091552734,69.48999786376953,57.63780212402344,9216000,-0.0014370357093856923
1750,2017-12-14,69.2300033569336,69.7300033569336,69.20999908447266,69.23999786376953,57.4304313659668,11782800,-0.0035978255661176517,1750,2017-12-14,69.2300033569336,69.7300033569336,69.20999908447266,69.23999786376953,57.4304313659668,11782800,-0.0035978255661176517,1750,2017-12-14,69.2300033569336,69.7300033569336,69.20999908447266,69.23999786376953,57.4304313659668,11782800,-0.0035978255661176517,1750,2017-12-14,69.2300033569336,69.7300033569336,69.20999908447266,69.23999786376953,57.4304313659668,11782800,-0.0035978255661176517,1750,2017-12-14,69.2300033569336,69.7300033569336,69.20999908447266,69.23999786376953,57.4304313659668,11782800,-0.0035978255661176517
1751,2017-12-15,69.2699966430664,69.2699966430664,68.62999725341797,68.72000122070312,57.37868881225586,10153400,-0.0009009605618529593,1751,2017-12-15,69.2699966430664,69.2699966430664,68.62999725341797,68.72000122070312,57.37868881225586,10153400,-0.0009009605618529593,1751,2017-12-15,69.2699966430664,69.2699966430664,68.62999725341797,68.72000122070312,57.37868881225586,10153400,-0.0009009605618529593,1751,2017-12-15,69.2699966430664,69.2699966430664,68.62999725341797,68.72000122070312,57.37868881225586,10153400,-0.0009009605618529593,1751,2017-12-15,69.2699966430664,69.2699966430664,68.62999725341797,68.72000122070312,57.37868881225586,10153400,-0.0009009605618529593
1752,2017-12-18,68.88999938964844,69.5999984741211,68.87000274658203,69.25,57.821205139160156,9660700,0.007712207024322515,1752,2017-12-18,68.88999938964844,69.5999984741211,68.87000274658203,69.25,57.821205139160156,9660700,0.007712207024322515,1752,2017-12-18,68.88999938964844,69.5999984741211,68.87000274658203,69.25,57.821205139160156,9660700,0.007712207024322515,1752,2017-12-18,68.88999938964844,69.5999984741211,68.87000274658203,69.25,57.821205139160156,9660700,0.007712207024322515,1752,2017-12-18,68.88999938964844,69.5999984741211,68.87000274658203,69.25,57.821205139160156,9660700,0.007712207024322515
1753,2017-12-19,69.56999969482422,69.75,69.19000244140625,69.3499984741211,57.904701232910156,6764200,0.001444039319987267,1753,2017-12-19,69.56999969482422,69.75,69.19000244140625,69.3499984741211,57.904701232910156,6764200,0.001444039319987267,1753,2017-12-19,69.56999969482422,69.75,69.19000244140625,69.3499984741211,57.904701232910156,6764200,0.001444039319987267,1753,2017-12-19,69.56999969482422,69.75,69.19000244140625,69.3499984741211,57.904701232910156,6764200,0.001444039319987267,1753,2017-12-19,69.56999969482422,69.75,69.19000244140625,69.3499984741211,57.904701232910156,6764200,0.001444039319987267
1754,2017-12-20,69.58000183105469,70.44999694824219,69.37000274658203,70.33000183105469,58.72296142578125,12254500,0.014131153005691344,1754,2017-12-20,69.58000183105469,70.44999694824219,69.37000274658203,70.33000183105469,58.72296142578125,12254500,0.014131153005691344,1754,2017-12-20,69.58000183105469,70.44999694824219,69.37000274658203,70.33000183105469,58.72296142578125,12254500,0.014131153005691344,1754,2017-12-20,69.58000183105469,70.44999694824219,69.37000274658203,70.33000183105469,58.72296142578125,12254500,0.014131153005691344,1754,2017-12-20,69.58000183105469,70.44999694824219,69.37000274658203,70.33000183105469,58.72296142578125,12254500,0.014131153005691344
1755,2017-12-21,70.36000061035156,72.02999877929688,70.29000091552734,71.81999969482422,59.967071533203125,16803100,0.021186092751713126,1755,2017-12-21,70.36000061035156,72.02999877929688,70.29000091552734,71.81999969482422,59.967071533203125,16803100,0.021186092751713126,1755,2017-12-21,70.36000061035156,72.02999877929688,70.29000091552734,71.81999969482422,59.967071533203125,16803100,0.021186092751713126,1755,2017-12-21,70.36000061035156,72.02999877929688,70.29000091552734,71.81999969482422,59.967071533203125,16803100,0.021186092751713126,1755,2017-12-21,70.36000061035156,72.02999877929688,70.29000091552734,71.81999969482422,59.967071533203125,16803100,0.021186092751713126
1756,2017-12-22,71.9000015258789,72.26000213623047,71.5999984741211,71.97000122070312,60.09231185913086,10660800,0.002088484942246893,1756,2017-12-22,71.9000015258789,72.26000213623047,71.5999984741211,71.97000122070312,60.09231185913086,10660800,0.002088484942246893,1756,2017-12-22,71.9000015258789,72.26000213623047,71.5999984741211,71.97000122070312,60.09231185913086,10660800,0.002088484942246893,1756,2017-12-22,71.9000015258789,72.26000213623047,71.5999984741211,71.97000122070312,60.09231185913086,10660800,0.002088484942246893,1756,2017-12-22,71.9000015258789,72.26000213623047,71.5999984741211,71.97000122070312,60.09231185913086,10660800,0.002088484942246893
1757,2017-12-26,72.2300033569336,72.72000122070312,72.08000183105469,72.5999984741211,60.61833190917969,8631100,0.008753533252006118,1757,2017-12-26,72.2300033569336,72.72000122070312,72.08000183105469,72.5999984741211,60.61833190917969,8631100,0.008753533252006118,1757,2017-12-26,72.2300033569336,72.72000122070312,72.08000183105469,72.5999984741211,60.61833190917969,8631100,0.008753533252006118,1757,2017-12-26,72.2300033569336,72.72000122070312,72.08000183105469,72.5999984741211,60.61833190917969,8631100,0.008753533252006118,1757,2017-12-26,72.2300033569336,72.72000122070312,72.08000183105469,72.5999984741211,60.61833190917969,8631100,0.008753533252006118
1758,2017-12-27,72.61000061035156,72.63999938964844,72.20999908447266,72.36000061035156,60.417945861816406,10855300,-0.0033057004548311397,1758,2017-12-27,72.61000061035156,72.63999938964844,72.20999908447266,72.36000061035156,60.417945861816406,10855300,-0.0033057004548311397,1758,2017-12-27,72.61000061035156,72.63999938964844,72.20999908447266,72.36000061035156,60.417945861816406,10855300,-0.0033057004548311397,1758,2017-12-27,72.61000061035156,72.63999938964844,72.20999908447266,72.36000061035156,60.417945861816406,10855300,-0.0033057004548311397,1758,2017-12-27,72.61000061035156,72.63999938964844,72.20999908447266,72.36000061035156,60.417945861816406,10855300,-0.0033057004548311397
1759,2017-12-28,72.3499984741211,72.47000122070312,72.22000122070312,72.47000122070312,60.50979232788086,7966800,0.0015201851826363022,1759,2017-12-28,72.3499984741211,72.47000122070312,72.22000122070312,72.47000122070312,60.50979232788086,7966800,0.0015201851826363022,1759,2017-12-28,72.3499984741211,72.47000122070312,72.22000122070312,72.47000122070312,60.50979232788086,7966800,0.0015201851826363022,1759,2017-12-28,72.3499984741211,72.47000122070312,72.22000122070312,72.47000122070312,60.50979232788086,7966800,0.0015201851826363022,1759,2017-12-28,72.3499984741211,72.47000122070312,72.22000122070312,72.47000122070312,60.50979232788086,7966800,0.0015201851826363022
1760,2017-12-29,72.66000366210938,72.69999694824219,72.13999938964844,72.26000213623047,60.33444595336914,7356400,-0.002897818150846998,1760,2017-12-29,72.66000366210938,72.69999694824219,72.13999938964844,72.26000213623047,60.33444595336914,7356400,-0.002897818150846998,1760,2017-12-29,72.66000366210938,72.69999694824219,72.13999938964844,72.26000213623047,60.33444595336914,7356400,-0.002897818150846998,1760,2017-12-29,72.66000366210938,72.69999694824219,72.13999938964844,72.26000213623047,60.33444595336914,7356400,-0.002897818150846998,1760,2017-12-29,72.66000366210938,72.69999694824219,72.13999938964844,72.26000213623047,60.33444595336914,7356400,-0.002897818150846998
1761,2018-01-02,72.62000274658203,73.52999877929688,72.38999938964844,73.44999694824219,61.32804870605469,14891400,0.016468250217354763,1761,2018-01-02,72.62000274658203,73.52999877929688,72.38999938964844,73.44999694824219,61.32804870605469,14891400,0.016468250217354763,1761,2018-01-02,72.62000274658203,73.52999877929688,72.38999938964844,73.44999694824219,61.32804870605469,14891400,0.016468250217354763,1761,2018-01-02,72.62000274658203,73.52999877929688,72.38999938964844,73.44999694824219,61.32804870605469,14891400,0.016468250217354763,1761,2018-01-02,72.62000274658203,73.52999877929688,72.38999938964844,73.44999694824219,61.32804870605469,14891400,0.016468250217354763
1762,2018-01-03,73.5999984741211,74.73999786376953,73.5199966430664,74.55000305175781,62.246524810791016,19299600,0.014976444287973179,1762,2018-01-03,73.5999984741211,74.73999786376953,73.5199966430664,74.55000305175781,62.246524810791016,19299600,0.014976444287973179,1762,2018-01-03,73.5999984741211,74.73999786376953,73.5199966430664,74.55000305175781,62.246524810791016,19299600,0.014976444287973179,1762,2018-01-03,73.5999984741211,74.73999786376953,73.5199966430664,74.55000305175781,62.246524810791016,19299600,0.014976444287973179,1762,2018-01-03,73.5999984741211,74.73999786376953,73.5199966430664,74.55000305175781,62.246524810791016,19299600,0.014976444287973179
1763,2018-01-04,74.5,75.05000305175781,74.2300033569336,75.0,62.622257232666016,14306800,0.006036199177658519,1763,2018-01-04,74.5,75.05000305175781,74.2300033569336,75.0,62.622257232666016,14306800,0.006036199177658519,1763,2018-01-04,74.5,75.05000305175781,74.2300033569336,75.0,62.622257232666016,14306800,0.006036199177658519,1763,2018-01-04,74.5,75.05000305175781,74.2300033569336,75.0,62.622257232666016,14306800,0.006036199177658519,1763,2018-01-04,74.5,75.05000305175781,74.2300033569336,75.0,62.622257232666016,14306800,0.006036199177658519
1764,2018-01-05,74.9000015258789,75.02999877929688,74.3499984741211,74.97000122070312,62.597198486328125,14204400,-0.0004001571876399712,1764,2018-01-05,74.9000015258789,75.02999877929688,74.3499984741211,74.97000122070312,62.597198486328125,14204400,-0.0004001571876399712,1764,2018-01-05,74.9000015258789,75.02999877929688,74.3499984741211,74.97000122070312,62.597198486328125,14204400,-0.0004001571876399712,1764,2018-01-05,74.9000015258789,75.02999877929688,74.3499984741211,74.97000122070312,62.597198486328125,14204400,-0.0004001571876399712,1764,2018-01-05,74.9000015258789,75.02999877929688,74.3499984741211,74.97000122070312,62.597198486328125,14204400,-0.0004001571876399712
1765,2018-01-08,74.94000244140625,75.45999908447266,74.73999786376953,75.41999816894531,62.972930908203125,9779200,0.0060023839877925145,1765,2018-01-08,74.94000244140625,75.45999908447266,74.73999786376953,75.41999816894531,62.972930908203125,9779200,0.0060023839877925145,1765,2018-01-08,74.94000244140625,75.45999908447266,74.73999786376953,75.41999816894531,62.972930908203125,9779200,0.0060023839877925145,1765,2018-01-08,74.94000244140625,75.45999908447266,74.73999786376953,75.41999816894531,62.972930908203125,9779200,0.0060023839877925145,1765,2018-01-08,74.94000244140625,75.45999908447266,74.73999786376953,75.41999816894531,62.972930908203125,9779200,0.0060023839877925145
1766,2018-01-09,75.56999969482422,75.58999633789062,75.11000061035156,75.2300033569336,62.81428527832031,9234500,-0.0025192670500611136,1766,2018-01-09,75.56999969482422,75.58999633789062,75.11000061035156,75.2300033569336,62.81428527832031,9234500,-0.0025192670500611136,1766,2018-01-09,75.56999969482422,75.58999633789062,75.11000061035156,75.2300033569336,62.81428527832031,9234500,-0.0025192670500611136,1766,2018-01-09,75.56999969482422,75.58999633789062,75.11000061035156,75.2300033569336,62.81428527832031,9234500,-0.0025192670500611136,1766,2018-01-09,75.56999969482422,75.58999633789062,75.11000061035156,75.2300033569336,62.81428527832031,9234500,-0.0025192670500611136
1767,2018-01-10,75.44999694824219,75.5,75.08000183105469,75.13999938964844,62.7391242980957,10822000,-0.001196558710993556,1767,2018-01-10,75.44999694824219,75.5,75.08000183105469,75.13999938964844,62.7391242980957,10822000,-0.001196558710993556,1767,2018-01-10,75.44999694824219,75.5,75.08000183105469,75.13999938964844,62.7391242980957,10822000,-0.001196558710993556,1767,2018-01-10,75.44999694824219,75.5,75.08000183105469,75.13999938964844,62.7391242980957,10822000,-0.001196558710993556,1767,2018-01-10,75.44999694824219,75.5,75.08000183105469,75.13999938964844,62.7391242980957,10822000,-0.001196558710993556
1768,2018-01-11,75.4000015258789,76.94999694824219,75.12999725341797,76.68000030517578,64.02498626708984,18089500,0.020495376423881106,1768,2018-01-11,75.4000015258789,76.94999694824219,75.12999725341797,76.68000030517578,64.02498626708984,18089500,0.020495376423881106,1768,2018-01-11,75.4000015258789,76.94999694824219,75.12999725341797,76.68000030517578,64.02498626708984,18089500,0.020495376423881106,1768,2018-01-11,75.4000015258789,76.94999694824219,75.12999725341797,76.68000030517578,64.02498626708984,18089500,0.020495376423881106,1768,2018-01-11,75.4000015258789,76.94999694824219,75.12999725341797,76.68000030517578,64.02498626708984,18089500,0.020495376423881106
1769,2018-01-12,76.69999694824219,77.62000274658203,76.69999694824219,77.41999816894531,64.64286041259766,19819200,0.009650515861577169,1769,2018-01-12,76.69999694824219,77.62000274658203,76.69999694824219,77.41999816894531,64.64286041259766,19819200,0.009650515861577169,1769,2018-01-12,76.69999694824219,77.62000274658203,76.69999694824219,77.41999816894531,64.64286041259766,19819200,0.009650515861577169,1769,2018-01-12,76.69999694824219,77.62000274658203,76.69999694824219,77.41999816894531,64.64286041259766,19819200,0.009650515861577169,1769,2018-01-12,76.69999694824219,77.62000274658203,76.69999694824219,77.41999816894531,64.64286041259766,19819200,0.009650515861577169
1770,2018-01-16,77.5999984741211,77.6500015258789,76.30000305175781,76.44000244140625,63.82460021972656,16894900,-0.012658168089226929,1770,2018-01-16,77.5999984741211,77.6500015258789,76.30000305175781,76.44000244140625,63.82460021972656,16894900,-0.012658168089226929,1770,2018-01-16,77.5999984741211,77.6500015258789,76.30000305175781,76.44000244140625,63.82460021972656,16894900,-0.012658168089226929,1770,2018-01-16,77.5999984741211,77.6500015258789,76.30000305175781,76.44000244140625,63.82460021972656,16894900,-0.012658168089226929,1770,2018-01-16,77.5999984741211,77.6500015258789,76.30000305175781,76.44000244140625,63.82460021972656,16894900,-0.012658168089226929
1771,2018-01-17,76.66000366210938,77.44000244140625,76.16000366210938,77.11000061035156,64.38402557373047,14007400,0.008765042821701874,1771,2018-01-17,76.66000366210938,77.44000244140625,76.16000366210938,77.11000061035156,64.38402557373047,14007400,0.008765042821701874,1771,2018-01-17,76.66000366210938,77.44000244140625,76.16000366210938,77.11000061035156,64.38402557373047,14007400,0.008765042821701874,1771,2018-01-17,76.66000366210938,77.44000244140625,76.16000366210938,77.11000061035156,64.38402557373047,14007400,0.008765042821701874,1771,2018-01-17,76.66000366210938,77.44000244140625,76.16000366210938,77.11000061035156,64.38402557373047,14007400,0.008765042821701874
1772,2018-01-18,76.81999969482422,77.01000213623047,76.33999633789062,76.4800033569336,63.857994079589844,11514600,-0.00817021752605751,1772,2018-01-18,76.81999969482422,77.01000213623047,76.33999633789062,76.4800033569336,63.857994079589844,11514600,-0.00817021752605751,1772,2018-01-18,76.81999969482422,77.01000213623047,76.33999633789062,76.4800033569336,63.857994079589844,11514600,-0.00817021752605751,1772,2018-01-18,76.81999969482422,77.01000213623047,76.33999633789062,76.4800033569336,63.857994079589844,11514600,-0.00817021752605751,1772,2018-01-18,76.81999969482422,77.01000213623047,76.33999633789062,76.4800033569336,63.857994079589844,11514600,-0.00817021752605751
1773,2018-01-19,76.30999755859375,76.41000366210938,75.87999725341797,76.37999725341797,63.774505615234375,12962700,-0.001307408188415904,1773,2018-01-19,76.30999755859375,76.41000366210938,75.87999725341797,76.37999725341797,63.774505615234375,12962700,-0.001307408188415904,1773,2018-01-19,76.30999755859375,76.41000366210938,75.87999725341797,76.37999725341797,63.774505615234375,12962700,-0.001307408188415904,1773,2018-01-19,76.30999755859375,76.41000366210938,75.87999725341797,76.37999725341797,63.774505615234375,12962700,-0.001307408188415904,1773,2018-01-19,76.30999755859375,76.41000366210938,75.87999725341797,76.37999725341797,63.774505615234375,12962700,-0.001307408188415904
1774,2018-01-22,76.4800033569336,78.05999755859375,76.45999908447266,78.02999877929688,65.15219116210938,17016700,0.021602449655774292,1774,2018-01-22,76.4800033569336,78.05999755859375,76.45999908447266,78.02999877929688,65.15219116210938,17016700,0.021602449655774292,1774,2018-01-22,76.4800033569336,78.05999755859375,76.45999908447266,78.02999877929688,65.15219116210938,17016700,0.021602449655774292,1774,2018-01-22,76.4800033569336,78.05999755859375,76.45999908447266,78.02999877929688,65.15219116210938,17016700,0.021602449655774292,1774,2018-01-22,76.4800033569336,78.05999755859375,76.45999908447266,78.02999877929688,65.15219116210938,17016700,0.021602449655774292
1775,2018-01-23,78.18000030517578,78.26000213623047,77.5199966430664,77.91000366210938,65.05198669433594,10184900,-0.0015380061051839533,1775,2018-01-23,78.18000030517578,78.26000213623047,77.5199966430664,77.91000366210938,65.05198669433594,10184900,-0.0015380061051839533,1775,2018-01-23,78.18000030517578,78.26000213623047,77.5199966430664,77.91000366210938,65.05198669433594,10184900,-0.0015380061051839533,1775,2018-01-23,78.18000030517578,78.26000213623047,77.5199966430664,77.91000366210938,65.05198669433594,10184900,-0.0015380061051839533,1775,2018-01-23,78.18000030517578,78.26000213623047,77.5199966430664,77.91000366210938,65.05198669433594,10184900,-0.0015380061051839533
1776,2018-01-24,78.0,78.38999938964844,77.43000030517578,77.69999694824219,64.87664794921875,12919700,-0.002695363416663432,1776,2018-01-24,78.0,78.38999938964844,77.43000030517578,77.69999694824219,64.87664794921875,12919700,-0.002695363416663432,1776,2018-01-24,78.0,78.38999938964844,77.43000030517578,77.69999694824219,64.87664794921875,12919700,-0.002695363416663432,1776,2018-01-24,78.0,78.38999938964844,77.43000030517578,77.69999694824219,64.87664794921875,12919700,-0.002695363416663432,1776,2018-01-24,78.0,78.38999938964844,77.43000030517578,77.69999694824219,64.87664794921875,12919700,-0.002695363416663432
1777,2018-01-25,78.08999633789062,78.08999633789062,76.94999694824219,77.08999633789062,64.36731719970703,11718400,-0.007850756252240298,1777,2018-01-25,78.08999633789062,78.08999633789062,76.94999694824219,77.08999633789062,64.36731719970703,11718400,-0.007850756252240298,1777,2018-01-25,78.08999633789062,78.08999633789062,76.94999694824219,77.08999633789062,64.36731719970703,11718400,-0.007850756252240298,1777,2018-01-25,78.08999633789062,78.08999633789062,76.94999694824219,77.08999633789062,64.36731719970703,11718400,-0.007850756252240298,1777,2018-01-25,78.08999633789062,78.08999633789062,76.94999694824219,77.08999633789062,64.36731719970703,11718400,-0.007850756252240298
1778,2018-01-26,77.26000213623047,77.63999938964844,77.0999984741211,77.51000213623047,64.718017578125,7785300,0.005448423107799805,1778,2018-01-26,77.26000213623047,77.63999938964844,77.0999984741211,77.51000213623047,64.718017578125,7785300,0.005448423107799805,1778,2018-01-26,77.26000213623047,77.63999938964844,77.0999984741211,77.51000213623047,64.718017578125,7785300,0.005448423107799805,1778,2018-01-26,77.26000213623047,77.63999938964844,77.0999984741211,77.51000213623047,64.718017578125,7785300,0.005448423107799805,1778,2018-01-26,77.26000213623047,77.63999938964844,77.0999984741211,77.51000213623047,64.718017578125,7785300,0.005448423107799805
1779,2018-01-29,77.19999694824219,77.47000122070312,76.22000122070312,76.33999633789062,63.7410888671875,12647200,-0.015095158156817612,1779,2018-01-29,77.19999694824219,77.47000122070312,76.22000122070312,76.33999633789062,63.7410888671875,12647200,-0.015095158156817612,1779,2018-01-29,77.19999694824219,77.47000122070312,76.22000122070312,76.33999633789062,63.7410888671875,12647200,-0.015095158156817612,1779,2018-01-29,77.19999694824219,77.47000122070312,76.22000122070312,76.33999633789062,63.7410888671875,12647200,-0.015095158156817612,1779,2018-01-29,77.19999694824219,77.47000122070312,76.22000122070312,76.33999633789062,63.7410888671875,12647200,-0.015095158156817612
1780,2018-01-30,75.69999694824219,75.91000366210938,74.73999786376953,74.80000305175781,62.45526123046875,22751800,-0.020172665066923057,1780,2018-01-30,75.69999694824219,75.91000366210938,74.73999786376953,74.80000305175781,62.45526123046875,22751800,-0.020172665066923057,1780,2018-01-30,75.69999694824219,75.91000366210938,74.73999786376953,74.80000305175781,62.45526123046875,22751800,-0.020172665066923057,1780,2018-01-30,75.69999694824219,75.91000366210938,74.73999786376953,74.80000305175781,62.45526123046875,22751800,-0.020172665066923057,1780,2018-01-30,75.69999694824219,75.91000366210938,74.73999786376953,74.80000305175781,62.45526123046875,22751800,-0.020172665066923057
1781,2018-01-31,75.0,75.12999725341797,74.33000183105469,74.8499984741211,62.497005462646484,15725300,0.0006683861592331475,1781,2018-01-31,75.0,75.12999725341797,74.33000183105469,74.8499984741211,62.497005462646484,15725300,0.0006683861592331475,1781,2018-01-31,75.0,75.12999725341797,74.33000183105469,74.8499984741211,62.497005462646484,15725300,0.0006683861592331475,1781,2018-01-31,75.0,75.12999725341797,74.33000183105469,74.8499984741211,62.497005462646484,15725300,0.0006683861592331475,1781,2018-01-31,75.0,75.12999725341797,74.33000183105469,74.8499984741211,62.497005462646484,15725300,0.0006683861592331475
1782,2018-02-01,74.94999694824219,75.66999816894531,74.52999877929688,75.62000274658203,63.13993835449219,18011600,0.010287419166506773,1782,2018-02-01,74.94999694824219,75.66999816894531,74.52999877929688,75.62000274658203,63.13993835449219,18011600,0.010287419166506773,1782,2018-02-01,74.94999694824219,75.66999816894531,74.52999877929688,75.62000274658203,63.13993835449219,18011600,0.010287419166506773,1782,2018-02-01,74.94999694824219,75.66999816894531,74.52999877929688,75.62000274658203,63.13993835449219,18011600,0.010287419166506773,1782,2018-02-01,74.94999694824219,75.66999816894531,74.52999877929688,75.62000274658203,63.13993835449219,18011600,0.010287419166506773
1783,2018-02-02,74.2300033569336,74.41000366210938,72.05999755859375,72.45999908447266,60.501441955566406,31005400,-0.041788073724624786,1783,2018-02-02,74.2300033569336,74.41000366210938,72.05999755859375,72.45999908447266,60.501441955566406,31005400,-0.041788073724624786,1783,2018-02-02,74.2300033569336,74.41000366210938,72.05999755859375,72.45999908447266,60.501441955566406,31005400,-0.041788073724624786,1783,2018-02-02,74.2300033569336,74.41000366210938,72.05999755859375,72.45999908447266,60.501441955566406,31005400,-0.041788073724624786,1783,2018-02-02,74.2300033569336,74.41000366210938,72.05999755859375,72.45999908447266,60.501441955566406,31005400,-0.041788073724624786
1784,2018-02-05,71.48999786376953,72.4000015258789,68.27999877929688,69.41999816894531,57.96316146850586,34767600,-0.04195404944108139,1784,2018-02-05,71.48999786376953,72.4000015258789,68.27999877929688,69.41999816894531,57.96316146850586,34767600,-0.04195404944108139,1784,2018-02-05,71.48999786376953,72.4000015258789,68.27999877929688,69.41999816894531,57.96316146850586,34767600,-0.04195404944108139,1784,2018-02-05,71.48999786376953,72.4000015258789,68.27999877929688,69.41999816894531,57.96316146850586,34767600,-0.04195404944108139,1784,2018-02-05,71.48999786376953,72.4000015258789,68.27999877929688,69.41999816894531,57.96316146850586,34767600,-0.04195404944108139
1785,2018-02-06,68.2300033569336,70.47000122070312,67.9000015258789,69.97000122070312,58.422386169433594,32815200,0.007922699336840866,1785,2018-02-06,68.2300033569336,70.47000122070312,67.9000015258789,69.97000122070312,58.422386169433594,32815200,0.007922699336840866,1785,2018-02-06,68.2300033569336,70.47000122070312,67.9000015258789,69.97000122070312,58.422386169433594,32815200,0.007922699336840866,1785,2018-02-06,68.2300033569336,70.47000122070312,67.9000015258789,69.97000122070312,58.422386169433594,32815200,0.007922699336840866,1785,2018-02-06,68.2300033569336,70.47000122070312,67.9000015258789,69.97000122070312,58.422386169433594,32815200,0.007922699336840866
1786,2018-02-07,70.19000244140625,71.06999969482422,68.79000091552734,68.80000305175781,57.44547653198242,24603700,-0.01672149498683584,1786,2018-02-07,70.19000244140625,71.06999969482422,68.79000091552734,68.80000305175781,57.44547653198242,24603700,-0.01672149498683584,1786,2018-02-07,70.19000244140625,71.06999969482422,68.79000091552734,68.80000305175781,57.44547653198242,24603700,-0.01672149498683584,1786,2018-02-07,70.19000244140625,71.06999969482422,68.79000091552734,68.80000305175781,57.44547653198242,24603700,-0.01672149498683584,1786,2018-02-07,70.19000244140625,71.06999969482422,68.79000091552734,68.80000305175781,57.44547653198242,24603700,-0.01672149498683584
1787,2018-02-08,68.87000274658203,69.1500015258789,66.69000244140625,66.72000122070312,55.70875549316406,27771100,-0.03023251165566454,1787,2018-02-08,68.87000274658203,69.1500015258789,66.69000244140625,66.72000122070312,55.70875549316406,27771100,-0.03023251165566454,1787,2018-02-08,68.87000274658203,69.1500015258789,66.69000244140625,66.72000122070312,55.70875549316406,27771100,-0.03023251165566454,1787,2018-02-08,68.87000274658203,69.1500015258789,66.69000244140625,66.72000122070312,55.70875549316406,27771100,-0.03023251165566454,1787,2018-02-08,68.87000274658203,69.1500015258789,66.69000244140625,66.72000122070312,55.70875549316406,27771100,-0.03023251165566454
1788,2018-02-09,67.51000213623047,67.58000183105469,64.44999694824219,66.66999816894531,55.6670036315918,35174100,-0.0007494667795511223,1788,2018-02-09,67.51000213623047,67.58000183105469,64.44999694824219,66.66999816894531,55.6670036315918,35174100,-0.0007494667795511223,1788,2018-02-09,67.51000213623047,67.58000183105469,64.44999694824219,66.66999816894531,55.6670036315918,35174100,-0.0007494667795511223,1788,2018-02-09,67.51000213623047,67.58000183105469,64.44999694824219,66.66999816894531,55.6670036315918,35174100,-0.0007494667795511223,1788,2018-02-09,67.51000213623047,67.58000183105469,64.44999694824219,66.66999816894531,55.6670036315918,35174100,-0.0007494667795511223
1789,2018-02-12,67.52999877929688,68.51000213623047,67.20999908447266,67.76000213623047,56.577117919921875,24956900,0.016349259506642122,1789,2018-02-12,67.52999877929688,68.51000213623047,67.20999908447266,67.76000213623047,56.577117919921875,24956900,0.016349259506642122,1789,2018-02-12,67.52999877929688,68.51000213623047,67.20999908447266,67.76000213623047,56.577117919921875,24956900,0.016349259506642122,1789,2018-02-12,67.52999877929688,68.51000213623047,67.20999908447266,67.76000213623047,56.577117919921875,24956900,0.016349259506642122,1789,2018-02-12,67.52999877929688,68.51000213623047,67.20999908447266,67.76000213623047,56.577117919921875,24956900,0.016349259506642122
1790,2018-02-13,67.41000366210938,67.7699966430664,67.01000213623047,67.4800033569336,56.34332275390625,12285000,-0.004132327248385748,1790,2018-02-13,67.41000366210938,67.7699966430664,67.01000213623047,67.4800033569336,56.34332275390625,12285000,-0.004132327248385748,1790,2018-02-13,67.41000366210938,67.7699966430664,67.01000213623047,67.4800033569336,56.34332275390625,12285000,-0.004132327248385748,1790,2018-02-13,67.41000366210938,67.7699966430664,67.01000213623047,67.4800033569336,56.34332275390625,12285000,-0.004132327248385748,1790,2018-02-13,67.41000366210938,67.7699966430664,67.01000213623047,67.4800033569336,56.34332275390625,12285000,-0.004132327248385748
1791,2018-02-14,66.81999969482422,68.66000366210938,66.66000366210938,68.45999908447266,57.161582946777344,19756900,0.01452275359131816,1791,2018-02-14,66.81999969482422,68.66000366210938,66.66000366210938,68.45999908447266,57.161582946777344,19756900,0.01452275359131816,1791,2018-02-14,66.81999969482422,68.66000366210938,66.66000366210938,68.45999908447266,57.161582946777344,19756900,0.01452275359131816,1791,2018-02-14,66.81999969482422,68.66000366210938,66.66000366210938,68.45999908447266,57.161582946777344,19756900,0.01452275359131816,1791,2018-02-14,66.81999969482422,68.66000366210938,66.66000366210938,68.45999908447266,57.161582946777344,19756900,0.01452275359131816
1792,2018-02-15,68.5999984741211,68.6500015258789,67.19000244140625,68.29000091552734,57.019649505615234,16469400,-0.0024830215302865666,1792,2018-02-15,68.5999984741211,68.6500015258789,67.19000244140625,68.29000091552734,57.019649505615234,16469400,-0.0024830215302865666,1792,2018-02-15,68.5999984741211,68.6500015258789,67.19000244140625,68.29000091552734,57.019649505615234,16469400,-0.0024830215302865666,1792,2018-02-15,68.5999984741211,68.6500015258789,67.19000244140625,68.29000091552734,57.019649505615234,16469400,-0.0024830215302865666,1792,2018-02-15,68.5999984741211,68.6500015258789,67.19000244140625,68.29000091552734,57.019649505615234,16469400,-0.0024830215302865666
1793,2018-02-16,68.0,68.76000213623047,67.70999908447266,68.12000274658203,56.87771224975586,13791100,-0.002489269174574593,1793,2018-02-16,68.0,68.76000213623047,67.70999908447266,68.12000274658203,56.87771224975586,13791100,-0.002489269174574593,1793,2018-02-16,68.0,68.76000213623047,67.70999908447266,68.12000274658203,56.87771224975586,13791100,-0.002489269174574593,1793,2018-02-16,68.0,68.76000213623047,67.70999908447266,68.12000274658203,56.87771224975586,13791100,-0.002489269174574593,1793,2018-02-16,68.0,68.76000213623047,67.70999908447266,68.12000274658203,56.87771224975586,13791100,-0.002489269174574593
1794,2018-02-20,68.26000213623047,68.76000213623047,67.44000244140625,67.75,56.56876754760742,17808100,-0.005431735734936605,1794,2018-02-20,68.26000213623047,68.76000213623047,67.44000244140625,67.75,56.56876754760742,17808100,-0.005431735734936605,1794,2018-02-20,68.26000213623047,68.76000213623047,67.44000244140625,67.75,56.56876754760742,17808100,-0.005431735734936605,1794,2018-02-20,68.26000213623047,68.76000213623047,67.44000244140625,67.75,56.56876754760742,17808100,-0.005431735734936605,1794,2018-02-20,68.26000213623047,68.76000213623047,67.44000244140625,67.75,56.56876754760742,17808100,-0.005431735734936605
1795,2018-02-21,67.55000305175781,68.18000030517578,66.61000061035156,66.61000061035156,55.616912841796875,12545400,-0.0168265059868854,1795,2018-02-21,67.55000305175781,68.18000030517578,66.61000061035156,66.61000061035156,55.616912841796875,12545400,-0.0168265059868854,1795,2018-02-21,67.55000305175781,68.18000030517578,66.61000061035156,66.61000061035156,55.616912841796875,12545400,-0.0168265059868854,1795,2018-02-21,67.55000305175781,68.18000030517578,66.61000061035156,66.61000061035156,55.616912841796875,12545400,-0.0168265059868854,1795,2018-02-21,67.55000305175781,68.18000030517578,66.61000061035156,66.61000061035156,55.616912841796875,12545400,-0.0168265059868854
1796,2018-02-22,67.08999633789062,68.33000183105469,66.91999816894531,67.33999633789062,56.22642517089844,15330300,0.010959118332139806,1796,2018-02-22,67.08999633789062,68.33000183105469,66.91999816894531,67.33999633789062,56.22642517089844,15330300,0.010959118332139806,1796,2018-02-22,67.08999633789062,68.33000183105469,66.91999816894531,67.33999633789062,56.22642517089844,15330300,0.010959118332139806,1796,2018-02-22,67.08999633789062,68.33000183105469,66.91999816894531,67.33999633789062,56.22642517089844,15330300,0.010959118332139806,1796,2018-02-22,67.08999633789062,68.33000183105469,66.91999816894531,67.33999633789062,56.22642517089844,15330300,0.010959118332139806
1797,2018-02-23,67.66999816894531,68.8499984741211,67.55000305175781,68.80000305175781,57.44547653198242,15684800,0.02168111092566738,1797,2018-02-23,67.66999816894531,68.8499984741211,67.55000305175781,68.80000305175781,57.44547653198242,15684800,0.02168111092566738,1797,2018-02-23,67.66999816894531,68.8499984741211,67.55000305175781,68.80000305175781,57.44547653198242,15684800,0.02168111092566738,1797,2018-02-23,67.66999816894531,68.8499984741211,67.55000305175781,68.80000305175781,57.44547653198242,15684800,0.02168111092566738,1797,2018-02-23,67.66999816894531,68.8499984741211,67.55000305175781,68.80000305175781,57.44547653198242,15684800,0.02168111092566738
1798,2018-02-26,69.1500015258789,69.3499984741211,68.80999755859375,69.20999908447266,57.787818908691406,12156400,0.0059594314013287075,1798,2018-02-26,69.1500015258789,69.3499984741211,68.80999755859375,69.20999908447266,57.787818908691406,12156400,0.0059594314013287075,1798,2018-02-26,69.1500015258789,69.3499984741211,68.80999755859375,69.20999908447266,57.787818908691406,12156400,0.0059594314013287075,1798,2018-02-26,69.1500015258789,69.3499984741211,68.80999755859375,69.20999908447266,57.787818908691406,12156400,0.0059594314013287075,1798,2018-02-26,69.1500015258789,69.3499984741211,68.80999755859375,69.20999908447266,57.787818908691406,12156400,0.0059594314013287075
1799,2018-02-27,69.3499984741211,69.9000015258789,68.30000305175781,68.30999755859375,57.03635025024414,13465700,-0.01300392838211517,1799,2018-02-27,69.3499984741211,69.9000015258789,68.30000305175781,68.30999755859375,57.03635025024414,13465700,-0.01300392838211517,1799,2018-02-27,69.3499984741211,69.9000015258789,68.30000305175781,68.30999755859375,57.03635025024414,13465700,-0.01300392838211517,1799,2018-02-27,69.3499984741211,69.9000015258789,68.30000305175781,68.30999755859375,57.03635025024414,13465700,-0.01300392838211517,1799,2018-02-27,69.3499984741211,69.9000015258789,68.30000305175781,68.30999755859375,57.03635025024414,13465700,-0.01300392838211517
1800,2018-02-28,68.66999816894531,68.91999816894531,66.70999908447266,66.73999786376953,55.72545623779297,17622000,-0.02298348345747392,1800,2018-02-28,68.66999816894531,68.91999816894531,66.70999908447266,66.73999786376953,55.72545623779297,17622000,-0.02298348345747392,1800,2018-02-28,68.66999816894531,68.91999816894531,66.70999908447266,66.73999786376953,55.72545623779297,17622000,-0.02298348345747392,1800,2018-02-28,68.66999816894531,68.91999816894531,66.70999908447266,66.73999786376953,55.72545623779297,17622000,-0.02298348345747392,1800,2018-02-28,68.66999816894531,68.91999816894531,66.70999908447266,66.73999786376953,55.72545623779297,17622000,-0.02298348345747392
1801,2018-03-01,66.66999816894531,67.69000244140625,66.16000366210938,66.63999938964844,55.64195251464844,22975000,-0.0014984843334113762,1801,2018-03-01,66.66999816894531,67.69000244140625,66.16000366210938,66.63999938964844,55.64195251464844,22975000,-0.0014984843334113762,1801,2018-03-01,66.66999816894531,67.69000244140625,66.16000366210938,66.63999938964844,55.64195251464844,22975000,-0.0014984843334113762,1801,2018-03-01,66.66999816894531,67.69000244140625,66.16000366210938,66.63999938964844,55.64195251464844,22975000,-0.0014984843334113762,1801,2018-03-01,66.66999816894531,67.69000244140625,66.16000366210938,66.63999938964844,55.64195251464844,22975000,-0.0014984843334113762
1802,2018-03-02,66.18000030517578,67.19000244140625,65.6500015258789,66.94999694824219,55.900787353515625,14578900,0.004651792885935313,1802,2018-03-02,66.18000030517578,67.19000244140625,65.6500015258789,66.94999694824219,55.900787353515625,14578900,0.004651792885935313,1802,2018-03-02,66.18000030517578,67.19000244140625,65.6500015258789,66.94999694824219,55.900787353515625,14578900,0.004651792885935313,1802,2018-03-02,66.18000030517578,67.19000244140625,65.6500015258789,66.94999694824219,55.900787353515625,14578900,0.004651792885935313,1802,2018-03-02,66.18000030517578,67.19000244140625,65.6500015258789,66.94999694824219,55.900787353515625,14578900,0.004651792885935313
1803,2018-03-05,66.63999938964844,67.87000274658203,66.5199966430664,67.66000366210938,56.49362564086914,12831500,0.01060518671417654,1803,2018-03-05,66.63999938964844,67.87000274658203,66.5199966430664,67.66000366210938,56.49362564086914,12831500,0.01060518671417654,1803,2018-03-05,66.63999938964844,67.87000274658203,66.5199966430664,67.66000366210938,56.49362564086914,12831500,0.01060518671417654,1803,2018-03-05,66.63999938964844,67.87000274658203,66.5199966430664,67.66000366210938,56.49362564086914,12831500,0.01060518671417654,1803,2018-03-05,66.63999938964844,67.87000274658203,66.5199966430664,67.66000366210938,56.49362564086914,12831500,0.01060518671417654
1804,2018-03-06,68.08000183105469,68.33000183105469,67.36000061035156,67.69999694824219,56.527008056640625,15677900,0.0005909058835007475,1804,2018-03-06,68.08000183105469,68.33000183105469,67.36000061035156,67.69999694824219,56.527008056640625,15677900,0.0005909058835007475,1804,2018-03-06,68.08000183105469,68.33000183105469,67.36000061035156,67.69999694824219,56.527008056640625,15677900,0.0005909058835007475,1804,2018-03-06,68.08000183105469,68.33000183105469,67.36000061035156,67.69999694824219,56.527008056640625,15677900,0.0005909058835007475,1804,2018-03-06,68.08000183105469,68.33000183105469,67.36000061035156,67.69999694824219,56.527008056640625,15677900,0.0005909058835007475
1805,2018-03-07,66.97000122070312,67.68000030517578,66.55999755859375,67.19000244140625,56.1011848449707,12362600,-0.007533093052497053,1805,2018-03-07,66.97000122070312,67.68000030517578,66.55999755859375,67.19000244140625,56.1011848449707,12362600,-0.007533093052497053,1805,2018-03-07,66.97000122070312,67.68000030517578,66.55999755859375,67.19000244140625,56.1011848449707,12362600,-0.007533093052497053,1805,2018-03-07,66.97000122070312,67.68000030517578,66.55999755859375,67.19000244140625,56.1011848449707,12362600,-0.007533093052497053,1805,2018-03-07,66.97000122070312,67.68000030517578,66.55999755859375,67.19000244140625,56.1011848449707,12362600,-0.007533093052497053
1806,2018-03-08,67.33999633789062,67.54000091552734,66.69000244140625,67.16999816894531,56.08448791503906,8013300,-0.0002976216986820823,1806,2018-03-08,67.33999633789062,67.54000091552734,66.69000244140625,67.16999816894531,56.08448791503906,8013300,-0.0002976216986820823,1806,2018-03-08,67.33999633789062,67.54000091552734,66.69000244140625,67.16999816894531,56.08448791503906,8013300,-0.0002976216986820823,1806,2018-03-08,67.33999633789062,67.54000091552734,66.69000244140625,67.16999816894531,56.08448791503906,8013300,-0.0002976216986820823,1806,2018-03-08,67.33999633789062,67.54000091552734,66.69000244140625,67.16999816894531,56.08448791503906,8013300,-0.0002976216986820823
1807,2018-03-09,67.69000244140625,68.51000213623047,67.62999725341797,68.44999694824219,57.15323257446289,11393100,0.019055976066730596,1807,2018-03-09,67.69000244140625,68.51000213623047,67.62999725341797,68.44999694824219,57.15323257446289,11393100,0.019055976066730596,1807,2018-03-09,67.69000244140625,68.51000213623047,67.62999725341797,68.44999694824219,57.15323257446289,11393100,0.019055976066730596,1807,2018-03-09,67.69000244140625,68.51000213623047,67.62999725341797,68.44999694824219,57.15323257446289,11393100,0.019055976066730596,1807,2018-03-09,67.69000244140625,68.51000213623047,67.62999725341797,68.44999694824219,57.15323257446289,11393100,0.019055976066730596
1808,2018-03-12,68.48999786376953,68.93000030517578,68.08999633789062,68.43000030517578,57.13653564453125,9486000,-0.0002921432293420123,1808,2018-03-12,68.48999786376953,68.93000030517578,68.08999633789062,68.43000030517578,57.13653564453125,9486000,-0.0002921432293420123,1808,2018-03-12,68.48999786376953,68.93000030517578,68.08999633789062,68.43000030517578,57.13653564453125,9486000,-0.0002921432293420123,1808,2018-03-12,68.48999786376953,68.93000030517578,68.08999633789062,68.43000030517578,57.13653564453125,9486000,-0.0002921432293420123,1808,2018-03-12,68.48999786376953,68.93000030517578,68.08999633789062,68.43000030517578,57.13653564453125,9486000,-0.0002921432293420123
1809,2018-03-13,68.63999938964844,68.94999694824219,67.66000366210938,67.94000244140625,56.72740173339844,10730900,-0.007160635598878362,1809,2018-03-13,68.63999938964844,68.94999694824219,67.66000366210938,67.94000244140625,56.72740173339844,10730900,-0.007160635598878362,1809,2018-03-13,68.63999938964844,68.94999694824219,67.66000366210938,67.94000244140625,56.72740173339844,10730900,-0.007160635598878362,1809,2018-03-13,68.63999938964844,68.94999694824219,67.66000366210938,67.94000244140625,56.72740173339844,10730900,-0.007160635598878362,1809,2018-03-13,68.63999938964844,68.94999694824219,67.66000366210938,67.94000244140625,56.72740173339844,10730900,-0.007160635598878362
1810,2018-03-14,68.19999694824219,68.38999938964844,67.4000015258789,67.54000091552734,56.3934211730957,11348200,-0.005887464436893142,1810,2018-03-14,68.19999694824219,68.38999938964844,67.4000015258789,67.54000091552734,56.3934211730957,11348200,-0.005887464436893142,1810,2018-03-14,68.19999694824219,68.38999938964844,67.4000015258789,67.54000091552734,56.3934211730957,11348200,-0.005887464436893142,1810,2018-03-14,68.19999694824219,68.38999938964844,67.4000015258789,67.54000091552734,56.3934211730957,11348200,-0.005887464436893142,1810,2018-03-14,68.19999694824219,68.38999938964844,67.4000015258789,67.54000091552734,56.3934211730957,11348200,-0.005887464436893142
1811,2018-03-15,67.79000091552734,68.08000183105469,66.68000030517578,67.19000244140625,56.1011848449707,12408500,-0.00518209965002836,1811,2018-03-15,67.79000091552734,68.08000183105469,66.68000030517578,67.19000244140625,56.1011848449707,12408500,-0.00518209965002836,1811,2018-03-15,67.79000091552734,68.08000183105469,66.68000030517578,67.19000244140625,56.1011848449707,12408500,-0.00518209965002836,1811,2018-03-15,67.79000091552734,68.08000183105469,66.68000030517578,67.19000244140625,56.1011848449707,12408500,-0.00518209965002836,1811,2018-03-15,67.79000091552734,68.08000183105469,66.68000030517578,67.19000244140625,56.1011848449707,12408500,-0.00518209965002836
1812,2018-03-16,66.75,67.61000061035156,66.62000274658203,67.30999755859375,56.60152053833008,14342600,0.008918451450570908,1812,2018-03-16,66.75,67.61000061035156,66.62000274658203,67.30999755859375,56.60152053833008,14342600,0.008918451450570908,1812,2018-03-16,66.75,67.61000061035156,66.62000274658203,67.30999755859375,56.60152053833008,14342600,0.008918451450570908,1812,2018-03-16,66.75,67.61000061035156,66.62000274658203,67.30999755859375,56.60152053833008,14342600,0.008918451450570908,1812,2018-03-16,66.75,67.61000061035156,66.62000274658203,67.30999755859375,56.60152053833008,14342600,0.008918451450570908
1813,2018-03-19,67.0999984741211,67.19000244140625,65.88999938964844,66.2699966430664,55.72698211669922,14525000,-0.015450793782803562,1813,2018-03-19,67.0999984741211,67.19000244140625,65.88999938964844,66.2699966430664,55.72698211669922,14525000,-0.015450793782803562,1813,2018-03-19,67.0999984741211,67.19000244140625,65.88999938964844,66.2699966430664,55.72698211669922,14525000,-0.015450793782803562,1813,2018-03-19,67.0999984741211,67.19000244140625,65.88999938964844,66.2699966430664,55.72698211669922,14525000,-0.015450793782803562,1813,2018-03-19,67.0999984741211,67.19000244140625,65.88999938964844,66.2699966430664,55.72698211669922,14525000,-0.015450793782803562
1814,2018-03-20,66.62999725341797,67.27999877929688,66.54000091552734,66.83000183105469,56.19789123535156,11259100,0.008450289263219002,1814,2018-03-20,66.62999725341797,67.27999877929688,66.54000091552734,66.83000183105469,56.19789123535156,11259100,0.008450289263219002,1814,2018-03-20,66.62999725341797,67.27999877929688,66.54000091552734,66.83000183105469,56.19789123535156,11259100,0.008450289263219002,1814,2018-03-20,66.62999725341797,67.27999877929688,66.54000091552734,66.83000183105469,56.19789123535156,11259100,0.008450289263219002,1814,2018-03-20,66.62999725341797,67.27999877929688,66.54000091552734,66.83000183105469,56.19789123535156,11259100,0.008450289263219002
1815,2018-03-21,67.2300033569336,69.0199966430664,67.0199966430664,68.58000183105469,57.66948318481445,16439600,0.026185892693019408,1815,2018-03-21,67.2300033569336,69.0199966430664,67.0199966430664,68.58000183105469,57.66948318481445,16439600,0.026185892693019408,1815,2018-03-21,67.2300033569336,69.0199966430664,67.0199966430664,68.58000183105469,57.66948318481445,16439600,0.026185892693019408,1815,2018-03-21,67.2300033569336,69.0199966430664,67.0199966430664,68.58000183105469,57.66948318481445,16439600,0.026185892693019408,1815,2018-03-21,67.2300033569336,69.0199966430664,67.0199966430664,68.58000183105469,57.66948318481445,16439600,0.026185892693019408
1816,2018-03-22,67.81999969482422,68.18000030517578,67.05000305175781,67.18000030517578,56.49220275878906,18483800,-0.02041427044269739,1816,2018-03-22,67.81999969482422,68.18000030517578,67.05000305175781,67.18000030517578,56.49220275878906,18483800,-0.02041427044269739,1816,2018-03-22,67.81999969482422,68.18000030517578,67.05000305175781,67.18000030517578,56.49220275878906,18483800,-0.02041427044269739,1816,2018-03-22,67.81999969482422,68.18000030517578,67.05000305175781,67.18000030517578,56.49220275878906,18483800,-0.02041427044269739,1816,2018-03-22,67.81999969482422,68.18000030517578,67.05000305175781,67.18000030517578,56.49220275878906,18483800,-0.02041427044269739
1817,2018-03-23,67.5199966430664,68.30000305175781,66.62000274658203,66.7699966430664,56.14743423461914,19214300,-0.006102940004694468,1817,2018-03-23,67.5199966430664,68.30000305175781,66.62000274658203,66.7699966430664,56.14743423461914,19214300,-0.006102940004694468,1817,2018-03-23,67.5199966430664,68.30000305175781,66.62000274658203,66.7699966430664,56.14743423461914,19214300,-0.006102940004694468,1817,2018-03-23,67.5199966430664,68.30000305175781,66.62000274658203,66.7699966430664,56.14743423461914,19214300,-0.006102940004694468,1817,2018-03-23,67.5199966430664,68.30000305175781,66.62000274658203,66.7699966430664,56.14743423461914,19214300,-0.006102940004694468
1818,2018-03-26,67.54000091552734,68.06999969482422,66.76000213623047,67.97000122070312,57.15653610229492,15953000,0.01797235940397779,1818,2018-03-26,67.54000091552734,68.06999969482422,66.76000213623047,67.97000122070312,57.15653610229492,15953000,0.01797235940397779,1818,2018-03-26,67.54000091552734,68.06999969482422,66.76000213623047,67.97000122070312,57.15653610229492,15953000,0.01797235940397779,1818,2018-03-26,67.54000091552734,68.06999969482422,66.76000213623047,67.97000122070312,57.15653610229492,15953000,0.01797235940397779,1818,2018-03-26,67.54000091552734,68.06999969482422,66.76000213623047,67.97000122070312,57.15653610229492,15953000,0.01797235940397779
1819,2018-03-27,68.26000213623047,68.54000091552734,66.94000244140625,67.33000183105469,56.618350982666016,13923100,-0.009415985578022035,1819,2018-03-27,68.26000213623047,68.54000091552734,66.94000244140625,67.33000183105469,56.618350982666016,13923100,-0.009415985578022035,1819,2018-03-27,68.26000213623047,68.54000091552734,66.94000244140625,67.33000183105469,56.618350982666016,13923100,-0.009415985578022035,1819,2018-03-27,68.26000213623047,68.54000091552734,66.94000244140625,67.33000183105469,56.618350982666016,13923100,-0.009415985578022035,1819,2018-03-27,68.26000213623047,68.54000091552734,66.94000244140625,67.33000183105469,56.618350982666016,13923100,-0.009415985578022035
1820,2018-03-28,67.37000274658203,67.5999984741211,65.91000366210938,66.0199966430664,55.516746520996094,18228700,-0.01945666806875357,1820,2018-03-28,67.37000274658203,67.5999984741211,65.91000366210938,66.0199966430664,55.516746520996094,18228700,-0.01945666806875357,1820,2018-03-28,67.37000274658203,67.5999984741211,65.91000366210938,66.0199966430664,55.516746520996094,18228700,-0.01945666806875357,1820,2018-03-28,67.37000274658203,67.5999984741211,65.91000366210938,66.0199966430664,55.516746520996094,18228700,-0.01945666806875357,1820,2018-03-28,67.37000274658203,67.5999984741211,65.91000366210938,66.0199966430664,55.516746520996094,18228700,-0.01945666806875357
1821,2018-03-29,66.30999755859375,67.68000030517578,66.30000305175781,67.41000366210938,56.68562316894531,13968100,0.021054487541108946,1821,2018-03-29,66.30999755859375,67.68000030517578,66.30000305175781,67.41000366210938,56.68562316894531,13968100,0.021054487541108946,1821,2018-03-29,66.30999755859375,67.68000030517578,66.30000305175781,67.41000366210938,56.68562316894531,13968100,0.021054487541108946,1821,2018-03-29,66.30999755859375,67.68000030517578,66.30000305175781,67.41000366210938,56.68562316894531,13968100,0.021054487541108946,1821,2018-03-29,66.30999755859375,67.68000030517578,66.30000305175781,67.41000366210938,56.68562316894531,13968100,0.021054487541108946
1822,2018-04-02,67.1500015258789,67.2699966430664,64.93000030517578,66.05999755859375,55.55039596557617,18993100,-0.02002672176657072,1822,2018-04-02,67.1500015258789,67.2699966430664,64.93000030517578,66.05999755859375,55.55039596557617,18993100,-0.02002672176657072,1822,2018-04-02,67.1500015258789,67.2699966430664,64.93000030517578,66.05999755859375,55.55039596557617,18993100,-0.02002672176657072,1822,2018-04-02,67.1500015258789,67.2699966430664,64.93000030517578,66.05999755859375,55.55039596557617,18993100,-0.02002672176657072,1822,2018-04-02,67.1500015258789,67.2699966430664,64.93000030517578,66.05999755859375,55.55039596557617,18993100,-0.02002672176657072
1823,2018-04-03,66.30999755859375,67.52999877929688,65.68000030517578,67.47000122070312,56.7360725402832,14114300,0.021344160632838394,1823,2018-04-03,66.30999755859375,67.52999877929688,65.68000030517578,67.47000122070312,56.7360725402832,14114300,0.021344160632838394,1823,2018-04-03,66.30999755859375,67.52999877929688,65.68000030517578,67.47000122070312,56.7360725402832,14114300,0.021344160632838394,1823,2018-04-03,66.30999755859375,67.52999877929688,65.68000030517578,67.47000122070312,56.7360725402832,14114300,0.021344160632838394,1823,2018-04-03,66.30999755859375,67.52999877929688,65.68000030517578,67.47000122070312,56.7360725402832,14114300,0.021344160632838394
1824,2018-04-04,66.44000244140625,67.52999877929688,65.9800033569336,67.37999725341797,56.66038131713867,12490800,-0.001334093456870633,1824,2018-04-04,66.44000244140625,67.52999877929688,65.9800033569336,67.37999725341797,56.66038131713867,12490800,-0.001334093456870633,1824,2018-04-04,66.44000244140625,67.52999877929688,65.9800033569336,67.37999725341797,56.66038131713867,12490800,-0.001334093456870633,1824,2018-04-04,66.44000244140625,67.52999877929688,65.9800033569336,67.37999725341797,56.66038131713867,12490800,-0.001334093456870633,1824,2018-04-04,66.44000244140625,67.52999877929688,65.9800033569336,67.37999725341797,56.66038131713867,12490800,-0.001334093456870633
1825,2018-04-05,67.55000305175781,69.0199966430664,67.55000305175781,68.58999633789062,57.677886962890625,13528400,0.01795797384519493,1825,2018-04-05,67.55000305175781,69.0199966430664,67.55000305175781,68.58999633789062,57.677886962890625,13528400,0.01795797384519493,1825,2018-04-05,67.55000305175781,69.0199966430664,67.55000305175781,68.58999633789062,57.677886962890625,13528400,0.01795797384519493,1825,2018-04-05,67.55000305175781,69.0199966430664,67.55000305175781,68.58999633789062,57.677886962890625,13528400,0.01795797384519493,1825,2018-04-05,67.55000305175781,69.0199966430664,67.55000305175781,68.58999633789062,57.677886962890625,13528400,0.01795797384519493
1826,2018-04-06,68.16000366210938,68.48999786376953,66.45999908447266,67.3499984741211,56.635162353515625,18883900,-0.018078412096578345,1826,2018-04-06,68.16000366210938,68.48999786376953,66.45999908447266,67.3499984741211,56.635162353515625,18883900,-0.018078412096578345,1826,2018-04-06,68.16000366210938,68.48999786376953,66.45999908447266,67.3499984741211,56.635162353515625,18883900,-0.018078412096578345,1826,2018-04-06,68.16000366210938,68.48999786376953,66.45999908447266,67.3499984741211,56.635162353515625,18883900,-0.018078412096578345,1826,2018-04-06,68.16000366210938,68.48999786376953,66.45999908447266,67.3499984741211,56.635162353515625,18883900,-0.018078412096578345
1827,2018-04-09,67.66999816894531,68.52999877929688,67.4000015258789,67.66999816894531,56.90424728393555,10819800,0.004751199064995992,1827,2018-04-09,67.66999816894531,68.52999877929688,67.4000015258789,67.66999816894531,56.90424728393555,10819800,0.004751199064995992,1827,2018-04-09,67.66999816894531,68.52999877929688,67.4000015258789,67.66999816894531,56.90424728393555,10819800,0.004751199064995992,1827,2018-04-09,67.66999816894531,68.52999877929688,67.4000015258789,67.66999816894531,56.90424728393555,10819800,0.004751199064995992,1827,2018-04-09,67.66999816894531,68.52999877929688,67.4000015258789,67.66999816894531,56.90424728393555,10819800,0.004751199064995992
1828,2018-04-10,68.73999786376953,70.45999908447266,68.72000122070312,69.91000366210938,58.78789138793945,21842200,0.033101994910943455,1828,2018-04-10,68.73999786376953,70.45999908447266,68.72000122070312,69.91000366210938,58.78789138793945,21842200,0.033101994910943455,1828,2018-04-10,68.73999786376953,70.45999908447266,68.72000122070312,69.91000366210938,58.78789138793945,21842200,0.033101994910943455,1828,2018-04-10,68.73999786376953,70.45999908447266,68.72000122070312,69.91000366210938,58.78789138793945,21842200,0.033101994910943455,1828,2018-04-10,68.73999786376953,70.45999908447266,68.72000122070312,69.91000366210938,58.78789138793945,21842200,0.033101994910943455
1829,2018-04-11,69.80000305175781,70.80000305175781,69.70999908447266,70.63999938964844,59.4017448425293,21190900,0.010441834876149025,1829,2018-04-11,69.80000305175781,70.80000305175781,69.70999908447266,70.63999938964844,59.4017448425293,21190900,0.010441834876149025,1829,2018-04-11,69.80000305175781,70.80000305175781,69.70999908447266,70.63999938964844,59.4017448425293,21190900,0.010441834876149025,1829,2018-04-11,69.80000305175781,70.80000305175781,69.70999908447266,70.63999938964844,59.4017448425293,21190900,0.010441834876149025,1829,2018-04-11,69.80000305175781,70.80000305175781,69.70999908447266,70.63999938964844,59.4017448425293,21190900,0.010441834876149025
1830,2018-04-12,70.87999725341797,71.19000244140625,70.37999725341797,70.62999725341797,59.39334487915039,14311600,-0.0001414093710744302,1830,2018-04-12,70.87999725341797,71.19000244140625,70.37999725341797,70.62999725341797,59.39334487915039,14311600,-0.0001414093710744302,1830,2018-04-12,70.87999725341797,71.19000244140625,70.37999725341797,70.62999725341797,59.39334487915039,14311600,-0.0001414093710744302,1830,2018-04-12,70.87999725341797,71.19000244140625,70.37999725341797,70.62999725341797,59.39334487915039,14311600,-0.0001414093710744302,1830,2018-04-12,70.87999725341797,71.19000244140625,70.37999725341797,70.62999725341797,59.39334487915039,14311600,-0.0001414093710744302
1831,2018-04-13,71.01000213623047,71.69999694824219,70.91000366210938,71.41000366210938,60.04925537109375,13330400,0.011043501477782769,1831,2018-04-13,71.01000213623047,71.69999694824219,70.91000366210938,71.41000366210938,60.04925537109375,13330400,0.011043501477782769,1831,2018-04-13,71.01000213623047,71.69999694824219,70.91000366210938,71.41000366210938,60.04925537109375,13330400,0.011043501477782769,1831,2018-04-13,71.01000213623047,71.69999694824219,70.91000366210938,71.41000366210938,60.04925537109375,13330400,0.011043501477782769,1831,2018-04-13,71.01000213623047,71.69999694824219,70.91000366210938,71.41000366210938,60.04925537109375,13330400,0.011043501477782769
1832,2018-04-16,71.56999969482422,72.47000122070312,71.19000244140625,72.13999938964844,60.663108825683594,14024300,0.01022249902677963,1832,2018-04-16,71.56999969482422,72.47000122070312,71.19000244140625,72.13999938964844,60.663108825683594,14024300,0.01022249902677963,1832,2018-04-16,71.56999969482422,72.47000122070312,71.19000244140625,72.13999938964844,60.663108825683594,14024300,0.01022249902677963,1832,2018-04-16,71.56999969482422,72.47000122070312,71.19000244140625,72.13999938964844,60.663108825683594,14024300,0.01022249902677963,1832,2018-04-16,71.56999969482422,72.47000122070312,71.19000244140625,72.13999938964844,60.663108825683594,14024300,0.01022249902677963
1833,2018-04-17,72.33000183105469,72.75,71.91999816894531,72.41999816894531,60.8985710144043,16105300,0.0038814725008127215,1833,2018-04-17,72.33000183105469,72.75,71.91999816894531,72.41999816894531,60.8985710144043,16105300,0.0038814725008127215,1833,2018-04-17,72.33000183105469,72.75,71.91999816894531,72.41999816894531,60.8985710144043,16105300,0.0038814725008127215,1833,2018-04-17,72.33000183105469,72.75,71.91999816894531,72.41999816894531,60.8985710144043,16105300,0.0038814725008127215,1833,2018-04-17,72.33000183105469,72.75,71.91999816894531,72.41999816894531,60.8985710144043,16105300,0.0038814725008127215
1834,2018-04-18,73.05000305175781,74.22000122070312,73.02999877929688,73.55999755859375,61.85719299316406,17311500,0.015741288552288513,1834,2018-04-18,73.05000305175781,74.22000122070312,73.02999877929688,73.55999755859375,61.85719299316406,17311500,0.015741288552288513,1834,2018-04-18,73.05000305175781,74.22000122070312,73.02999877929688,73.55999755859375,61.85719299316406,17311500,0.015741288552288513,1834,2018-04-18,73.05000305175781,74.22000122070312,73.02999877929688,73.55999755859375,61.85719299316406,17311500,0.015741288552288513,1834,2018-04-18,73.05000305175781,74.22000122070312,73.02999877929688,73.55999755859375,61.85719299316406,17311500,0.015741288552288513
1835,2018-04-19,73.62000274658203,74.19999694824219,73.19999694824219,73.6500015258789,61.932891845703125,18150300,0.0012237679868116746,1835,2018-04-19,73.62000274658203,74.19999694824219,73.19999694824219,73.6500015258789,61.932891845703125,18150300,0.0012237679868116746,1835,2018-04-19,73.62000274658203,74.19999694824219,73.19999694824219,73.6500015258789,61.932891845703125,18150300,0.0012237679868116746,1835,2018-04-19,73.62000274658203,74.19999694824219,73.19999694824219,73.6500015258789,61.932891845703125,18150300,0.0012237679868116746,1835,2018-04-19,73.62000274658203,74.19999694824219,73.19999694824219,73.6500015258789,61.932891845703125,18150300,0.0012237679868116746
1836,2018-04-20,73.5,73.55999755859375,72.83000183105469,73.30000305175781,61.638580322265625,13690400,-0.004752103682978959,1836,2018-04-20,73.5,73.55999755859375,72.83000183105469,73.30000305175781,61.638580322265625,13690400,-0.004752103682978959,1836,2018-04-20,73.5,73.55999755859375,72.83000183105469,73.30000305175781,61.638580322265625,13690400,-0.004752103682978959,1836,2018-04-20,73.5,73.55999755859375,72.83000183105469,73.30000305175781,61.638580322265625,13690400,-0.004752103682978959,1836,2018-04-20,73.5,73.55999755859375,72.83000183105469,73.30000305175781,61.638580322265625,13690400,-0.004752103682978959
1837,2018-04-23,73.06999969482422,73.76000213623047,72.66999816894531,73.75,62.01698303222656,14844600,0.006139056220674233,1837,2018-04-23,73.06999969482422,73.76000213623047,72.66999816894531,73.75,62.01698303222656,14844600,0.006139056220674233,1837,2018-04-23,73.06999969482422,73.76000213623047,72.66999816894531,73.75,62.01698303222656,14844600,0.006139056220674233,1837,2018-04-23,73.06999969482422,73.76000213623047,72.66999816894531,73.75,62.01698303222656,14844600,0.006139056220674233,1837,2018-04-23,73.06999969482422,73.76000213623047,72.66999816894531,73.75,62.01698303222656,14844600,0.006139056220674233
1838,2018-04-24,73.94999694824219,74.45999908447266,72.55999755859375,72.95999908447266,61.3526611328125,22787500,-0.01071193513345936,1838,2018-04-24,73.94999694824219,74.45999908447266,72.55999755859375,72.95999908447266,61.3526611328125,22787500,-0.01071193513345936,1838,2018-04-24,73.94999694824219,74.45999908447266,72.55999755859375,72.95999908447266,61.3526611328125,22787500,-0.01071193513345936,1838,2018-04-24,73.94999694824219,74.45999908447266,72.55999755859375,72.95999908447266,61.3526611328125,22787500,-0.01071193513345936,1838,2018-04-24,73.94999694824219,74.45999908447266,72.55999755859375,72.95999908447266,61.3526611328125,22787500,-0.01071193513345936
1839,2018-04-25,72.7300033569336,73.63999938964844,72.2699966430664,73.54000091552734,61.840370178222656,13163300,0.007949272882465497,1839,2018-04-25,72.7300033569336,73.63999938964844,72.2699966430664,73.54000091552734,61.840370178222656,13163300,0.007949272882465497,1839,2018-04-25,72.7300033569336,73.63999938964844,72.2699966430664,73.54000091552734,61.840370178222656,13163300,0.007949272882465497,1839,2018-04-25,72.7300033569336,73.63999938964844,72.2699966430664,73.54000091552734,61.840370178222656,13163300,0.007949272882465497,1839,2018-04-25,72.7300033569336,73.63999938964844,72.2699966430664,73.54000091552734,61.840370178222656,13163300,0.007949272882465497
1840,2018-04-26,73.80999755859375,74.66999816894531,73.58000183105469,74.61000061035156,62.74014663696289,12216900,0.014549985004085553,1840,2018-04-26,73.80999755859375,74.66999816894531,73.58000183105469,74.61000061035156,62.74014663696289,12216900,0.014549985004085553,1840,2018-04-26,73.80999755859375,74.66999816894531,73.58000183105469,74.61000061035156,62.74014663696289,12216900,0.014549985004085553,1840,2018-04-26,73.80999755859375,74.66999816894531,73.58000183105469,74.61000061035156,62.74014663696289,12216900,0.014549985004085553,1840,2018-04-26,73.80999755859375,74.66999816894531,73.58000183105469,74.61000061035156,62.74014663696289,12216900,0.014549985004085553
1841,2018-04-27,73.8499984741211,74.19000244140625,73.52999877929688,73.81999969482422,62.07583999633789,10539300,-0.010588222633092004,1841,2018-04-27,73.8499984741211,74.19000244140625,73.52999877929688,73.81999969482422,62.07583999633789,10539300,-0.010588222633092004,1841,2018-04-27,73.8499984741211,74.19000244140625,73.52999877929688,73.81999969482422,62.07583999633789,10539300,-0.010588222633092004,1841,2018-04-27,73.8499984741211,74.19000244140625,73.52999877929688,73.81999969482422,62.07583999633789,10539300,-0.010588222633092004,1841,2018-04-27,73.8499984741211,74.19000244140625,73.52999877929688,73.81999969482422,62.07583999633789,10539300,-0.010588222633092004
1842,2018-04-30,73.69999694824219,74.63999938964844,73.68000030517578,73.80999755859375,62.06742858886719,12963200,-0.0001355021127575906,1842,2018-04-30,73.69999694824219,74.63999938964844,73.68000030517578,73.80999755859375,62.06742858886719,12963200,-0.0001355021127575906,1842,2018-04-30,73.69999694824219,74.63999938964844,73.68000030517578,73.80999755859375,62.06742858886719,12963200,-0.0001355021127575906,1842,2018-04-30,73.69999694824219,74.63999938964844,73.68000030517578,73.80999755859375,62.06742858886719,12963200,-0.0001355021127575906,1842,2018-04-30,73.69999694824219,74.63999938964844,73.68000030517578,73.80999755859375,62.06742858886719,12963200,-0.0001355021127575906
1843,2018-05-01,73.44000244140625,73.48999786376953,72.43000030517578,73.36000061035156,61.68901824951172,13800900,-0.006096761988676036,1843,2018-05-01,73.44000244140625,73.48999786376953,72.43000030517578,73.36000061035156,61.68901824951172,13800900,-0.006096761988676036,1843,2018-05-01,73.44000244140625,73.48999786376953,72.43000030517578,73.36000061035156,61.68901824951172,13800900,-0.006096761988676036,1843,2018-05-01,73.44000244140625,73.48999786376953,72.43000030517578,73.36000061035156,61.68901824951172,13800900,-0.006096761988676036,1843,2018-05-01,73.44000244140625,73.48999786376953,72.43000030517578,73.36000061035156,61.68901824951172,13800900,-0.006096761988676036
1844,2018-05-02,73.13999938964844,74.23999786376953,73.04000091552734,73.66000366210938,61.94129180908203,13434700,0.004089440336851435,1844,2018-05-02,73.13999938964844,74.23999786376953,73.04000091552734,73.66000366210938,61.94129180908203,13434700,0.004089440336851435,1844,2018-05-02,73.13999938964844,74.23999786376953,73.04000091552734,73.66000366210938,61.94129180908203,13434700,0.004089440336851435,1844,2018-05-02,73.13999938964844,74.23999786376953,73.04000091552734,73.66000366210938,61.94129180908203,13434700,0.004089440336851435,1844,2018-05-02,73.13999938964844,74.23999786376953,73.04000091552734,73.66000366210938,61.94129180908203,13434700,0.004089440336851435
1845,2018-05-03,73.31999969482422,73.61000061035156,72.5,73.48999786376953,61.79833221435547,15329600,-0.0023079853608348744,1845,2018-05-03,73.31999969482422,73.61000061035156,72.5,73.48999786376953,61.79833221435547,15329600,-0.0023079853608348744,1845,2018-05-03,73.31999969482422,73.61000061035156,72.5,73.48999786376953,61.79833221435547,15329600,-0.0023079853608348744,1845,2018-05-03,73.31999969482422,73.61000061035156,72.5,73.48999786376953,61.79833221435547,15329600,-0.0023079853608348744,1845,2018-05-03,73.31999969482422,73.61000061035156,72.5,73.48999786376953,61.79833221435547,15329600,-0.0023079853608348744
1846,2018-05-04,73.29000091552734,74.11000061035156,72.98999786376953,73.8499984741211,62.10105895996094,13585500,0.004898623227491461,1846,2018-05-04,73.29000091552734,74.11000061035156,72.98999786376953,73.8499984741211,62.10105895996094,13585500,0.004898623227491461,1846,2018-05-04,73.29000091552734,74.11000061035156,72.98999786376953,73.8499984741211,62.10105895996094,13585500,0.004898623227491461,1846,2018-05-04,73.29000091552734,74.11000061035156,72.98999786376953,73.8499984741211,62.10105895996094,13585500,0.004898623227491461,1846,2018-05-04,73.29000091552734,74.11000061035156,72.98999786376953,73.8499984741211,62.10105895996094,13585500,0.004898623227491461
1847,2018-05-07,74.43000030517578,75.56999969482422,73.80000305175781,73.94999694824219,62.18513870239258,17973700,0.0013539180142780882,1847,2018-05-07,74.43000030517578,75.56999969482422,73.80000305175781,73.94999694824219,62.18513870239258,17973700,0.0013539180142780882,1847,2018-05-07,74.43000030517578,75.56999969482422,73.80000305175781,73.94999694824219,62.18513870239258,17973700,0.0013539180142780882,1847,2018-05-07,74.43000030517578,75.56999969482422,73.80000305175781,73.94999694824219,62.18513870239258,17973700,0.0013539180142780882,1847,2018-05-07,74.43000030517578,75.56999969482422,73.80000305175781,73.94999694824219,62.18513870239258,17973700,0.0013539180142780882
1848,2018-05-08,73.9800033569336,74.56999969482422,72.63999938964844,74.52999877929688,62.672874450683594,28774100,0.00784328472153506,1848,2018-05-08,73.9800033569336,74.56999969482422,72.63999938964844,74.52999877929688,62.672874450683594,28774100,0.00784328472153506,1848,2018-05-08,73.9800033569336,74.56999969482422,72.63999938964844,74.52999877929688,62.672874450683594,28774100,0.00784328472153506,1848,2018-05-08,73.9800033569336,74.56999969482422,72.63999938964844,74.52999877929688,62.672874450683594,28774100,0.00784328472153506,1848,2018-05-08,73.9800033569336,74.56999969482422,72.63999938964844,74.52999877929688,62.672874450683594,28774100,0.00784328472153506
1849,2018-05-09,75.44000244140625,76.88999938964844,75.43000030517578,76.05000305175781,63.95106506347656,24903900,0.020394638414083843,1849,2018-05-09,75.44000244140625,76.88999938964844,75.43000030517578,76.05000305175781,63.95106506347656,24903900,0.020394638414083843,1849,2018-05-09,75.44000244140625,76.88999938964844,75.43000030517578,76.05000305175781,63.95106506347656,24903900,0.020394638414083843,1849,2018-05-09,75.44000244140625,76.88999938964844,75.43000030517578,76.05000305175781,63.95106506347656,24903900,0.020394638414083843,1849,2018-05-09,75.44000244140625,76.88999938964844,75.43000030517578,76.05000305175781,63.95106506347656,24903900,0.020394638414083843
1850,2018-05-10,76.3499984741211,76.80000305175781,76.0,76.62000274658203,64.43038940429688,13890100,0.007495173697960267,1850,2018-05-10,76.3499984741211,76.80000305175781,76.0,76.62000274658203,64.43038940429688,13890100,0.007495173697960267,1850,2018-05-10,76.3499984741211,76.80000305175781,76.0,76.62000274658203,64.43038940429688,13890100,0.007495173697960267,1850,2018-05-10,76.3499984741211,76.80000305175781,76.0,76.62000274658203,64.43038940429688,13890100,0.007495173697960267,1850,2018-05-10,76.3499984741211,76.80000305175781,76.0,76.62000274658203,64.43038940429688,13890100,0.007495173697960267
1851,2018-05-11,76.79000091552734,77.25,76.55999755859375,76.7300033569336,64.52286529541016,12010700,0.0014352837530284823,1851,2018-05-11,76.79000091552734,77.25,76.55999755859375,76.7300033569336,64.52286529541016,12010700,0.0014352837530284823,1851,2018-05-11,76.79000091552734,77.25,76.55999755859375,76.7300033569336,64.52286529541016,12010700,0.0014352837530284823,1851,2018-05-11,76.79000091552734,77.25,76.55999755859375,76.7300033569336,64.52286529541016,12010700,0.0014352837530284823,1851,2018-05-11,76.79000091552734,77.25,76.55999755859375,76.7300033569336,64.52286529541016,12010700,0.0014352837530284823
1852,2018-05-14,76.97000122070312,77.61000061035156,76.97000122070312,77.26000213623047,64.96855926513672,10226300,0.006907535300641143,1852,2018-05-14,76.97000122070312,77.61000061035156,76.97000122070312,77.26000213623047,64.96855926513672,10226300,0.006907535300641143,1852,2018-05-14,76.97000122070312,77.61000061035156,76.97000122070312,77.26000213623047,64.96855926513672,10226300,0.006907535300641143,1852,2018-05-14,76.97000122070312,77.61000061035156,76.97000122070312,77.26000213623047,64.96855926513672,10226300,0.006907535300641143,1852,2018-05-14,76.97000122070312,77.61000061035156,76.97000122070312,77.26000213623047,64.96855926513672,10226300,0.006907535300641143
1853,2018-05-15,77.08999633789062,77.4000015258789,76.69000244140625,77.27999877929688,64.9853744506836,10482700,0.00025882035460034203,1853,2018-05-15,77.08999633789062,77.4000015258789,76.69000244140625,77.27999877929688,64.9853744506836,10482700,0.00025882035460034203,1853,2018-05-15,77.08999633789062,77.4000015258789,76.69000244140625,77.27999877929688,64.9853744506836,10482700,0.00025882035460034203,1853,2018-05-15,77.08999633789062,77.4000015258789,76.69000244140625,77.27999877929688,64.9853744506836,10482700,0.00025882035460034203,1853,2018-05-15,77.08999633789062,77.4000015258789,76.69000244140625,77.27999877929688,64.9853744506836,10482700,0.00025882035460034203
1854,2018-05-16,77.16999816894531,77.5999984741211,76.77999877929688,77.55000305175781,65.21243286132812,11997200,0.003493992495447351,1854,2018-05-16,77.16999816894531,77.5999984741211,76.77999877929688,77.55000305175781,65.21243286132812,11997200,0.003493992495447351,1854,2018-05-16,77.16999816894531,77.5999984741211,76.77999877929688,77.55000305175781,65.21243286132812,11997200,0.003493992495447351,1854,2018-05-16,77.16999816894531,77.5999984741211,76.77999877929688,77.55000305175781,65.21243286132812,11997200,0.003493992495447351,1854,2018-05-16,77.16999816894531,77.5999984741211,76.77999877929688,77.55000305175781,65.21243286132812,11997200,0.003493992495447351
1855,2018-05-17,77.80000305175781,78.83000183105469,77.76000213623047,78.72000122070312,66.1963119506836,16271300,0.015087293115526812,1855,2018-05-17,77.80000305175781,78.83000183105469,77.76000213623047,78.72000122070312,66.1963119506836,16271300,0.015087293115526812,1855,2018-05-17,77.80000305175781,78.83000183105469,77.76000213623047,78.72000122070312,66.1963119506836,16271300,0.015087293115526812,1855,2018-05-17,77.80000305175781,78.83000183105469,77.76000213623047,78.72000122070312,66.1963119506836,16271300,0.015087293115526812,1855,2018-05-17,77.80000305175781,78.83000183105469,77.76000213623047,78.72000122070312,66.1963119506836,16271300,0.015087293115526812
1856,2018-05-18,78.58000183105469,78.66000366210938,78.05000305175781,78.11000061035156,65.68333435058594,14092700,-0.007749338067048583,1856,2018-05-18,78.58000183105469,78.66000366210938,78.05000305175781,78.11000061035156,65.68333435058594,14092700,-0.007749338067048583,1856,2018-05-18,78.58000183105469,78.66000366210938,78.05000305175781,78.11000061035156,65.68333435058594,14092700,-0.007749338067048583,1856,2018-05-18,78.58000183105469,78.66000366210938,78.05000305175781,78.11000061035156,65.68333435058594,14092700,-0.007749338067048583,1856,2018-05-18,78.58000183105469,78.66000366210938,78.05000305175781,78.11000061035156,65.68333435058594,14092700,-0.007749338067048583
1857,2018-05-21,78.55000305175781,78.91000366210938,78.1500015258789,78.91000366210938,66.3560791015625,11513100,0.010242244210468598,1857,2018-05-21,78.55000305175781,78.91000366210938,78.1500015258789,78.91000366210938,66.3560791015625,11513100,0.010242244210468598,1857,2018-05-21,78.55000305175781,78.91000366210938,78.1500015258789,78.91000366210938,66.3560791015625,11513100,0.010242244210468598,1857,2018-05-21,78.55000305175781,78.91000366210938,78.1500015258789,78.91000366210938,66.3560791015625,11513100,0.010242244210468598,1857,2018-05-21,78.55000305175781,78.91000366210938,78.1500015258789,78.91000366210938,66.3560791015625,11513100,0.010242244210468598
1858,2018-05-22,78.9000015258789,79.41999816894531,77.63999938964844,77.86000061035156,65.47311401367188,16583400,-0.013306468673943028,1858,2018-05-22,78.9000015258789,79.41999816894531,77.63999938964844,77.86000061035156,65.47311401367188,16583400,-0.013306468673943028,1858,2018-05-22,78.9000015258789,79.41999816894531,77.63999938964844,77.86000061035156,65.47311401367188,16583400,-0.013306468673943028,1858,2018-05-22,78.9000015258789,79.41999816894531,77.63999938964844,77.86000061035156,65.47311401367188,16583400,-0.013306468673943028,1858,2018-05-22,78.9000015258789,79.41999816894531,77.63999938964844,77.86000061035156,65.47311401367188,16583400,-0.013306468673943028
1859,2018-05-23,77.41000366210938,77.91000366210938,76.7699966430664,77.8499984741211,65.4646987915039,16605800,-0.0001285294321912156,1859,2018-05-23,77.41000366210938,77.91000366210938,76.7699966430664,77.8499984741211,65.4646987915039,16605800,-0.0001285294321912156,1859,2018-05-23,77.41000366210938,77.91000366210938,76.7699966430664,77.8499984741211,65.4646987915039,16605800,-0.0001285294321912156,1859,2018-05-23,77.41000366210938,77.91000366210938,76.7699966430664,77.8499984741211,65.4646987915039,16605800,-0.0001285294321912156,1859,2018-05-23,77.41000366210938,77.91000366210938,76.7699966430664,77.8499984741211,65.4646987915039,16605800,-0.0001285294321912156
1860,2018-05-24,76.94999694824219,77.06999969482422,76.22000122070312,76.56999969482422,64.38834381103516,19154800,-0.016441761748523298,1860,2018-05-24,76.94999694824219,77.06999969482422,76.22000122070312,76.56999969482422,64.38834381103516,19154800,-0.016441761748523298,1860,2018-05-24,76.94999694824219,77.06999969482422,76.22000122070312,76.56999969482422,64.38834381103516,19154800,-0.016441761748523298,1860,2018-05-24,76.94999694824219,77.06999969482422,76.22000122070312,76.56999969482422,64.38834381103516,19154800,-0.016441761748523298,1860,2018-05-24,76.94999694824219,77.06999969482422,76.22000122070312,76.56999969482422,64.38834381103516,19154800,-0.016441761748523298
1861,2018-05-25,75.22000122070312,75.31999969482422,73.83999633789062,74.58000183105469,62.71491622924805,32453500,-0.02598960437153397,1861,2018-05-25,75.22000122070312,75.31999969482422,73.83999633789062,74.58000183105469,62.71491622924805,32453500,-0.02598960437153397,1861,2018-05-25,75.22000122070312,75.31999969482422,73.83999633789062,74.58000183105469,62.71491622924805,32453500,-0.02598960437153397,1861,2018-05-25,75.22000122070312,75.31999969482422,73.83999633789062,74.58000183105469,62.71491622924805,32453500,-0.02598960437153397,1861,2018-05-25,75.22000122070312,75.31999969482422,73.83999633789062,74.58000183105469,62.71491622924805,32453500,-0.02598960437153397
1862,2018-05-29,74.0,74.80999755859375,73.66000366210938,74.3499984741211,62.52151107788086,19327500,-0.0030838780149241574,1862,2018-05-29,74.0,74.80999755859375,73.66000366210938,74.3499984741211,62.52151107788086,19327500,-0.0030838780149241574,1862,2018-05-29,74.0,74.80999755859375,73.66000366210938,74.3499984741211,62.52151107788086,19327500,-0.0030838780149241574,1862,2018-05-29,74.0,74.80999755859375,73.66000366210938,74.3499984741211,62.52151107788086,19327500,-0.0030838780149241574,1862,2018-05-29,74.0,74.80999755859375,73.66000366210938,74.3499984741211,62.52151107788086,19327500,-0.0030838780149241574
1863,2018-05-30,74.98999786376953,76.94000244140625,74.95999908447266,76.5999984741211,64.41355895996094,23022200,0.030262350500825486,1863,2018-05-30,74.98999786376953,76.94000244140625,74.95999908447266,76.5999984741211,64.41355895996094,23022200,0.030262350500825486,1863,2018-05-30,74.98999786376953,76.94000244140625,74.95999908447266,76.5999984741211,64.41355895996094,23022200,0.030262350500825486,1863,2018-05-30,74.98999786376953,76.94000244140625,74.95999908447266,76.5999984741211,64.41355895996094,23022200,0.030262350500825486,1863,2018-05-30,74.98999786376953,76.94000244140625,74.95999908447266,76.5999984741211,64.41355895996094,23022200,0.030262350500825486
1864,2018-05-31,76.04000091552734,76.93000030517578,75.86000061035156,76.0199966430664,63.92582702636719,13258700,-0.00757188302383538,1864,2018-05-31,76.04000091552734,76.93000030517578,75.86000061035156,76.0199966430664,63.92582702636719,13258700,-0.00757188302383538,1864,2018-05-31,76.04000091552734,76.93000030517578,75.86000061035156,76.0199966430664,63.92582702636719,13258700,-0.00757188302383538,1864,2018-05-31,76.04000091552734,76.93000030517578,75.86000061035156,76.0199966430664,63.92582702636719,13258700,-0.00757188302383538,1864,2018-05-31,76.04000091552734,76.93000030517578,75.86000061035156,76.0199966430664,63.92582702636719,13258700,-0.00757188302383538
1865,2018-06-01,76.27999877929688,76.88999938964844,75.97000122070312,76.37999725341797,64.22855377197266,14102500,0.00473559372928567,1865,2018-06-01,76.27999877929688,76.88999938964844,75.97000122070312,76.37999725341797,64.22855377197266,14102500,0.00473559372928567,1865,2018-06-01,76.27999877929688,76.88999938964844,75.97000122070312,76.37999725341797,64.22855377197266,14102500,0.00473559372928567,1865,2018-06-01,76.27999877929688,76.88999938964844,75.97000122070312,76.37999725341797,64.22855377197266,14102500,0.00473559372928567,1865,2018-06-01,76.27999877929688,76.88999938964844,75.97000122070312,76.37999725341797,64.22855377197266,14102500,0.00473559372928567
1866,2018-06-04,76.63999938964844,77.19999694824219,75.5199966430664,75.72000122070312,63.673561096191406,13689200,-0.008640902576626752,1866,2018-06-04,76.63999938964844,77.19999694824219,75.5199966430664,75.72000122070312,63.673561096191406,13689200,-0.008640902576626752,1866,2018-06-04,76.63999938964844,77.19999694824219,75.5199966430664,75.72000122070312,63.673561096191406,13689200,-0.008640902576626752,1866,2018-06-04,76.63999938964844,77.19999694824219,75.5199966430664,75.72000122070312,63.673561096191406,13689200,-0.008640902576626752,1866,2018-06-04,76.63999938964844,77.19999694824219,75.5199966430664,75.72000122070312,63.673561096191406,13689200,-0.008640902576626752
1867,2018-06-05,75.3499984741211,76.12000274658203,75.18000030517578,75.54000091552734,63.52220916748047,13707900,-0.0023769980209257247,1867,2018-06-05,75.3499984741211,76.12000274658203,75.18000030517578,75.54000091552734,63.52220916748047,13707900,-0.0023769980209257247,1867,2018-06-05,75.3499984741211,76.12000274658203,75.18000030517578,75.54000091552734,63.52220916748047,13707900,-0.0023769980209257247,1867,2018-06-05,75.3499984741211,76.12000274658203,75.18000030517578,75.54000091552734,63.52220916748047,13707900,-0.0023769980209257247,1867,2018-06-05,75.3499984741211,76.12000274658203,75.18000030517578,75.54000091552734,63.52220916748047,13707900,-0.0023769980209257247
1868,2018-06-06,75.81999969482422,76.0999984741211,75.2300033569336,75.9000015258789,63.824928283691406,13479200,0.00476556341755674,1868,2018-06-06,75.81999969482422,76.0999984741211,75.2300033569336,75.9000015258789,63.824928283691406,13479200,0.00476556341755674,1868,2018-06-06,75.81999969482422,76.0999984741211,75.2300033569336,75.9000015258789,63.824928283691406,13479200,0.00476556341755674,1868,2018-06-06,75.81999969482422,76.0999984741211,75.2300033569336,75.9000015258789,63.824928283691406,13479200,0.00476556341755674,1868,2018-06-06,75.81999969482422,76.0999984741211,75.2300033569336,75.9000015258789,63.824928283691406,13479200,0.00476556341755674
1869,2018-06-07,76.30000305175781,77.48999786376953,76.27999877929688,77.05000305175781,64.79198455810547,15178900,0.015151701700558906,1869,2018-06-07,76.30000305175781,77.48999786376953,76.27999877929688,77.05000305175781,64.79198455810547,15178900,0.015151701700558906,1869,2018-06-07,76.30000305175781,77.48999786376953,76.27999877929688,77.05000305175781,64.79198455810547,15178900,0.015151701700558906,1869,2018-06-07,76.30000305175781,77.48999786376953,76.27999877929688,77.05000305175781,64.79198455810547,15178900,0.015151701700558906,1869,2018-06-07,76.30000305175781,77.48999786376953,76.27999877929688,77.05000305175781,64.79198455810547,15178900,0.015151701700558906
1870,2018-06-08,77.13999938964844,77.3499984741211,76.41999816894531,76.9000015258789,64.66584777832031,11236600,-0.0019467960527129735,1870,2018-06-08,77.13999938964844,77.3499984741211,76.41999816894531,76.9000015258789,64.66584777832031,11236600,-0.0019467960527129735,1870,2018-06-08,77.13999938964844,77.3499984741211,76.41999816894531,76.9000015258789,64.66584777832031,11236600,-0.0019467960527129735,1870,2018-06-08,77.13999938964844,77.3499984741211,76.41999816894531,76.9000015258789,64.66584777832031,11236600,-0.0019467960527129735,1870,2018-06-08,77.13999938964844,77.3499984741211,76.41999816894531,76.9000015258789,64.66584777832031,11236600,-0.0019467960527129735
1871,2018-06-11,76.87999725341797,77.6500015258789,76.72000122070312,77.30000305175781,65.00220489501953,10717800,0.005201464579143611,1871,2018-06-11,76.87999725341797,77.6500015258789,76.72000122070312,77.30000305175781,65.00220489501953,10717800,0.005201464579143611,1871,2018-06-11,76.87999725341797,77.6500015258789,76.72000122070312,77.30000305175781,65.00220489501953,10717800,0.005201464579143611,1871,2018-06-11,76.87999725341797,77.6500015258789,76.72000122070312,77.30000305175781,65.00220489501953,10717800,0.005201464579143611,1871,2018-06-11,76.87999725341797,77.6500015258789,76.72000122070312,77.30000305175781,65.00220489501953,10717800,0.005201464579143611
1872,2018-06-12,77.30000305175781,77.4800033569336,76.5,76.70999908447266,64.50605773925781,15707200,-0.0076327742507044105,1872,2018-06-12,77.30000305175781,77.4800033569336,76.5,76.70999908447266,64.50605773925781,15707200,-0.0076327742507044105,1872,2018-06-12,77.30000305175781,77.4800033569336,76.5,76.70999908447266,64.50605773925781,15707200,-0.0076327742507044105,1872,2018-06-12,77.30000305175781,77.4800033569336,76.5,76.70999908447266,64.50605773925781,15707200,-0.0076327742507044105,1872,2018-06-12,77.30000305175781,77.4800033569336,76.5,76.70999908447266,64.50605773925781,15707200,-0.0076327742507044105
1873,2018-06-13,76.47000122070312,76.87000274658203,76.11000061035156,76.41999816894531,64.26219940185547,12502100,-0.003780394368356088,1873,2018-06-13,76.47000122070312,76.87000274658203,76.11000061035156,76.41999816894531,64.26219940185547,12502100,-0.003780394368356088,1873,2018-06-13,76.47000122070312,76.87000274658203,76.11000061035156,76.41999816894531,64.26219940185547,12502100,-0.003780394368356088,1873,2018-06-13,76.47000122070312,76.87000274658203,76.11000061035156,76.41999816894531,64.26219940185547,12502100,-0.003780394368356088,1873,2018-06-13,76.47000122070312,76.87000274658203,76.11000061035156,76.41999816894531,64.26219940185547,12502100,-0.003780394368356088
1874,2018-06-14,76.63999938964844,76.86000061035156,76.12999725341797,76.30999755859375,64.16970825195312,10291100,-0.0014392776898898285,1874,2018-06-14,76.63999938964844,76.86000061035156,76.12999725341797,76.30999755859375,64.16970825195312,10291100,-0.0014392776898898285,1874,2018-06-14,76.63999938964844,76.86000061035156,76.12999725341797,76.30999755859375,64.16970825195312,10291100,-0.0014392776898898285,1874,2018-06-14,76.63999938964844,76.86000061035156,76.12999725341797,76.30999755859375,64.16970825195312,10291100,-0.0014392776898898285,1874,2018-06-14,76.63999938964844,76.86000061035156,76.12999725341797,76.30999755859375,64.16970825195312,10291100,-0.0014392776898898285
1875,2018-06-15,75.36000061035156,75.51000213623047,74.01000213623047,74.16999816894531,62.79145050048828,16089400,-0.02147832348018963,1875,2018-06-15,75.36000061035156,75.51000213623047,74.01000213623047,74.16999816894531,62.79145050048828,16089400,-0.02147832348018963,1875,2018-06-15,75.36000061035156,75.51000213623047,74.01000213623047,74.16999816894531,62.79145050048828,16089400,-0.02147832348018963,1875,2018-06-15,75.36000061035156,75.51000213623047,74.01000213623047,74.16999816894531,62.79145050048828,16089400,-0.02147832348018963,1875,2018-06-15,75.36000061035156,75.51000213623047,74.01000213623047,74.16999816894531,62.79145050048828,16089400,-0.02147832348018963
1876,2018-06-18,73.9800033569336,75.41000366210938,73.9800033569336,74.91000366210938,63.417930603027344,13184400,0.009977156086467431,1876,2018-06-18,73.9800033569336,75.41000366210938,73.9800033569336,74.91000366210938,63.417930603027344,13184400,0.009977156086467431,1876,2018-06-18,73.9800033569336,75.41000366210938,73.9800033569336,74.91000366210938,63.417930603027344,13184400,0.009977156086467431,1876,2018-06-18,73.9800033569336,75.41000366210938,73.9800033569336,74.91000366210938,63.417930603027344,13184400,0.009977156086467431,1876,2018-06-18,73.9800033569336,75.41000366210938,73.9800033569336,74.91000366210938,63.417930603027344,13184400,0.009977156086467431
1877,2018-06-19,74.01000213623047,75.0199966430664,73.80000305175781,74.73999786376953,63.27400207519531,12607600,-0.0022695241939219013,1877,2018-06-19,74.01000213623047,75.0199966430664,73.80000305175781,74.73999786376953,63.27400207519531,12607600,-0.0022695241939219013,1877,2018-06-19,74.01000213623047,75.0199966430664,73.80000305175781,74.73999786376953,63.27400207519531,12607600,-0.0022695241939219013,1877,2018-06-19,74.01000213623047,75.0199966430664,73.80000305175781,74.73999786376953,63.27400207519531,12607600,-0.0022695241939219013,1877,2018-06-19,74.01000213623047,75.0199966430664,73.80000305175781,74.73999786376953,63.27400207519531,12607600,-0.0022695241939219013
1878,2018-06-20,75.19000244140625,75.3499984741211,74.47000122070312,75.06999969482422,63.55339431762695,11655900,0.0044155930282330225,1878,2018-06-20,75.19000244140625,75.3499984741211,74.47000122070312,75.06999969482422,63.55339431762695,11655900,0.0044155930282330225,1878,2018-06-20,75.19000244140625,75.3499984741211,74.47000122070312,75.06999969482422,63.55339431762695,11655900,0.0044155930282330225,1878,2018-06-20,75.19000244140625,75.3499984741211,74.47000122070312,75.06999969482422,63.55339431762695,11655900,0.0044155930282330225,1878,2018-06-20,75.19000244140625,75.3499984741211,74.47000122070312,75.06999969482422,63.55339431762695,11655900,0.0044155930282330225
1879,2018-06-21,74.54000091552734,74.58000183105469,73.33000183105469,73.68000030517578,62.37662124633789,15009800,-0.018516289868134916,1879,2018-06-21,74.54000091552734,74.58000183105469,73.33000183105469,73.68000030517578,62.37662124633789,15009800,-0.018516289868134916,1879,2018-06-21,74.54000091552734,74.58000183105469,73.33000183105469,73.68000030517578,62.37662124633789,15009800,-0.018516289868134916,1879,2018-06-21,74.54000091552734,74.58000183105469,73.33000183105469,73.68000030517578,62.37662124633789,15009800,-0.018516289868134916,1879,2018-06-21,74.54000091552734,74.58000183105469,73.33000183105469,73.68000030517578,62.37662124633789,15009800,-0.018516289868134916
1880,2018-06-22,75.5,75.97000122070312,75.13999938964844,75.1500015258789,63.621116638183594,28036300,0.019951311356396495,1880,2018-06-22,75.5,75.97000122070312,75.13999938964844,75.1500015258789,63.621116638183594,28036300,0.019951311356396495,1880,2018-06-22,75.5,75.97000122070312,75.13999938964844,75.1500015258789,63.621116638183594,28036300,0.019951311356396495,1880,2018-06-22,75.5,75.97000122070312,75.13999938964844,75.1500015258789,63.621116638183594,28036300,0.019951311356396495,1880,2018-06-22,75.5,75.97000122070312,75.13999938964844,75.1500015258789,63.621116638183594,28036300,0.019951311356396495
1881,2018-06-25,74.93000030517578,75.04000091552734,73.13999938964844,73.63999938964844,62.34275817871094,18380300,-0.02009330434646006,1881,2018-06-25,74.93000030517578,75.04000091552734,73.13999938964844,73.63999938964844,62.34275817871094,18380300,-0.02009330434646006,1881,2018-06-25,74.93000030517578,75.04000091552734,73.13999938964844,73.63999938964844,62.34275817871094,18380300,-0.02009330434646006,1881,2018-06-25,74.93000030517578,75.04000091552734,73.13999938964844,73.63999938964844,62.34275817871094,18380300,-0.02009330434646006,1881,2018-06-25,74.93000030517578,75.04000091552734,73.13999938964844,73.63999938964844,62.34275817871094,18380300,-0.02009330434646006
1882,2018-06-26,73.83000183105469,74.86000061035156,73.56999969482422,74.56999969482422,63.130104064941406,13523600,0.012629307865614114,1882,2018-06-26,73.83000183105469,74.86000061035156,73.56999969482422,74.56999969482422,63.130104064941406,13523600,0.012629307865614114,1882,2018-06-26,73.83000183105469,74.86000061035156,73.56999969482422,74.56999969482422,63.130104064941406,13523600,0.012629307865614114,1882,2018-06-26,73.83000183105469,74.86000061035156,73.56999969482422,74.56999969482422,63.130104064941406,13523600,0.012629307865614114,1882,2018-06-26,73.83000183105469,74.86000061035156,73.56999969482422,74.56999969482422,63.130104064941406,13523600,0.012629307865614114
1883,2018-06-27,75.19000244140625,76.51000213623047,75.16000366210938,75.56999969482422,63.9766845703125,20583900,0.013410092029948473,1883,2018-06-27,75.19000244140625,76.51000213623047,75.16000366210938,75.56999969482422,63.9766845703125,20583900,0.013410092029948473,1883,2018-06-27,75.19000244140625,76.51000213623047,75.16000366210938,75.56999969482422,63.9766845703125,20583900,0.013410092029948473,1883,2018-06-27,75.19000244140625,76.51000213623047,75.16000366210938,75.56999969482422,63.9766845703125,20583900,0.013410092029948473,1883,2018-06-27,75.19000244140625,76.51000213623047,75.16000366210938,75.56999969482422,63.9766845703125,20583900,0.013410092029948473
1884,2018-06-28,75.68000030517578,75.95999908447266,74.88999938964844,75.47000122070312,63.892024993896484,14285400,-0.00132328796005321,1884,2018-06-28,75.68000030517578,75.95999908447266,74.88999938964844,75.47000122070312,63.892024993896484,14285400,-0.00132328796005321,1884,2018-06-28,75.68000030517578,75.95999908447266,74.88999938964844,75.47000122070312,63.892024993896484,14285400,-0.00132328796005321,1884,2018-06-28,75.68000030517578,75.95999908447266,74.88999938964844,75.47000122070312,63.892024993896484,14285400,-0.00132328796005321,1884,2018-06-28,75.68000030517578,75.95999908447266,74.88999938964844,75.47000122070312,63.892024993896484,14285400,-0.00132328796005321
1885,2018-06-29,75.68000030517578,76.73999786376953,75.68000030517578,75.94000244140625,64.2899169921875,13167900,0.006227569064042537,1885,2018-06-29,75.68000030517578,76.73999786376953,75.68000030517578,75.94000244140625,64.2899169921875,13167900,0.006227569064042537,1885,2018-06-29,75.68000030517578,76.73999786376953,75.68000030517578,75.94000244140625,64.2899169921875,13167900,0.006227569064042537,1885,2018-06-29,75.68000030517578,76.73999786376953,75.68000030517578,75.94000244140625,64.2899169921875,13167900,0.006227569064042537,1885,2018-06-29,75.68000030517578,76.73999786376953,75.68000030517578,75.94000244140625,64.2899169921875,13167900,0.006227569064042537
1886,2018-07-02,75.41000366210938,75.43000030517578,74.41000366210938,74.81999969482422,63.34173583984375,15296600,-0.014748520401091425,1886,2018-07-02,75.41000366210938,75.43000030517578,74.41000366210938,74.81999969482422,63.34173583984375,15296600,-0.014748520401091425,1886,2018-07-02,75.41000366210938,75.43000030517578,74.41000366210938,74.81999969482422,63.34173583984375,15296600,-0.014748520401091425,1886,2018-07-02,75.41000366210938,75.43000030517578,74.41000366210938,74.81999969482422,63.34173583984375,15296600,-0.014748520401091425,1886,2018-07-02,75.41000366210938,75.43000030517578,74.41000366210938,74.81999969482422,63.34173583984375,15296600,-0.014748520401091425
1887,2018-07-03,75.5999984741211,76.45999908447266,75.11000061035156,75.29000091552734,63.73963165283203,9308200,0.006281732063585066,1887,2018-07-03,75.5999984741211,76.45999908447266,75.11000061035156,75.29000091552734,63.73963165283203,9308200,0.006281732063585066,1887,2018-07-03,75.5999984741211,76.45999908447266,75.11000061035156,75.29000091552734,63.73963165283203,9308200,0.006281732063585066,1887,2018-07-03,75.5999984741211,76.45999908447266,75.11000061035156,75.29000091552734,63.73963165283203,9308200,0.006281732063585066,1887,2018-07-03,75.5999984741211,76.45999908447266,75.11000061035156,75.29000091552734,63.73963165283203,9308200,0.006281732063585066
1888,2018-07-05,75.75,75.98999786376953,74.98999786376953,75.20999908447266,63.671913146972656,9969500,-0.0010624238657075402,1888,2018-07-05,75.75,75.98999786376953,74.98999786376953,75.20999908447266,63.671913146972656,9969500,-0.0010624238657075402,1888,2018-07-05,75.75,75.98999786376953,74.98999786376953,75.20999908447266,63.671913146972656,9969500,-0.0010624238657075402,1888,2018-07-05,75.75,75.98999786376953,74.98999786376953,75.20999908447266,63.671913146972656,9969500,-0.0010624238657075402,1888,2018-07-05,75.75,75.98999786376953,74.98999786376953,75.20999908447266,63.671913146972656,9969500,-0.0010624238657075402
1889,2018-07-06,74.9800033569336,75.91000366210938,74.62999725341797,75.66999816894531,64.06134796142578,9310300,0.0061162731761208455,1889,2018-07-06,74.9800033569336,75.91000366210938,74.62999725341797,75.66999816894531,64.06134796142578,9310300,0.0061162731761208455,1889,2018-07-06,74.9800033569336,75.91000366210938,74.62999725341797,75.66999816894531,64.06134796142578,9310300,0.0061162731761208455,1889,2018-07-06,74.9800033569336,75.91000366210938,74.62999725341797,75.66999816894531,64.06134796142578,9310300,0.0061162731761208455,1889,2018-07-06,74.9800033569336,75.91000366210938,74.62999725341797,75.66999816894531,64.06134796142578,9310300,0.0061162731761208455
1890,2018-07-09,76.12999725341797,76.91000366210938,76.08999633789062,76.80000305175781,65.0179672241211,11059200,0.01493286190717269,1890,2018-07-09,76.12999725341797,76.91000366210938,76.08999633789062,76.80000305175781,65.0179672241211,11059200,0.01493286190717269,1890,2018-07-09,76.12999725341797,76.91000366210938,76.08999633789062,76.80000305175781,65.0179672241211,11059200,0.01493286190717269,1890,2018-07-09,76.12999725341797,76.91000366210938,76.08999633789062,76.80000305175781,65.0179672241211,11059200,0.01493286190717269,1890,2018-07-09,76.12999725341797,76.91000366210938,76.08999633789062,76.80000305175781,65.0179672241211,11059200,0.01493286190717269
1891,2018-07-10,77.2699966430664,78.0,77.18000030517578,77.37000274658203,65.50054168701172,11003600,0.007422170878199852,1891,2018-07-10,77.2699966430664,78.0,77.18000030517578,77.37000274658203,65.50054168701172,11003600,0.007422170878199852,1891,2018-07-10,77.2699966430664,78.0,77.18000030517578,77.37000274658203,65.50054168701172,11003600,0.007422170878199852,1891,2018-07-10,77.2699966430664,78.0,77.18000030517578,77.37000274658203,65.50054168701172,11003600,0.007422170878199852,1891,2018-07-10,77.2699966430664,78.0,77.18000030517578,77.37000274658203,65.50054168701172,11003600,0.007422170878199852
1892,2018-07-11,76.6500015258789,77.12000274658203,75.2300033569336,75.7300033569336,64.11214447021484,19362800,-0.02119672877563672,1892,2018-07-11,76.6500015258789,77.12000274658203,75.2300033569336,75.7300033569336,64.11214447021484,19362800,-0.02119672877563672,1892,2018-07-11,76.6500015258789,77.12000274658203,75.2300033569336,75.7300033569336,64.11214447021484,19362800,-0.02119672877563672,1892,2018-07-11,76.6500015258789,77.12000274658203,75.2300033569336,75.7300033569336,64.11214447021484,19362800,-0.02119672877563672,1892,2018-07-11,76.6500015258789,77.12000274658203,75.2300033569336,75.7300033569336,64.11214447021484,19362800,-0.02119672877563672
1893,2018-07-12,75.93000030517578,76.3499984741211,75.31999969482422,75.86000061035156,64.22218322753906,12568000,0.0017163480996231772,1893,2018-07-12,75.93000030517578,76.3499984741211,75.31999969482422,75.86000061035156,64.22218322753906,12568000,0.0017163480996231772,1893,2018-07-12,75.93000030517578,76.3499984741211,75.31999969482422,75.86000061035156,64.22218322753906,12568000,0.0017163480996231772,1893,2018-07-12,75.93000030517578,76.3499984741211,75.31999969482422,75.86000061035156,64.22218322753906,12568000,0.0017163480996231772,1893,2018-07-12,75.93000030517578,76.3499984741211,75.31999969482422,75.86000061035156,64.22218322753906,12568000,0.0017163480996231772
1894,2018-07-13,75.93000030517578,76.72000122070312,75.7300033569336,76.26000213623047,64.56083679199219,11423100,0.005273155589452294,1894,2018-07-13,75.93000030517578,76.72000122070312,75.7300033569336,76.26000213623047,64.56083679199219,11423100,0.005273155589452294,1894,2018-07-13,75.93000030517578,76.72000122070312,75.7300033569336,76.26000213623047,64.56083679199219,11423100,0.005273155589452294,1894,2018-07-13,75.93000030517578,76.72000122070312,75.7300033569336,76.26000213623047,64.56083679199219,11423100,0.005273155589452294,1894,2018-07-13,75.93000030517578,76.72000122070312,75.7300033569336,76.26000213623047,64.56083679199219,11423100,0.005273155589452294
1895,2018-07-16,75.51000213623047,75.87999725341797,74.73999786376953,75.37999725341797,63.815826416015625,11390600,-0.011539664183364051,1895,2018-07-16,75.51000213623047,75.87999725341797,74.73999786376953,75.37999725341797,63.815826416015625,11390600,-0.011539664183364051,1895,2018-07-16,75.51000213623047,75.87999725341797,74.73999786376953,75.37999725341797,63.815826416015625,11390600,-0.011539664183364051,1895,2018-07-16,75.51000213623047,75.87999725341797,74.73999786376953,75.37999725341797,63.815826416015625,11390600,-0.011539664183364051,1895,2018-07-16,75.51000213623047,75.87999725341797,74.73999786376953,75.37999725341797,63.815826416015625,11390600,-0.011539664183364051
1896,2018-07-17,75.12999725341797,75.5,74.66000366210938,75.08000183105469,63.56184005737305,9753200,-0.003979990120112853,1896,2018-07-17,75.12999725341797,75.5,74.66000366210938,75.08000183105469,63.56184005737305,9753200,-0.003979990120112853,1896,2018-07-17,75.12999725341797,75.5,74.66000366210938,75.08000183105469,63.56184005737305,9753200,-0.003979990120112853,1896,2018-07-17,75.12999725341797,75.5,74.66000366210938,75.08000183105469,63.56184005737305,9753200,-0.003979990120112853,1896,2018-07-17,75.12999725341797,75.5,74.66000366210938,75.08000183105469,63.56184005737305,9753200,-0.003979990120112853
1897,2018-07-18,74.72000122070312,75.23999786376953,73.9800033569336,75.12999725341797,63.60417556762695,15351500,0.0006660523077319791,1897,2018-07-18,74.72000122070312,75.23999786376953,73.9800033569336,75.12999725341797,63.60417556762695,15351500,0.0006660523077319791,1897,2018-07-18,74.72000122070312,75.23999786376953,73.9800033569336,75.12999725341797,63.60417556762695,15351500,0.0006660523077319791,1897,2018-07-18,74.72000122070312,75.23999786376953,73.9800033569336,75.12999725341797,63.60417556762695,15351500,0.0006660523077319791,1897,2018-07-18,74.72000122070312,75.23999786376953,73.9800033569336,75.12999725341797,63.60417556762695,15351500,0.0006660523077319791
1898,2018-07-19,74.93000030517578,75.47000122070312,74.8499984741211,75.1500015258789,63.621116638183594,16231800,0.0002663515469771838,1898,2018-07-19,74.93000030517578,75.47000122070312,74.8499984741211,75.1500015258789,63.621116638183594,16231800,0.0002663515469771838,1898,2018-07-19,74.93000030517578,75.47000122070312,74.8499984741211,75.1500015258789,63.621116638183594,16231800,0.0002663515469771838,1898,2018-07-19,74.93000030517578,75.47000122070312,74.8499984741211,75.1500015258789,63.621116638183594,16231800,0.0002663515469771838,1898,2018-07-19,74.93000030517578,75.47000122070312,74.8499984741211,75.1500015258789,63.621116638183594,16231800,0.0002663515469771838
1899,2018-07-20,75.1500015258789,75.31999969482422,74.6500015258789,74.88999938964844,63.4009895324707,10861200,-0.003459969226330406,1899,2018-07-20,75.1500015258789,75.31999969482422,74.6500015258789,74.88999938964844,63.4009895324707,10861200,-0.003459969226330406,1899,2018-07-20,75.1500015258789,75.31999969482422,74.6500015258789,74.88999938964844,63.4009895324707,10861200,-0.003459969226330406,1899,2018-07-20,75.1500015258789,75.31999969482422,74.6500015258789,74.88999938964844,63.4009895324707,10861200,-0.003459969226330406,1899,2018-07-20,75.1500015258789,75.31999969482422,74.6500015258789,74.88999938964844,63.4009895324707,10861200,-0.003459969226330406
1900,2018-07-23,75.0999984741211,75.1500015258789,74.43000030517578,74.55999755859375,63.121620178222656,7623800,-0.004406387917730625,1900,2018-07-23,75.0999984741211,75.1500015258789,74.43000030517578,74.55999755859375,63.121620178222656,7623800,-0.004406387917730625,1900,2018-07-23,75.0999984741211,75.1500015258789,74.43000030517578,74.55999755859375,63.121620178222656,7623800,-0.004406387917730625,1900,2018-07-23,75.0999984741211,75.1500015258789,74.43000030517578,74.55999755859375,63.121620178222656,7623800,-0.004406387917730625,1900,2018-07-23,75.0999984741211,75.1500015258789,74.43000030517578,74.55999755859375,63.121620178222656,7623800,-0.004406387917730625
1901,2018-07-24,74.88999938964844,75.94000244140625,74.79000091552734,75.5,63.91741943359375,10168500,0.0126073958989672,1901,2018-07-24,74.88999938964844,75.94000244140625,74.79000091552734,75.5,63.91741943359375,10168500,0.0126073958989672,1901,2018-07-24,74.88999938964844,75.94000244140625,74.79000091552734,75.5,63.91741943359375,10168500,0.0126073958989672,1901,2018-07-24,74.88999938964844,75.94000244140625,74.79000091552734,75.5,63.91741943359375,10168500,0.0126073958989672,1901,2018-07-24,74.88999938964844,75.94000244140625,74.79000091552734,75.5,63.91741943359375,10168500,0.0126073958989672
1902,2018-07-25,75.5999984741211,76.31999969482422,75.2300033569336,76.12999725341797,64.45075988769531,11035300,0.008344211309339045,1902,2018-07-25,75.5999984741211,76.31999969482422,75.2300033569336,76.12999725341797,64.45075988769531,11035300,0.008344211309339045,1902,2018-07-25,75.5999984741211,76.31999969482422,75.2300033569336,76.12999725341797,64.45075988769531,11035300,0.008344211309339045,1902,2018-07-25,75.5999984741211,76.31999969482422,75.2300033569336,76.12999725341797,64.45075988769531,11035300,0.008344211309339045,1902,2018-07-25,75.5999984741211,76.31999969482422,75.2300033569336,76.12999725341797,64.45075988769531,11035300,0.008344211309339045
1903,2018-07-26,76.29000091552734,77.0999984741211,76.13999938964844,76.95999908447266,65.15343475341797,12187400,0.010902507075898793,1903,2018-07-26,76.29000091552734,77.0999984741211,76.13999938964844,76.95999908447266,65.15343475341797,12187400,0.010902507075898793,1903,2018-07-26,76.29000091552734,77.0999984741211,76.13999938964844,76.95999908447266,65.15343475341797,12187400,0.010902507075898793,1903,2018-07-26,76.29000091552734,77.0999984741211,76.13999938964844,76.95999908447266,65.15343475341797,12187400,0.010902507075898793,1903,2018-07-26,76.29000091552734,77.0999984741211,76.13999938964844,76.95999908447266,65.15343475341797,12187400,0.010902507075898793
1904,2018-07-27,76.0999984741211,77.02999877929688,76.0,76.62999725341797,64.87405395507812,12640900,-0.004288044051663609,1904,2018-07-27,76.0999984741211,77.02999877929688,76.0,76.62999725341797,64.87405395507812,12640900,-0.004288044051663609,1904,2018-07-27,76.0999984741211,77.02999877929688,76.0,76.62999725341797,64.87405395507812,12640900,-0.004288044051663609,1904,2018-07-27,76.0999984741211,77.02999877929688,76.0,76.62999725341797,64.87405395507812,12640900,-0.004288044051663609,1904,2018-07-27,76.0999984741211,77.02999877929688,76.0,76.62999725341797,64.87405395507812,12640900,-0.004288044051663609
1905,2018-07-30,77.23999786376953,77.55999755859375,76.9800033569336,77.26000213623047,65.40741729736328,11395000,0.008221520157418949,1905,2018-07-30,77.23999786376953,77.55999755859375,76.9800033569336,77.26000213623047,65.40741729736328,11395000,0.008221520157418949,1905,2018-07-30,77.23999786376953,77.55999755859375,76.9800033569336,77.26000213623047,65.40741729736328,11395000,0.008221520157418949,1905,2018-07-30,77.23999786376953,77.55999755859375,76.9800033569336,77.26000213623047,65.40741729736328,11395000,0.008221520157418949,1905,2018-07-30,77.23999786376953,77.55999755859375,76.9800033569336,77.26000213623047,65.40741729736328,11395000,0.008221520157418949
1906,2018-07-31,77.4000015258789,77.61000061035156,76.94000244140625,77.12000274658203,65.28887939453125,11290500,-0.0018123006186457902,1906,2018-07-31,77.4000015258789,77.61000061035156,76.94000244140625,77.12000274658203,65.28887939453125,11290500,-0.0018123006186457902,1906,2018-07-31,77.4000015258789,77.61000061035156,76.94000244140625,77.12000274658203,65.28887939453125,11290500,-0.0018123006186457902,1906,2018-07-31,77.4000015258789,77.61000061035156,76.94000244140625,77.12000274658203,65.28887939453125,11290500,-0.0018123006186457902,1906,2018-07-31,77.4000015258789,77.61000061035156,76.94000244140625,77.12000274658203,65.28887939453125,11290500,-0.0018123006186457902
1907,2018-08-01,76.44999694824219,76.4800033569336,75.63999938964844,76.05000305175781,64.38304138183594,11172500,-0.013874307862162372,1907,2018-08-01,76.44999694824219,76.4800033569336,75.63999938964844,76.05000305175781,64.38304138183594,11172500,-0.013874307862162372,1907,2018-08-01,76.44999694824219,76.4800033569336,75.63999938964844,76.05000305175781,64.38304138183594,11172500,-0.013874307862162372,1907,2018-08-01,76.44999694824219,76.4800033569336,75.63999938964844,76.05000305175781,64.38304138183594,11172500,-0.013874307862162372,1907,2018-08-01,76.44999694824219,76.4800033569336,75.63999938964844,76.05000305175781,64.38304138183594,11172500,-0.013874307862162372
1908,2018-08-02,75.48999786376953,75.77999877929688,75.0,75.62999725341797,64.0274658203125,9689700,-0.005522813987842379,1908,2018-08-02,75.48999786376953,75.77999877929688,75.0,75.62999725341797,64.0274658203125,9689700,-0.005522813987842379,1908,2018-08-02,75.48999786376953,75.77999877929688,75.0,75.62999725341797,64.0274658203125,9689700,-0.005522813987842379,1908,2018-08-02,75.48999786376953,75.77999877929688,75.0,75.62999725341797,64.0274658203125,9689700,-0.005522813987842379,1908,2018-08-02,75.48999786376953,75.77999877929688,75.0,75.62999725341797,64.0274658203125,9689700,-0.005522813987842379
1909,2018-08-03,75.48999786376953,75.62999725341797,74.86000061035156,75.23999786376953,63.69730758666992,7663300,-0.005156509466876846,1909,2018-08-03,75.48999786376953,75.62999725341797,74.86000061035156,75.23999786376953,63.69730758666992,7663300,-0.005156509466876846,1909,2018-08-03,75.48999786376953,75.62999725341797,74.86000061035156,75.23999786376953,63.69730758666992,7663300,-0.005156509466876846,1909,2018-08-03,75.48999786376953,75.62999725341797,74.86000061035156,75.23999786376953,63.69730758666992,7663300,-0.005156509466876846,1909,2018-08-03,75.48999786376953,75.62999725341797,74.86000061035156,75.23999786376953,63.69730758666992,7663300,-0.005156509466876846
1910,2018-08-06,75.45999908447266,75.87999725341797,75.01000213623047,75.5199966430664,63.934356689453125,8200100,0.0037214932901310505,1910,2018-08-06,75.45999908447266,75.87999725341797,75.01000213623047,75.5199966430664,63.934356689453125,8200100,0.0037214932901310505,1910,2018-08-06,75.45999908447266,75.87999725341797,75.01000213623047,75.5199966430664,63.934356689453125,8200100,0.0037214932901310505,1910,2018-08-06,75.45999908447266,75.87999725341797,75.01000213623047,75.5199966430664,63.934356689453125,8200100,0.0037214932901310505,1910,2018-08-06,75.45999908447266,75.87999725341797,75.01000213623047,75.5199966430664,63.934356689453125,8200100,0.0037214932901310505
1911,2018-08-07,76.29000091552734,76.5,75.83999633789062,76.08000183105469,64.40843200683594,11798300,0.007415032260127852,1911,2018-08-07,76.29000091552734,76.5,75.83999633789062,76.08000183105469,64.40843200683594,11798300,0.007415032260127852,1911,2018-08-07,76.29000091552734,76.5,75.83999633789062,76.08000183105469,64.40843200683594,11798300,0.007415032260127852,1911,2018-08-07,76.29000091552734,76.5,75.83999633789062,76.08000183105469,64.40843200683594,11798300,0.007415032260127852,1911,2018-08-07,76.29000091552734,76.5,75.83999633789062,76.08000183105469,64.40843200683594,11798300,0.007415032260127852
1912,2018-08-08,75.55000305175781,75.80999755859375,75.08000183105469,75.52999877929688,63.942813873291016,9398800,-0.007229148716048628,1912,2018-08-08,75.55000305175781,75.80999755859375,75.08000183105469,75.52999877929688,63.942813873291016,9398800,-0.007229148716048628,1912,2018-08-08,75.55000305175781,75.80999755859375,75.08000183105469,75.52999877929688,63.942813873291016,9398800,-0.007229148716048628,1912,2018-08-08,75.55000305175781,75.80999755859375,75.08000183105469,75.52999877929688,63.942813873291016,9398800,-0.007229148716048628,1912,2018-08-08,75.55000305175781,75.80999755859375,75.08000183105469,75.52999877929688,63.942813873291016,9398800,-0.007229148716048628
1913,2018-08-09,75.58999633789062,75.7300033569336,74.70999908447266,74.83000183105469,63.35020065307617,15232500,-0.009267862709157026,1913,2018-08-09,75.58999633789062,75.7300033569336,74.70999908447266,74.83000183105469,63.35020065307617,15232500,-0.009267862709157026,1913,2018-08-09,75.58999633789062,75.7300033569336,74.70999908447266,74.83000183105469,63.35020065307617,15232500,-0.009267862709157026,1913,2018-08-09,75.58999633789062,75.7300033569336,74.70999908447266,74.83000183105469,63.35020065307617,15232500,-0.009267862709157026,1913,2018-08-09,75.58999633789062,75.7300033569336,74.70999908447266,74.83000183105469,63.35020065307617,15232500,-0.009267862709157026
1914,2018-08-10,74.66000366210938,75.29000091552734,74.51000213623047,75.29000091552734,63.73963165283203,16977700,0.006147273343118487,1914,2018-08-10,74.66000366210938,75.29000091552734,74.51000213623047,75.29000091552734,63.73963165283203,16977700,0.006147273343118487,1914,2018-08-10,74.66000366210938,75.29000091552734,74.51000213623047,75.29000091552734,63.73963165283203,16977700,0.006147273343118487,1914,2018-08-10,74.66000366210938,75.29000091552734,74.51000213623047,75.29000091552734,63.73963165283203,16977700,0.006147273343118487,1914,2018-08-10,74.66000366210938,75.29000091552734,74.51000213623047,75.29000091552734,63.73963165283203,16977700,0.006147273343118487
1915,2018-08-13,75.1500015258789,75.41000366210938,74.29000091552734,74.33000183105469,62.926910400390625,9817000,-0.012750642439668058,1915,2018-08-13,75.1500015258789,75.41000366210938,74.29000091552734,74.33000183105469,62.926910400390625,9817000,-0.012750642439668058,1915,2018-08-13,75.1500015258789,75.41000366210938,74.29000091552734,74.33000183105469,62.926910400390625,9817000,-0.012750642439668058,1915,2018-08-13,75.1500015258789,75.41000366210938,74.29000091552734,74.33000183105469,62.926910400390625,9817000,-0.012750642439668058,1915,2018-08-13,75.1500015258789,75.41000366210938,74.29000091552734,74.33000183105469,62.926910400390625,9817000,-0.012750642439668058
1916,2018-08-14,74.9000015258789,75.01000213623047,74.19999694824219,74.51000213623047,63.07929992675781,10437900,0.002421690901357909,1916,2018-08-14,74.9000015258789,75.01000213623047,74.19999694824219,74.51000213623047,63.07929992675781,10437900,0.002421690901357909,1916,2018-08-14,74.9000015258789,75.01000213623047,74.19999694824219,74.51000213623047,63.07929992675781,10437900,0.002421690901357909,1916,2018-08-14,74.9000015258789,75.01000213623047,74.19999694824219,74.51000213623047,63.07929992675781,10437900,0.002421690901357909,1916,2018-08-14,74.9000015258789,75.01000213623047,74.19999694824219,74.51000213623047,63.07929992675781,10437900,0.002421690901357909
1917,2018-08-15,73.80000305175781,73.91999816894531,71.69999694824219,71.91000366210938,60.878170013427734,26400400,-0.034894647148681734,1917,2018-08-15,73.80000305175781,73.91999816894531,71.69999694824219,71.91000366210938,60.878170013427734,26400400,-0.034894647148681734,1917,2018-08-15,73.80000305175781,73.91999816894531,71.69999694824219,71.91000366210938,60.878170013427734,26400400,-0.034894647148681734,1917,2018-08-15,73.80000305175781,73.91999816894531,71.69999694824219,71.91000366210938,60.878170013427734,26400400,-0.034894647148681734,1917,2018-08-15,73.80000305175781,73.91999816894531,71.69999694824219,71.91000366210938,60.878170013427734,26400400,-0.034894647148681734
1918,2018-08-16,72.26000213623047,72.83999633789062,72.22000122070312,72.43000030517578,61.31839370727539,25013300,0.007231224160492378,1918,2018-08-16,72.26000213623047,72.83999633789062,72.22000122070312,72.43000030517578,61.31839370727539,25013300,0.007231224160492378,1918,2018-08-16,72.26000213623047,72.83999633789062,72.22000122070312,72.43000030517578,61.31839370727539,25013300,0.007231224160492378,1918,2018-08-16,72.26000213623047,72.83999633789062,72.22000122070312,72.43000030517578,61.31839370727539,25013300,0.007231224160492378,1918,2018-08-16,72.26000213623047,72.83999633789062,72.22000122070312,72.43000030517578,61.31839370727539,25013300,0.007231224160492378
1919,2018-08-17,72.62000274658203,72.80000305175781,72.3499984741211,72.61000061035156,61.47077560424805,11532700,0.002485092771674635,1919,2018-08-17,72.62000274658203,72.80000305175781,72.3499984741211,72.61000061035156,61.47077560424805,11532700,0.002485092771674635,1919,2018-08-17,72.62000274658203,72.80000305175781,72.3499984741211,72.61000061035156,61.47077560424805,11532700,0.002485092771674635,1919,2018-08-17,72.62000274658203,72.80000305175781,72.3499984741211,72.61000061035156,61.47077560424805,11532700,0.002485092771674635,1919,2018-08-17,72.62000274658203,72.80000305175781,72.3499984741211,72.61000061035156,61.47077560424805,11532700,0.002485092771674635
1920,2018-08-20,72.62999725341797,73.36000061035156,72.5999984741211,73.0999984741211,61.88560485839844,8345700,0.0067483979187294985,1920,2018-08-20,72.62999725341797,73.36000061035156,72.5999984741211,73.0999984741211,61.88560485839844,8345700,0.0067483979187294985,1920,2018-08-20,72.62999725341797,73.36000061035156,72.5999984741211,73.0999984741211,61.88560485839844,8345700,0.0067483979187294985,1920,2018-08-20,72.62999725341797,73.36000061035156,72.5999984741211,73.0999984741211,61.88560485839844,8345700,0.0067483979187294985,1920,2018-08-20,72.62999725341797,73.36000061035156,72.5999984741211,73.0999984741211,61.88560485839844,8345700,0.0067483979187294985
1921,2018-08-21,73.70999908447266,74.05999755859375,73.38999938964844,73.47000122070312,62.198848724365234,9509100,0.0050616596005410575,1921,2018-08-21,73.70999908447266,74.05999755859375,73.38999938964844,73.47000122070312,62.198848724365234,9509100,0.0050616596005410575,1921,2018-08-21,73.70999908447266,74.05999755859375,73.38999938964844,73.47000122070312,62.198848724365234,9509100,0.0050616596005410575,1921,2018-08-21,73.70999908447266,74.05999755859375,73.38999938964844,73.47000122070312,62.198848724365234,9509100,0.0050616596005410575,1921,2018-08-21,73.70999908447266,74.05999755859375,73.38999938964844,73.47000122070312,62.198848724365234,9509100,0.0050616596005410575
1922,2018-08-22,73.93000030517578,74.58000183105469,73.87999725341797,74.3499984741211,62.943843841552734,9345400,0.01197763515670447,1922,2018-08-22,73.93000030517578,74.58000183105469,73.87999725341797,74.3499984741211,62.943843841552734,9345400,0.01197763515670447,1922,2018-08-22,73.93000030517578,74.58000183105469,73.87999725341797,74.3499984741211,62.943843841552734,9345400,0.01197763515670447,1922,2018-08-22,73.93000030517578,74.58000183105469,73.87999725341797,74.3499984741211,62.943843841552734,9345400,0.01197763515670447,1922,2018-08-22,73.93000030517578,74.58000183105469,73.87999725341797,74.3499984741211,62.943843841552734,9345400,0.01197763515670447
1923,2018-08-23,74.0,74.12999725341797,73.72000122070312,74.0,62.64754104614258,6468900,-0.0047074150119594815,1923,2018-08-23,74.0,74.12999725341797,73.72000122070312,74.0,62.64754104614258,6468900,-0.0047074150119594815,1923,2018-08-23,74.0,74.12999725341797,73.72000122070312,74.0,62.64754104614258,6468900,-0.0047074150119594815,1923,2018-08-23,74.0,74.12999725341797,73.72000122070312,74.0,62.64754104614258,6468900,-0.0047074150119594815,1923,2018-08-23,74.0,74.12999725341797,73.72000122070312,74.0,62.64754104614258,6468900,-0.0047074150119594815
1924,2018-08-24,74.45999908447266,74.9800033569336,74.38999938964844,74.54000091552734,63.10468673706055,7753300,0.0072971050943764215,1924,2018-08-24,74.45999908447266,74.9800033569336,74.38999938964844,74.54000091552734,63.10468673706055,7753300,0.0072971050943764215,1924,2018-08-24,74.45999908447266,74.9800033569336,74.38999938964844,74.54000091552734,63.10468673706055,7753300,0.0072971050943764215,1924,2018-08-24,74.45999908447266,74.9800033569336,74.38999938964844,74.54000091552734,63.10468673706055,7753300,0.0072971050943764215,1924,2018-08-24,74.45999908447266,74.9800033569336,74.38999938964844,74.54000091552734,63.10468673706055,7753300,0.0072971050943764215
1925,2018-08-27,74.79000091552734,75.19000244140625,74.68000030517578,75.08999633789062,63.57030487060547,6984900,0.00737850320824851,1925,2018-08-27,74.79000091552734,75.19000244140625,74.68000030517578,75.08999633789062,63.57030487060547,6984900,0.00737850320824851,1925,2018-08-27,74.79000091552734,75.19000244140625,74.68000030517578,75.08999633789062,63.57030487060547,6984900,0.00737850320824851,1925,2018-08-27,74.79000091552734,75.19000244140625,74.68000030517578,75.08999633789062,63.57030487060547,6984900,0.00737850320824851,1925,2018-08-27,74.79000091552734,75.19000244140625,74.68000030517578,75.08999633789062,63.57030487060547,6984900,0.00737850320824851
1926,2018-08-28,75.2300033569336,75.54000091552734,74.72000122070312,74.7699966430664,63.29941177368164,8393500,-0.004261315050717807,1926,2018-08-28,75.2300033569336,75.54000091552734,74.72000122070312,74.7699966430664,63.29941177368164,8393500,-0.004261315050717807,1926,2018-08-28,75.2300033569336,75.54000091552734,74.72000122070312,74.7699966430664,63.29941177368164,8393500,-0.004261315050717807,1926,2018-08-28,75.2300033569336,75.54000091552734,74.72000122070312,74.7699966430664,63.29941177368164,8393500,-0.004261315050717807,1926,2018-08-28,75.2300033569336,75.54000091552734,74.72000122070312,74.7699966430664,63.29941177368164,8393500,-0.004261315050717807
1927,2018-08-29,75.01000213623047,75.54000091552734,74.77999877929688,75.2300033569336,63.6888427734375,7760400,0.006152205665800103,1927,2018-08-29,75.01000213623047,75.54000091552734,74.77999877929688,75.2300033569336,63.6888427734375,7760400,0.006152205665800103,1927,2018-08-29,75.01000213623047,75.54000091552734,74.77999877929688,75.2300033569336,63.6888427734375,7760400,0.006152205665800103,1927,2018-08-29,75.01000213623047,75.54000091552734,74.77999877929688,75.2300033569336,63.6888427734375,7760400,0.006152205665800103,1927,2018-08-29,75.01000213623047,75.54000091552734,74.77999877929688,75.2300033569336,63.6888427734375,7760400,0.006152205665800103
1928,2018-08-30,75.19999694824219,75.3499984741211,74.62999725341797,75.0199966430664,63.511051177978516,9250200,-0.0027915658020580825,1928,2018-08-30,75.19999694824219,75.3499984741211,74.62999725341797,75.0199966430664,63.511051177978516,9250200,-0.0027915658020580825,1928,2018-08-30,75.19999694824219,75.3499984741211,74.62999725341797,75.0199966430664,63.511051177978516,9250200,-0.0027915658020580825,1928,2018-08-30,75.19999694824219,75.3499984741211,74.62999725341797,75.0199966430664,63.511051177978516,9250200,-0.0027915658020580825,1928,2018-08-30,75.19999694824219,75.3499984741211,74.62999725341797,75.0199966430664,63.511051177978516,9250200,-0.0027915658020580825
1929,2018-08-31,74.79000091552734,74.80999755859375,74.12999725341797,74.44000244140625,63.020042419433594,8909600,-0.007731075922030595,1929,2018-08-31,74.79000091552734,74.80999755859375,74.12999725341797,74.44000244140625,63.020042419433594,8909600,-0.007731075922030595,1929,2018-08-31,74.79000091552734,74.80999755859375,74.12999725341797,74.44000244140625,63.020042419433594,8909600,-0.007731075922030595,1929,2018-08-31,74.79000091552734,74.80999755859375,74.12999725341797,74.44000244140625,63.020042419433594,8909600,-0.007731075922030595,1929,2018-08-31,74.79000091552734,74.80999755859375,74.12999725341797,74.44000244140625,63.020042419433594,8909600,-0.007731075922030595
1930,2018-09-04,74.77999877929688,74.83999633789062,73.9800033569336,74.27999877929688,62.88456726074219,15094700,-0.002149715447503864,1930,2018-09-04,74.77999877929688,74.83999633789062,73.9800033569336,74.27999877929688,62.88456726074219,15094700,-0.002149715447503864,1930,2018-09-04,74.77999877929688,74.83999633789062,73.9800033569336,74.27999877929688,62.88456726074219,15094700,-0.002149715447503864,1930,2018-09-04,74.77999877929688,74.83999633789062,73.9800033569336,74.27999877929688,62.88456726074219,15094700,-0.002149715447503864,1930,2018-09-04,74.77999877929688,74.83999633789062,73.9800033569336,74.27999877929688,62.88456726074219,15094700,-0.002149715447503864
1931,2018-09-05,73.94000244140625,74.22000122070312,73.19000244140625,74.18000030517578,62.7999153137207,9598100,-0.0013461481999309521,1931,2018-09-05,73.94000244140625,74.22000122070312,73.19000244140625,74.18000030517578,62.7999153137207,9598100,-0.0013461481999309521,1931,2018-09-05,73.94000244140625,74.22000122070312,73.19000244140625,74.18000030517578,62.7999153137207,9598100,-0.0013461481999309521,1931,2018-09-05,73.94000244140625,74.22000122070312,73.19000244140625,74.18000030517578,62.7999153137207,9598100,-0.0013461481999309521,1931,2018-09-05,73.94000244140625,74.22000122070312,73.19000244140625,74.18000030517578,62.7999153137207,9598100,-0.0013461481999309521
1932,2018-09-06,73.9000015258789,74.1500015258789,72.61000061035156,72.80999755859375,61.64009094238281,14406400,-0.018468565849872887,1932,2018-09-06,73.9000015258789,74.1500015258789,72.61000061035156,72.80999755859375,61.64009094238281,14406400,-0.018468565849872887,1932,2018-09-06,73.9000015258789,74.1500015258789,72.61000061035156,72.80999755859375,61.64009094238281,14406400,-0.018468565849872887,1932,2018-09-06,73.9000015258789,74.1500015258789,72.61000061035156,72.80999755859375,61.64009094238281,14406400,-0.018468565849872887,1932,2018-09-06,73.9000015258789,74.1500015258789,72.61000061035156,72.80999755859375,61.64009094238281,14406400,-0.018468565849872887
1933,2018-09-07,72.54000091552734,72.93000030517578,71.77999877929688,72.80000305175781,61.63162612915039,10134400,-0.00013732642348518453,1933,2018-09-07,72.54000091552734,72.93000030517578,71.77999877929688,72.80000305175781,61.63162612915039,10134400,-0.00013732642348518453,1933,2018-09-07,72.54000091552734,72.93000030517578,71.77999877929688,72.80000305175781,61.63162612915039,10134400,-0.00013732642348518453,1933,2018-09-07,72.54000091552734,72.93000030517578,71.77999877929688,72.80000305175781,61.63162612915039,10134400,-0.00013732642348518453,1933,2018-09-07,72.54000091552734,72.93000030517578,71.77999877929688,72.80000305175781,61.63162612915039,10134400,-0.00013732642348518453
1934,2018-09-10,73.16999816894531,73.47000122070312,72.75,72.7699966430664,61.606231689453125,8911700,-0.0004120358538658442,1934,2018-09-10,73.16999816894531,73.47000122070312,72.75,72.7699966430664,61.606231689453125,8911700,-0.0004120358538658442,1934,2018-09-10,73.16999816894531,73.47000122070312,72.75,72.7699966430664,61.606231689453125,8911700,-0.0004120358538658442,1934,2018-09-10,73.16999816894531,73.47000122070312,72.75,72.7699966430664,61.606231689453125,8911700,-0.0004120358538658442,1934,2018-09-10,73.16999816894531,73.47000122070312,72.75,72.7699966430664,61.606231689453125,8911700,-0.0004120358538658442
1935,2018-09-11,72.69999694824219,73.87999725341797,72.5,73.45999908447266,62.190372467041016,14281600,0.009481845611535755,1935,2018-09-11,72.69999694824219,73.87999725341797,72.5,73.45999908447266,62.190372467041016,14281600,0.009481845611535755,1935,2018-09-11,72.69999694824219,73.87999725341797,72.5,73.45999908447266,62.190372467041016,14281600,0.009481845611535755,1935,2018-09-11,72.69999694824219,73.87999725341797,72.5,73.45999908447266,62.190372467041016,14281600,0.009481845611535755,1935,2018-09-11,72.69999694824219,73.87999725341797,72.5,73.45999908447266,62.190372467041016,14281600,0.009481845611535755
1936,2018-09-12,74.05999755859375,74.56999969482422,73.81999969482422,73.83999633789062,62.512081146240234,12689400,0.005172965950151154,1936,2018-09-12,74.05999755859375,74.56999969482422,73.81999969482422,73.83999633789062,62.512081146240234,12689400,0.005172965950151154,1936,2018-09-12,74.05999755859375,74.56999969482422,73.81999969482422,73.83999633789062,62.512081146240234,12689400,0.005172965950151154,1936,2018-09-12,74.05999755859375,74.56999969482422,73.81999969482422,73.83999633789062,62.512081146240234,12689400,0.005172965950151154,1936,2018-09-12,74.05999755859375,74.56999969482422,73.81999969482422,73.83999633789062,62.512081146240234,12689400,0.005172965950151154
1937,2018-09-13,73.72000122070312,74.01000213623047,73.2300033569336,73.87000274658203,62.53749084472656,11037400,0.0004064766045284163,1937,2018-09-13,73.72000122070312,74.01000213623047,73.2300033569336,73.87000274658203,62.53749084472656,11037400,0.0004064766045284163,1937,2018-09-13,73.72000122070312,74.01000213623047,73.2300033569336,73.87000274658203,62.53749084472656,11037400,0.0004064766045284163,1937,2018-09-13,73.72000122070312,74.01000213623047,73.2300033569336,73.87000274658203,62.53749084472656,11037400,0.0004064766045284163,1937,2018-09-13,73.72000122070312,74.01000213623047,73.2300033569336,73.87000274658203,62.53749084472656,11037400,0.0004064766045284163
1938,2018-09-14,73.87999725341797,74.54000091552734,73.8499984741211,74.26000213623047,62.86764144897461,9494300,0.005279242895557923,1938,2018-09-14,73.87999725341797,74.54000091552734,73.8499984741211,74.26000213623047,62.86764144897461,9494300,0.005279242895557923,1938,2018-09-14,73.87999725341797,74.54000091552734,73.8499984741211,74.26000213623047,62.86764144897461,9494300,0.005279242895557923,1938,2018-09-14,73.87999725341797,74.54000091552734,73.8499984741211,74.26000213623047,62.86764144897461,9494300,0.005279242895557923,1938,2018-09-14,73.87999725341797,74.54000091552734,73.8499984741211,74.26000213623047,62.86764144897461,9494300,0.005279242895557923
1939,2018-09-17,74.44999694824219,74.87999725341797,74.19999694824219,74.37999725341797,62.96923828125,14728900,0.0016160433242569106,1939,2018-09-17,74.44999694824219,74.87999725341797,74.19999694824219,74.37999725341797,62.96923828125,14728900,0.0016160433242569106,1939,2018-09-17,74.44999694824219,74.87999725341797,74.19999694824219,74.37999725341797,62.96923828125,14728900,0.0016160433242569106,1939,2018-09-17,74.44999694824219,74.87999725341797,74.19999694824219,74.37999725341797,62.96923828125,14728900,0.0016160433242569106,1939,2018-09-17,74.44999694824219,74.87999725341797,74.19999694824219,74.37999725341797,62.96923828125,14728900,0.0016160433242569106
1940,2018-09-18,74.91000366210938,75.37999725341797,74.86000061035156,74.87000274658203,63.384056091308594,10223500,0.006587626297873017,1940,2018-09-18,74.91000366210938,75.37999725341797,74.86000061035156,74.87000274658203,63.384056091308594,10223500,0.006587626297873017,1940,2018-09-18,74.91000366210938,75.37999725341797,74.86000061035156,74.87000274658203,63.384056091308594,10223500,0.006587626297873017,1940,2018-09-18,74.91000366210938,75.37999725341797,74.86000061035156,74.87000274658203,63.384056091308594,10223500,0.006587626297873017,1940,2018-09-18,74.91000366210938,75.37999725341797,74.86000061035156,74.87000274658203,63.384056091308594,10223500,0.006587626297873017
1941,2018-09-19,74.88999938964844,75.41000366210938,74.81999969482422,75.0999984741211,63.578773498535156,10911500,0.0030720250364864032,1941,2018-09-19,74.88999938964844,75.41000366210938,74.81999969482422,75.0999984741211,63.578773498535156,10911500,0.0030720250364864032,1941,2018-09-19,74.88999938964844,75.41000366210938,74.81999969482422,75.0999984741211,63.578773498535156,10911500,0.0030720250364864032,1941,2018-09-19,74.88999938964844,75.41000366210938,74.81999969482422,75.0999984741211,63.578773498535156,10911500,0.0030720250364864032,1941,2018-09-19,74.88999938964844,75.41000366210938,74.81999969482422,75.0999984741211,63.578773498535156,10911500,0.0030720250364864032
1942,2018-09-20,75.41999816894531,75.70999908447266,75.02999877929688,75.12000274658203,63.5957145690918,12512400,0.0002664579642610576,1942,2018-09-20,75.41999816894531,75.70999908447266,75.02999877929688,75.12000274658203,63.5957145690918,12512400,0.0002664579642610576,1942,2018-09-20,75.41999816894531,75.70999908447266,75.02999877929688,75.12000274658203,63.5957145690918,12512400,0.0002664579642610576,1942,2018-09-20,75.41999816894531,75.70999908447266,75.02999877929688,75.12000274658203,63.5957145690918,12512400,0.0002664579642610576,1942,2018-09-20,75.41999816894531,75.70999908447266,75.02999877929688,75.12000274658203,63.5957145690918,12512400,0.0002664579642610576
1943,2018-09-21,75.01000213623047,75.3499984741211,74.5,75.0999984741211,64.01595306396484,13710100,0.006607968755764082,1943,2018-09-21,75.01000213623047,75.3499984741211,74.5,75.0999984741211,64.01595306396484,13710100,0.006607968755764082,1943,2018-09-21,75.01000213623047,75.3499984741211,74.5,75.0999984741211,64.01595306396484,13710100,0.006607968755764082,1943,2018-09-21,75.01000213623047,75.3499984741211,74.5,75.0999984741211,64.01595306396484,13710100,0.006607968755764082,1943,2018-09-21,75.01000213623047,75.3499984741211,74.5,75.0999984741211,64.01595306396484,13710100,0.006607968755764082
1944,2018-09-24,75.76000213623047,76.52999877929688,75.69999694824219,76.19999694824219,64.95359802246094,12784500,0.014647051455427107,1944,2018-09-24,75.76000213623047,76.52999877929688,75.69999694824219,76.19999694824219,64.95359802246094,12784500,0.014647051455427107,1944,2018-09-24,75.76000213623047,76.52999877929688,75.69999694824219,76.19999694824219,64.95359802246094,12784500,0.014647051455427107,1944,2018-09-24,75.76000213623047,76.52999877929688,75.69999694824219,76.19999694824219,64.95359802246094,12784500,0.014647051455427107,1944,2018-09-24,75.76000213623047,76.52999877929688,75.69999694824219,76.19999694824219,64.95359802246094,12784500,0.014647051455427107
1945,2018-09-25,76.68000030517578,77.01000213623047,76.58000183105469,76.69000244140625,65.37128448486328,13027600,0.006430536184583779,1945,2018-09-25,76.68000030517578,77.01000213623047,76.58000183105469,76.69000244140625,65.37128448486328,13027600,0.006430536184583779,1945,2018-09-25,76.68000030517578,77.01000213623047,76.58000183105469,76.69000244140625,65.37128448486328,13027600,0.006430536184583779,1945,2018-09-25,76.68000030517578,77.01000213623047,76.58000183105469,76.69000244140625,65.37128448486328,13027600,0.006430536184583779,1945,2018-09-25,76.68000030517578,77.01000213623047,76.58000183105469,76.69000244140625,65.37128448486328,13027600,0.006430536184583779
1946,2018-09-26,76.22000122070312,76.62000274658203,75.81999969482422,75.94999694824219,64.7405014038086,12728600,-0.009649237980030034,1946,2018-09-26,76.22000122070312,76.62000274658203,75.81999969482422,75.94999694824219,64.7405014038086,12728600,-0.009649237980030034,1946,2018-09-26,76.22000122070312,76.62000274658203,75.81999969482422,75.94999694824219,64.7405014038086,12728600,-0.009649237980030034,1946,2018-09-26,76.22000122070312,76.62000274658203,75.81999969482422,75.94999694824219,64.7405014038086,12728600,-0.009649237980030034,1946,2018-09-26,76.22000122070312,76.62000274658203,75.81999969482422,75.94999694824219,64.7405014038086,12728600,-0.009649237980030034
1947,2018-09-27,76.25,76.3499984741211,75.75,75.94999694824219,64.7405014038086,10672100,0.0,1947,2018-09-27,76.25,76.3499984741211,75.75,75.94999694824219,64.7405014038086,10672100,0.0,1947,2018-09-27,76.25,76.3499984741211,75.75,75.94999694824219,64.7405014038086,10672100,0.0,1947,2018-09-27,76.25,76.3499984741211,75.75,75.94999694824219,64.7405014038086,10672100,0.0,1947,2018-09-27,76.25,76.3499984741211,75.75,75.94999694824219,64.7405014038086,10672100,0.0
1948,2018-09-28,75.58999633789062,76.54000091552734,75.55000305175781,75.73999786376953,64.56149291992188,14833100,-0.0027650154077457634,1948,2018-09-28,75.58999633789062,76.54000091552734,75.55000305175781,75.73999786376953,64.56149291992188,14833100,-0.0027650154077457634,1948,2018-09-28,75.58999633789062,76.54000091552734,75.55000305175781,75.73999786376953,64.56149291992188,14833100,-0.0027650154077457634,1948,2018-09-28,75.58999633789062,76.54000091552734,75.55000305175781,75.73999786376953,64.56149291992188,14833100,-0.0027650154077457634,1948,2018-09-28,75.58999633789062,76.54000091552734,75.55000305175781,75.73999786376953,64.56149291992188,14833100,-0.0027650154077457634
1949,2018-10-01,76.0199966430664,77.11000061035156,76.0199966430664,76.79000091552734,65.45650482177734,12712600,0.013862936889727617,1949,2018-10-01,76.0199966430664,77.11000061035156,76.0199966430664,76.79000091552734,65.45650482177734,12712600,0.013862936889727617,1949,2018-10-01,76.0199966430664,77.11000061035156,76.0199966430664,76.79000091552734,65.45650482177734,12712600,0.013862936889727617,1949,2018-10-01,76.0199966430664,77.11000061035156,76.0199966430664,76.79000091552734,65.45650482177734,12712600,0.013862936889727617,1949,2018-10-01,76.0199966430664,77.11000061035156,76.0199966430664,76.79000091552734,65.45650482177734,12712600,0.013862936889727617
1950,2018-10-02,76.9800033569336,77.12999725341797,76.33999633789062,76.87000274658203,65.52472686767578,9468400,0.0010422500572584426,1950,2018-10-02,76.9800033569336,77.12999725341797,76.33999633789062,76.87000274658203,65.52472686767578,9468400,0.0010422500572584426,1950,2018-10-02,76.9800033569336,77.12999725341797,76.33999633789062,76.87000274658203,65.52472686767578,9468400,0.0010422500572584426,1950,2018-10-02,76.9800033569336,77.12999725341797,76.33999633789062,76.87000274658203,65.52472686767578,9468400,0.0010422500572584426,1950,2018-10-02,76.9800033569336,77.12999725341797,76.33999633789062,76.87000274658203,65.52472686767578,9468400,0.0010422500572584426
1951,2018-10-03,77.19999694824219,77.72000122070312,76.9800033569336,77.48999786376953,66.05320739746094,13244800,0.008065360285322454,1951,2018-10-03,77.19999694824219,77.72000122070312,76.9800033569336,77.48999786376953,66.05320739746094,13244800,0.008065360285322454,1951,2018-10-03,77.19999694824219,77.72000122070312,76.9800033569336,77.48999786376953,66.05320739746094,13244800,0.008065360285322454,1951,2018-10-03,77.19999694824219,77.72000122070312,76.9800033569336,77.48999786376953,66.05320739746094,13244800,0.008065360285322454,1951,2018-10-03,77.19999694824219,77.72000122070312,76.9800033569336,77.48999786376953,66.05320739746094,13244800,0.008065360285322454
1952,2018-10-04,77.23999786376953,77.70999908447266,76.72000122070312,77.16999816894531,65.78044128417969,15192700,-0.004129490815486636,1952,2018-10-04,77.23999786376953,77.70999908447266,76.72000122070312,77.16999816894531,65.78044128417969,15192700,-0.004129490815486636,1952,2018-10-04,77.23999786376953,77.70999908447266,76.72000122070312,77.16999816894531,65.78044128417969,15192700,-0.004129490815486636,1952,2018-10-04,77.23999786376953,77.70999908447266,76.72000122070312,77.16999816894531,65.78044128417969,15192700,-0.004129490815486636,1952,2018-10-04,77.23999786376953,77.70999908447266,76.72000122070312,77.16999816894531,65.78044128417969,15192700,-0.004129490815486636
1953,2018-10-05,77.08999633789062,77.41000366210938,76.69000244140625,77.16000366210938,65.77191925048828,11983200,-0.00012955269872072517,1953,2018-10-05,77.08999633789062,77.41000366210938,76.69000244140625,77.16000366210938,65.77191925048828,11983200,-0.00012955269872072517,1953,2018-10-05,77.08999633789062,77.41000366210938,76.69000244140625,77.16000366210938,65.77191925048828,11983200,-0.00012955269872072517,1953,2018-10-05,77.08999633789062,77.41000366210938,76.69000244140625,77.16000366210938,65.77191925048828,11983200,-0.00012955269872072517,1953,2018-10-05,77.08999633789062,77.41000366210938,76.69000244140625,77.16000366210938,65.77191925048828,11983200,-0.00012955269872072517
1954,2018-10-08,76.58999633789062,77.22000122070312,76.29000091552734,77.0999984741211,65.72076416015625,11578600,-0.0007777649020277444,1954,2018-10-08,76.58999633789062,77.22000122070312,76.29000091552734,77.0999984741211,65.72076416015625,11578600,-0.0007777649020277444,1954,2018-10-08,76.58999633789062,77.22000122070312,76.29000091552734,77.0999984741211,65.72076416015625,11578600,-0.0007777649020277444,1954,2018-10-08,76.58999633789062,77.22000122070312,76.29000091552734,77.0999984741211,65.72076416015625,11578600,-0.0007777649020277444,1954,2018-10-08,76.58999633789062,77.22000122070312,76.29000091552734,77.0999984741211,65.72076416015625,11578600,-0.0007777649020277444
1955,2018-10-09,77.37000274658203,78.36000061035156,77.04000091552734,77.79000091552734,66.30892944335938,16816700,0.008949458983310343,1955,2018-10-09,77.37000274658203,78.36000061035156,77.04000091552734,77.79000091552734,66.30892944335938,16816700,0.008949458983310343,1955,2018-10-09,77.37000274658203,78.36000061035156,77.04000091552734,77.79000091552734,66.30892944335938,16816700,0.008949458983310343,1955,2018-10-09,77.37000274658203,78.36000061035156,77.04000091552734,77.79000091552734,66.30892944335938,16816700,0.008949458983310343,1955,2018-10-09,77.37000274658203,78.36000061035156,77.04000091552734,77.79000091552734,66.30892944335938,16816700,0.008949458983310343
1956,2018-10-10,77.91999816894531,78.05000305175781,75.0,75.3499984741211,64.22906494140625,26405300,-0.03136628082240012,1956,2018-10-10,77.91999816894531,78.05000305175781,75.0,75.3499984741211,64.22906494140625,26405300,-0.03136628082240012,1956,2018-10-10,77.91999816894531,78.05000305175781,75.0,75.3499984741211,64.22906494140625,26405300,-0.03136628082240012,1956,2018-10-10,77.91999816894531,78.05000305175781,75.0,75.3499984741211,64.22906494140625,26405300,-0.03136628082240012,1956,2018-10-10,77.91999816894531,78.05000305175781,75.0,75.3499984741211,64.22906494140625,26405300,-0.03136628082240012
1957,2018-10-11,74.62000274658203,74.66999816894531,72.25,72.80000305175781,62.0554084777832,35592100,-0.03384225608151059,1957,2018-10-11,74.62000274658203,74.66999816894531,72.25,72.80000305175781,62.0554084777832,35592100,-0.03384225608151059,1957,2018-10-11,74.62000274658203,74.66999816894531,72.25,72.80000305175781,62.0554084777832,35592100,-0.03384225608151059,1957,2018-10-11,74.62000274658203,74.66999816894531,72.25,72.80000305175781,62.0554084777832,35592100,-0.03384225608151059,1957,2018-10-11,74.62000274658203,74.66999816894531,72.25,72.80000305175781,62.0554084777832,35592100,-0.03384225608151059
1958,2018-10-12,73.5199966430664,73.73999786376953,71.88999938964844,73.0,62.22589111328125,23579000,0.0027472647377557724,1958,2018-10-12,73.5199966430664,73.73999786376953,71.88999938964844,73.0,62.22589111328125,23579000,0.0027472647377557724,1958,2018-10-12,73.5199966430664,73.73999786376953,71.88999938964844,73.0,62.22589111328125,23579000,0.0027472647377557724,1958,2018-10-12,73.5199966430664,73.73999786376953,71.88999938964844,73.0,62.22589111328125,23579000,0.0027472647377557724,1958,2018-10-12,73.5199966430664,73.73999786376953,71.88999938964844,73.0,62.22589111328125,23579000,0.0027472647377557724
1959,2018-10-15,72.98999786376953,73.29000091552734,72.37000274658203,72.38999938964844,61.7059211730957,11590400,-0.008356167037269935,1959,2018-10-15,72.98999786376953,73.29000091552734,72.37000274658203,72.38999938964844,61.7059211730957,11590400,-0.008356167037269935,1959,2018-10-15,72.98999786376953,73.29000091552734,72.37000274658203,72.38999938964844,61.7059211730957,11590400,-0.008356167037269935,1959,2018-10-15,72.98999786376953,73.29000091552734,72.37000274658203,72.38999938964844,61.7059211730957,11590400,-0.008356167037269935,1959,2018-10-15,72.98999786376953,73.29000091552734,72.37000274658203,72.38999938964844,61.7059211730957,11590400,-0.008356167037269935
1960,2018-10-16,72.58999633789062,73.12000274658203,72.29000091552734,72.98999786376953,62.21736526489258,14571100,0.008288411907216853,1960,2018-10-16,72.58999633789062,73.12000274658203,72.29000091552734,72.98999786376953,62.21736526489258,14571100,0.008288411907216853,1960,2018-10-16,72.58999633789062,73.12000274658203,72.29000091552734,72.98999786376953,62.21736526489258,14571100,0.008288411907216853,1960,2018-10-16,72.58999633789062,73.12000274658203,72.29000091552734,72.98999786376953,62.21736526489258,14571100,0.008288411907216853,1960,2018-10-16,72.58999633789062,73.12000274658203,72.29000091552734,72.98999786376953,62.21736526489258,14571100,0.008288411907216853
1961,2018-10-17,72.8499984741211,73.06999969482422,71.91000366210938,72.52999877929688,61.82526397705078,15804200,-0.006302119772710002,1961,2018-10-17,72.8499984741211,73.06999969482422,71.91000366210938,72.52999877929688,61.82526397705078,15804200,-0.006302119772710002,1961,2018-10-17,72.8499984741211,73.06999969482422,71.91000366210938,72.52999877929688,61.82526397705078,15804200,-0.006302119772710002,1961,2018-10-17,72.8499984741211,73.06999969482422,71.91000366210938,72.52999877929688,61.82526397705078,15804200,-0.006302119772710002,1961,2018-10-17,72.8499984741211,73.06999969482422,71.91000366210938,72.52999877929688,61.82526397705078,15804200,-0.006302119772710002
1962,2018-10-18,71.86000061035156,72.83999633789062,71.70999908447266,72.16999816894531,61.51839828491211,16586700,-0.004963435210767253,1962,2018-10-18,71.86000061035156,72.83999633789062,71.70999908447266,72.16999816894531,61.51839828491211,16586700,-0.004963435210767253,1962,2018-10-18,71.86000061035156,72.83999633789062,71.70999908447266,72.16999816894531,61.51839828491211,16586700,-0.004963435210767253,1962,2018-10-18,71.86000061035156,72.83999633789062,71.70999908447266,72.16999816894531,61.51839828491211,16586700,-0.004963435210767253,1962,2018-10-18,71.86000061035156,72.83999633789062,71.70999908447266,72.16999816894531,61.51839828491211,16586700,-0.004963435210767253
1963,2018-10-19,71.80999755859375,72.58000183105469,71.4800033569336,71.52999877929688,60.972843170166016,13568100,-0.008868161882555015,1963,2018-10-19,71.80999755859375,72.58000183105469,71.4800033569336,71.52999877929688,60.972843170166016,13568100,-0.008868161882555015,1963,2018-10-19,71.80999755859375,72.58000183105469,71.4800033569336,71.52999877929688,60.972843170166016,13568100,-0.008868161882555015,1963,2018-10-19,71.80999755859375,72.58000183105469,71.4800033569336,71.52999877929688,60.972843170166016,13568100,-0.008868161882555015,1963,2018-10-19,71.80999755859375,72.58000183105469,71.4800033569336,71.52999877929688,60.972843170166016,13568100,-0.008868161882555015
1964,2018-10-22,71.4800033569336,71.62999725341797,70.30999755859375,70.73999786376953,60.299442291259766,12294500,-0.01104427551503362,1964,2018-10-22,71.4800033569336,71.62999725341797,70.30999755859375,70.73999786376953,60.299442291259766,12294500,-0.01104427551503362,1964,2018-10-22,71.4800033569336,71.62999725341797,70.30999755859375,70.73999786376953,60.299442291259766,12294500,-0.01104427551503362,1964,2018-10-22,71.4800033569336,71.62999725341797,70.30999755859375,70.73999786376953,60.299442291259766,12294500,-0.01104427551503362,1964,2018-10-22,71.4800033569336,71.62999725341797,70.30999755859375,70.73999786376953,60.299442291259766,12294500,-0.01104427551503362
1965,2018-10-23,69.69999694824219,69.72000122070312,67.91000366210938,68.88999938964844,58.722496032714844,26477700,-0.026151921122718136,1965,2018-10-23,69.69999694824219,69.72000122070312,67.91000366210938,68.88999938964844,58.722496032714844,26477700,-0.026151921122718136,1965,2018-10-23,69.69999694824219,69.72000122070312,67.91000366210938,68.88999938964844,58.722496032714844,26477700,-0.026151921122718136,1965,2018-10-23,69.69999694824219,69.72000122070312,67.91000366210938,68.88999938964844,58.722496032714844,26477700,-0.026151921122718136,1965,2018-10-23,69.69999694824219,69.72000122070312,67.91000366210938,68.88999938964844,58.722496032714844,26477700,-0.026151921122718136
1966,2018-10-24,69.22000122070312,69.23999786376953,66.1500015258789,66.16999816894531,56.403926849365234,28100200,-0.03948349167681686,1966,2018-10-24,69.22000122070312,69.23999786376953,66.1500015258789,66.16999816894531,56.403926849365234,28100200,-0.03948349167681686,1966,2018-10-24,69.22000122070312,69.23999786376953,66.1500015258789,66.16999816894531,56.403926849365234,28100200,-0.03948349167681686,1966,2018-10-24,69.22000122070312,69.23999786376953,66.1500015258789,66.16999816894531,56.403926849365234,28100200,-0.03948349167681686,1966,2018-10-24,69.22000122070312,69.23999786376953,66.1500015258789,66.16999816894531,56.403926849365234,28100200,-0.03948349167681686
1967,2018-10-25,66.9800033569336,67.66999816894531,66.52999877929688,66.9800033569336,57.094390869140625,25333300,0.012241417545614697,1967,2018-10-25,66.9800033569336,67.66999816894531,66.52999877929688,66.9800033569336,57.094390869140625,25333300,0.012241417545614697,1967,2018-10-25,66.9800033569336,67.66999816894531,66.52999877929688,66.9800033569336,57.094390869140625,25333300,0.012241417545614697,1967,2018-10-25,66.9800033569336,67.66999816894531,66.52999877929688,66.9800033569336,57.094390869140625,25333300,0.012241417545614697,1967,2018-10-25,66.9800033569336,67.66999816894531,66.52999877929688,66.9800033569336,57.094390869140625,25333300,0.012241417545614697
1968,2018-10-26,66.43000030517578,67.30000305175781,65.37999725341797,66.4800033569336,56.66818618774414,25579900,-0.007464913363789738,1968,2018-10-26,66.43000030517578,67.30000305175781,65.37999725341797,66.4800033569336,56.66818618774414,25579900,-0.007464913363789738,1968,2018-10-26,66.43000030517578,67.30000305175781,65.37999725341797,66.4800033569336,56.66818618774414,25579900,-0.007464913363789738,1968,2018-10-26,66.43000030517578,67.30000305175781,65.37999725341797,66.4800033569336,56.66818618774414,25579900,-0.007464913363789738,1968,2018-10-26,66.43000030517578,67.30000305175781,65.37999725341797,66.4800033569336,56.66818618774414,25579900,-0.007464913363789738
1969,2018-10-29,66.97000122070312,67.05999755859375,64.37000274658203,65.23999786376953,55.611183166503906,24459800,-0.018652494324387536,1969,2018-10-29,66.97000122070312,67.05999755859375,64.37000274658203,65.23999786376953,55.611183166503906,24459800,-0.018652494324387536,1969,2018-10-29,66.97000122070312,67.05999755859375,64.37000274658203,65.23999786376953,55.611183166503906,24459800,-0.018652494324387536,1969,2018-10-29,66.97000122070312,67.05999755859375,64.37000274658203,65.23999786376953,55.611183166503906,24459800,-0.018652494324387536,1969,2018-10-29,66.97000122070312,67.05999755859375,64.37000274658203,65.23999786376953,55.611183166503906,24459800,-0.018652494324387536
1970,2018-10-30,65.19999694824219,66.91000366210938,64.9000015258789,66.75,56.89833068847656,26397400,0.02314547989599225,1970,2018-10-30,65.19999694824219,66.91000366210938,64.9000015258789,66.75,56.89833068847656,26397400,0.02314547989599225,1970,2018-10-30,65.19999694824219,66.91000366210938,64.9000015258789,66.75,56.89833068847656,26397400,0.02314547989599225,1970,2018-10-30,65.19999694824219,66.91000366210938,64.9000015258789,66.75,56.89833068847656,26397400,0.02314547989599225,1970,2018-10-30,65.19999694824219,66.91000366210938,64.9000015258789,66.75,56.89833068847656,26397400,0.02314547989599225
1971,2018-10-31,67.4000015258789,68.29000091552734,67.06999969482422,67.16000366210938,57.247825622558594,17287800,0.006142446181691019,1971,2018-10-31,67.4000015258789,68.29000091552734,67.06999969482422,67.16000366210938,57.247825622558594,17287800,0.006142446181691019,1971,2018-10-31,67.4000015258789,68.29000091552734,67.06999969482422,67.16000366210938,57.247825622558594,17287800,0.006142446181691019,1971,2018-10-31,67.4000015258789,68.29000091552734,67.06999969482422,67.16000366210938,57.247825622558594,17287800,0.006142446181691019,1971,2018-10-31,67.4000015258789,68.29000091552734,67.06999969482422,67.16000366210938,57.247825622558594,17287800,0.006142446181691019
1972,2018-11-01,67.30000305175781,68.05000305175781,66.61000061035156,67.7300033569336,57.73368835449219,21475800,0.00848700761382526,1972,2018-11-01,67.30000305175781,68.05000305175781,66.61000061035156,67.7300033569336,57.73368835449219,21475800,0.00848700761382526,1972,2018-11-01,67.30000305175781,68.05000305175781,66.61000061035156,67.7300033569336,57.73368835449219,21475800,0.00848700761382526,1972,2018-11-01,67.30000305175781,68.05000305175781,66.61000061035156,67.7300033569336,57.73368835449219,21475800,0.00848700761382526,1972,2018-11-01,67.30000305175781,68.05000305175781,66.61000061035156,67.7300033569336,57.73368835449219,21475800,0.00848700761382526
1973,2018-11-02,68.4800033569336,68.9800033569336,66.87999725341797,67.55999755859375,57.588783264160156,21212500,-0.002509887978095149,1973,2018-11-02,68.4800033569336,68.9800033569336,66.87999725341797,67.55999755859375,57.588783264160156,21212500,-0.002509887978095149,1973,2018-11-02,68.4800033569336,68.9800033569336,66.87999725341797,67.55999755859375,57.588783264160156,21212500,-0.002509887978095149,1973,2018-11-02,68.4800033569336,68.9800033569336,66.87999725341797,67.55999755859375,57.588783264160156,21212500,-0.002509887978095149,1973,2018-11-02,68.4800033569336,68.9800033569336,66.87999725341797,67.55999755859375,57.588783264160156,21212500,-0.002509887978095149
1974,2018-11-05,68.37999725341797,68.95999908447266,68.22000122070312,68.69000244140625,58.552001953125,13231600,0.016725803782770665,1974,2018-11-05,68.37999725341797,68.95999908447266,68.22000122070312,68.69000244140625,58.552001953125,13231600,0.016725803782770665,1974,2018-11-05,68.37999725341797,68.95999908447266,68.22000122070312,68.69000244140625,58.552001953125,13231600,0.016725803782770665,1974,2018-11-05,68.37999725341797,68.95999908447266,68.22000122070312,68.69000244140625,58.552001953125,13231600,0.016725803782770665,1974,2018-11-05,68.37999725341797,68.95999908447266,68.22000122070312,68.69000244140625,58.552001953125,13231600,0.016725803782770665
1975,2018-11-06,68.86000061035156,69.16000366210938,68.19000244140625,69.01000213623047,58.82477951049805,13072100,0.004658722985960928,1975,2018-11-06,68.86000061035156,69.16000366210938,68.19000244140625,69.01000213623047,58.82477951049805,13072100,0.004658722985960928,1975,2018-11-06,68.86000061035156,69.16000366210938,68.19000244140625,69.01000213623047,58.82477951049805,13072100,0.004658722985960928,1975,2018-11-06,68.86000061035156,69.16000366210938,68.19000244140625,69.01000213623047,58.82477951049805,13072100,0.004658722985960928,1975,2018-11-06,68.86000061035156,69.16000366210938,68.19000244140625,69.01000213623047,58.82477951049805,13072100,0.004658722985960928
1976,2018-11-07,69.9000015258789,70.36000061035156,69.0999984741211,70.13999938964844,59.78799819946289,16662900,0.016374369729561744,1976,2018-11-07,69.9000015258789,70.36000061035156,69.0999984741211,70.13999938964844,59.78799819946289,16662900,0.016374369729561744,1976,2018-11-07,69.9000015258789,70.36000061035156,69.0999984741211,70.13999938964844,59.78799819946289,16662900,0.016374369729561744,1976,2018-11-07,69.9000015258789,70.36000061035156,69.0999984741211,70.13999938964844,59.78799819946289,16662900,0.016374369729561744,1976,2018-11-07,69.9000015258789,70.36000061035156,69.0999984741211,70.13999938964844,59.78799819946289,16662900,0.016374369729561744
1977,2018-11-08,69.81999969482422,70.37000274658203,68.37000274658203,68.62000274658203,58.49234390258789,15144900,-0.0216708091238057,1977,2018-11-08,69.81999969482422,70.37000274658203,68.37000274658203,68.62000274658203,58.49234390258789,15144900,-0.0216708091238057,1977,2018-11-08,69.81999969482422,70.37000274658203,68.37000274658203,68.62000274658203,58.49234390258789,15144900,-0.0216708091238057,1977,2018-11-08,69.81999969482422,70.37000274658203,68.37000274658203,68.62000274658203,58.49234390258789,15144900,-0.0216708091238057,1977,2018-11-08,69.81999969482422,70.37000274658203,68.37000274658203,68.62000274658203,58.49234390258789,15144900,-0.0216708091238057
1978,2018-11-09,67.70999908447266,68.94000244140625,67.33999633789062,68.5,58.390045166015625,22917800,-0.0017489252395600507,1978,2018-11-09,67.70999908447266,68.94000244140625,67.33999633789062,68.5,58.390045166015625,22917800,-0.0017489252395600507,1978,2018-11-09,67.70999908447266,68.94000244140625,67.33999633789062,68.5,58.390045166015625,22917800,-0.0017489252395600507,1978,2018-11-09,67.70999908447266,68.94000244140625,67.33999633789062,68.5,58.390045166015625,22917800,-0.0017489252395600507,1978,2018-11-09,67.70999908447266,68.94000244140625,67.33999633789062,68.5,58.390045166015625,22917800,-0.0017489252395600507
1979,2018-11-12,68.97000122070312,69.26000213623047,66.94000244140625,67.08000183105469,57.179622650146484,18041600,-0.020729946559000734,1979,2018-11-12,68.97000122070312,69.26000213623047,66.94000244140625,67.08000183105469,57.179622650146484,18041600,-0.020729946559000734,1979,2018-11-12,68.97000122070312,69.26000213623047,66.94000244140625,67.08000183105469,57.179622650146484,18041600,-0.020729946559000734,1979,2018-11-12,68.97000122070312,69.26000213623047,66.94000244140625,67.08000183105469,57.179622650146484,18041600,-0.020729946559000734,1979,2018-11-12,68.97000122070312,69.26000213623047,66.94000244140625,67.08000183105469,57.179622650146484,18041600,-0.020729946559000734
1980,2018-11-13,66.88999938964844,67.25,65.19000244140625,65.54000091552734,55.86691665649414,32731900,-0.022957584062492598,1980,2018-11-13,66.88999938964844,67.25,65.19000244140625,65.54000091552734,55.86691665649414,32731900,-0.022957584062492598,1980,2018-11-13,66.88999938964844,67.25,65.19000244140625,65.54000091552734,55.86691665649414,32731900,-0.022957584062492598,1980,2018-11-13,66.88999938964844,67.25,65.19000244140625,65.54000091552734,55.86691665649414,32731900,-0.022957584062492598,1980,2018-11-13,66.88999938964844,67.25,65.19000244140625,65.54000091552734,55.86691665649414,32731900,-0.022957584062492598
1981,2018-11-14,66.55999755859375,66.80999755859375,64.83000183105469,65.43000030517578,55.77314758300781,22542100,-0.0016784365255537725,1981,2018-11-14,66.55999755859375,66.80999755859375,64.83000183105469,65.43000030517578,55.77314758300781,22542100,-0.0016784365255537725,1981,2018-11-14,66.55999755859375,66.80999755859375,64.83000183105469,65.43000030517578,55.77314758300781,22542100,-0.0016784365255537725,1981,2018-11-14,66.55999755859375,66.80999755859375,64.83000183105469,65.43000030517578,55.77314758300781,22542100,-0.0016784365255537725,1981,2018-11-14,66.55999755859375,66.80999755859375,64.83000183105469,65.43000030517578,55.77314758300781,22542100,-0.0016784365255537725
1982,2018-11-15,65.01000213623047,66.47000122070312,65.01000213623047,66.38999938964844,56.59146499633789,20306800,0.014672247287319973,1982,2018-11-15,65.01000213623047,66.47000122070312,65.01000213623047,66.38999938964844,56.59146499633789,20306800,0.014672247287319973,1982,2018-11-15,65.01000213623047,66.47000122070312,65.01000213623047,66.38999938964844,56.59146499633789,20306800,0.014672247287319973,1982,2018-11-15,65.01000213623047,66.47000122070312,65.01000213623047,66.38999938964844,56.59146499633789,20306800,0.014672247287319973,1982,2018-11-15,65.01000213623047,66.47000122070312,65.01000213623047,66.38999938964844,56.59146499633789,20306800,0.014672247287319973
1983,2018-11-16,66.80000305175781,67.41000366210938,66.47000122070312,67.18000030517578,57.26486587524414,19755500,0.01189933639197771,1983,2018-11-16,66.80000305175781,67.41000366210938,66.47000122070312,67.18000030517578,57.26486587524414,19755500,0.01189933639197771,1983,2018-11-16,66.80000305175781,67.41000366210938,66.47000122070312,67.18000030517578,57.26486587524414,19755500,0.01189933639197771,1983,2018-11-16,66.80000305175781,67.41000366210938,66.47000122070312,67.18000030517578,57.26486587524414,19755500,0.01189933639197771,1983,2018-11-16,66.80000305175781,67.41000366210938,66.47000122070312,67.18000030517578,57.26486587524414,19755500,0.01189933639197771
1984,2018-11-19,66.7699966430664,67.43000030517578,66.55999755859375,67.16000366210938,57.247825622558594,15583800,-0.0002975690665664166,1984,2018-11-19,66.7699966430664,67.43000030517578,66.55999755859375,67.16000366210938,57.247825622558594,15583800,-0.0002975690665664166,1984,2018-11-19,66.7699966430664,67.43000030517578,66.55999755859375,67.16000366210938,57.247825622558594,15583800,-0.0002975690665664166,1984,2018-11-19,66.7699966430664,67.43000030517578,66.55999755859375,67.16000366210938,57.247825622558594,15583800,-0.0002975690665664166,1984,2018-11-19,66.7699966430664,67.43000030517578,66.55999755859375,67.16000366210938,57.247825622558594,15583800,-0.0002975690665664166
1985,2018-11-20,66.27999877929688,66.44000244140625,64.45999908447266,64.95999908447266,55.372520446777344,26324400,-0.0327576664334005,1985,2018-11-20,66.27999877929688,66.44000244140625,64.45999908447266,64.95999908447266,55.372520446777344,26324400,-0.0327576664334005,1985,2018-11-20,66.27999877929688,66.44000244140625,64.45999908447266,64.95999908447266,55.372520446777344,26324400,-0.0327576664334005,1985,2018-11-20,66.27999877929688,66.44000244140625,64.45999908447266,64.95999908447266,55.372520446777344,26324400,-0.0327576664334005,1985,2018-11-20,66.27999877929688,66.44000244140625,64.45999908447266,64.95999908447266,55.372520446777344,26324400,-0.0327576664334005
1986,2018-11-21,65.47000122070312,66.68000030517578,65.31999969482422,65.9800033569336,56.241973876953125,17330900,0.015701893703962355,1986,2018-11-21,65.47000122070312,66.68000030517578,65.31999969482422,65.9800033569336,56.241973876953125,17330900,0.015701893703962355,1986,2018-11-21,65.47000122070312,66.68000030517578,65.31999969482422,65.9800033569336,56.241973876953125,17330900,0.015701893703962355,1986,2018-11-21,65.47000122070312,66.68000030517578,65.31999969482422,65.9800033569336,56.241973876953125,17330900,0.015701893703962355,1986,2018-11-21,65.47000122070312,66.68000030517578,65.31999969482422,65.9800033569336,56.241973876953125,17330900,0.015701893703962355
1987,2018-11-23,64.33999633789062,64.56999969482422,63.439998626708984,63.90999984741211,54.47748565673828,14421800,-0.03137315600044932,1987,2018-11-23,64.33999633789062,64.56999969482422,63.439998626708984,63.90999984741211,54.47748565673828,14421800,-0.03137315600044932,1987,2018-11-23,64.33999633789062,64.56999969482422,63.439998626708984,63.90999984741211,54.47748565673828,14421800,-0.03137315600044932,1987,2018-11-23,64.33999633789062,64.56999969482422,63.439998626708984,63.90999984741211,54.47748565673828,14421800,-0.03137315600044932,1987,2018-11-23,64.33999633789062,64.56999969482422,63.439998626708984,63.90999984741211,54.47748565673828,14421800,-0.03137315600044932
1988,2018-11-26,64.37999725341797,65.30000305175781,64.37000274658203,64.87000274658203,55.295806884765625,16682700,0.01502127380076912,1988,2018-11-26,64.37999725341797,65.30000305175781,64.37000274658203,64.87000274658203,55.295806884765625,16682700,0.01502127380076912,1988,2018-11-26,64.37999725341797,65.30000305175781,64.37000274658203,64.87000274658203,55.295806884765625,16682700,0.01502127380076912,1988,2018-11-26,64.37999725341797,65.30000305175781,64.37000274658203,64.87000274658203,55.295806884765625,16682700,0.01502127380076912,1988,2018-11-26,64.37999725341797,65.30000305175781,64.37000274658203,64.87000274658203,55.295806884765625,16682700,0.01502127380076912
1989,2018-11-27,64.54000091552734,65.16000366210938,64.31999969482422,64.69000244140625,55.142372131347656,22264300,-0.002774799068177458,1989,2018-11-27,64.54000091552734,65.16000366210938,64.31999969482422,64.69000244140625,55.142372131347656,22264300,-0.002774799068177458,1989,2018-11-27,64.54000091552734,65.16000366210938,64.31999969482422,64.69000244140625,55.142372131347656,22264300,-0.002774799068177458,1989,2018-11-27,64.54000091552734,65.16000366210938,64.31999969482422,64.69000244140625,55.142372131347656,22264300,-0.002774799068177458,1989,2018-11-27,64.54000091552734,65.16000366210938,64.31999969482422,64.69000244140625,55.142372131347656,22264300,-0.002774799068177458
1990,2018-11-28,64.62999725341797,65.8499984741211,64.22000122070312,65.80000305175781,56.088539123535156,21148200,0.017158619689660037,1990,2018-11-28,64.62999725341797,65.8499984741211,64.22000122070312,65.80000305175781,56.088539123535156,21148200,0.017158619689660037,1990,2018-11-28,64.62999725341797,65.8499984741211,64.22000122070312,65.80000305175781,56.088539123535156,21148200,0.017158619689660037,1990,2018-11-28,64.62999725341797,65.8499984741211,64.22000122070312,65.80000305175781,56.088539123535156,21148200,0.017158619689660037,1990,2018-11-28,64.62999725341797,65.8499984741211,64.22000122070312,65.80000305175781,56.088539123535156,21148200,0.017158619689660037
1991,2018-11-29,65.8499984741211,66.76000213623047,65.76000213623047,66.2300033569336,56.455081939697266,14414200,0.006535075113202726,1991,2018-11-29,65.8499984741211,66.76000213623047,65.76000213623047,66.2300033569336,56.455081939697266,14414200,0.006535075113202726,1991,2018-11-29,65.8499984741211,66.76000213623047,65.76000213623047,66.2300033569336,56.455081939697266,14414200,0.006535075113202726,1991,2018-11-29,65.8499984741211,66.76000213623047,65.76000213623047,66.2300033569336,56.455081939697266,14414200,0.006535075113202726,1991,2018-11-29,65.8499984741211,66.76000213623047,65.76000213623047,66.2300033569336,56.455081939697266,14414200,0.006535075113202726
1992,2018-11-30,65.6500015258789,66.30000305175781,65.31999969482422,66.11000061035156,56.3527946472168,18129000,-0.0018118349839564285,1992,2018-11-30,65.6500015258789,66.30000305175781,65.31999969482422,66.11000061035156,56.3527946472168,18129000,-0.0018118349839564285,1992,2018-11-30,65.6500015258789,66.30000305175781,65.31999969482422,66.11000061035156,56.3527946472168,18129000,-0.0018118349839564285,1992,2018-11-30,65.6500015258789,66.30000305175781,65.31999969482422,66.11000061035156,56.3527946472168,18129000,-0.0018118349839564285,1992,2018-11-30,65.6500015258789,66.30000305175781,65.31999969482422,66.11000061035156,56.3527946472168,18129000,-0.0018118349839564285
1993,2018-12-03,67.62000274658203,67.98999786376953,66.79000091552734,67.58000183105469,57.60582733154297,21995400,0.02223550211077341,1993,2018-12-03,67.62000274658203,67.98999786376953,66.79000091552734,67.58000183105469,57.60582733154297,21995400,0.02223550211077341,1993,2018-12-03,67.62000274658203,67.98999786376953,66.79000091552734,67.58000183105469,57.60582733154297,21995400,0.02223550211077341,1993,2018-12-03,67.62000274658203,67.98999786376953,66.79000091552734,67.58000183105469,57.60582733154297,21995400,0.02223550211077341,1993,2018-12-03,67.62000274658203,67.98999786376953,66.79000091552734,67.58000183105469,57.60582733154297,21995400,0.02223550211077341
1994,2018-12-04,67.61000061035156,67.83000183105469,65.5199966430664,65.63999938964844,55.952152252197266,18296300,-0.028706732564193316,1994,2018-12-04,67.61000061035156,67.83000183105469,65.5199966430664,65.63999938964844,55.952152252197266,18296300,-0.028706732564193316,1994,2018-12-04,67.61000061035156,67.83000183105469,65.5199966430664,65.63999938964844,55.952152252197266,18296300,-0.028706732564193316,1994,2018-12-04,67.61000061035156,67.83000183105469,65.5199966430664,65.63999938964844,55.952152252197266,18296300,-0.028706732564193316,1994,2018-12-04,67.61000061035156,67.83000183105469,65.5199966430664,65.63999938964844,55.952152252197266,18296300,-0.028706732564193316
1995,2018-12-06,64.19999694824219,64.52999877929688,63.06999969482422,64.43000030517578,54.92074203491211,35356100,-0.018433789868103845,1995,2018-12-06,64.19999694824219,64.52999877929688,63.06999969482422,64.43000030517578,54.92074203491211,35356100,-0.018433789868103845,1995,2018-12-06,64.19999694824219,64.52999877929688,63.06999969482422,64.43000030517578,54.92074203491211,35356100,-0.018433789868103845,1995,2018-12-06,64.19999694824219,64.52999877929688,63.06999969482422,64.43000030517578,54.92074203491211,35356100,-0.018433789868103845,1995,2018-12-06,64.19999694824219,64.52999877929688,63.06999969482422,64.43000030517578,54.92074203491211,35356100,-0.018433789868103845
1996,2018-12-07,65.66000366210938,66.62999725341797,63.959999084472656,64.06999969482422,54.61387252807617,27445700,-0.005587497463906521,1996,2018-12-07,65.66000366210938,66.62999725341797,63.959999084472656,64.06999969482422,54.61387252807617,27445700,-0.005587497463906521,1996,2018-12-07,65.66000366210938,66.62999725341797,63.959999084472656,64.06999969482422,54.61387252807617,27445700,-0.005587497463906521,1996,2018-12-07,65.66000366210938,66.62999725341797,63.959999084472656,64.06999969482422,54.61387252807617,27445700,-0.005587497463906521,1996,2018-12-07,65.66000366210938,66.62999725341797,63.959999084472656,64.06999969482422,54.61387252807617,27445700,-0.005587497463906521
1997,2018-12-10,63.619998931884766,63.93000030517578,61.619998931884766,63.06999969482422,53.76146697998047,23382800,-0.01560785764930872,1997,2018-12-10,63.619998931884766,63.93000030517578,61.619998931884766,63.06999969482422,53.76146697998047,23382800,-0.01560785764930872,1997,2018-12-10,63.619998931884766,63.93000030517578,61.619998931884766,63.06999969482422,53.76146697998047,23382800,-0.01560785764930872,1997,2018-12-10,63.619998931884766,63.93000030517578,61.619998931884766,63.06999969482422,53.76146697998047,23382800,-0.01560785764930872,1997,2018-12-10,63.619998931884766,63.93000030517578,61.619998931884766,63.06999969482422,53.76146697998047,23382800,-0.01560785764930872
1998,2018-12-11,64.04000091552734,64.16000366210938,62.43000030517578,63.09000015258789,53.77851104736328,17241600,0.000317031292861758,1998,2018-12-11,64.04000091552734,64.16000366210938,62.43000030517578,63.09000015258789,53.77851104736328,17241600,0.000317031292861758,1998,2018-12-11,64.04000091552734,64.16000366210938,62.43000030517578,63.09000015258789,53.77851104736328,17241600,0.000317031292861758,1998,2018-12-11,64.04000091552734,64.16000366210938,62.43000030517578,63.09000015258789,53.77851104736328,17241600,0.000317031292861758,1998,2018-12-11,64.04000091552734,64.16000366210938,62.43000030517578,63.09000015258789,53.77851104736328,17241600,0.000317031292861758
1999,2018-12-12,64.12000274658203,64.55000305175781,63.29999923706055,63.34000015258789,53.99161911010742,19267400,0.003962699200735775,1999,2018-12-12,64.12000274658203,64.55000305175781,63.29999923706055,63.34000015258789,53.99161911010742,19267400,0.003962699200735775,1999,2018-12-12,64.12000274658203,64.55000305175781,63.29999923706055,63.34000015258789,53.99161911010742,19267400,0.003962699200735775,1999,2018-12-12,64.12000274658203,64.55000305175781,63.29999923706055,63.34000015258789,53.99161911010742,19267400,0.003962699200735775,1999,2018-12-12,64.12000274658203,64.55000305175781,63.29999923706055,63.34000015258789,53.99161911010742,19267400,0.003962699200735775
2000,2018-12-13,63.189998626708984,63.939998626708984,62.90999984741211,63.540000915527344,54.1620979309082,15299000,0.0031575052500854017,2000,2018-12-13,63.189998626708984,63.939998626708984,62.90999984741211,63.540000915527344,54.1620979309082,15299000,0.0031575052500854017,2000,2018-12-13,63.189998626708984,63.939998626708984,62.90999984741211,63.540000915527344,54.1620979309082,15299000,0.0031575052500854017,2000,2018-12-13,63.189998626708984,63.939998626708984,62.90999984741211,63.540000915527344,54.1620979309082,15299000,0.0031575052500854017,2000,2018-12-13,63.189998626708984,63.939998626708984,62.90999984741211,63.540000915527344,54.1620979309082,15299000,0.0031575052500854017
2001,2018-12-14,63.150001525878906,63.40999984741211,61.790000915527344,62.09000015258789,52.92610549926758,22893600,-0.022820246608935224,2001,2018-12-14,63.150001525878906,63.40999984741211,61.790000915527344,62.09000015258789,52.92610549926758,22893600,-0.022820246608935224,2001,2018-12-14,63.150001525878906,63.40999984741211,61.790000915527344,62.09000015258789,52.92610549926758,22893600,-0.022820246608935224,2001,2018-12-14,63.150001525878906,63.40999984741211,61.790000915527344,62.09000015258789,52.92610549926758,22893600,-0.022820246608935224,2001,2018-12-14,63.150001525878906,63.40999984741211,61.790000915527344,62.09000015258789,52.92610549926758,22893600,-0.022820246608935224
2002,2018-12-17,61.93000030517578,62.45000076293945,60.52000045776367,60.959999084472656,51.96287536621094,20732300,-0.018199527888368205,2002,2018-12-17,61.93000030517578,62.45000076293945,60.52000045776367,60.959999084472656,51.96287536621094,20732300,-0.018199527888368205,2002,2018-12-17,61.93000030517578,62.45000076293945,60.52000045776367,60.959999084472656,51.96287536621094,20732300,-0.018199527888368205,2002,2018-12-17,61.93000030517578,62.45000076293945,60.52000045776367,60.959999084472656,51.96287536621094,20732300,-0.018199527888368205,2002,2018-12-17,61.93000030517578,62.45000076293945,60.52000045776367,60.959999084472656,51.96287536621094,20732300,-0.018199527888368205
2003,2018-12-18,60.849998474121094,61.06999969482422,59.189998626708984,59.52000045776367,50.735408782958984,26617000,-0.023621991173531476,2003,2018-12-18,60.849998474121094,61.06999969482422,59.189998626708984,59.52000045776367,50.735408782958984,26617000,-0.023621991173531476,2003,2018-12-18,60.849998474121094,61.06999969482422,59.189998626708984,59.52000045776367,50.735408782958984,26617000,-0.023621991173531476,2003,2018-12-18,60.849998474121094,61.06999969482422,59.189998626708984,59.52000045776367,50.735408782958984,26617000,-0.023621991173531476,2003,2018-12-18,60.849998474121094,61.06999969482422,59.189998626708984,59.52000045776367,50.735408782958984,26617000,-0.023621991173531476
2004,2018-12-19,59.83000183105469,60.959999084472656,58.33000183105469,58.81999969482422,50.13872146606445,45548900,-0.011760766912258469,2004,2018-12-19,59.83000183105469,60.959999084472656,58.33000183105469,58.81999969482422,50.13872146606445,45548900,-0.011760766912258469,2004,2018-12-19,59.83000183105469,60.959999084472656,58.33000183105469,58.81999969482422,50.13872146606445,45548900,-0.011760766912258469,2004,2018-12-19,59.83000183105469,60.959999084472656,58.33000183105469,58.81999969482422,50.13872146606445,45548900,-0.011760766912258469,2004,2018-12-19,59.83000183105469,60.959999084472656,58.33000183105469,58.81999969482422,50.13872146606445,45548900,-0.011760766912258469
2005,2018-12-20,58.099998474121094,58.9900016784668,56.84000015258789,57.189998626708984,48.749290466308594,38504400,-0.02771173574292818,2005,2018-12-20,58.099998474121094,58.9900016784668,56.84000015258789,57.189998626708984,48.749290466308594,38504400,-0.02771173574292818,2005,2018-12-20,58.099998474121094,58.9900016784668,56.84000015258789,57.189998626708984,48.749290466308594,38504400,-0.02771173574292818,2005,2018-12-20,58.099998474121094,58.9900016784668,56.84000015258789,57.189998626708984,48.749290466308594,38504400,-0.02771173574292818,2005,2018-12-20,58.099998474121094,58.9900016784668,56.84000015258789,57.189998626708984,48.749290466308594,38504400,-0.02771173574292818
2006,2018-12-21,56.66999816894531,57.61000061035156,55.63999938964844,56.11000061035156,48.276084899902344,37393700,-0.009706922129118833,2006,2018-12-21,56.66999816894531,57.61000061035156,55.63999938964844,56.11000061035156,48.276084899902344,37393700,-0.009706922129118833,2006,2018-12-21,56.66999816894531,57.61000061035156,55.63999938964844,56.11000061035156,48.276084899902344,37393700,-0.009706922129118833,2006,2018-12-21,56.66999816894531,57.61000061035156,55.63999938964844,56.11000061035156,48.276084899902344,37393700,-0.009706922129118833,2006,2018-12-21,56.66999816894531,57.61000061035156,55.63999938964844,56.11000061035156,48.276084899902344,37393700,-0.009706922129118833
2007,2018-12-24,55.45000076293945,55.720001220703125,53.790000915527344,53.84000015258789,46.3230094909668,15605900,-0.04045637530435897,2007,2018-12-24,55.45000076293945,55.720001220703125,53.790000915527344,53.84000015258789,46.3230094909668,15605900,-0.04045637530435897,2007,2018-12-24,55.45000076293945,55.720001220703125,53.790000915527344,53.84000015258789,46.3230094909668,15605900,-0.04045637530435897,2007,2018-12-24,55.45000076293945,55.720001220703125,53.790000915527344,53.84000015258789,46.3230094909668,15605900,-0.04045637530435897,2007,2018-12-24,55.45000076293945,55.720001220703125,53.790000915527344,53.84000015258789,46.3230094909668,15605900,-0.04045637530435897
2008,2018-12-26,54.36000061035156,57.20000076293945,53.36000061035156,57.189998626708984,49.205291748046875,29097000,0.0622213946967789,2008,2018-12-26,54.36000061035156,57.20000076293945,53.36000061035156,57.189998626708984,49.205291748046875,29097000,0.0622213946967789,2008,2018-12-26,54.36000061035156,57.20000076293945,53.36000061035156,57.189998626708984,49.205291748046875,29097000,0.0622213946967789,2008,2018-12-26,54.36000061035156,57.20000076293945,53.36000061035156,57.189998626708984,49.205291748046875,29097000,0.0622213946967789,2008,2018-12-26,54.36000061035156,57.20000076293945,53.36000061035156,57.189998626708984,49.205291748046875,29097000,0.0622213946967789
2009,2018-12-27,56.040000915527344,57.560001373291016,55.279998779296875,57.4900016784668,49.46341323852539,24377300,0.005245807540380287,2009,2018-12-27,56.040000915527344,57.560001373291016,55.279998779296875,57.4900016784668,49.46341323852539,24377300,0.005245807540380287,2009,2018-12-27,56.040000915527344,57.560001373291016,55.279998779296875,57.4900016784668,49.46341323852539,24377300,0.005245807540380287,2009,2018-12-27,56.040000915527344,57.560001373291016,55.279998779296875,57.4900016784668,49.46341323852539,24377300,0.005245807540380287,2009,2018-12-27,56.040000915527344,57.560001373291016,55.279998779296875,57.4900016784668,49.46341323852539,24377300,0.005245807540380287
2010,2018-12-28,57.75,58.0099983215332,56.70000076293945,57.04999923706055,49.0848503112793,19437400,-0.00765339272929999,2010,2018-12-28,57.75,58.0099983215332,56.70000076293945,57.04999923706055,49.0848503112793,19437400,-0.00765339272929999,2010,2018-12-28,57.75,58.0099983215332,56.70000076293945,57.04999923706055,49.0848503112793,19437400,-0.00765339272929999,2010,2018-12-28,57.75,58.0099983215332,56.70000076293945,57.04999923706055,49.0848503112793,19437400,-0.00765339272929999,2010,2018-12-28,57.75,58.0099983215332,56.70000076293945,57.04999923706055,49.0848503112793,19437400,-0.00765339272929999
2011,2018-12-31,57.560001373291016,57.77000045776367,56.68000030517578,57.349998474121094,49.34295654296875,18705200,0.0052583685200755514,2011,2018-12-31,57.560001373291016,57.77000045776367,56.68000030517578,57.349998474121094,49.34295654296875,18705200,0.0052583685200755514,2011,2018-12-31,57.560001373291016,57.77000045776367,56.68000030517578,57.349998474121094,49.34295654296875,18705200,0.0052583685200755514,2011,2018-12-31,57.560001373291016,57.77000045776367,56.68000030517578,57.349998474121094,49.34295654296875,18705200,0.0052583685200755514,2011,2018-12-31,57.560001373291016,57.77000045776367,56.68000030517578,57.349998474121094,49.34295654296875,18705200,0.0052583685200755514
2012,2019-01-02,56.439998626708984,58.869998931884766,56.150001525878906,58.47999954223633,50.31520080566406,24892600,0.019703810448582715,2012,2019-01-02,56.439998626708984,58.869998931884766,56.150001525878906,58.47999954223633,50.31520080566406,24892600,0.019703810448582715,2012,2019-01-02,56.439998626708984,58.869998931884766,56.150001525878906,58.47999954223633,50.31520080566406,24892600,0.019703810448582715,2012,2019-01-02,56.439998626708984,58.869998931884766,56.150001525878906,58.47999954223633,50.31520080566406,24892600,0.019703810448582715,2012,2019-01-02,56.439998626708984,58.869998931884766,56.150001525878906,58.47999954223633,50.31520080566406,24892600,0.019703810448582715
2013,2019-01-03,58.650001525878906,58.86000061035156,57.2400016784668,57.900001525878906,49.8161735534668,18024100,-0.009918021675491162,2013,2019-01-03,58.650001525878906,58.86000061035156,57.2400016784668,57.900001525878906,49.8161735534668,18024100,-0.009918021675491162,2013,2019-01-03,58.650001525878906,58.86000061035156,57.2400016784668,57.900001525878906,49.8161735534668,18024100,-0.009918021675491162,2013,2019-01-03,58.650001525878906,58.86000061035156,57.2400016784668,57.900001525878906,49.8161735534668,18024100,-0.009918021675491162,2013,2019-01-03,58.650001525878906,58.86000061035156,57.2400016784668,57.900001525878906,49.8161735534668,18024100,-0.009918021675491162
2014,2019-01-04,58.900001525878906,60.04999923706055,58.560001373291016,59.869998931884766,51.51112747192383,21351500,0.034024169211588795,2014,2019-01-04,58.900001525878906,60.04999923706055,58.560001373291016,59.869998931884766,51.51112747192383,21351500,0.034024169211588795,2014,2019-01-04,58.900001525878906,60.04999923706055,58.560001373291016,59.869998931884766,51.51112747192383,21351500,0.034024169211588795,2014,2019-01-04,58.900001525878906,60.04999923706055,58.560001373291016,59.869998931884766,51.51112747192383,21351500,0.034024169211588795,2014,2019-01-04,58.900001525878906,60.04999923706055,58.560001373291016,59.869998931884766,51.51112747192383,21351500,0.034024169211588795
2015,2019-01-07,60.31999969482422,61.20000076293945,59.52000045776367,60.7599983215332,52.27686309814453,18056700,0.01486544099889997,2015,2019-01-07,60.31999969482422,61.20000076293945,59.52000045776367,60.7599983215332,52.27686309814453,18056700,0.01486544099889997,2015,2019-01-07,60.31999969482422,61.20000076293945,59.52000045776367,60.7599983215332,52.27686309814453,18056700,0.01486544099889997,2015,2019-01-07,60.31999969482422,61.20000076293945,59.52000045776367,60.7599983215332,52.27686309814453,18056700,0.01486544099889997,2015,2019-01-07,60.31999969482422,61.20000076293945,59.52000045776367,60.7599983215332,52.27686309814453,18056700,0.01486544099889997
2016,2019-01-08,61.61000061035156,61.75,60.900001525878906,61.22999954223633,52.681243896484375,18692300,0.007735368466555759,2016,2019-01-08,61.61000061035156,61.75,60.900001525878906,61.22999954223633,52.681243896484375,18692300,0.007735368466555759,2016,2019-01-08,61.61000061035156,61.75,60.900001525878906,61.22999954223633,52.681243896484375,18692300,0.007735368466555759,2016,2019-01-08,61.61000061035156,61.75,60.900001525878906,61.22999954223633,52.681243896484375,18692300,0.007735368466555759,2016,2019-01-08,61.61000061035156,61.75,60.900001525878906,61.22999954223633,52.681243896484375,18692300,0.007735368466555759
2017,2019-01-09,62.04999923706055,62.40999984741211,61.40999984741211,62.20000076293945,53.51581954956055,18756800,0.015841988369068583,2017,2019-01-09,62.04999923706055,62.40999984741211,61.40999984741211,62.20000076293945,53.51581954956055,18756800,0.015841988369068583,2017,2019-01-09,62.04999923706055,62.40999984741211,61.40999984741211,62.20000076293945,53.51581954956055,18756800,0.015841988369068583,2017,2019-01-09,62.04999923706055,62.40999984741211,61.40999984741211,62.20000076293945,53.51581954956055,18756800,0.015841988369068583,2017,2019-01-09,62.04999923706055,62.40999984741211,61.40999984741211,62.20000076293945,53.51581954956055,18756800,0.015841988369068583
2018,2019-01-10,61.72999954223633,62.459999084472656,61.380001068115234,62.380001068115234,53.670684814453125,19167600,0.0028938221669043696,2018,2019-01-10,61.72999954223633,62.459999084472656,61.380001068115234,62.380001068115234,53.670684814453125,19167600,0.0028938221669043696,2018,2019-01-10,61.72999954223633,62.459999084472656,61.380001068115234,62.380001068115234,53.670684814453125,19167600,0.0028938221669043696,2018,2019-01-10,61.72999954223633,62.459999084472656,61.380001068115234,62.380001068115234,53.670684814453125,19167600,0.0028938221669043696,2018,2019-01-10,61.72999954223633,62.459999084472656,61.380001068115234,62.380001068115234,53.670684814453125,19167600,0.0028938221669043696
2019,2019-01-11,62.060001373291016,62.40999984741211,61.459999084472656,62.0099983215332,53.35234451293945,14105900,-0.00593136276561812,2019,2019-01-11,62.060001373291016,62.40999984741211,61.459999084472656,62.0099983215332,53.35234451293945,14105900,-0.00593136276561812,2019,2019-01-11,62.060001373291016,62.40999984741211,61.459999084472656,62.0099983215332,53.35234451293945,14105900,-0.00593136276561812,2019,2019-01-11,62.060001373291016,62.40999984741211,61.459999084472656,62.0099983215332,53.35234451293945,14105900,-0.00593136276561812,2019,2019-01-11,62.060001373291016,62.40999984741211,61.459999084472656,62.0099983215332,53.35234451293945,14105900,-0.00593136276561812
2020,2019-01-14,61.41999816894531,62.11000061035156,61.33000183105469,61.86000061035156,53.223289489746094,13191700,-0.0024189194377776113,2020,2019-01-14,61.41999816894531,62.11000061035156,61.33000183105469,61.86000061035156,53.223289489746094,13191700,-0.0024189194377776113,2020,2019-01-14,61.41999816894531,62.11000061035156,61.33000183105469,61.86000061035156,53.223289489746094,13191700,-0.0024189194377776113,2020,2019-01-14,61.41999816894531,62.11000061035156,61.33000183105469,61.86000061035156,53.223289489746094,13191700,-0.0024189194377776113,2020,2019-01-14,61.41999816894531,62.11000061035156,61.33000183105469,61.86000061035156,53.223289489746094,13191700,-0.0024189194377776113
2021,2019-01-15,62.20000076293945,62.66999816894531,61.77000045776367,62.08000183105469,53.412574768066406,9821200,0.003556437043538585,2021,2019-01-15,62.20000076293945,62.66999816894531,61.77000045776367,62.08000183105469,53.412574768066406,9821200,0.003556437043538585,2021,2019-01-15,62.20000076293945,62.66999816894531,61.77000045776367,62.08000183105469,53.412574768066406,9821200,0.003556437043538585,2021,2019-01-15,62.20000076293945,62.66999816894531,61.77000045776367,62.08000183105469,53.412574768066406,9821200,0.003556437043538585,2021,2019-01-15,62.20000076293945,62.66999816894531,61.77000045776367,62.08000183105469,53.412574768066406,9821200,0.003556437043538585
2022,2019-01-16,62.0099983215332,62.5099983215332,61.790000915527344,62.0,53.34373474121094,12541100,-0.0012888355814036911,2022,2019-01-16,62.0099983215332,62.5099983215332,61.790000915527344,62.0,53.34373474121094,12541100,-0.0012888355814036911,2022,2019-01-16,62.0099983215332,62.5099983215332,61.790000915527344,62.0,53.34373474121094,12541100,-0.0012888355814036911,2022,2019-01-16,62.0099983215332,62.5099983215332,61.790000915527344,62.0,53.34373474121094,12541100,-0.0012888355814036911,2022,2019-01-16,62.0099983215332,62.5099983215332,61.790000915527344,62.0,53.34373474121094,12541100,-0.0012888355814036911
2023,2019-01-17,61.529998779296875,62.84000015258789,61.38999938964844,62.56999969482422,53.83415222167969,10174800,0.009193534776819279,2023,2019-01-17,61.529998779296875,62.84000015258789,61.38999938964844,62.56999969482422,53.83415222167969,10174800,0.009193534776819279,2023,2019-01-17,61.529998779296875,62.84000015258789,61.38999938964844,62.56999969482422,53.83415222167969,10174800,0.009193534776819279,2023,2019-01-17,61.529998779296875,62.84000015258789,61.38999938964844,62.56999969482422,53.83415222167969,10174800,0.009193534776819279,2023,2019-01-17,61.529998779296875,62.84000015258789,61.38999938964844,62.56999969482422,53.83415222167969,10174800,0.009193534776819279
2024,2019-01-18,63.310001373291016,63.88999938964844,62.939998626708984,63.84000015258789,54.92684555053711,14531800,0.020297400140303123,2024,2019-01-18,63.310001373291016,63.88999938964844,62.939998626708984,63.84000015258789,54.92684555053711,14531800,0.020297400140303123,2024,2019-01-18,63.310001373291016,63.88999938964844,62.939998626708984,63.84000015258789,54.92684555053711,14531800,0.020297400140303123,2024,2019-01-18,63.310001373291016,63.88999938964844,62.939998626708984,63.84000015258789,54.92684555053711,14531800,0.020297400140303123,2024,2019-01-18,63.310001373291016,63.88999938964844,62.939998626708984,63.84000015258789,54.92684555053711,14531800,0.020297400140303123
2025,2019-01-22,63.13999938964844,63.279998779296875,62.279998779296875,62.45000076293945,53.73091125488281,19863200,-0.02177322006511262,2025,2019-01-22,63.13999938964844,63.279998779296875,62.279998779296875,62.45000076293945,53.73091125488281,19863200,-0.02177322006511262,2025,2019-01-22,63.13999938964844,63.279998779296875,62.279998779296875,62.45000076293945,53.73091125488281,19863200,-0.02177322006511262,2025,2019-01-22,63.13999938964844,63.279998779296875,62.279998779296875,62.45000076293945,53.73091125488281,19863200,-0.02177322006511262,2025,2019-01-22,63.13999938964844,63.279998779296875,62.279998779296875,62.45000076293945,53.73091125488281,19863200,-0.02177322006511262
2026,2019-01-23,62.66999816894531,62.75,61.29999923706055,61.810001373291016,53.180274963378906,23367700,-0.010248035602669403,2026,2019-01-23,62.66999816894531,62.75,61.29999923706055,61.810001373291016,53.180274963378906,23367700,-0.010248035602669403,2026,2019-01-23,62.66999816894531,62.75,61.29999923706055,61.810001373291016,53.180274963378906,23367700,-0.010248035602669403,2026,2019-01-23,62.66999816894531,62.75,61.29999923706055,61.810001373291016,53.180274963378906,23367700,-0.010248035602669403,2026,2019-01-23,62.66999816894531,62.75,61.29999923706055,61.810001373291016,53.180274963378906,23367700,-0.010248035602669403
2027,2019-01-24,61.68000030517578,62.70000076293945,61.43000030517578,62.13999938964844,53.46419143676758,13049200,0.00533875527315697,2027,2019-01-24,61.68000030517578,62.70000076293945,61.43000030517578,62.13999938964844,53.46419143676758,13049200,0.00533875527315697,2027,2019-01-24,61.68000030517578,62.70000076293945,61.43000030517578,62.13999938964844,53.46419143676758,13049200,0.00533875527315697,2027,2019-01-24,61.68000030517578,62.70000076293945,61.43000030517578,62.13999938964844,53.46419143676758,13049200,0.00533875527315697,2027,2019-01-24,61.68000030517578,62.70000076293945,61.43000030517578,62.13999938964844,53.46419143676758,13049200,0.00533875527315697
2028,2019-01-25,62.66999816894531,63.31999969482422,62.56999969482422,62.93000030517578,54.14389419555664,10233600,0.01271323367141819,2028,2019-01-25,62.66999816894531,63.31999969482422,62.56999969482422,62.93000030517578,54.14389419555664,10233600,0.01271323367141819,2028,2019-01-25,62.66999816894531,63.31999969482422,62.56999969482422,62.93000030517578,54.14389419555664,10233600,0.01271323367141819,2028,2019-01-25,62.66999816894531,63.31999969482422,62.56999969482422,62.93000030517578,54.14389419555664,10233600,0.01271323367141819,2028,2019-01-25,62.66999816894531,63.31999969482422,62.56999969482422,62.93000030517578,54.14389419555664,10233600,0.01271323367141819
2029,2019-01-28,62.099998474121094,62.33000183105469,61.619998931884766,62.29999923706055,53.60184860229492,12022400,-0.01001120442692871,2029,2019-01-28,62.099998474121094,62.33000183105469,61.619998931884766,62.29999923706055,53.60184860229492,12022400,-0.01001120442692871,2029,2019-01-28,62.099998474121094,62.33000183105469,61.619998931884766,62.29999923706055,53.60184860229492,12022400,-0.01001120442692871,2029,2019-01-28,62.099998474121094,62.33000183105469,61.619998931884766,62.29999923706055,53.60184860229492,12022400,-0.01001120442692871,2029,2019-01-28,62.099998474121094,62.33000183105469,61.619998931884766,62.29999923706055,53.60184860229492,12022400,-0.01001120442692871
2030,2019-01-29,62.65999984741211,62.90999984741211,62.439998626708984,62.4900016784668,53.765323638916016,11884100,0.003049802215479902,2030,2019-01-29,62.65999984741211,62.90999984741211,62.439998626708984,62.4900016784668,53.765323638916016,11884100,0.003049802215479902,2030,2019-01-29,62.65999984741211,62.90999984741211,62.439998626708984,62.4900016784668,53.765323638916016,11884100,0.003049802215479902,2030,2019-01-29,62.65999984741211,62.90999984741211,62.439998626708984,62.4900016784668,53.765323638916016,11884100,0.003049802215479902,2030,2019-01-29,62.65999984741211,62.90999984741211,62.439998626708984,62.4900016784668,53.765323638916016,11884100,0.003049802215479902
2031,2019-01-30,62.880001068115234,63.56999969482422,62.540000915527344,63.369998931884766,54.52246856689453,12116500,0.014082402499117297,2031,2019-01-30,62.880001068115234,63.56999969482422,62.540000915527344,63.369998931884766,54.52246856689453,12116500,0.014082402499117297,2031,2019-01-30,62.880001068115234,63.56999969482422,62.540000915527344,63.369998931884766,54.52246856689453,12116500,0.014082402499117297,2031,2019-01-30,62.880001068115234,63.56999969482422,62.540000915527344,63.369998931884766,54.52246856689453,12116500,0.014082402499117297,2031,2019-01-30,62.880001068115234,63.56999969482422,62.540000915527344,63.369998931884766,54.52246856689453,12116500,0.014082402499117297
2032,2019-01-31,63.470001220703125,64.08000183105469,63.29999923706055,63.779998779296875,54.875221252441406,17844200,0.006469859029109681,2032,2019-01-31,63.470001220703125,64.08000183105469,63.29999923706055,63.779998779296875,54.875221252441406,17844200,0.006469859029109681,2032,2019-01-31,63.470001220703125,64.08000183105469,63.29999923706055,63.779998779296875,54.875221252441406,17844200,0.006469859029109681,2032,2019-01-31,63.470001220703125,64.08000183105469,63.29999923706055,63.779998779296875,54.875221252441406,17844200,0.006469859029109681,2032,2019-01-31,63.470001220703125,64.08000183105469,63.29999923706055,63.779998779296875,54.875221252441406,17844200,0.006469859029109681
2033,2019-02-01,64.47000122070312,65.2699966430664,64.26000213623047,64.88999938964844,55.83024978637695,14772400,0.017403638876318128,2033,2019-02-01,64.47000122070312,65.2699966430664,64.26000213623047,64.88999938964844,55.83024978637695,14772400,0.017403638876318128,2033,2019-02-01,64.47000122070312,65.2699966430664,64.26000213623047,64.88999938964844,55.83024978637695,14772400,0.017403638876318128,2033,2019-02-01,64.47000122070312,65.2699966430664,64.26000213623047,64.88999938964844,55.83024978637695,14772400,0.017403638876318128,2033,2019-02-01,64.47000122070312,65.2699966430664,64.26000213623047,64.88999938964844,55.83024978637695,14772400,0.017403638876318128
2034,2019-02-04,64.44999694824219,65.05999755859375,63.970001220703125,65.04000091552734,55.95930099487305,10107900,0.0023114925867229186,2034,2019-02-04,64.44999694824219,65.05999755859375,63.970001220703125,65.04000091552734,55.95930099487305,10107900,0.0023114925867229186,2034,2019-02-04,64.44999694824219,65.05999755859375,63.970001220703125,65.04000091552734,55.95930099487305,10107900,0.0023114925867229186,2034,2019-02-04,64.44999694824219,65.05999755859375,63.970001220703125,65.04000091552734,55.95930099487305,10107900,0.0023114925867229186,2034,2019-02-04,64.44999694824219,65.05999755859375,63.970001220703125,65.04000091552734,55.95930099487305,10107900,0.0023114925867229186
2035,2019-02-05,64.98999786376953,65.25,64.77999877929688,65.13999938964844,56.04533767700195,7852700,0.0015374867197999187,2035,2019-02-05,64.98999786376953,65.25,64.77999877929688,65.13999938964844,56.04533767700195,7852700,0.0015374867197999187,2035,2019-02-05,64.98999786376953,65.25,64.77999877929688,65.13999938964844,56.04533767700195,7852700,0.0015374867197999187,2035,2019-02-05,64.98999786376953,65.25,64.77999877929688,65.13999938964844,56.04533767700195,7852700,0.0015374867197999187,2035,2019-02-05,64.98999786376953,65.25,64.77999877929688,65.13999938964844,56.04533767700195,7852700,0.0015374867197999187
2036,2019-02-06,64.83000183105469,65.01000213623047,64.5999984741211,64.66000366210938,55.63235855102539,6803800,-0.007368661571041435,2036,2019-02-06,64.83000183105469,65.01000213623047,64.5999984741211,64.66000366210938,55.63235855102539,6803800,-0.007368661571041435,2036,2019-02-06,64.83000183105469,65.01000213623047,64.5999984741211,64.66000366210938,55.63235855102539,6803800,-0.007368661571041435,2036,2019-02-06,64.83000183105469,65.01000213623047,64.5999984741211,64.66000366210938,55.63235855102539,6803800,-0.007368661571041435,2036,2019-02-06,64.83000183105469,65.01000213623047,64.5999984741211,64.66000366210938,55.63235855102539,6803800,-0.007368661571041435
2037,2019-02-07,64.26000213623047,64.4800033569336,62.63999938964844,63.22999954223633,54.402015686035156,14600100,-0.022115597775021145,2037,2019-02-07,64.26000213623047,64.4800033569336,62.63999938964844,63.22999954223633,54.402015686035156,14600100,-0.022115597775021145,2037,2019-02-07,64.26000213623047,64.4800033569336,62.63999938964844,63.22999954223633,54.402015686035156,14600100,-0.022115597775021145,2037,2019-02-07,64.26000213623047,64.4800033569336,62.63999938964844,63.22999954223633,54.402015686035156,14600100,-0.022115597775021145,2037,2019-02-07,64.26000213623047,64.4800033569336,62.63999938964844,63.22999954223633,54.402015686035156,14600100,-0.022115597775021145
2038,2019-02-08,63.060001373291016,63.209999084472656,61.869998931884766,62.939998626708984,54.15249252319336,10634400,-0.004586652896867771,2038,2019-02-08,63.060001373291016,63.209999084472656,61.869998931884766,62.939998626708984,54.15249252319336,10634400,-0.004586652896867771,2038,2019-02-08,63.060001373291016,63.209999084472656,61.869998931884766,62.939998626708984,54.15249252319336,10634400,-0.004586652896867771,2038,2019-02-08,63.060001373291016,63.209999084472656,61.869998931884766,62.939998626708984,54.15249252319336,10634400,-0.004586652896867771,2038,2019-02-08,63.060001373291016,63.209999084472656,61.869998931884766,62.939998626708984,54.15249252319336,10634400,-0.004586652896867771
2039,2019-02-11,62.63999938964844,63.34000015258789,62.459999084472656,63.2400016784668,54.410614013671875,12497400,0.004766567122796106,2039,2019-02-11,62.63999938964844,63.34000015258789,62.459999084472656,63.2400016784668,54.410614013671875,12497400,0.004766567122796106,2039,2019-02-11,62.63999938964844,63.34000015258789,62.459999084472656,63.2400016784668,54.410614013671875,12497400,0.004766567122796106,2039,2019-02-11,62.63999938964844,63.34000015258789,62.459999084472656,63.2400016784668,54.410614013671875,12497400,0.004766567122796106,2039,2019-02-11,62.63999938964844,63.34000015258789,62.459999084472656,63.2400016784668,54.410614013671875,12497400,0.004766567122796106
2040,2019-02-12,64.08999633789062,64.41000366210938,63.29999923706055,64.04000091552734,55.098915100097656,10677300,0.012650125327621442,2040,2019-02-12,64.08999633789062,64.41000366210938,63.29999923706055,64.04000091552734,55.098915100097656,10677300,0.012650125327621442,2040,2019-02-12,64.08999633789062,64.41000366210938,63.29999923706055,64.04000091552734,55.098915100097656,10677300,0.012650125327621442,2040,2019-02-12,64.08999633789062,64.41000366210938,63.29999923706055,64.04000091552734,55.098915100097656,10677300,0.012650125327621442,2040,2019-02-12,64.08999633789062,64.41000366210938,63.29999923706055,64.04000091552734,55.098915100097656,10677300,0.012650125327621442
2041,2019-02-13,64.30000305175781,65.3499984741211,64.2300033569336,64.83999633789062,55.7872200012207,13061700,0.012492167946911659,2041,2019-02-13,64.30000305175781,65.3499984741211,64.2300033569336,64.83999633789062,55.7872200012207,13061700,0.012492167946911659,2041,2019-02-13,64.30000305175781,65.3499984741211,64.2300033569336,64.83999633789062,55.7872200012207,13061700,0.012492167946911659,2041,2019-02-13,64.30000305175781,65.3499984741211,64.2300033569336,64.83999633789062,55.7872200012207,13061700,0.012492167946911659,2041,2019-02-13,64.30000305175781,65.3499984741211,64.2300033569336,64.83999633789062,55.7872200012207,13061700,0.012492167946911659
2042,2019-02-14,64.61000061035156,65.55999755859375,64.48999786376953,65.06999969482422,55.98512268066406,10213200,0.003547455482439066,2042,2019-02-14,64.61000061035156,65.55999755859375,64.48999786376953,65.06999969482422,55.98512268066406,10213200,0.003547455482439066,2042,2019-02-14,64.61000061035156,65.55999755859375,64.48999786376953,65.06999969482422,55.98512268066406,10213200,0.003547455482439066,2042,2019-02-14,64.61000061035156,65.55999755859375,64.48999786376953,65.06999969482422,55.98512268066406,10213200,0.003547455482439066,2042,2019-02-14,64.61000061035156,65.55999755859375,64.48999786376953,65.06999969482422,55.98512268066406,10213200,0.003547455482439066
2043,2019-02-15,65.75,66.16999816894531,65.5999984741211,66.12000274658203,56.88852310180664,10183800,0.016136437287018524,2043,2019-02-15,65.75,66.16999816894531,65.5999984741211,66.12000274658203,56.88852310180664,10183800,0.016136437287018524,2043,2019-02-15,65.75,66.16999816894531,65.5999984741211,66.12000274658203,56.88852310180664,10183800,0.016136437287018524,2043,2019-02-15,65.75,66.16999816894531,65.5999984741211,66.12000274658203,56.88852310180664,10183800,0.016136437287018524,2043,2019-02-15,65.75,66.16999816894531,65.5999984741211,66.12000274658203,56.88852310180664,10183800,0.016136437287018524
2044,2019-02-19,65.79000091552734,66.56999969482422,65.69000244140625,66.31999969482422,57.06058883666992,8721600,0.0030246124434512023,2044,2019-02-19,65.79000091552734,66.56999969482422,65.69000244140625,66.31999969482422,57.06058883666992,8721600,0.0030246124434512023,2044,2019-02-19,65.79000091552734,66.56999969482422,65.69000244140625,66.31999969482422,57.06058883666992,8721600,0.0030246124434512023,2044,2019-02-19,65.79000091552734,66.56999969482422,65.69000244140625,66.31999969482422,57.06058883666992,8721600,0.0030246124434512023,2044,2019-02-19,65.79000091552734,66.56999969482422,65.69000244140625,66.31999969482422,57.06058883666992,8721600,0.0030246124434512023
2045,2019-02-20,66.22000122070312,66.93000030517578,66.20999908447266,66.5999984741211,57.3015022277832,9935700,0.00422206282873927,2045,2019-02-20,66.22000122070312,66.93000030517578,66.20999908447266,66.5999984741211,57.3015022277832,9935700,0.00422206282873927,2045,2019-02-20,66.22000122070312,66.93000030517578,66.20999908447266,66.5999984741211,57.3015022277832,9935700,0.00422206282873927,2045,2019-02-20,66.22000122070312,66.93000030517578,66.20999908447266,66.5999984741211,57.3015022277832,9935700,0.00422206282873927,2045,2019-02-20,66.22000122070312,66.93000030517578,66.20999908447266,66.5999984741211,57.3015022277832,9935700,0.00422206282873927
2046,2019-02-21,66.38999938964844,66.55999755859375,65.33000183105469,65.56999969482422,56.415306091308594,11866100,-0.01546549570291944,2046,2019-02-21,66.38999938964844,66.55999755859375,65.33000183105469,65.56999969482422,56.415306091308594,11866100,-0.01546549570291944,2046,2019-02-21,66.38999938964844,66.55999755859375,65.33000183105469,65.56999969482422,56.415306091308594,11866100,-0.01546549570291944,2046,2019-02-21,66.38999938964844,66.55999755859375,65.33000183105469,65.56999969482422,56.415306091308594,11866100,-0.01546549570291944,2046,2019-02-21,66.38999938964844,66.55999755859375,65.33000183105469,65.56999969482422,56.415306091308594,11866100,-0.01546549570291944
2047,2019-02-22,66.05999755859375,66.26000213623047,65.43000030517578,65.76000213623047,56.57878112792969,9948300,0.0028977071640188257,2047,2019-02-22,66.05999755859375,66.26000213623047,65.43000030517578,65.76000213623047,56.57878112792969,9948300,0.0028977071640188257,2047,2019-02-22,66.05999755859375,66.26000213623047,65.43000030517578,65.76000213623047,56.57878112792969,9948300,0.0028977071640188257,2047,2019-02-22,66.05999755859375,66.26000213623047,65.43000030517578,65.76000213623047,56.57878112792969,9948300,0.0028977071640188257,2047,2019-02-22,66.05999755859375,66.26000213623047,65.43000030517578,65.76000213623047,56.57878112792969,9948300,0.0028977071640188257
2048,2019-02-25,65.55000305175781,66.08999633789062,65.48999786376953,65.87000274658203,56.67341995239258,15904400,0.0016726911145170664,2048,2019-02-25,65.55000305175781,66.08999633789062,65.48999786376953,65.87000274658203,56.67341995239258,15904400,0.0016726911145170664,2048,2019-02-25,65.55000305175781,66.08999633789062,65.48999786376953,65.87000274658203,56.67341995239258,15904400,0.0016726911145170664,2048,2019-02-25,65.55000305175781,66.08999633789062,65.48999786376953,65.87000274658203,56.67341995239258,15904400,0.0016726911145170664,2048,2019-02-25,65.55000305175781,66.08999633789062,65.48999786376953,65.87000274658203,56.67341995239258,15904400,0.0016726911145170664
2049,2019-02-26,65.80999755859375,66.26000213623047,65.63999938964844,65.66000366210938,56.49274826049805,10550700,-0.003187944049367397,2049,2019-02-26,65.80999755859375,66.26000213623047,65.63999938964844,65.66000366210938,56.49274826049805,10550700,-0.003187944049367397,2049,2019-02-26,65.80999755859375,66.26000213623047,65.63999938964844,65.66000366210938,56.49274826049805,10550700,-0.003187944049367397,2049,2019-02-26,65.80999755859375,66.26000213623047,65.63999938964844,65.66000366210938,56.49274826049805,10550700,-0.003187944049367397,2049,2019-02-26,65.80999755859375,66.26000213623047,65.63999938964844,65.66000366210938,56.49274826049805,10550700,-0.003187944049367397
2050,2019-02-27,65.9800033569336,66.58999633789062,65.5999984741211,65.91000366210938,56.70783996582031,10294000,0.003807421517721954,2050,2019-02-27,65.9800033569336,66.58999633789062,65.5999984741211,65.91000366210938,56.70783996582031,10294000,0.003807421517721954,2050,2019-02-27,65.9800033569336,66.58999633789062,65.5999984741211,65.91000366210938,56.70783996582031,10294000,0.003807421517721954,2050,2019-02-27,65.9800033569336,66.58999633789062,65.5999984741211,65.91000366210938,56.70783996582031,10294000,0.003807421517721954,2050,2019-02-27,65.9800033569336,66.58999633789062,65.5999984741211,65.91000366210938,56.70783996582031,10294000,0.003807421517721954
2051,2019-02-28,65.91999816894531,66.01000213623047,64.83999633789062,65.25,56.13998794555664,11249400,-0.010013642216066376,2051,2019-02-28,65.91999816894531,66.01000213623047,64.83999633789062,65.25,56.13998794555664,11249400,-0.010013642216066376,2051,2019-02-28,65.91999816894531,66.01000213623047,64.83999633789062,65.25,56.13998794555664,11249400,-0.010013642216066376,2051,2019-02-28,65.91999816894531,66.01000213623047,64.83999633789062,65.25,56.13998794555664,11249400,-0.010013642216066376,2051,2019-02-28,65.91999816894531,66.01000213623047,64.83999633789062,65.25,56.13998794555664,11249400,-0.010013642216066376
2052,2019-03-01,65.5999984741211,66.45999908447266,65.5999984741211,66.44999694824219,57.17243957519531,20327900,0.018390663543425,2052,2019-03-01,65.5999984741211,66.45999908447266,65.5999984741211,66.44999694824219,57.17243957519531,20327900,0.018390663543425,2052,2019-03-01,65.5999984741211,66.45999908447266,65.5999984741211,66.44999694824219,57.17243957519531,20327900,0.018390663543425,2052,2019-03-01,65.5999984741211,66.45999908447266,65.5999984741211,66.44999694824219,57.17243957519531,20327900,0.018390663543425,2052,2019-03-01,65.5999984741211,66.45999908447266,65.5999984741211,66.44999694824219,57.17243957519531,20327900,0.018390663543425
2053,2019-03-04,66.69000244140625,66.8499984741211,65.56999969482422,66.56999969482422,57.275691986083984,19780000,0.001805982246968263,2053,2019-03-04,66.69000244140625,66.8499984741211,65.56999969482422,66.56999969482422,57.275691986083984,19780000,0.001805982246968263,2053,2019-03-04,66.69000244140625,66.8499984741211,65.56999969482422,66.56999969482422,57.275691986083984,19780000,0.001805982246968263,2053,2019-03-04,66.69000244140625,66.8499984741211,65.56999969482422,66.56999969482422,57.275691986083984,19780000,0.001805982246968263,2053,2019-03-04,66.69000244140625,66.8499984741211,65.56999969482422,66.56999969482422,57.275691986083984,19780000,0.001805982246968263
2054,2019-03-05,66.66000366210938,66.69000244140625,65.87999725341797,66.3499984741211,57.086402893066406,15807500,-0.0033048765794670976,2054,2019-03-05,66.66000366210938,66.69000244140625,65.87999725341797,66.3499984741211,57.086402893066406,15807500,-0.0033048765794670976,2054,2019-03-05,66.66000366210938,66.69000244140625,65.87999725341797,66.3499984741211,57.086402893066406,15807500,-0.0033048765794670976,2054,2019-03-05,66.66000366210938,66.69000244140625,65.87999725341797,66.3499984741211,57.086402893066406,15807500,-0.0033048765794670976,2054,2019-03-05,66.66000366210938,66.69000244140625,65.87999725341797,66.3499984741211,57.086402893066406,15807500,-0.0033048765794670976
2055,2019-03-06,65.80999755859375,65.94999694824219,65.18000030517578,65.51000213623047,56.363685607910156,22690500,-0.012660059988541139,2055,2019-03-06,65.80999755859375,65.94999694824219,65.18000030517578,65.51000213623047,56.363685607910156,22690500,-0.012660059988541139,2055,2019-03-06,65.80999755859375,65.94999694824219,65.18000030517578,65.51000213623047,56.363685607910156,22690500,-0.012660059988541139,2055,2019-03-06,65.80999755859375,65.94999694824219,65.18000030517578,65.51000213623047,56.363685607910156,22690500,-0.012660059988541139,2055,2019-03-06,65.80999755859375,65.94999694824219,65.18000030517578,65.51000213623047,56.363685607910156,22690500,-0.012660059988541139
2056,2019-03-07,65.55000305175781,65.5999984741211,64.86000061035156,65.12000274658203,56.02814483642578,23446200,-0.005953137518694973,2056,2019-03-07,65.55000305175781,65.5999984741211,64.86000061035156,65.12000274658203,56.02814483642578,23446200,-0.005953137518694973,2056,2019-03-07,65.55000305175781,65.5999984741211,64.86000061035156,65.12000274658203,56.02814483642578,23446200,-0.005953137518694973,2056,2019-03-07,65.55000305175781,65.5999984741211,64.86000061035156,65.12000274658203,56.02814483642578,23446200,-0.005953137518694973,2056,2019-03-07,65.55000305175781,65.5999984741211,64.86000061035156,65.12000274658203,56.02814483642578,23446200,-0.005953137518694973
2057,2019-03-08,64.06999969482422,64.19999694824219,63.310001373291016,63.900001525878906,54.97846221923828,15621500,-0.01873491653618109,2057,2019-03-08,64.06999969482422,64.19999694824219,63.310001373291016,63.900001525878906,54.97846221923828,15621500,-0.01873491653618109,2057,2019-03-08,64.06999969482422,64.19999694824219,63.310001373291016,63.900001525878906,54.97846221923828,15621500,-0.01873491653618109,2057,2019-03-08,64.06999969482422,64.19999694824219,63.310001373291016,63.900001525878906,54.97846221923828,15621500,-0.01873491653618109,2057,2019-03-08,64.06999969482422,64.19999694824219,63.310001373291016,63.900001525878906,54.97846221923828,15621500,-0.01873491653618109
2058,2019-03-11,64.37000274658203,65.05000305175781,64.30999755859375,64.9000015258789,55.8388557434082,13212100,0.015649646960639307,2058,2019-03-11,64.37000274658203,65.05000305175781,64.30999755859375,64.9000015258789,55.8388557434082,13212100,0.015649646960639307,2058,2019-03-11,64.37000274658203,65.05000305175781,64.30999755859375,64.9000015258789,55.8388557434082,13212100,0.015649646960639307,2058,2019-03-11,64.37000274658203,65.05000305175781,64.30999755859375,64.9000015258789,55.8388557434082,13212100,0.015649646960639307,2058,2019-03-11,64.37000274658203,65.05000305175781,64.30999755859375,64.9000015258789,55.8388557434082,13212100,0.015649646960639307
2059,2019-03-12,65.01000213623047,65.6500015258789,64.98999786376953,65.31999969482422,56.2002067565918,11013100,0.006471318374503987,2059,2019-03-12,65.01000213623047,65.6500015258789,64.98999786376953,65.31999969482422,56.2002067565918,11013100,0.006471318374503987,2059,2019-03-12,65.01000213623047,65.6500015258789,64.98999786376953,65.31999969482422,56.2002067565918,11013100,0.006471318374503987,2059,2019-03-12,65.01000213623047,65.6500015258789,64.98999786376953,65.31999969482422,56.2002067565918,11013100,0.006471318374503987,2059,2019-03-12,65.01000213623047,65.6500015258789,64.98999786376953,65.31999969482422,56.2002067565918,11013100,0.006471318374503987
2060,2019-03-13,65.7300033569336,66.01000213623047,65.45999908447266,65.9800033569336,56.768062591552734,13206800,0.01010415917899321,2060,2019-03-13,65.7300033569336,66.01000213623047,65.45999908447266,65.9800033569336,56.768062591552734,13206800,0.01010415917899321,2060,2019-03-13,65.7300033569336,66.01000213623047,65.45999908447266,65.9800033569336,56.768062591552734,13206800,0.01010415917899321,2060,2019-03-13,65.7300033569336,66.01000213623047,65.45999908447266,65.9800033569336,56.768062591552734,13206800,0.01010415917899321,2060,2019-03-13,65.7300033569336,66.01000213623047,65.45999908447266,65.9800033569336,56.768062591552734,13206800,0.01010415917899321
2061,2019-03-14,66.04000091552734,66.37999725341797,65.97000122070312,66.05000305175781,56.82829284667969,12320400,0.001060988386380357,2061,2019-03-14,66.04000091552734,66.37999725341797,65.97000122070312,66.05000305175781,56.82829284667969,12320400,0.001060988386380357,2061,2019-03-14,66.04000091552734,66.37999725341797,65.97000122070312,66.05000305175781,56.82829284667969,12320400,0.001060988386380357,2061,2019-03-14,66.04000091552734,66.37999725341797,65.97000122070312,66.05000305175781,56.82829284667969,12320400,0.001060988386380357,2061,2019-03-14,66.04000091552734,66.37999725341797,65.97000122070312,66.05000305175781,56.82829284667969,12320400,0.001060988386380357
2062,2019-03-15,65.4800033569336,65.70999908447266,65.26000213623047,65.51000213623047,56.80574417114258,12427400,-0.0003967860797428058,2062,2019-03-15,65.4800033569336,65.70999908447266,65.26000213623047,65.51000213623047,56.80574417114258,12427400,-0.0003967860797428058,2062,2019-03-15,65.4800033569336,65.70999908447266,65.26000213623047,65.51000213623047,56.80574417114258,12427400,-0.0003967860797428058,2062,2019-03-15,65.4800033569336,65.70999908447266,65.26000213623047,65.51000213623047,56.80574417114258,12427400,-0.0003967860797428058,2062,2019-03-15,65.4800033569336,65.70999908447266,65.26000213623047,65.51000213623047,56.80574417114258,12427400,-0.0003967860797428058
2063,2019-03-18,65.58999633789062,66.52999877929688,65.55999755859375,66.41999816894531,57.5948371887207,10067900,0.013891077902276505,2063,2019-03-18,65.58999633789062,66.52999877929688,65.55999755859375,66.41999816894531,57.5948371887207,10067900,0.013891077902276505,2063,2019-03-18,65.58999633789062,66.52999877929688,65.55999755859375,66.41999816894531,57.5948371887207,10067900,0.013891077902276505,2063,2019-03-18,65.58999633789062,66.52999877929688,65.55999755859375,66.41999816894531,57.5948371887207,10067900,0.013891077902276505,2063,2019-03-18,65.58999633789062,66.52999877929688,65.55999755859375,66.41999816894531,57.5948371887207,10067900,0.013891077902276505
2064,2019-03-19,66.75,67.08999633789062,65.97000122070312,66.23999786376953,57.43875503540039,12526000,-0.0027100025095805336,2064,2019-03-19,66.75,67.08999633789062,65.97000122070312,66.23999786376953,57.43875503540039,12526000,-0.0027100025095805336,2064,2019-03-19,66.75,67.08999633789062,65.97000122070312,66.23999786376953,57.43875503540039,12526000,-0.0027100025095805336,2064,2019-03-19,66.75,67.08999633789062,65.97000122070312,66.23999786376953,57.43875503540039,12526000,-0.0027100025095805336,2064,2019-03-19,66.75,67.08999633789062,65.97000122070312,66.23999786376953,57.43875503540039,12526000,-0.0027100025095805336
2065,2019-03-20,66.18000030517578,67.41999816894531,65.9800033569336,66.81999969482422,57.94169235229492,13662900,0.008756062289033917,2065,2019-03-20,66.18000030517578,67.41999816894531,65.9800033569336,66.81999969482422,57.94169235229492,13662900,0.008756062289033917,2065,2019-03-20,66.18000030517578,67.41999816894531,65.9800033569336,66.81999969482422,57.94169235229492,13662900,0.008756062289033917,2065,2019-03-20,66.18000030517578,67.41999816894531,65.9800033569336,66.81999969482422,57.94169235229492,13662900,0.008756062289033917,2065,2019-03-20,66.18000030517578,67.41999816894531,65.9800033569336,66.81999969482422,57.94169235229492,13662900,0.008756062289033917
2066,2019-03-21,66.62000274658203,67.4000015258789,66.4800033569336,67.29000091552734,58.3492317199707,17877900,0.00703361174191941,2066,2019-03-21,66.62000274658203,67.4000015258789,66.4800033569336,67.29000091552734,58.3492317199707,17877900,0.00703361174191941,2066,2019-03-21,66.62000274658203,67.4000015258789,66.4800033569336,67.29000091552734,58.3492317199707,17877900,0.00703361174191941,2066,2019-03-21,66.62000274658203,67.4000015258789,66.4800033569336,67.29000091552734,58.3492317199707,17877900,0.00703361174191941,2066,2019-03-21,66.62000274658203,67.4000015258789,66.4800033569336,67.29000091552734,58.3492317199707,17877900,0.00703361174191941
2067,2019-03-22,66.68000030517578,66.79000091552734,65.22000122070312,65.47000122070312,56.77106857299805,19974800,-0.027046853925113634,2067,2019-03-22,66.68000030517578,66.79000091552734,65.22000122070312,65.47000122070312,56.77106857299805,19974800,-0.027046853925113634,2067,2019-03-22,66.68000030517578,66.79000091552734,65.22000122070312,65.47000122070312,56.77106857299805,19974800,-0.027046853925113634,2067,2019-03-22,66.68000030517578,66.79000091552734,65.22000122070312,65.47000122070312,56.77106857299805,19974800,-0.027046853925113634,2067,2019-03-22,66.68000030517578,66.79000091552734,65.22000122070312,65.47000122070312,56.77106857299805,19974800,-0.027046853925113634
2068,2019-03-25,65.19000244140625,65.61000061035156,64.87000274658203,65.5,56.79707717895508,12346300,0.00045813134420025214,2068,2019-03-25,65.19000244140625,65.61000061035156,64.87000274658203,65.5,56.79707717895508,12346300,0.00045813134420025214,2068,2019-03-25,65.19000244140625,65.61000061035156,64.87000274658203,65.5,56.79707717895508,12346300,0.00045813134420025214,2068,2019-03-25,65.19000244140625,65.61000061035156,64.87000274658203,65.5,56.79707717895508,12346300,0.00045813134420025214,2068,2019-03-25,65.19000244140625,65.61000061035156,64.87000274658203,65.5,56.79707717895508,12346300,0.00045813134420025214
2069,2019-03-26,66.26000213623047,66.88999938964844,66.08000183105469,66.44000244140625,57.6121826171875,11516500,0.014351186341230227,2069,2019-03-26,66.26000213623047,66.88999938964844,66.08000183105469,66.44000244140625,57.6121826171875,11516500,0.014351186341230227,2069,2019-03-26,66.26000213623047,66.88999938964844,66.08000183105469,66.44000244140625,57.6121826171875,11516500,0.014351186341230227,2069,2019-03-26,66.26000213623047,66.88999938964844,66.08000183105469,66.44000244140625,57.6121826171875,11516500,0.014351186341230227,2069,2019-03-26,66.26000213623047,66.88999938964844,66.08000183105469,66.44000244140625,57.6121826171875,11516500,0.014351186341230227
2070,2019-03-27,66.38999938964844,66.69000244140625,65.47000122070312,65.97000122070312,57.20463180541992,9582600,-0.007074038740653266,2070,2019-03-27,66.38999938964844,66.69000244140625,65.47000122070312,65.97000122070312,57.20463180541992,9582600,-0.007074038740653266,2070,2019-03-27,66.38999938964844,66.69000244140625,65.47000122070312,65.97000122070312,57.20463180541992,9582600,-0.007074038740653266,2070,2019-03-27,66.38999938964844,66.69000244140625,65.47000122070312,65.97000122070312,57.20463180541992,9582600,-0.007074038740653266,2070,2019-03-27,66.38999938964844,66.69000244140625,65.47000122070312,65.97000122070312,57.20463180541992,9582600,-0.007074038740653266
2071,2019-03-28,65.69000244140625,66.30000305175781,65.55999755859375,66.22000122070312,57.421409606933594,9149200,0.003789514846473274,2071,2019-03-28,65.69000244140625,66.30000305175781,65.55999755859375,66.22000122070312,57.421409606933594,9149200,0.003789514846473274,2071,2019-03-28,65.69000244140625,66.30000305175781,65.55999755859375,66.22000122070312,57.421409606933594,9149200,0.003789514846473274,2071,2019-03-28,65.69000244140625,66.30000305175781,65.55999755859375,66.22000122070312,57.421409606933594,9149200,0.003789514846473274,2071,2019-03-28,65.69000244140625,66.30000305175781,65.55999755859375,66.22000122070312,57.421409606933594,9149200,0.003789514846473274
2072,2019-03-29,66.86000061035156,67.0199966430664,65.9000015258789,66.12000274658203,57.33470153808594,10037600,-0.0015100303082281608,2072,2019-03-29,66.86000061035156,67.0199966430664,65.9000015258789,66.12000274658203,57.33470153808594,10037600,-0.0015100303082281608,2072,2019-03-29,66.86000061035156,67.0199966430664,65.9000015258789,66.12000274658203,57.33470153808594,10037600,-0.0015100303082281608,2072,2019-03-29,66.86000061035156,67.0199966430664,65.9000015258789,66.12000274658203,57.33470153808594,10037600,-0.0015100303082281608,2072,2019-03-29,66.86000061035156,67.0199966430664,65.9000015258789,66.12000274658203,57.33470153808594,10037600,-0.0015100303082281608
2073,2019-04-01,66.55999755859375,67.12999725341797,66.47000122070312,66.98999786376953,58.08909606933594,12411700,0.013157730153158242,2073,2019-04-01,66.55999755859375,67.12999725341797,66.47000122070312,66.98999786376953,58.08909606933594,12411700,0.013157730153158242,2073,2019-04-01,66.55999755859375,67.12999725341797,66.47000122070312,66.98999786376953,58.08909606933594,12411700,0.013157730153158242,2073,2019-04-01,66.55999755859375,67.12999725341797,66.47000122070312,66.98999786376953,58.08909606933594,12411700,0.013157730153158242,2073,2019-04-01,66.55999755859375,67.12999725341797,66.47000122070312,66.98999786376953,58.08909606933594,12411700,0.013157730153158242
2074,2019-04-02,67.16000366210938,67.22000122070312,66.37000274658203,66.52999877929688,57.69021224975586,11152400,-0.006866758937063899,2074,2019-04-02,67.16000366210938,67.22000122070312,66.37000274658203,66.52999877929688,57.69021224975586,11152400,-0.006866758937063899,2074,2019-04-02,67.16000366210938,67.22000122070312,66.37000274658203,66.52999877929688,57.69021224975586,11152400,-0.006866758937063899,2074,2019-04-02,67.16000366210938,67.22000122070312,66.37000274658203,66.52999877929688,57.69021224975586,11152400,-0.006866758937063899,2074,2019-04-02,67.16000366210938,67.22000122070312,66.37000274658203,66.52999877929688,57.69021224975586,11152400,-0.006866758937063899
2075,2019-04-03,66.72000122070312,66.8499984741211,65.66000366210938,65.88999938964844,57.135257720947266,11989800,-0.009619561224806228,2075,2019-04-03,66.72000122070312,66.8499984741211,65.66000366210938,65.88999938964844,57.135257720947266,11989800,-0.009619561224806228,2075,2019-04-03,66.72000122070312,66.8499984741211,65.66000366210938,65.88999938964844,57.135257720947266,11989800,-0.009619561224806228,2075,2019-04-03,66.72000122070312,66.8499984741211,65.66000366210938,65.88999938964844,57.135257720947266,11989800,-0.009619561224806228,2075,2019-04-03,66.72000122070312,66.8499984741211,65.66000366210938,65.88999938964844,57.135257720947266,11989800,-0.009619561224806228
2076,2019-04-04,65.93000030517578,66.48999786376953,65.61000061035156,66.44000244140625,57.6121826171875,10504300,0.008347295790098075,2076,2019-04-04,65.93000030517578,66.48999786376953,65.61000061035156,66.44000244140625,57.6121826171875,10504300,0.008347295790098075,2076,2019-04-04,65.93000030517578,66.48999786376953,65.61000061035156,66.44000244140625,57.6121826171875,10504300,0.008347295790098075,2076,2019-04-04,65.93000030517578,66.48999786376953,65.61000061035156,66.44000244140625,57.6121826171875,10504300,0.008347295790098075,2076,2019-04-04,65.93000030517578,66.48999786376953,65.61000061035156,66.44000244140625,57.6121826171875,10504300,0.008347295790098075
2077,2019-04-05,66.62000274658203,67.69000244140625,66.58999633789062,67.61000061035156,58.62672424316406,17269200,0.01760984534673571,2077,2019-04-05,66.62000274658203,67.69000244140625,66.58999633789062,67.61000061035156,58.62672424316406,17269200,0.01760984534673571,2077,2019-04-05,66.62000274658203,67.69000244140625,66.58999633789062,67.61000061035156,58.62672424316406,17269200,0.01760984534673571,2077,2019-04-05,66.62000274658203,67.69000244140625,66.58999633789062,67.61000061035156,58.62672424316406,17269200,0.01760984534673571,2077,2019-04-05,66.62000274658203,67.69000244140625,66.58999633789062,67.61000061035156,58.62672424316406,17269200,0.01760984534673571
2078,2019-04-08,67.70999908447266,68.25,67.62999725341797,67.91000366210938,58.88685607910156,10602100,0.004437086316788852,2078,2019-04-08,67.70999908447266,68.25,67.62999725341797,67.91000366210938,58.88685607910156,10602100,0.004437086316788852,2078,2019-04-08,67.70999908447266,68.25,67.62999725341797,67.91000366210938,58.88685607910156,10602100,0.004437086316788852,2078,2019-04-08,67.70999908447266,68.25,67.62999725341797,67.91000366210938,58.88685607910156,10602100,0.004437086316788852,2078,2019-04-08,67.70999908447266,68.25,67.62999725341797,67.91000366210938,58.88685607910156,10602100,0.004437086316788852
2079,2019-04-09,67.70999908447266,67.70999908447266,66.87000274658203,67.08000183105469,58.167144775390625,14541900,-0.012221934598514839,2079,2019-04-09,67.70999908447266,67.70999908447266,66.87000274658203,67.08000183105469,58.167144775390625,14541900,-0.012221934598514839,2079,2019-04-09,67.70999908447266,67.70999908447266,66.87000274658203,67.08000183105469,58.167144775390625,14541900,-0.012221934598514839,2079,2019-04-09,67.70999908447266,67.70999908447266,66.87000274658203,67.08000183105469,58.167144775390625,14541900,-0.012221934598514839,2079,2019-04-09,67.70999908447266,67.70999908447266,66.87000274658203,67.08000183105469,58.167144775390625,14541900,-0.012221934598514839
2080,2019-04-10,67.2300033569336,67.63999938964844,67.1500015258789,67.33000183105469,58.3839225769043,9375600,0.0037268083615027425,2080,2019-04-10,67.2300033569336,67.63999938964844,67.1500015258789,67.33000183105469,58.3839225769043,9375600,0.0037268083615027425,2080,2019-04-10,67.2300033569336,67.63999938964844,67.1500015258789,67.33000183105469,58.3839225769043,9375600,0.0037268083615027425,2080,2019-04-10,67.2300033569336,67.63999938964844,67.1500015258789,67.33000183105469,58.3839225769043,9375600,0.0037268083615027425,2080,2019-04-10,67.2300033569336,67.63999938964844,67.1500015258789,67.33000183105469,58.3839225769043,9375600,0.0037268083615027425
2081,2019-04-11,67.2699966430664,67.8499984741211,66.86000061035156,67.37999725341797,58.42728042602539,10914200,0.0007426333690405684,2081,2019-04-11,67.2699966430664,67.8499984741211,66.86000061035156,67.37999725341797,58.42728042602539,10914200,0.0007426333690405684,2081,2019-04-11,67.2699966430664,67.8499984741211,66.86000061035156,67.37999725341797,58.42728042602539,10914200,0.0007426333690405684,2081,2019-04-11,67.2699966430664,67.8499984741211,66.86000061035156,67.37999725341797,58.42728042602539,10914200,0.0007426333690405684,2081,2019-04-11,67.2699966430664,67.8499984741211,66.86000061035156,67.37999725341797,58.42728042602539,10914200,0.0007426333690405684
2082,2019-04-12,68.3499984741211,68.4000015258789,67.38999938964844,67.55999755859375,58.5833625793457,15426800,0.0026713917228773365,2082,2019-04-12,68.3499984741211,68.4000015258789,67.38999938964844,67.55999755859375,58.5833625793457,15426800,0.0026713917228773365,2082,2019-04-12,68.3499984741211,68.4000015258789,67.38999938964844,67.55999755859375,58.5833625793457,15426800,0.0026713917228773365,2082,2019-04-12,68.3499984741211,68.4000015258789,67.38999938964844,67.55999755859375,58.5833625793457,15426800,0.0026713917228773365,2082,2019-04-12,68.3499984741211,68.4000015258789,67.38999938964844,67.55999755859375,58.5833625793457,15426800,0.0026713917228773365
2083,2019-04-15,67.4800033569336,67.63999938964844,67.05000305175781,67.16000366210938,58.23651123046875,8300700,-0.005920645958264581,2083,2019-04-15,67.4800033569336,67.63999938964844,67.05000305175781,67.16000366210938,58.23651123046875,8300700,-0.005920645958264581,2083,2019-04-15,67.4800033569336,67.63999938964844,67.05000305175781,67.16000366210938,58.23651123046875,8300700,-0.005920645958264581,2083,2019-04-15,67.4800033569336,67.63999938964844,67.05000305175781,67.16000366210938,58.23651123046875,8300700,-0.005920645958264581,2083,2019-04-15,67.4800033569336,67.63999938964844,67.05000305175781,67.16000366210938,58.23651123046875,8300700,-0.005920645958264581
2084,2019-04-16,67.4000015258789,67.69999694824219,67.16000366210938,67.5999984741211,58.61804962158203,8130200,0.006551532415864703,2084,2019-04-16,67.4000015258789,67.69999694824219,67.16000366210938,67.5999984741211,58.61804962158203,8130200,0.006551532415864703,2084,2019-04-16,67.4000015258789,67.69999694824219,67.16000366210938,67.5999984741211,58.61804962158203,8130200,0.006551532415864703,2084,2019-04-16,67.4000015258789,67.69999694824219,67.16000366210938,67.5999984741211,58.61804962158203,8130200,0.006551532415864703,2084,2019-04-16,67.4000015258789,67.69999694824219,67.16000366210938,67.5999984741211,58.61804962158203,8130200,0.006551532415864703
2085,2019-04-17,68.01000213623047,68.16000366210938,67.41999816894531,67.51000213623047,58.54000473022461,10934600,-0.0013314139904219147,2085,2019-04-17,68.01000213623047,68.16000366210938,67.41999816894531,67.51000213623047,58.54000473022461,10934600,-0.0013314139904219147,2085,2019-04-17,68.01000213623047,68.16000366210938,67.41999816894531,67.51000213623047,58.54000473022461,10934600,-0.0013314139904219147,2085,2019-04-17,68.01000213623047,68.16000366210938,67.41999816894531,67.51000213623047,58.54000473022461,10934600,-0.0013314139904219147,2085,2019-04-17,68.01000213623047,68.16000366210938,67.41999816894531,67.51000213623047,58.54000473022461,10934600,-0.0013314139904219147
2086,2019-04-18,67.69999694824219,67.79000091552734,67.0199966430664,67.19000244140625,58.26253128051758,9759500,-0.004739894555624624,2086,2019-04-18,67.69999694824219,67.79000091552734,67.0199966430664,67.19000244140625,58.26253128051758,9759500,-0.004739894555624624,2086,2019-04-18,67.69999694824219,67.79000091552734,67.0199966430664,67.19000244140625,58.26253128051758,9759500,-0.004739894555624624,2086,2019-04-18,67.69999694824219,67.79000091552734,67.0199966430664,67.19000244140625,58.26253128051758,9759500,-0.004739894555624624,2086,2019-04-18,67.69999694824219,67.79000091552734,67.0199966430664,67.19000244140625,58.26253128051758,9759500,-0.004739894555624624
2087,2019-04-22,67.80999755859375,68.66000366210938,67.62000274658203,68.61000061035156,59.49385452270508,14164700,0.02113404987948475,2087,2019-04-22,67.80999755859375,68.66000366210938,67.62000274658203,68.61000061035156,59.49385452270508,14164700,0.02113404987948475,2087,2019-04-22,67.80999755859375,68.66000366210938,67.62000274658203,68.61000061035156,59.49385452270508,14164700,0.02113404987948475,2087,2019-04-22,67.80999755859375,68.66000366210938,67.62000274658203,68.61000061035156,59.49385452270508,14164700,0.02113404987948475,2087,2019-04-22,67.80999755859375,68.66000366210938,67.62000274658203,68.61000061035156,59.49385452270508,14164700,0.02113404987948475
2088,2019-04-23,68.66000366210938,68.80999755859375,68.05000305175781,68.5,59.39846420288086,10212200,-0.0016033642565185247,2088,2019-04-23,68.66000366210938,68.80999755859375,68.05000305175781,68.5,59.39846420288086,10212200,-0.0016033642565185247,2088,2019-04-23,68.66000366210938,68.80999755859375,68.05000305175781,68.5,59.39846420288086,10212200,-0.0016033642565185247,2088,2019-04-23,68.66000366210938,68.80999755859375,68.05000305175781,68.5,59.39846420288086,10212200,-0.0016033642565185247,2088,2019-04-23,68.66000366210938,68.80999755859375,68.05000305175781,68.5,59.39846420288086,10212200,-0.0016033642565185247
2089,2019-04-24,68.55999755859375,68.5999984741211,67.2699966430664,67.30000305175781,58.357913970947266,11019100,-0.017518133606611475,2089,2019-04-24,68.55999755859375,68.5999984741211,67.2699966430664,67.30000305175781,58.357913970947266,11019100,-0.017518133606611475,2089,2019-04-24,68.55999755859375,68.5999984741211,67.2699966430664,67.30000305175781,58.357913970947266,11019100,-0.017518133606611475,2089,2019-04-24,68.55999755859375,68.5999984741211,67.2699966430664,67.30000305175781,58.357913970947266,11019100,-0.017518133606611475,2089,2019-04-24,68.55999755859375,68.5999984741211,67.2699966430664,67.30000305175781,58.357913970947266,11019100,-0.017518133606611475
2090,2019-04-25,67.29000091552734,67.63999938964844,66.94000244140625,67.08999633789062,58.175811767578125,12060900,-0.0031204371605845216,2090,2019-04-25,67.29000091552734,67.63999938964844,66.94000244140625,67.08999633789062,58.175811767578125,12060900,-0.0031204371605845216,2090,2019-04-25,67.29000091552734,67.63999938964844,66.94000244140625,67.08999633789062,58.175811767578125,12060900,-0.0031204371605845216,2090,2019-04-25,67.29000091552734,67.63999938964844,66.94000244140625,67.08999633789062,58.175811767578125,12060900,-0.0031204371605845216,2090,2019-04-25,67.29000091552734,67.63999938964844,66.94000244140625,67.08999633789062,58.175811767578125,12060900,-0.0031204371605845216
2091,2019-04-26,66.5999984741211,66.62000274658203,65.63999938964844,66.22000122070312,57.421409606933594,16838400,-0.012967625852106535,2091,2019-04-26,66.5999984741211,66.62000274658203,65.63999938964844,66.22000122070312,57.421409606933594,16838400,-0.012967625852106535,2091,2019-04-26,66.5999984741211,66.62000274658203,65.63999938964844,66.22000122070312,57.421409606933594,16838400,-0.012967625852106535,2091,2019-04-26,66.5999984741211,66.62000274658203,65.63999938964844,66.22000122070312,57.421409606933594,16838400,-0.012967625852106535,2091,2019-04-26,66.5999984741211,66.62000274658203,65.63999938964844,66.22000122070312,57.421409606933594,16838400,-0.012967625852106535
2092,2019-04-29,66.23999786376953,66.5199966430664,66.02999877929688,66.16000366210938,57.369388580322266,12974500,-0.0009059517515753734,2092,2019-04-29,66.23999786376953,66.5199966430664,66.02999877929688,66.16000366210938,57.369388580322266,12974500,-0.0009059517515753734,2092,2019-04-29,66.23999786376953,66.5199966430664,66.02999877929688,66.16000366210938,57.369388580322266,12974500,-0.0009059517515753734,2092,2019-04-29,66.23999786376953,66.5199966430664,66.02999877929688,66.16000366210938,57.369388580322266,12974500,-0.0009059517515753734,2092,2019-04-29,66.23999786376953,66.5199966430664,66.02999877929688,66.16000366210938,57.369388580322266,12974500,-0.0009059517515753734
2093,2019-04-30,66.80000305175781,66.8499984741211,66.02999877929688,66.11000061035156,57.326019287109375,14327000,-0.0007559657560611832,2093,2019-04-30,66.80000305175781,66.8499984741211,66.02999877929688,66.11000061035156,57.326019287109375,14327000,-0.0007559657560611832,2093,2019-04-30,66.80000305175781,66.8499984741211,66.02999877929688,66.11000061035156,57.326019287109375,14327000,-0.0007559657560611832,2093,2019-04-30,66.80000305175781,66.8499984741211,66.02999877929688,66.11000061035156,57.326019287109375,14327000,-0.0007559657560611832,2093,2019-04-30,66.80000305175781,66.8499984741211,66.02999877929688,66.11000061035156,57.326019287109375,14327000,-0.0007559657560611832
2094,2019-05-01,66.12999725341797,66.33000183105469,64.73999786376953,64.79000091552734,56.18141555786133,22155700,-0.019966565679634174,2094,2019-05-01,66.12999725341797,66.33000183105469,64.73999786376953,64.79000091552734,56.18141555786133,22155700,-0.019966565679634174,2094,2019-05-01,66.12999725341797,66.33000183105469,64.73999786376953,64.79000091552734,56.18141555786133,22155700,-0.019966565679634174,2094,2019-05-01,66.12999725341797,66.33000183105469,64.73999786376953,64.79000091552734,56.18141555786133,22155700,-0.019966565679634174,2094,2019-05-01,66.12999725341797,66.33000183105469,64.73999786376953,64.79000091552734,56.18141555786133,22155700,-0.019966565679634174
2095,2019-05-02,64.37999725341797,64.7699966430664,63.630001068115234,63.65999984741211,55.2015495300293,28033000,-0.01744110606865834,2095,2019-05-02,64.37999725341797,64.7699966430664,63.630001068115234,63.65999984741211,55.2015495300293,28033000,-0.01744110606865834,2095,2019-05-02,64.37999725341797,64.7699966430664,63.630001068115234,63.65999984741211,55.2015495300293,28033000,-0.01744110606865834,2095,2019-05-02,64.37999725341797,64.7699966430664,63.630001068115234,63.65999984741211,55.2015495300293,28033000,-0.01744110606865834,2095,2019-05-02,64.37999725341797,64.7699966430664,63.630001068115234,63.65999984741211,55.2015495300293,28033000,-0.01744110606865834
2096,2019-05-03,64.26000213623047,64.76000213623047,64.11000061035156,64.25,55.71316146850586,19624500,0.00926807205290947,2096,2019-05-03,64.26000213623047,64.76000213623047,64.11000061035156,64.25,55.71316146850586,19624500,0.00926807205290947,2096,2019-05-03,64.26000213623047,64.76000213623047,64.11000061035156,64.25,55.71316146850586,19624500,0.00926807205290947,2096,2019-05-03,64.26000213623047,64.76000213623047,64.11000061035156,64.25,55.71316146850586,19624500,0.00926807205290947,2096,2019-05-03,64.26000213623047,64.76000213623047,64.11000061035156,64.25,55.71316146850586,19624500,0.00926807205290947
2097,2019-05-06,63.7599983215332,64.5199966430664,63.70000076293945,64.30999755859375,55.76518249511719,20344700,0.0009337295755642572,2097,2019-05-06,63.7599983215332,64.5199966430664,63.70000076293945,64.30999755859375,55.76518249511719,20344700,0.0009337295755642572,2097,2019-05-06,63.7599983215332,64.5199966430664,63.70000076293945,64.30999755859375,55.76518249511719,20344700,0.0009337295755642572,2097,2019-05-06,63.7599983215332,64.5199966430664,63.70000076293945,64.30999755859375,55.76518249511719,20344700,0.0009337295755642572,2097,2019-05-06,63.7599983215332,64.5199966430664,63.70000076293945,64.30999755859375,55.76518249511719,20344700,0.0009337295755642572
2098,2019-05-07,63.54999923706055,63.79999923706055,62.939998626708984,63.75,55.279598236083984,15064500,-0.008707660179821386,2098,2019-05-07,63.54999923706055,63.79999923706055,62.939998626708984,63.75,55.279598236083984,15064500,-0.008707660179821386,2098,2019-05-07,63.54999923706055,63.79999923706055,62.939998626708984,63.75,55.279598236083984,15064500,-0.008707660179821386,2098,2019-05-07,63.54999923706055,63.79999923706055,62.939998626708984,63.75,55.279598236083984,15064500,-0.008707660179821386,2098,2019-05-07,63.54999923706055,63.79999923706055,62.939998626708984,63.75,55.279598236083984,15064500,-0.008707660179821386
2099,2019-05-08,63.720001220703125,64.27999877929688,63.58000183105469,63.75,55.279598236083984,9823700,0.0,2099,2019-05-08,63.720001220703125,64.27999877929688,63.58000183105469,63.75,55.279598236083984,9823700,0.0,2099,2019-05-08,63.720001220703125,64.27999877929688,63.58000183105469,63.75,55.279598236083984,9823700,0.0,2099,2019-05-08,63.720001220703125,64.27999877929688,63.58000183105469,63.75,55.279598236083984,9823700,0.0,2099,2019-05-08,63.720001220703125,64.27999877929688,63.58000183105469,63.75,55.279598236083984,9823700,0.0
2100,2019-05-09,63.45000076293945,63.9900016784668,62.90999984741211,63.75,55.279598236083984,14409500,0.0,2100,2019-05-09,63.45000076293945,63.9900016784668,62.90999984741211,63.75,55.279598236083984,14409500,0.0,2100,2019-05-09,63.45000076293945,63.9900016784668,62.90999984741211,63.75,55.279598236083984,14409500,0.0,2100,2019-05-09,63.45000076293945,63.9900016784668,62.90999984741211,63.75,55.279598236083984,14409500,0.0,2100,2019-05-09,63.45000076293945,63.9900016784668,62.90999984741211,63.75,55.279598236083984,14409500,0.0
2101,2019-05-10,63.75,64.20999908447266,62.849998474121094,64.05000305175781,55.539737701416016,13075000,0.004705885600344795,2101,2019-05-10,63.75,64.20999908447266,62.849998474121094,64.05000305175781,55.539737701416016,13075000,0.004705885600344795,2101,2019-05-10,63.75,64.20999908447266,62.849998474121094,64.05000305175781,55.539737701416016,13075000,0.004705885600344795,2101,2019-05-10,63.75,64.20999908447266,62.849998474121094,64.05000305175781,55.539737701416016,13075000,0.004705885600344795,2101,2019-05-10,63.75,64.20999908447266,62.849998474121094,64.05000305175781,55.539737701416016,13075000,0.004705885600344795
2102,2019-05-13,63.470001220703125,63.779998779296875,62.650001525878906,62.95000076293945,54.58588790893555,14069800,-0.017174186122527413,2102,2019-05-13,63.470001220703125,63.779998779296875,62.650001525878906,62.95000076293945,54.58588790893555,14069800,-0.017174186122527413,2102,2019-05-13,63.470001220703125,63.779998779296875,62.650001525878906,62.95000076293945,54.58588790893555,14069800,-0.017174186122527413,2102,2019-05-13,63.470001220703125,63.779998779296875,62.650001525878906,62.95000076293945,54.58588790893555,14069800,-0.017174186122527413,2102,2019-05-13,63.470001220703125,63.779998779296875,62.650001525878906,62.95000076293945,54.58588790893555,14069800,-0.017174186122527413
2103,2019-05-14,63.290000915527344,64.26000213623047,63.22999954223633,63.720001220703125,55.253578186035156,9242000,0.01223192115540006,2103,2019-05-14,63.290000915527344,64.26000213623047,63.22999954223633,63.720001220703125,55.253578186035156,9242000,0.01223192115540006,2103,2019-05-14,63.290000915527344,64.26000213623047,63.22999954223633,63.720001220703125,55.253578186035156,9242000,0.01223192115540006,2103,2019-05-14,63.290000915527344,64.26000213623047,63.22999954223633,63.720001220703125,55.253578186035156,9242000,0.01223192115540006,2103,2019-05-14,63.290000915527344,64.26000213623047,63.22999954223633,63.720001220703125,55.253578186035156,9242000,0.01223192115540006
2104,2019-05-15,63.36000061035156,64.19000244140625,63.189998626708984,64.05000305175781,55.539737701416016,10092300,0.005179022332587824,2104,2019-05-15,63.36000061035156,64.19000244140625,63.189998626708984,64.05000305175781,55.539737701416016,10092300,0.005179022332587824,2104,2019-05-15,63.36000061035156,64.19000244140625,63.189998626708984,64.05000305175781,55.539737701416016,10092300,0.005179022332587824,2104,2019-05-15,63.36000061035156,64.19000244140625,63.189998626708984,64.05000305175781,55.539737701416016,10092300,0.005179022332587824,2104,2019-05-15,63.36000061035156,64.19000244140625,63.189998626708984,64.05000305175781,55.539737701416016,10092300,0.005179022332587824
2105,2019-05-16,64.20999908447266,64.63999938964844,64.20999908447266,64.4000015258789,55.84322738647461,9376500,0.00546437015403578,2105,2019-05-16,64.20999908447266,64.63999938964844,64.20999908447266,64.4000015258789,55.84322738647461,9376500,0.00546437015403578,2105,2019-05-16,64.20999908447266,64.63999938964844,64.20999908447266,64.4000015258789,55.84322738647461,9376500,0.00546437015403578,2105,2019-05-16,64.20999908447266,64.63999938964844,64.20999908447266,64.4000015258789,55.84322738647461,9376500,0.00546437015403578,2105,2019-05-16,64.20999908447266,64.63999938964844,64.20999908447266,64.4000015258789,55.84322738647461,9376500,0.00546437015403578
2106,2019-05-17,63.970001220703125,64.31999969482422,63.66999816894531,63.75,55.279598236083984,10555700,-0.010093061894326238,2106,2019-05-17,63.970001220703125,64.31999969482422,63.66999816894531,63.75,55.279598236083984,10555700,-0.010093061894326238,2106,2019-05-17,63.970001220703125,64.31999969482422,63.66999816894531,63.75,55.279598236083984,10555700,-0.010093061894326238,2106,2019-05-17,63.970001220703125,64.31999969482422,63.66999816894531,63.75,55.279598236083984,10555700,-0.010093061894326238,2106,2019-05-17,63.970001220703125,64.31999969482422,63.66999816894531,63.75,55.279598236083984,10555700,-0.010093061894326238
2107,2019-05-20,63.7599983215332,64.08000183105469,63.650001525878906,63.779998779296875,55.305606842041016,8186100,0.00047049194977777375,2107,2019-05-20,63.7599983215332,64.08000183105469,63.650001525878906,63.779998779296875,55.305606842041016,8186100,0.00047049194977777375,2107,2019-05-20,63.7599983215332,64.08000183105469,63.650001525878906,63.779998779296875,55.305606842041016,8186100,0.00047049194977777375,2107,2019-05-20,63.7599983215332,64.08000183105469,63.650001525878906,63.779998779296875,55.305606842041016,8186100,0.00047049194977777375,2107,2019-05-20,63.7599983215332,64.08000183105469,63.650001525878906,63.779998779296875,55.305606842041016,8186100,0.00047049194977777375
2108,2019-05-21,64.05000305175781,64.69999694824219,63.970001220703125,64.5199966430664,55.94728469848633,18380500,0.01160240151198444,2108,2019-05-21,64.05000305175781,64.69999694824219,63.970001220703125,64.5199966430664,55.94728469848633,18380500,0.01160240151198444,2108,2019-05-21,64.05000305175781,64.69999694824219,63.970001220703125,64.5199966430664,55.94728469848633,18380500,0.01160240151198444,2108,2019-05-21,64.05000305175781,64.69999694824219,63.970001220703125,64.5199966430664,55.94728469848633,18380500,0.01160240151198444,2108,2019-05-21,64.05000305175781,64.69999694824219,63.970001220703125,64.5199966430664,55.94728469848633,18380500,0.01160240151198444
2109,2019-05-22,64.12999725341797,64.27999877929688,63.310001373291016,63.52000045776367,55.08015441894531,9637000,-0.015499059234316603,2109,2019-05-22,64.12999725341797,64.27999877929688,63.310001373291016,63.52000045776367,55.08015441894531,9637000,-0.015499059234316603,2109,2019-05-22,64.12999725341797,64.27999877929688,63.310001373291016,63.52000045776367,55.08015441894531,9637000,-0.015499059234316603,2109,2019-05-22,64.12999725341797,64.27999877929688,63.310001373291016,63.52000045776367,55.08015441894531,9637000,-0.015499059234316603,2109,2019-05-22,64.12999725341797,64.27999877929688,63.310001373291016,63.52000045776367,55.08015441894531,9637000,-0.015499059234316603
2110,2019-05-23,62.459999084472656,62.5099983215332,61.02000045776367,61.38999938964844,53.2331657409668,23963600,-0.03353274328045874,2110,2019-05-23,62.459999084472656,62.5099983215332,61.02000045776367,61.38999938964844,53.2331657409668,23963600,-0.03353274328045874,2110,2019-05-23,62.459999084472656,62.5099983215332,61.02000045776367,61.38999938964844,53.2331657409668,23963600,-0.03353274328045874,2110,2019-05-23,62.459999084472656,62.5099983215332,61.02000045776367,61.38999938964844,53.2331657409668,23963600,-0.03353274328045874,2110,2019-05-23,62.459999084472656,62.5099983215332,61.02000045776367,61.38999938964844,53.2331657409668,23963600,-0.03353274328045874
2111,2019-05-24,61.880001068115234,62.119998931884766,61.09000015258789,61.619998931884766,53.4326057434082,10153400,0.0037465365748090562,2111,2019-05-24,61.880001068115234,62.119998931884766,61.09000015258789,61.619998931884766,53.4326057434082,10153400,0.0037465365748090562,2111,2019-05-24,61.880001068115234,62.119998931884766,61.09000015258789,61.619998931884766,53.4326057434082,10153400,0.0037465365748090562,2111,2019-05-24,61.880001068115234,62.119998931884766,61.09000015258789,61.619998931884766,53.4326057434082,10153400,0.0037465365748090562,2111,2019-05-24,61.880001068115234,62.119998931884766,61.09000015258789,61.619998931884766,53.4326057434082,10153400,0.0037465365748090562
2112,2019-05-28,61.65999984741211,61.77000045776367,60.88999938964844,60.97999954223633,52.87763595581055,12930600,-0.010386350803528233,2112,2019-05-28,61.65999984741211,61.77000045776367,60.88999938964844,60.97999954223633,52.87763595581055,12930600,-0.010386350803528233,2112,2019-05-28,61.65999984741211,61.77000045776367,60.88999938964844,60.97999954223633,52.87763595581055,12930600,-0.010386350803528233,2112,2019-05-28,61.65999984741211,61.77000045776367,60.88999938964844,60.97999954223633,52.87763595581055,12930600,-0.010386350803528233,2112,2019-05-28,61.65999984741211,61.77000045776367,60.88999938964844,60.97999954223633,52.87763595581055,12930600,-0.010386350803528233
2113,2019-05-29,60.13999938964844,60.630001068115234,59.779998779296875,60.59000015258789,52.539459228515625,16951600,-0.006395458518182129,2113,2019-05-29,60.13999938964844,60.630001068115234,59.779998779296875,60.59000015258789,52.539459228515625,16951600,-0.006395458518182129,2113,2019-05-29,60.13999938964844,60.630001068115234,59.779998779296875,60.59000015258789,52.539459228515625,16951600,-0.006395458518182129,2113,2019-05-29,60.13999938964844,60.630001068115234,59.779998779296875,60.59000015258789,52.539459228515625,16951600,-0.006395458518182129,2113,2019-05-29,60.13999938964844,60.630001068115234,59.779998779296875,60.59000015258789,52.539459228515625,16951600,-0.006395458518182129
2114,2019-05-30,60.4900016784668,60.599998474121094,59.630001068115234,59.81999969482422,51.871768951416016,15173900,-0.012708358382516827,2114,2019-05-30,60.4900016784668,60.599998474121094,59.630001068115234,59.81999969482422,51.871768951416016,15173900,-0.012708358382516827,2114,2019-05-30,60.4900016784668,60.599998474121094,59.630001068115234,59.81999969482422,51.871768951416016,15173900,-0.012708358382516827,2114,2019-05-30,60.4900016784668,60.599998474121094,59.630001068115234,59.81999969482422,51.871768951416016,15173900,-0.012708358382516827,2114,2019-05-30,60.4900016784668,60.599998474121094,59.630001068115234,59.81999969482422,51.871768951416016,15173900,-0.012708358382516827
2115,2019-05-31,59.0,59.540000915527344,58.77000045776367,58.77000045776367,50.961280822753906,21898500,-0.01755267165680985,2115,2019-05-31,59.0,59.540000915527344,58.77000045776367,58.77000045776367,50.961280822753906,21898500,-0.01755267165680985,2115,2019-05-31,59.0,59.540000915527344,58.77000045776367,58.77000045776367,50.961280822753906,21898500,-0.01755267165680985,2115,2019-05-31,59.0,59.540000915527344,58.77000045776367,58.77000045776367,50.961280822753906,21898500,-0.01755267165680985,2115,2019-05-31,59.0,59.540000915527344,58.77000045776367,58.77000045776367,50.961280822753906,21898500,-0.01755267165680985
2116,2019-06-03,59.16999816894531,59.810001373291016,59.08000183105469,59.52000045776367,51.611629486083984,18024700,0.01276162319373464,2116,2019-06-03,59.16999816894531,59.810001373291016,59.08000183105469,59.52000045776367,51.611629486083984,18024700,0.01276162319373464,2116,2019-06-03,59.16999816894531,59.810001373291016,59.08000183105469,59.52000045776367,51.611629486083984,18024700,0.01276162319373464,2116,2019-06-03,59.16999816894531,59.810001373291016,59.08000183105469,59.52000045776367,51.611629486083984,18024700,0.01276162319373464,2116,2019-06-03,59.16999816894531,59.810001373291016,59.08000183105469,59.52000045776367,51.611629486083984,18024700,0.01276162319373464
2117,2019-06-04,60.08000183105469,60.689998626708984,59.91999816894531,60.54999923706055,52.504783630371094,14743400,0.0173052886177123,2117,2019-06-04,60.08000183105469,60.689998626708984,59.91999816894531,60.54999923706055,52.504783630371094,14743400,0.0173052886177123,2117,2019-06-04,60.08000183105469,60.689998626708984,59.91999816894531,60.54999923706055,52.504783630371094,14743400,0.0173052886177123,2117,2019-06-04,60.08000183105469,60.689998626708984,59.91999816894531,60.54999923706055,52.504783630371094,14743400,0.0173052886177123,2117,2019-06-04,60.08000183105469,60.689998626708984,59.91999816894531,60.54999923706055,52.504783630371094,14743400,0.0173052886177123
2118,2019-06-05,60.66999816894531,60.689998626708984,59.52000045776367,59.880001068115234,51.923797607421875,15881900,-0.01106539219434377,2118,2019-06-05,60.66999816894531,60.689998626708984,59.52000045776367,59.880001068115234,51.923797607421875,15881900,-0.01106539219434377,2118,2019-06-05,60.66999816894531,60.689998626708984,59.52000045776367,59.880001068115234,51.923797607421875,15881900,-0.01106539219434377,2118,2019-06-05,60.66999816894531,60.689998626708984,59.52000045776367,59.880001068115234,51.923797607421875,15881900,-0.01106539219434377,2118,2019-06-05,60.66999816894531,60.689998626708984,59.52000045776367,59.880001068115234,51.923797607421875,15881900,-0.01106539219434377
2119,2019-06-06,60.0,61.220001220703125,60.0,60.9900016784668,52.886314392089844,32393900,0.018537103005162203,2119,2019-06-06,60.0,61.220001220703125,60.0,60.9900016784668,52.886314392089844,32393900,0.018537103005162203,2119,2019-06-06,60.0,61.220001220703125,60.0,60.9900016784668,52.886314392089844,32393900,0.018537103005162203,2119,2019-06-06,60.0,61.220001220703125,60.0,60.9900016784668,52.886314392089844,32393900,0.018537103005162203,2119,2019-06-06,60.0,61.220001220703125,60.0,60.9900016784668,52.886314392089844,32393900,0.018537103005162203
2120,2019-06-07,61.18000030517578,61.65999984741211,61.029998779296875,61.27000045776367,53.129112243652344,15774100,0.004590939156063012,2120,2019-06-07,61.18000030517578,61.65999984741211,61.029998779296875,61.27000045776367,53.129112243652344,15774100,0.004590939156063012,2120,2019-06-07,61.18000030517578,61.65999984741211,61.029998779296875,61.27000045776367,53.129112243652344,15774100,0.004590939156063012,2120,2019-06-07,61.18000030517578,61.65999984741211,61.029998779296875,61.27000045776367,53.129112243652344,15774100,0.004590939156063012,2120,2019-06-07,61.18000030517578,61.65999984741211,61.029998779296875,61.27000045776367,53.129112243652344,15774100,0.004590939156063012
2121,2019-06-10,61.599998474121094,62.0,61.36000061035156,61.45000076293945,53.28519821166992,9837800,0.0029378613988835234,2121,2019-06-10,61.599998474121094,62.0,61.36000061035156,61.45000076293945,53.28519821166992,9837800,0.0029378613988835234,2121,2019-06-10,61.599998474121094,62.0,61.36000061035156,61.45000076293945,53.28519821166992,9837800,0.0029378613988835234,2121,2019-06-10,61.599998474121094,62.0,61.36000061035156,61.45000076293945,53.28519821166992,9837800,0.0029378613988835234,2121,2019-06-10,61.599998474121094,62.0,61.36000061035156,61.45000076293945,53.28519821166992,9837800,0.0029378613988835234
2122,2019-06-11,61.9900016784668,62.189998626708984,61.54999923706055,61.56999969482422,53.38924789428711,9522600,0.0019526939208118765,2122,2019-06-11,61.9900016784668,62.189998626708984,61.54999923706055,61.56999969482422,53.38924789428711,9522600,0.0019526939208118765,2122,2019-06-11,61.9900016784668,62.189998626708984,61.54999923706055,61.56999969482422,53.38924789428711,9522600,0.0019526939208118765,2122,2019-06-11,61.9900016784668,62.189998626708984,61.54999923706055,61.56999969482422,53.38924789428711,9522600,0.0019526939208118765,2122,2019-06-11,61.9900016784668,62.189998626708984,61.54999923706055,61.56999969482422,53.38924789428711,9522600,0.0019526939208118765
2123,2019-06-12,61.16999816894531,61.310001373291016,60.5099983215332,60.70000076293945,52.63484573364258,13816500,-0.0141302264107237,2123,2019-06-12,61.16999816894531,61.310001373291016,60.5099983215332,60.70000076293945,52.63484573364258,13816500,-0.0141302264107237,2123,2019-06-12,61.16999816894531,61.310001373291016,60.5099983215332,60.70000076293945,52.63484573364258,13816500,-0.0141302264107237,2123,2019-06-12,61.16999816894531,61.310001373291016,60.5099983215332,60.70000076293945,52.63484573364258,13816500,-0.0141302264107237,2123,2019-06-12,61.16999816894531,61.310001373291016,60.5099983215332,60.70000076293945,52.63484573364258,13816500,-0.0141302264107237
2124,2019-06-13,61.400001525878906,61.689998626708984,60.68000030517578,61.40999984741211,53.25050735473633,12191500,0.011696844790032968,2124,2019-06-13,61.400001525878906,61.689998626708984,60.68000030517578,61.40999984741211,53.25050735473633,12191500,0.011696844790032968,2124,2019-06-13,61.400001525878906,61.689998626708984,60.68000030517578,61.40999984741211,53.25050735473633,12191500,0.011696844790032968,2124,2019-06-13,61.400001525878906,61.689998626708984,60.68000030517578,61.40999984741211,53.25050735473633,12191500,0.011696844790032968,2124,2019-06-13,61.400001525878906,61.689998626708984,60.68000030517578,61.40999984741211,53.25050735473633,12191500,0.011696844790032968
2125,2019-06-14,61.560001373291016,61.56999969482422,60.86000061035156,61.0099983215332,52.90365982055664,7916300,-0.006513506657675805,2125,2019-06-14,61.560001373291016,61.56999969482422,60.86000061035156,61.0099983215332,52.90365982055664,7916300,-0.006513506657675805,2125,2019-06-14,61.560001373291016,61.56999969482422,60.86000061035156,61.0099983215332,52.90365982055664,7916300,-0.006513506657675805,2125,2019-06-14,61.560001373291016,61.56999969482422,60.86000061035156,61.0099983215332,52.90365982055664,7916300,-0.006513506657675805,2125,2019-06-14,61.560001373291016,61.56999969482422,60.86000061035156,61.0099983215332,52.90365982055664,7916300,-0.006513506657675805
2126,2019-06-17,60.880001068115234,61.689998626708984,60.689998626708984,61.52000045776367,53.34589767456055,8795200,0.008359305490469371,2126,2019-06-17,60.880001068115234,61.689998626708984,60.689998626708984,61.52000045776367,53.34589767456055,8795200,0.008359305490469371,2126,2019-06-17,60.880001068115234,61.689998626708984,60.689998626708984,61.52000045776367,53.34589767456055,8795200,0.008359305490469371,2126,2019-06-17,60.880001068115234,61.689998626708984,60.689998626708984,61.52000045776367,53.34589767456055,8795200,0.008359305490469371,2126,2019-06-17,60.880001068115234,61.689998626708984,60.689998626708984,61.52000045776367,53.34589767456055,8795200,0.008359305490469371
2127,2019-06-18,61.91999816894531,62.7400016784668,61.810001373291016,62.369998931884766,54.08296203613281,17222100,0.013816701821548927,2127,2019-06-18,61.91999816894531,62.7400016784668,61.810001373291016,62.369998931884766,54.08296203613281,17222100,0.013816701821548927,2127,2019-06-18,61.91999816894531,62.7400016784668,61.810001373291016,62.369998931884766,54.08296203613281,17222100,0.013816701821548927,2127,2019-06-18,61.91999816894531,62.7400016784668,61.810001373291016,62.369998931884766,54.08296203613281,17222100,0.013816701821548927,2127,2019-06-18,61.91999816894531,62.7400016784668,61.810001373291016,62.369998931884766,54.08296203613281,17222100,0.013816701821548927
2128,2019-06-19,62.279998779296875,62.65999984741211,61.970001220703125,62.29999923706055,54.02225112915039,8827700,-0.001122551441281261,2128,2019-06-19,62.279998779296875,62.65999984741211,61.970001220703125,62.29999923706055,54.02225112915039,8827700,-0.001122551441281261,2128,2019-06-19,62.279998779296875,62.65999984741211,61.970001220703125,62.29999923706055,54.02225112915039,8827700,-0.001122551441281261,2128,2019-06-19,62.279998779296875,62.65999984741211,61.970001220703125,62.29999923706055,54.02225112915039,8827700,-0.001122551441281261,2128,2019-06-19,62.279998779296875,62.65999984741211,61.970001220703125,62.29999923706055,54.02225112915039,8827700,-0.001122551441281261
2129,2019-06-20,63.29999923706055,63.779998779296875,63.22999954223633,63.68000030517578,55.218894958496094,25954000,0.022150943441525683,2129,2019-06-20,63.29999923706055,63.779998779296875,63.22999954223633,63.68000030517578,55.218894958496094,25954000,0.022150943441525683,2129,2019-06-20,63.29999923706055,63.779998779296875,63.22999954223633,63.68000030517578,55.218894958496094,25954000,0.022150943441525683,2129,2019-06-20,63.29999923706055,63.779998779296875,63.22999954223633,63.68000030517578,55.218894958496094,25954000,0.022150943441525683,2129,2019-06-20,63.29999923706055,63.779998779296875,63.22999954223633,63.68000030517578,55.218894958496094,25954000,0.022150943441525683
2130,2019-06-21,63.20000076293945,63.790000915527344,63.20000076293945,63.560001373291016,55.617916107177734,16356300,0.007226170479897487,2130,2019-06-21,63.20000076293945,63.790000915527344,63.20000076293945,63.560001373291016,55.617916107177734,16356300,0.007226170479897487,2130,2019-06-21,63.20000076293945,63.790000915527344,63.20000076293945,63.560001373291016,55.617916107177734,16356300,0.007226170479897487,2130,2019-06-21,63.20000076293945,63.790000915527344,63.20000076293945,63.560001373291016,55.617916107177734,16356300,0.007226170479897487,2130,2019-06-21,63.20000076293945,63.790000915527344,63.20000076293945,63.560001373291016,55.617916107177734,16356300,0.007226170479897487
2131,2019-06-24,63.540000915527344,63.720001220703125,62.88999938964844,62.9900016784668,55.119144439697266,10396600,-0.008967823722832668,2131,2019-06-24,63.540000915527344,63.720001220703125,62.88999938964844,62.9900016784668,55.119144439697266,10396600,-0.008967823722832668,2131,2019-06-24,63.540000915527344,63.720001220703125,62.88999938964844,62.9900016784668,55.119144439697266,10396600,-0.008967823722832668,2131,2019-06-24,63.540000915527344,63.720001220703125,62.88999938964844,62.9900016784668,55.119144439697266,10396600,-0.008967823722832668,2131,2019-06-24,63.540000915527344,63.720001220703125,62.88999938964844,62.9900016784668,55.119144439697266,10396600,-0.008967823722832668
2132,2019-06-25,62.95000076293945,63.0099983215332,62.41999816894531,62.4900016784668,54.68162155151367,11887300,-0.007937766317513528,2132,2019-06-25,62.95000076293945,63.0099983215332,62.41999816894531,62.4900016784668,54.68162155151367,11887300,-0.007937766317513528,2132,2019-06-25,62.95000076293945,63.0099983215332,62.41999816894531,62.4900016784668,54.68162155151367,11887300,-0.007937766317513528,2132,2019-06-25,62.95000076293945,63.0099983215332,62.41999816894531,62.4900016784668,54.68162155151367,11887300,-0.007937766317513528,2132,2019-06-25,62.95000076293945,63.0099983215332,62.41999816894531,62.4900016784668,54.68162155151367,11887300,-0.007937766317513528
2133,2019-06-26,63.119998931884766,63.93000030517578,62.959999084472656,63.45000076293945,55.52165985107422,14326800,0.015362351659033768,2133,2019-06-26,63.119998931884766,63.93000030517578,62.959999084472656,63.45000076293945,55.52165985107422,14326800,0.015362351659033768,2133,2019-06-26,63.119998931884766,63.93000030517578,62.959999084472656,63.45000076293945,55.52165985107422,14326800,0.015362351659033768,2133,2019-06-26,63.119998931884766,63.93000030517578,62.959999084472656,63.45000076293945,55.52165985107422,14326800,0.015362351659033768,2133,2019-06-26,63.119998931884766,63.93000030517578,62.959999084472656,63.45000076293945,55.52165985107422,14326800,0.015362351659033768
2134,2019-06-27,63.45000076293945,63.63999938964844,62.849998474121094,62.97999954223633,55.110389709472656,10608700,-0.007407381960566561,2134,2019-06-27,63.45000076293945,63.63999938964844,62.849998474121094,62.97999954223633,55.110389709472656,10608700,-0.007407381960566561,2134,2019-06-27,63.45000076293945,63.63999938964844,62.849998474121094,62.97999954223633,55.110389709472656,10608700,-0.007407381960566561,2134,2019-06-27,63.45000076293945,63.63999938964844,62.849998474121094,62.97999954223633,55.110389709472656,10608700,-0.007407381960566561,2134,2019-06-27,63.45000076293945,63.63999938964844,62.849998474121094,62.97999954223633,55.110389709472656,10608700,-0.007407381960566561
2135,2019-06-28,63.130001068115234,63.77000045776367,63.130001068115234,63.709999084472656,55.749176025390625,17369600,0.011591032458407202,2135,2019-06-28,63.130001068115234,63.77000045776367,63.130001068115234,63.709999084472656,55.749176025390625,17369600,0.011591032458407202,2135,2019-06-28,63.130001068115234,63.77000045776367,63.130001068115234,63.709999084472656,55.749176025390625,17369600,0.011591032458407202,2135,2019-06-28,63.130001068115234,63.77000045776367,63.130001068115234,63.709999084472656,55.749176025390625,17369600,0.011591032458407202,2135,2019-06-28,63.130001068115234,63.77000045776367,63.130001068115234,63.709999084472656,55.749176025390625,17369600,0.011591032458407202
2136,2019-07-01,64.5,64.70999908447266,63.61000061035156,63.77000045776367,55.80167770385742,14886300,0.0009417480617630591,2136,2019-07-01,64.5,64.70999908447266,63.61000061035156,63.77000045776367,55.80167770385742,14886300,0.0009417480617630591,2136,2019-07-01,64.5,64.70999908447266,63.61000061035156,63.77000045776367,55.80167770385742,14886300,0.0009417480617630591,2136,2019-07-01,64.5,64.70999908447266,63.61000061035156,63.77000045776367,55.80167770385742,14886300,0.0009417480617630591,2136,2019-07-01,64.5,64.70999908447266,63.61000061035156,63.77000045776367,55.80167770385742,14886300,0.0009417480617630591
2137,2019-07-02,63.58000183105469,63.709999084472656,62.470001220703125,62.75,54.90913009643555,12095400,-0.01599499592393394,2137,2019-07-02,63.58000183105469,63.709999084472656,62.470001220703125,62.75,54.90913009643555,12095400,-0.01599499592393394,2137,2019-07-02,63.58000183105469,63.709999084472656,62.470001220703125,62.75,54.90913009643555,12095400,-0.01599499592393394,2137,2019-07-02,63.58000183105469,63.709999084472656,62.470001220703125,62.75,54.90913009643555,12095400,-0.01599499592393394,2137,2019-07-02,63.58000183105469,63.709999084472656,62.470001220703125,62.75,54.90913009643555,12095400,-0.01599499592393394
2138,2019-07-03,62.84000015258789,63.04999923706055,62.459999084472656,63.0,55.127891540527344,6987300,0.003984063191450948,2138,2019-07-03,62.84000015258789,63.04999923706055,62.459999084472656,63.0,55.127891540527344,6987300,0.003984063191450948,2138,2019-07-03,62.84000015258789,63.04999923706055,62.459999084472656,63.0,55.127891540527344,6987300,0.003984063191450948,2138,2019-07-03,62.84000015258789,63.04999923706055,62.459999084472656,63.0,55.127891540527344,6987300,0.003984063191450948,2138,2019-07-03,62.84000015258789,63.04999923706055,62.459999084472656,63.0,55.127891540527344,6987300,0.003984063191450948
2139,2019-07-05,62.77000045776367,63.150001525878906,62.630001068115234,63.09000015258789,55.20664978027344,7363200,0.0014286459638710447,2139,2019-07-05,62.77000045776367,63.150001525878906,62.630001068115234,63.09000015258789,55.20664978027344,7363200,0.0014286459638710447,2139,2019-07-05,62.77000045776367,63.150001525878906,62.630001068115234,63.09000015258789,55.20664978027344,7363200,0.0014286459638710447,2139,2019-07-05,62.77000045776367,63.150001525878906,62.630001068115234,63.09000015258789,55.20664978027344,7363200,0.0014286459638710447,2139,2019-07-05,62.77000045776367,63.150001525878906,62.630001068115234,63.09000015258789,55.20664978027344,7363200,0.0014286459638710447
2140,2019-07-08,62.9900016784668,63.529998779296875,62.810001373291016,63.18000030517578,55.28540802001953,8628200,0.0014266078463294196,2140,2019-07-08,62.9900016784668,63.529998779296875,62.810001373291016,63.18000030517578,55.28540802001953,8628200,0.0014266078463294196,2140,2019-07-08,62.9900016784668,63.529998779296875,62.810001373291016,63.18000030517578,55.28540802001953,8628200,0.0014266078463294196,2140,2019-07-08,62.9900016784668,63.529998779296875,62.810001373291016,63.18000030517578,55.28540802001953,8628200,0.0014266078463294196,2140,2019-07-08,62.9900016784668,63.529998779296875,62.810001373291016,63.18000030517578,55.28540802001953,8628200,0.0014266078463294196
2141,2019-07-09,63.08000183105469,63.27000045776367,62.65999984741211,63.22999954223633,55.32915496826172,7488100,0.0007912928530136032,2141,2019-07-09,63.08000183105469,63.27000045776367,62.65999984741211,63.22999954223633,55.32915496826172,7488100,0.0007912928530136032,2141,2019-07-09,63.08000183105469,63.27000045776367,62.65999984741211,63.22999954223633,55.32915496826172,7488100,0.0007912928530136032,2141,2019-07-09,63.08000183105469,63.27000045776367,62.65999984741211,63.22999954223633,55.32915496826172,7488100,0.0007912928530136032,2141,2019-07-09,63.08000183105469,63.27000045776367,62.65999984741211,63.22999954223633,55.32915496826172,7488100,0.0007912928530136032
2142,2019-07-10,63.630001068115234,64.26000213623047,63.209999084472656,64.04000091552734,56.03793716430664,11767400,0.01281028413413332,2142,2019-07-10,63.630001068115234,64.26000213623047,63.209999084472656,64.04000091552734,56.03793716430664,11767400,0.01281028413413332,2142,2019-07-10,63.630001068115234,64.26000213623047,63.209999084472656,64.04000091552734,56.03793716430664,11767400,0.01281028413413332,2142,2019-07-10,63.630001068115234,64.26000213623047,63.209999084472656,64.04000091552734,56.03793716430664,11767400,0.01281028413413332,2142,2019-07-10,63.630001068115234,64.26000213623047,63.209999084472656,64.04000091552734,56.03793716430664,11767400,0.01281028413413332
2143,2019-07-11,64.2300033569336,64.23999786376953,63.77000045776367,64.16999816894531,56.15169143676758,12681300,0.002029951104863148,2143,2019-07-11,64.2300033569336,64.23999786376953,63.77000045776367,64.16999816894531,56.15169143676758,12681300,0.002029951104863148,2143,2019-07-11,64.2300033569336,64.23999786376953,63.77000045776367,64.16999816894531,56.15169143676758,12681300,0.002029951104863148,2143,2019-07-11,64.2300033569336,64.23999786376953,63.77000045776367,64.16999816894531,56.15169143676758,12681300,0.002029951104863148,2143,2019-07-11,64.2300033569336,64.23999786376953,63.77000045776367,64.16999816894531,56.15169143676758,12681300,0.002029951104863148
2144,2019-07-12,64.20999908447266,64.66000366210938,64.20999908447266,64.44000244140625,56.38795852661133,8081400,0.004207657575370005,2144,2019-07-12,64.20999908447266,64.66000366210938,64.20999908447266,64.44000244140625,56.38795852661133,8081400,0.004207657575370005,2144,2019-07-12,64.20999908447266,64.66000366210938,64.20999908447266,64.44000244140625,56.38795852661133,8081400,0.004207657575370005,2144,2019-07-12,64.20999908447266,64.66000366210938,64.20999908447266,64.44000244140625,56.38795852661133,8081400,0.004207657575370005,2144,2019-07-12,64.20999908447266,64.66000366210938,64.20999908447266,64.44000244140625,56.38795852661133,8081400,0.004207657575370005
2145,2019-07-15,64.55000305175781,64.58999633789062,63.720001220703125,63.86000061035156,55.880435943603516,9538900,-0.009000548987215029,2145,2019-07-15,64.55000305175781,64.58999633789062,63.720001220703125,63.86000061035156,55.880435943603516,9538900,-0.009000548987215029,2145,2019-07-15,64.55000305175781,64.58999633789062,63.720001220703125,63.86000061035156,55.880435943603516,9538900,-0.009000548987215029,2145,2019-07-15,64.55000305175781,64.58999633789062,63.720001220703125,63.86000061035156,55.880435943603516,9538900,-0.009000548987215029,2145,2019-07-15,64.55000305175781,64.58999633789062,63.720001220703125,63.86000061035156,55.880435943603516,9538900,-0.009000548987215029
2146,2019-07-16,63.72999954223633,63.84000015258789,62.93000030517578,63.18000030517578,55.28540802001953,10587100,-0.01064823338501708,2146,2019-07-16,63.72999954223633,63.84000015258789,62.93000030517578,63.18000030517578,55.28540802001953,10587100,-0.01064823338501708,2146,2019-07-16,63.72999954223633,63.84000015258789,62.93000030517578,63.18000030517578,55.28540802001953,10587100,-0.01064823338501708,2146,2019-07-16,63.72999954223633,63.84000015258789,62.93000030517578,63.18000030517578,55.28540802001953,10587100,-0.01064823338501708,2146,2019-07-16,63.72999954223633,63.84000015258789,62.93000030517578,63.18000030517578,55.28540802001953,10587100,-0.01064823338501708
2147,2019-07-17,63.130001068115234,63.33000183105469,62.41999816894531,62.459999084472656,54.65536880493164,13664700,-0.011396121285018768,2147,2019-07-17,63.130001068115234,63.33000183105469,62.41999816894531,62.459999084472656,54.65536880493164,13664700,-0.011396121285018768,2147,2019-07-17,63.130001068115234,63.33000183105469,62.41999816894531,62.459999084472656,54.65536880493164,13664700,-0.011396121285018768,2147,2019-07-17,63.130001068115234,63.33000183105469,62.41999816894531,62.459999084472656,54.65536880493164,13664700,-0.011396121285018768,2147,2019-07-17,63.130001068115234,63.33000183105469,62.41999816894531,62.459999084472656,54.65536880493164,13664700,-0.011396121285018768
2148,2019-07-18,62.15999984741211,62.470001220703125,61.79999923706055,62.470001220703125,54.664119720458984,12754500,0.00016011081287503615,2148,2019-07-18,62.15999984741211,62.470001220703125,61.79999923706055,62.470001220703125,54.664119720458984,12754500,0.00016011081287503615,2148,2019-07-18,62.15999984741211,62.470001220703125,61.79999923706055,62.470001220703125,54.664119720458984,12754500,0.00016011081287503615,2148,2019-07-18,62.15999984741211,62.470001220703125,61.79999923706055,62.470001220703125,54.664119720458984,12754500,0.00016011081287503615,2148,2019-07-18,62.15999984741211,62.470001220703125,61.79999923706055,62.470001220703125,54.664119720458984,12754500,0.00016011081287503615
2149,2019-07-19,62.529998779296875,62.970001220703125,62.2400016784668,62.7599983215332,54.917884826660156,9965300,0.004642260910792562,2149,2019-07-19,62.529998779296875,62.970001220703125,62.2400016784668,62.7599983215332,54.917884826660156,9965300,0.004642260910792562,2149,2019-07-19,62.529998779296875,62.970001220703125,62.2400016784668,62.7599983215332,54.917884826660156,9965300,0.004642260910792562,2149,2019-07-19,62.529998779296875,62.970001220703125,62.2400016784668,62.7599983215332,54.917884826660156,9965300,0.004642260910792562,2149,2019-07-19,62.529998779296875,62.970001220703125,62.2400016784668,62.7599983215332,54.917884826660156,9965300,0.004642260910792562
2150,2019-07-22,63.0,63.2599983215332,62.54999923706055,63.04999923706055,55.17164993286133,7843100,0.00462080990559155,2150,2019-07-22,63.0,63.2599983215332,62.54999923706055,63.04999923706055,55.17164993286133,7843100,0.00462080990559155,2150,2019-07-22,63.0,63.2599983215332,62.54999923706055,63.04999923706055,55.17164993286133,7843100,0.00462080990559155,2150,2019-07-22,63.0,63.2599983215332,62.54999923706055,63.04999923706055,55.17164993286133,7843100,0.00462080990559155,2150,2019-07-22,63.0,63.2599983215332,62.54999923706055,63.04999923706055,55.17164993286133,7843100,0.00462080990559155
2151,2019-07-23,63.04999923706055,63.38999938964844,62.86000061035156,63.220001220703125,55.320404052734375,7268800,0.002696205751578251,2151,2019-07-23,63.04999923706055,63.38999938964844,62.86000061035156,63.220001220703125,55.320404052734375,7268800,0.002696205751578251,2151,2019-07-23,63.04999923706055,63.38999938964844,62.86000061035156,63.220001220703125,55.320404052734375,7268800,0.002696205751578251,2151,2019-07-23,63.04999923706055,63.38999938964844,62.86000061035156,63.220001220703125,55.320404052734375,7268800,0.002696205751578251,2151,2019-07-23,63.04999923706055,63.38999938964844,62.86000061035156,63.220001220703125,55.320404052734375,7268800,0.002696205751578251
2152,2019-07-24,63.13999938964844,63.900001525878906,63.06999969482422,63.4900016784668,55.556663513183594,9907700,0.004270747195266322,2152,2019-07-24,63.13999938964844,63.900001525878906,63.06999969482422,63.4900016784668,55.556663513183594,9907700,0.004270747195266322,2152,2019-07-24,63.13999938964844,63.900001525878906,63.06999969482422,63.4900016784668,55.556663513183594,9907700,0.004270747195266322,2152,2019-07-24,63.13999938964844,63.900001525878906,63.06999969482422,63.4900016784668,55.556663513183594,9907700,0.004270747195266322,2152,2019-07-24,63.13999938964844,63.900001525878906,63.06999969482422,63.4900016784668,55.556663513183594,9907700,0.004270747195266322
2153,2019-07-25,63.72999954223633,63.810001373291016,62.58000183105469,62.77000045776367,54.9266242980957,10070400,-0.011340479705704065,2153,2019-07-25,63.72999954223633,63.810001373291016,62.58000183105469,62.77000045776367,54.9266242980957,10070400,-0.011340479705704065,2153,2019-07-25,63.72999954223633,63.810001373291016,62.58000183105469,62.77000045776367,54.9266242980957,10070400,-0.011340479705704065,2153,2019-07-25,63.72999954223633,63.810001373291016,62.58000183105469,62.77000045776367,54.9266242980957,10070400,-0.011340479705704065,2153,2019-07-25,63.72999954223633,63.810001373291016,62.58000183105469,62.77000045776367,54.9266242980957,10070400,-0.011340479705704065
2154,2019-07-26,62.77000045776367,62.779998779296875,62.18000030517578,62.45000076293945,54.64662170410156,9653800,-0.005097757191021235,2154,2019-07-26,62.77000045776367,62.779998779296875,62.18000030517578,62.45000076293945,54.64662170410156,9653800,-0.005097757191021235,2154,2019-07-26,62.77000045776367,62.779998779296875,62.18000030517578,62.45000076293945,54.64662170410156,9653800,-0.005097757191021235,2154,2019-07-26,62.77000045776367,62.779998779296875,62.18000030517578,62.45000076293945,54.64662170410156,9653800,-0.005097757191021235,2154,2019-07-26,62.77000045776367,62.779998779296875,62.18000030517578,62.45000076293945,54.64662170410156,9653800,-0.005097757191021235
2155,2019-07-29,62.400001525878906,62.45000076293945,61.7400016784668,62.20000076293945,54.427852630615234,8284900,-0.004003341225207069,2155,2019-07-29,62.400001525878906,62.45000076293945,61.7400016784668,62.20000076293945,54.427852630615234,8284900,-0.004003341225207069,2155,2019-07-29,62.400001525878906,62.45000076293945,61.7400016784668,62.20000076293945,54.427852630615234,8284900,-0.004003341225207069,2155,2019-07-29,62.400001525878906,62.45000076293945,61.7400016784668,62.20000076293945,54.427852630615234,8284900,-0.004003341225207069,2155,2019-07-29,62.400001525878906,62.45000076293945,61.7400016784668,62.20000076293945,54.427852630615234,8284900,-0.004003341225207069
2156,2019-07-30,61.95000076293945,63.04999923706055,61.83000183105469,62.900001525878906,55.040382385253906,10801300,0.011253976135999988,2156,2019-07-30,61.95000076293945,63.04999923706055,61.83000183105469,62.900001525878906,55.040382385253906,10801300,0.011253976135999988,2156,2019-07-30,61.95000076293945,63.04999923706055,61.83000183105469,62.900001525878906,55.040382385253906,10801300,0.011253976135999988,2156,2019-07-30,61.95000076293945,63.04999923706055,61.83000183105469,62.900001525878906,55.040382385253906,10801300,0.011253976135999988,2156,2019-07-30,61.95000076293945,63.04999923706055,61.83000183105469,62.900001525878906,55.040382385253906,10801300,0.011253976135999988
2157,2019-07-31,62.900001525878906,63.439998626708984,62.18000030517578,62.70000076293945,54.865386962890625,15278000,-0.003179400556093559,2157,2019-07-31,62.900001525878906,63.439998626708984,62.18000030517578,62.70000076293945,54.865386962890625,15278000,-0.003179400556093559,2157,2019-07-31,62.900001525878906,63.439998626708984,62.18000030517578,62.70000076293945,54.865386962890625,15278000,-0.003179400556093559,2157,2019-07-31,62.900001525878906,63.439998626708984,62.18000030517578,62.70000076293945,54.865386962890625,15278000,-0.003179400556093559,2157,2019-07-31,62.900001525878906,63.439998626708984,62.18000030517578,62.70000076293945,54.865386962890625,15278000,-0.003179400556093559
2158,2019-08-01,62.0099983215332,62.29999923706055,60.88999938964844,61.279998779296875,53.622806549072266,25190200,-0.022647801876596763,2158,2019-08-01,62.0099983215332,62.29999923706055,60.88999938964844,61.279998779296875,53.622806549072266,25190200,-0.022647801876596763,2158,2019-08-01,62.0099983215332,62.29999923706055,60.88999938964844,61.279998779296875,53.622806549072266,25190200,-0.022647801876596763,2158,2019-08-01,62.0099983215332,62.29999923706055,60.88999938964844,61.279998779296875,53.622806549072266,25190200,-0.022647801876596763,2158,2019-08-01,62.0099983215332,62.29999923706055,60.88999938964844,61.279998779296875,53.622806549072266,25190200,-0.022647801876596763
2159,2019-08-02,61.529998779296875,61.88999938964844,59.779998779296875,60.400001525878906,52.85277557373047,21699900,-0.014360139367884717,2159,2019-08-02,61.529998779296875,61.88999938964844,59.779998779296875,60.400001525878906,52.85277557373047,21699900,-0.014360139367884717,2159,2019-08-02,61.529998779296875,61.88999938964844,59.779998779296875,60.400001525878906,52.85277557373047,21699900,-0.014360139367884717,2159,2019-08-02,61.529998779296875,61.88999938964844,59.779998779296875,60.400001525878906,52.85277557373047,21699900,-0.014360139367884717,2159,2019-08-02,61.529998779296875,61.88999938964844,59.779998779296875,60.400001525878906,52.85277557373047,21699900,-0.014360139367884717
2160,2019-08-05,59.279998779296875,59.439998626708984,58.18000030517578,58.599998474121094,51.27769088745117,27576900,-0.029801361786232605,2160,2019-08-05,59.279998779296875,59.439998626708984,58.18000030517578,58.599998474121094,51.27769088745117,27576900,-0.029801361786232605,2160,2019-08-05,59.279998779296875,59.439998626708984,58.18000030517578,58.599998474121094,51.27769088745117,27576900,-0.029801361786232605,2160,2019-08-05,59.279998779296875,59.439998626708984,58.18000030517578,58.599998474121094,51.27769088745117,27576900,-0.029801361786232605,2160,2019-08-05,59.279998779296875,59.439998626708984,58.18000030517578,58.599998474121094,51.27769088745117,27576900,-0.029801361786232605
2161,2019-08-06,58.75,59.09000015258789,57.900001525878906,58.529998779296875,51.2164306640625,16997500,-0.0011946759366199267,2161,2019-08-06,58.75,59.09000015258789,57.900001525878906,58.529998779296875,51.2164306640625,16997500,-0.0011946759366199267,2161,2019-08-06,58.75,59.09000015258789,57.900001525878906,58.529998779296875,51.2164306640625,16997500,-0.0011946759366199267,2161,2019-08-06,58.75,59.09000015258789,57.900001525878906,58.529998779296875,51.2164306640625,16997500,-0.0011946759366199267,2161,2019-08-06,58.75,59.09000015258789,57.900001525878906,58.529998779296875,51.2164306640625,16997500,-0.0011946759366199267
2162,2019-08-07,57.459999084472656,58.369998931884766,57.15999984741211,58.09000015258789,50.8314094543457,24802200,-0.007517533040172553,2162,2019-08-07,57.459999084472656,58.369998931884766,57.15999984741211,58.09000015258789,50.8314094543457,24802200,-0.007517533040172553,2162,2019-08-07,57.459999084472656,58.369998931884766,57.15999984741211,58.09000015258789,50.8314094543457,24802200,-0.007517533040172553,2162,2019-08-07,57.459999084472656,58.369998931884766,57.15999984741211,58.09000015258789,50.8314094543457,24802200,-0.007517533040172553,2162,2019-08-07,57.459999084472656,58.369998931884766,57.15999984741211,58.09000015258789,50.8314094543457,24802200,-0.007517533040172553
2163,2019-08-08,58.47999954223633,59.790000915527344,58.209999084472656,59.7599983215332,52.29273986816406,23267800,0.02874857159195754,2163,2019-08-08,58.47999954223633,59.790000915527344,58.209999084472656,59.7599983215332,52.29273986816406,23267800,0.02874857159195754,2163,2019-08-08,58.47999954223633,59.790000915527344,58.209999084472656,59.7599983215332,52.29273986816406,23267800,0.02874857159195754,2163,2019-08-08,58.47999954223633,59.790000915527344,58.209999084472656,59.7599983215332,52.29273986816406,23267800,0.02874857159195754,2163,2019-08-08,58.47999954223633,59.790000915527344,58.209999084472656,59.7599983215332,52.29273986816406,23267800,0.02874857159195754
2164,2019-08-09,59.810001373291016,59.939998626708984,58.849998474121094,59.099998474121094,51.7152099609375,14593200,-0.01104416996857649,2164,2019-08-09,59.810001373291016,59.939998626708984,58.849998474121094,59.099998474121094,51.7152099609375,14593200,-0.01104416996857649,2164,2019-08-09,59.810001373291016,59.939998626708984,58.849998474121094,59.099998474121094,51.7152099609375,14593200,-0.01104416996857649,2164,2019-08-09,59.810001373291016,59.939998626708984,58.849998474121094,59.099998474121094,51.7152099609375,14593200,-0.01104416996857649,2164,2019-08-09,59.810001373291016,59.939998626708984,58.849998474121094,59.099998474121094,51.7152099609375,14593200,-0.01104416996857649
2165,2019-08-12,58.959999084472656,59.04999923706055,58.13999938964844,58.400001525878906,51.102684020996094,21919000,-0.01184421257119661,2165,2019-08-12,58.959999084472656,59.04999923706055,58.13999938964844,58.400001525878906,51.102684020996094,21919000,-0.01184421257119661,2165,2019-08-12,58.959999084472656,59.04999923706055,58.13999938964844,58.400001525878906,51.102684020996094,21919000,-0.01184421257119661,2165,2019-08-12,58.959999084472656,59.04999923706055,58.13999938964844,58.400001525878906,51.102684020996094,21919000,-0.01184421257119661,2165,2019-08-12,58.959999084472656,59.04999923706055,58.13999938964844,58.400001525878906,51.102684020996094,21919000,-0.01184421257119661
2166,2019-08-13,58.13999938964844,59.4900016784668,57.83000183105469,58.939998626708984,51.575199127197266,14347600,0.00924638529763011,2166,2019-08-13,58.13999938964844,59.4900016784668,57.83000183105469,58.939998626708984,51.575199127197266,14347600,0.00924638529763011,2166,2019-08-13,58.13999938964844,59.4900016784668,57.83000183105469,58.939998626708984,51.575199127197266,14347600,0.00924638529763011,2166,2019-08-13,58.13999938964844,59.4900016784668,57.83000183105469,58.939998626708984,51.575199127197266,14347600,0.00924638529763011,2166,2019-08-13,58.13999938964844,59.4900016784668,57.83000183105469,58.939998626708984,51.575199127197266,14347600,0.00924638529763011
2167,2019-08-14,57.68000030517578,57.81999969482422,56.540000915527344,56.630001068115234,49.55384826660156,23649700,-0.03919230356455916,2167,2019-08-14,57.68000030517578,57.81999969482422,56.540000915527344,56.630001068115234,49.55384826660156,23649700,-0.03919230356455916,2167,2019-08-14,57.68000030517578,57.81999969482422,56.540000915527344,56.630001068115234,49.55384826660156,23649700,-0.03919230356455916,2167,2019-08-14,57.68000030517578,57.81999969482422,56.540000915527344,56.630001068115234,49.55384826660156,23649700,-0.03919230356455916,2167,2019-08-14,57.68000030517578,57.81999969482422,56.540000915527344,56.630001068115234,49.55384826660156,23649700,-0.03919230356455916
2168,2019-08-15,56.33000183105469,56.599998474121094,55.66999816894531,56.279998779296875,49.247581481933594,14287900,-0.006180484369654682,2168,2019-08-15,56.33000183105469,56.599998474121094,55.66999816894531,56.279998779296875,49.247581481933594,14287900,-0.006180484369654682,2168,2019-08-15,56.33000183105469,56.599998474121094,55.66999816894531,56.279998779296875,49.247581481933594,14287900,-0.006180484369654682,2168,2019-08-15,56.33000183105469,56.599998474121094,55.66999816894531,56.279998779296875,49.247581481933594,14287900,-0.006180484369654682,2168,2019-08-15,56.33000183105469,56.599998474121094,55.66999816894531,56.279998779296875,49.247581481933594,14287900,-0.006180484369654682
2169,2019-08-16,56.58000183105469,57.189998626708984,56.38999938964844,57.02000045776367,49.895118713378906,21399300,0.013148609778591114,2169,2019-08-16,56.58000183105469,57.189998626708984,56.38999938964844,57.02000045776367,49.895118713378906,21399300,0.013148609778591114,2169,2019-08-16,56.58000183105469,57.189998626708984,56.38999938964844,57.02000045776367,49.895118713378906,21399300,0.013148609778591114,2169,2019-08-16,56.58000183105469,57.189998626708984,56.38999938964844,57.02000045776367,49.895118713378906,21399300,0.013148609778591114,2169,2019-08-16,56.58000183105469,57.189998626708984,56.38999938964844,57.02000045776367,49.895118713378906,21399300,0.013148609778591114
2170,2019-08-19,57.81999969482422,58.4900016784668,57.709999084472656,58.279998779296875,50.99767303466797,13881600,0.02209743858157065,2170,2019-08-19,57.81999969482422,58.4900016784668,57.709999084472656,58.279998779296875,50.99767303466797,13881600,0.02209743858157065,2170,2019-08-19,57.81999969482422,58.4900016784668,57.709999084472656,58.279998779296875,50.99767303466797,13881600,0.02209743858157065,2170,2019-08-19,57.81999969482422,58.4900016784668,57.709999084472656,58.279998779296875,50.99767303466797,13881600,0.02209743858157065,2170,2019-08-19,57.81999969482422,58.4900016784668,57.709999084472656,58.279998779296875,50.99767303466797,13881600,0.02209743858157065
2171,2019-08-20,58.0,58.06999969482422,57.56999969482422,57.790000915527344,50.568904876708984,9521300,-0.008407602395260505,2171,2019-08-20,58.0,58.06999969482422,57.56999969482422,57.790000915527344,50.568904876708984,9521300,-0.008407602395260505,2171,2019-08-20,58.0,58.06999969482422,57.56999969482422,57.790000915527344,50.568904876708984,9521300,-0.008407602395260505,2171,2019-08-20,58.0,58.06999969482422,57.56999969482422,57.790000915527344,50.568904876708984,9521300,-0.008407602395260505,2171,2019-08-20,58.0,58.06999969482422,57.56999969482422,57.790000915527344,50.568904876708984,9521300,-0.008407602395260505
2172,2019-08-21,58.38999938964844,58.4900016784668,57.95000076293945,58.15999984741211,50.892669677734375,12037400,0.00640244833885073,2172,2019-08-21,58.38999938964844,58.4900016784668,57.95000076293945,58.15999984741211,50.892669677734375,12037400,0.00640244833885073,2172,2019-08-21,58.38999938964844,58.4900016784668,57.95000076293945,58.15999984741211,50.892669677734375,12037400,0.00640244833885073,2172,2019-08-21,58.38999938964844,58.4900016784668,57.95000076293945,58.15999984741211,50.892669677734375,12037400,0.00640244833885073,2172,2019-08-21,58.38999938964844,58.4900016784668,57.95000076293945,58.15999984741211,50.892669677734375,12037400,0.00640244833885073
2173,2019-08-22,58.36000061035156,58.59000015258789,57.869998931884766,57.900001525878906,50.665157318115234,9353100,-0.004470434761229991,2173,2019-08-22,58.36000061035156,58.59000015258789,57.869998931884766,57.900001525878906,50.665157318115234,9353100,-0.004470434761229991,2173,2019-08-22,58.36000061035156,58.59000015258789,57.869998931884766,57.900001525878906,50.665157318115234,9353100,-0.004470434761229991,2173,2019-08-22,58.36000061035156,58.59000015258789,57.869998931884766,57.900001525878906,50.665157318115234,9353100,-0.004470434761229991,2173,2019-08-22,58.36000061035156,58.59000015258789,57.869998931884766,57.900001525878906,50.665157318115234,9353100,-0.004470434761229991
2174,2019-08-23,57.209999084472656,57.75,55.63999938964844,55.959999084472656,48.96757507324219,24408900,-0.03350591086127108,2174,2019-08-23,57.209999084472656,57.75,55.63999938964844,55.959999084472656,48.96757507324219,24408900,-0.03350591086127108,2174,2019-08-23,57.209999084472656,57.75,55.63999938964844,55.959999084472656,48.96757507324219,24408900,-0.03350591086127108,2174,2019-08-23,57.209999084472656,57.75,55.63999938964844,55.959999084472656,48.96757507324219,24408900,-0.03350591086127108,2174,2019-08-23,57.209999084472656,57.75,55.63999938964844,55.959999084472656,48.96757507324219,24408900,-0.03350591086127108
2175,2019-08-26,56.45000076293945,56.75,55.959999084472656,56.20000076293945,49.177581787109375,10805300,0.004288689271483737,2175,2019-08-26,56.45000076293945,56.75,55.959999084472656,56.20000076293945,49.177581787109375,10805300,0.004288689271483737,2175,2019-08-26,56.45000076293945,56.75,55.959999084472656,56.20000076293945,49.177581787109375,10805300,0.004288689271483737,2175,2019-08-26,56.45000076293945,56.75,55.959999084472656,56.20000076293945,49.177581787109375,10805300,0.004288689271483737,2175,2019-08-26,56.45000076293945,56.75,55.959999084472656,56.20000076293945,49.177581787109375,10805300,0.004288689271483737
2176,2019-08-27,56.5,56.72999954223633,55.54999923706055,55.849998474121094,48.871307373046875,11831300,-0.006227927501363695,2176,2019-08-27,56.5,56.72999954223633,55.54999923706055,55.849998474121094,48.871307373046875,11831300,-0.006227927501363695,2176,2019-08-27,56.5,56.72999954223633,55.54999923706055,55.849998474121094,48.871307373046875,11831300,-0.006227927501363695,2176,2019-08-27,56.5,56.72999954223633,55.54999923706055,55.849998474121094,48.871307373046875,11831300,-0.006227927501363695,2176,2019-08-27,56.5,56.72999954223633,55.54999923706055,55.849998474121094,48.871307373046875,11831300,-0.006227927501363695
2177,2019-08-28,56.13999938964844,56.93000030517578,55.86000061035156,56.650001525878906,49.57135009765625,15694400,0.014324207029408287,2177,2019-08-28,56.13999938964844,56.93000030517578,55.86000061035156,56.650001525878906,49.57135009765625,15694400,0.014324207029408287,2177,2019-08-28,56.13999938964844,56.93000030517578,55.86000061035156,56.650001525878906,49.57135009765625,15694400,0.014324207029408287,2177,2019-08-28,56.13999938964844,56.93000030517578,55.86000061035156,56.650001525878906,49.57135009765625,15694400,0.014324207029408287,2177,2019-08-28,56.13999938964844,56.93000030517578,55.86000061035156,56.650001525878906,49.57135009765625,15694400,0.014324207029408287
2178,2019-08-29,57.09000015258789,57.720001220703125,57.029998779296875,57.47999954223633,50.29764175415039,12331700,0.01465143989549067,2178,2019-08-29,57.09000015258789,57.720001220703125,57.029998779296875,57.47999954223633,50.29764175415039,12331700,0.01465143989549067,2178,2019-08-29,57.09000015258789,57.720001220703125,57.029998779296875,57.47999954223633,50.29764175415039,12331700,0.01465143989549067,2178,2019-08-29,57.09000015258789,57.720001220703125,57.029998779296875,57.47999954223633,50.29764175415039,12331700,0.01465143989549067,2178,2019-08-29,57.09000015258789,57.720001220703125,57.029998779296875,57.47999954223633,50.29764175415039,12331700,0.01465143989549067
2179,2019-08-30,57.70000076293945,58.20000076293945,57.13999938964844,57.47999954223633,50.29764175415039,13022300,0.0,2179,2019-08-30,57.70000076293945,58.20000076293945,57.13999938964844,57.47999954223633,50.29764175415039,13022300,0.0,2179,2019-08-30,57.70000076293945,58.20000076293945,57.13999938964844,57.47999954223633,50.29764175415039,13022300,0.0,2179,2019-08-30,57.70000076293945,58.20000076293945,57.13999938964844,57.47999954223633,50.29764175415039,13022300,0.0,2179,2019-08-30,57.70000076293945,58.20000076293945,57.13999938964844,57.47999954223633,50.29764175415039,13022300,0.0
2180,2019-09-03,56.54999923706055,57.31999969482422,56.380001068115234,57.20000076293945,50.05262756347656,13964800,-0.0048712858521564595,2180,2019-09-03,56.54999923706055,57.31999969482422,56.380001068115234,57.20000076293945,50.05262756347656,13964800,-0.0048712858521564595,2180,2019-09-03,56.54999923706055,57.31999969482422,56.380001068115234,57.20000076293945,50.05262756347656,13964800,-0.0048712858521564595,2180,2019-09-03,56.54999923706055,57.31999969482422,56.380001068115234,57.20000076293945,50.05262756347656,13964800,-0.0048712858521564595,2180,2019-09-03,56.54999923706055,57.31999969482422,56.380001068115234,57.20000076293945,50.05262756347656,13964800,-0.0048712858521564595
2181,2019-09-04,58.0,58.25,57.83000183105469,58.0,50.752655029296875,11190900,0.013985828514847531,2181,2019-09-04,58.0,58.25,57.83000183105469,58.0,50.752655029296875,11190900,0.013985828514847531,2181,2019-09-04,58.0,58.25,57.83000183105469,58.0,50.752655029296875,11190900,0.013985828514847531,2181,2019-09-04,58.0,58.25,57.83000183105469,58.0,50.752655029296875,11190900,0.013985828514847531,2181,2019-09-04,58.0,58.25,57.83000183105469,58.0,50.752655029296875,11190900,0.013985828514847531
2182,2019-09-05,58.5099983215332,59.369998931884766,58.41999816894531,58.720001220703125,51.38269805908203,14538500,0.012413991532491453,2182,2019-09-05,58.5099983215332,59.369998931884766,58.41999816894531,58.720001220703125,51.38269805908203,14538500,0.012413991532491453,2182,2019-09-05,58.5099983215332,59.369998931884766,58.41999816894531,58.720001220703125,51.38269805908203,14538500,0.012413991532491453,2182,2019-09-05,58.5099983215332,59.369998931884766,58.41999816894531,58.720001220703125,51.38269805908203,14538500,0.012413991532491453,2182,2019-09-05,58.5099983215332,59.369998931884766,58.41999816894531,58.720001220703125,51.38269805908203,14538500,0.012413991532491453
2183,2019-09-06,58.599998474121094,59.099998474121094,58.27000045776367,59.029998779296875,51.65395736694336,12234300,0.005279195490073718,2183,2019-09-06,58.599998474121094,59.099998474121094,58.27000045776367,59.029998779296875,51.65395736694336,12234300,0.005279195490073718,2183,2019-09-06,58.599998474121094,59.099998474121094,58.27000045776367,59.029998779296875,51.65395736694336,12234300,0.005279195490073718,2183,2019-09-06,58.599998474121094,59.099998474121094,58.27000045776367,59.029998779296875,51.65395736694336,12234300,0.005279195490073718,2183,2019-09-06,58.599998474121094,59.099998474121094,58.27000045776367,59.029998779296875,51.65395736694336,12234300,0.005279195490073718
2184,2019-09-09,59.5099983215332,60.349998474121094,59.38999938964844,60.209999084472656,52.6865119934082,24757100,0.019989845485210322,2184,2019-09-09,59.5099983215332,60.349998474121094,59.38999938964844,60.209999084472656,52.6865119934082,24757100,0.019989845485210322,2184,2019-09-09,59.5099983215332,60.349998474121094,59.38999938964844,60.209999084472656,52.6865119934082,24757100,0.019989845485210322,2184,2019-09-09,59.5099983215332,60.349998474121094,59.38999938964844,60.209999084472656,52.6865119934082,24757100,0.019989845485210322,2184,2019-09-09,59.5099983215332,60.349998474121094,59.38999938964844,60.209999084472656,52.6865119934082,24757100,0.019989845485210322
2185,2019-09-10,60.58000183105469,61.79999923706055,60.459999084472656,60.91999816894531,53.30779266357422,25718000,0.011792025067891121,2185,2019-09-10,60.58000183105469,61.79999923706055,60.459999084472656,60.91999816894531,53.30779266357422,25718000,0.011792025067891121,2185,2019-09-10,60.58000183105469,61.79999923706055,60.459999084472656,60.91999816894531,53.30779266357422,25718000,0.011792025067891121,2185,2019-09-10,60.58000183105469,61.79999923706055,60.459999084472656,60.91999816894531,53.30779266357422,25718000,0.011792025067891121,2185,2019-09-10,60.58000183105469,61.79999923706055,60.459999084472656,60.91999816894531,53.30779266357422,25718000,0.011792025067891121
2186,2019-09-11,61.2599983215332,61.7400016784668,60.650001525878906,60.97999954223633,53.360294342041016,22752000,0.0009848781171288845,2186,2019-09-11,61.2599983215332,61.7400016784668,60.650001525878906,60.97999954223633,53.360294342041016,22752000,0.0009848781171288845,2186,2019-09-11,61.2599983215332,61.7400016784668,60.650001525878906,60.97999954223633,53.360294342041016,22752000,0.0009848781171288845,2186,2019-09-11,61.2599983215332,61.7400016784668,60.650001525878906,60.97999954223633,53.360294342041016,22752000,0.0009848781171288845,2186,2019-09-11,61.2599983215332,61.7400016784668,60.650001525878906,60.97999954223633,53.360294342041016,22752000,0.0009848781171288845
2187,2019-09-12,60.209999084472656,61.040000915527344,59.709999084472656,60.599998474121094,53.02778244018555,19059500,-0.006231448044946242,2187,2019-09-12,60.209999084472656,61.040000915527344,59.709999084472656,60.599998474121094,53.02778244018555,19059500,-0.006231448044946242,2187,2019-09-12,60.209999084472656,61.040000915527344,59.709999084472656,60.599998474121094,53.02778244018555,19059500,-0.006231448044946242,2187,2019-09-12,60.209999084472656,61.040000915527344,59.709999084472656,60.599998474121094,53.02778244018555,19059500,-0.006231448044946242,2187,2019-09-12,60.209999084472656,61.040000915527344,59.709999084472656,60.599998474121094,53.02778244018555,19059500,-0.006231448044946242
2188,2019-09-13,61.0,61.400001525878906,60.7400016784668,61.08000183105469,53.44780731201172,14061600,0.007920845498299967,2188,2019-09-13,61.0,61.400001525878906,60.7400016784668,61.08000183105469,53.44780731201172,14061600,0.007920845498299967,2188,2019-09-13,61.0,61.400001525878906,60.7400016784668,61.08000183105469,53.44780731201172,14061600,0.007920845498299967,2188,2019-09-13,61.0,61.400001525878906,60.7400016784668,61.08000183105469,53.44780731201172,14061600,0.007920845498299967,2188,2019-09-13,61.0,61.400001525878906,60.7400016784668,61.08000183105469,53.44780731201172,14061600,0.007920845498299967
2189,2019-09-16,63.63999938964844,63.650001525878906,62.400001525878906,63.130001068115234,55.24164962768555,30677800,0.03356250529047777,2189,2019-09-16,63.63999938964844,63.650001525878906,62.400001525878906,63.130001068115234,55.24164962768555,30677800,0.03356250529047777,2189,2019-09-16,63.63999938964844,63.650001525878906,62.400001525878906,63.130001068115234,55.24164962768555,30677800,0.03356250529047777,2189,2019-09-16,63.63999938964844,63.650001525878906,62.400001525878906,63.130001068115234,55.24164962768555,30677800,0.03356250529047777,2189,2019-09-16,63.63999938964844,63.650001525878906,62.400001525878906,63.130001068115234,55.24164962768555,30677800,0.03356250529047777
2190,2019-09-17,63.16999816894531,63.189998626708984,61.83000183105469,62.25,54.47160339355469,26450000,-0.01393959520254684,2190,2019-09-17,63.16999816894531,63.189998626708984,61.83000183105469,62.25,54.47160339355469,26450000,-0.01393959520254684,2190,2019-09-17,63.16999816894531,63.189998626708984,61.83000183105469,62.25,54.47160339355469,26450000,-0.01393959520254684,2190,2019-09-17,63.16999816894531,63.189998626708984,61.83000183105469,62.25,54.47160339355469,26450000,-0.01393959520254684,2190,2019-09-17,63.16999816894531,63.189998626708984,61.83000183105469,62.25,54.47160339355469,26450000,-0.01393959520254684
2191,2019-09-18,61.79999923706055,62.20000076293945,61.52000045776367,61.95000076293945,54.2090950012207,11604500,-0.004819178727627604,2191,2019-09-18,61.79999923706055,62.20000076293945,61.52000045776367,61.95000076293945,54.2090950012207,11604500,-0.004819178727627604,2191,2019-09-18,61.79999923706055,62.20000076293945,61.52000045776367,61.95000076293945,54.2090950012207,11604500,-0.004819178727627604,2191,2019-09-18,61.79999923706055,62.20000076293945,61.52000045776367,61.95000076293945,54.2090950012207,11604500,-0.004819178727627604,2191,2019-09-18,61.79999923706055,62.20000076293945,61.52000045776367,61.95000076293945,54.2090950012207,11604500,-0.004819178727627604
2192,2019-09-19,62.31999969482422,62.459999084472656,61.599998474121094,61.790000915527344,54.069087982177734,14018500,-0.0025827219406598934,2192,2019-09-19,62.31999969482422,62.459999084472656,61.599998474121094,61.790000915527344,54.069087982177734,14018500,-0.0025827219406598934,2192,2019-09-19,62.31999969482422,62.459999084472656,61.599998474121094,61.790000915527344,54.069087982177734,14018500,-0.0025827219406598934,2192,2019-09-19,62.31999969482422,62.459999084472656,61.599998474121094,61.790000915527344,54.069087982177734,14018500,-0.0025827219406598934,2192,2019-09-19,62.31999969482422,62.459999084472656,61.599998474121094,61.790000915527344,54.069087982177734,14018500,-0.0025827219406598934
2193,2019-09-20,61.27000045776367,61.52000045776367,60.97999954223633,61.279998779296875,54.11323928833008,20150100,0.0008165720525357134,2193,2019-09-20,61.27000045776367,61.52000045776367,60.97999954223633,61.279998779296875,54.11323928833008,20150100,0.0008165720525357134,2193,2019-09-20,61.27000045776367,61.52000045776367,60.97999954223633,61.279998779296875,54.11323928833008,20150100,0.0008165720525357134,2193,2019-09-20,61.27000045776367,61.52000045776367,60.97999954223633,61.279998779296875,54.11323928833008,20150100,0.0008165720525357134,2193,2019-09-20,61.27000045776367,61.52000045776367,60.97999954223633,61.279998779296875,54.11323928833008,20150100,0.0008165720525357134
2194,2019-09-23,60.869998931884766,61.459999084472656,60.79999923706055,61.29999923706055,54.130897521972656,9330400,0.00032632002583499187,2194,2019-09-23,60.869998931884766,61.459999084472656,60.79999923706055,61.29999923706055,54.130897521972656,9330400,0.00032632002583499187,2194,2019-09-23,60.869998931884766,61.459999084472656,60.79999923706055,61.29999923706055,54.130897521972656,9330400,0.00032632002583499187,2194,2019-09-23,60.869998931884766,61.459999084472656,60.79999923706055,61.29999923706055,54.130897521972656,9330400,0.00032632002583499187,2194,2019-09-23,60.869998931884766,61.459999084472656,60.79999923706055,61.29999923706055,54.130897521972656,9330400,0.00032632002583499187
2195,2019-09-24,61.11000061035156,61.16999816894531,59.970001220703125,60.33000183105469,53.27434158325195,20550500,-0.015823789701122415,2195,2019-09-24,61.11000061035156,61.16999816894531,59.970001220703125,60.33000183105469,53.27434158325195,20550500,-0.015823789701122415,2195,2019-09-24,61.11000061035156,61.16999816894531,59.970001220703125,60.33000183105469,53.27434158325195,20550500,-0.015823789701122415,2195,2019-09-24,61.11000061035156,61.16999816894531,59.970001220703125,60.33000183105469,53.27434158325195,20550500,-0.015823789701122415,2195,2019-09-24,61.11000061035156,61.16999816894531,59.970001220703125,60.33000183105469,53.27434158325195,20550500,-0.015823789701122415
2196,2019-09-25,60.04999923706055,60.5,59.90999984741211,60.43000030517578,53.362648010253906,10124200,0.0016575789465920199,2196,2019-09-25,60.04999923706055,60.5,59.90999984741211,60.43000030517578,53.362648010253906,10124200,0.0016575789465920199,2196,2019-09-25,60.04999923706055,60.5,59.90999984741211,60.43000030517578,53.362648010253906,10124200,0.0016575789465920199,2196,2019-09-25,60.04999923706055,60.5,59.90999984741211,60.43000030517578,53.362648010253906,10124200,0.0016575789465920199,2196,2019-09-25,60.04999923706055,60.5,59.90999984741211,60.43000030517578,53.362648010253906,10124200,0.0016575789465920199
2197,2019-09-26,60.15999984741211,60.29999923706055,59.34000015258789,59.63999938964844,52.66503143310547,14005500,-0.013073125175766864,2197,2019-09-26,60.15999984741211,60.29999923706055,59.34000015258789,59.63999938964844,52.66503143310547,14005500,-0.013073125175766864,2197,2019-09-26,60.15999984741211,60.29999923706055,59.34000015258789,59.63999938964844,52.66503143310547,14005500,-0.013073125175766864,2197,2019-09-26,60.15999984741211,60.29999923706055,59.34000015258789,59.63999938964844,52.66503143310547,14005500,-0.013073125175766864,2197,2019-09-26,60.15999984741211,60.29999923706055,59.34000015258789,59.63999938964844,52.66503143310547,14005500,-0.013073125175766864
2198,2019-09-27,59.310001373291016,60.09000015258789,59.20000076293945,59.630001068115234,52.656211853027344,15631600,-0.00016746558082525453,2198,2019-09-27,59.310001373291016,60.09000015258789,59.20000076293945,59.630001068115234,52.656211853027344,15631600,-0.00016746558082525453,2198,2019-09-27,59.310001373291016,60.09000015258789,59.20000076293945,59.630001068115234,52.656211853027344,15631600,-0.00016746558082525453,2198,2019-09-27,59.310001373291016,60.09000015258789,59.20000076293945,59.630001068115234,52.656211853027344,15631600,-0.00016746558082525453,2198,2019-09-27,59.310001373291016,60.09000015258789,59.20000076293945,59.630001068115234,52.656211853027344,15631600,-0.00016746558082525453
2199,2019-09-30,59.349998474121094,59.59000015258789,59.13999938964844,59.20000076293945,52.2765007019043,19808400,-0.007211136877504298,2199,2019-09-30,59.349998474121094,59.59000015258789,59.13999938964844,59.20000076293945,52.2765007019043,19808400,-0.007211136877504298,2199,2019-09-30,59.349998474121094,59.59000015258789,59.13999938964844,59.20000076293945,52.2765007019043,19808400,-0.007211136877504298,2199,2019-09-30,59.349998474121094,59.59000015258789,59.13999938964844,59.20000076293945,52.2765007019043,19808400,-0.007211136877504298,2199,2019-09-30,59.349998474121094,59.59000015258789,59.13999938964844,59.20000076293945,52.2765007019043,19808400,-0.007211136877504298
2200,2019-10-01,59.400001525878906,59.619998931884766,57.81999969482422,57.83000183105469,51.06672286987305,16374700,-0.023141905364510773,2200,2019-10-01,59.400001525878906,59.619998931884766,57.81999969482422,57.83000183105469,51.06672286987305,16374700,-0.023141905364510773,2200,2019-10-01,59.400001525878906,59.619998931884766,57.81999969482422,57.83000183105469,51.06672286987305,16374700,-0.023141905364510773,2200,2019-10-01,59.400001525878906,59.619998931884766,57.81999969482422,57.83000183105469,51.06672286987305,16374700,-0.023141905364510773,2200,2019-10-01,59.400001525878906,59.619998931884766,57.81999969482422,57.83000183105469,51.06672286987305,16374700,-0.023141905364510773
2201,2019-10-02,57.4900016784668,57.630001068115234,56.25,56.40999984741211,49.81278991699219,18912300,-0.024554795812453012,2201,2019-10-02,57.4900016784668,57.630001068115234,56.25,56.40999984741211,49.81278991699219,18912300,-0.024554795812453012,2201,2019-10-02,57.4900016784668,57.630001068115234,56.25,56.40999984741211,49.81278991699219,18912300,-0.024554795812453012,2201,2019-10-02,57.4900016784668,57.630001068115234,56.25,56.40999984741211,49.81278991699219,18912300,-0.024554795812453012,2201,2019-10-02,57.4900016784668,57.630001068115234,56.25,56.40999984741211,49.81278991699219,18912300,-0.024554795812453012
2202,2019-10-03,56.099998474121094,57.08000183105469,55.63999938964844,57.02000045776367,50.3514518737793,20457100,0.010813727913749238,2202,2019-10-03,56.099998474121094,57.08000183105469,55.63999938964844,57.02000045776367,50.3514518737793,20457100,0.010813727913749238,2202,2019-10-03,56.099998474121094,57.08000183105469,55.63999938964844,57.02000045776367,50.3514518737793,20457100,0.010813727913749238,2202,2019-10-03,56.099998474121094,57.08000183105469,55.63999938964844,57.02000045776367,50.3514518737793,20457100,0.010813727913749238,2202,2019-10-03,56.099998474121094,57.08000183105469,55.63999938964844,57.02000045776367,50.3514518737793,20457100,0.010813727913749238
2203,2019-10-04,57.2599983215332,57.459999084472656,56.68000030517578,57.380001068115234,50.66934585571289,10137900,0.006313501797932108,2203,2019-10-04,57.2599983215332,57.459999084472656,56.68000030517578,57.380001068115234,50.66934585571289,10137900,0.006313501797932108,2203,2019-10-04,57.2599983215332,57.459999084472656,56.68000030517578,57.380001068115234,50.66934585571289,10137900,0.006313501797932108,2203,2019-10-04,57.2599983215332,57.459999084472656,56.68000030517578,57.380001068115234,50.66934585571289,10137900,0.006313501797932108,2203,2019-10-04,57.2599983215332,57.459999084472656,56.68000030517578,57.380001068115234,50.66934585571289,10137900,0.006313501797932108
2204,2019-10-07,57.470001220703125,57.689998626708984,56.84000015258789,56.869998931884766,50.218990325927734,11642400,-0.008888125989776952,2204,2019-10-07,57.470001220703125,57.689998626708984,56.84000015258789,56.869998931884766,50.218990325927734,11642400,-0.008888125989776952,2204,2019-10-07,57.470001220703125,57.689998626708984,56.84000015258789,56.869998931884766,50.218990325927734,11642400,-0.008888125989776952,2204,2019-10-07,57.470001220703125,57.689998626708984,56.84000015258789,56.869998931884766,50.218990325927734,11642400,-0.008888125989776952,2204,2019-10-07,57.470001220703125,57.689998626708984,56.84000015258789,56.869998931884766,50.218990325927734,11642400,-0.008888125989776952
2205,2019-10-08,56.290000915527344,56.72999954223633,55.81999969482422,55.900001525878906,49.362430572509766,20019200,-0.017056490938164748,2205,2019-10-08,56.290000915527344,56.72999954223633,55.81999969482422,55.900001525878906,49.362430572509766,20019200,-0.017056490938164748,2205,2019-10-08,56.290000915527344,56.72999954223633,55.81999969482422,55.900001525878906,49.362430572509766,20019200,-0.017056490938164748,2205,2019-10-08,56.290000915527344,56.72999954223633,55.81999969482422,55.900001525878906,49.362430572509766,20019200,-0.017056490938164748,2205,2019-10-08,56.290000915527344,56.72999954223633,55.81999969482422,55.900001525878906,49.362430572509766,20019200,-0.017056490938164748
2206,2019-10-09,56.400001525878906,56.720001220703125,56.29999923706055,56.40999984741211,49.81278991699219,8916900,0.0091235244954333,2206,2019-10-09,56.400001525878906,56.720001220703125,56.29999923706055,56.40999984741211,49.81278991699219,8916900,0.0091235244954333,2206,2019-10-09,56.400001525878906,56.720001220703125,56.29999923706055,56.40999984741211,49.81278991699219,8916900,0.0091235244954333,2206,2019-10-09,56.400001525878906,56.720001220703125,56.29999923706055,56.40999984741211,49.81278991699219,8916900,0.0091235244954333,2206,2019-10-09,56.400001525878906,56.720001220703125,56.29999923706055,56.40999984741211,49.81278991699219,8916900,0.0091235244954333
2207,2019-10-10,56.599998474121094,57.27000045776367,56.5099983215332,57.119998931884766,50.43975067138672,10055700,0.012586340886332481,2207,2019-10-10,56.599998474121094,57.27000045776367,56.5099983215332,57.119998931884766,50.43975067138672,10055700,0.012586340886332481,2207,2019-10-10,56.599998474121094,57.27000045776367,56.5099983215332,57.119998931884766,50.43975067138672,10055700,0.012586340886332481,2207,2019-10-10,56.599998474121094,57.27000045776367,56.5099983215332,57.119998931884766,50.43975067138672,10055700,0.012586340886332481,2207,2019-10-10,56.599998474121094,57.27000045776367,56.5099983215332,57.119998931884766,50.43975067138672,10055700,0.012586340886332481
2208,2019-10-11,57.709999084472656,58.43000030517578,57.61000061035156,57.88999938964844,51.11970138549805,22563900,0.013480453512571655,2208,2019-10-11,57.709999084472656,58.43000030517578,57.61000061035156,57.88999938964844,51.11970138549805,22563900,0.013480453512571655,2208,2019-10-11,57.709999084472656,58.43000030517578,57.61000061035156,57.88999938964844,51.11970138549805,22563900,0.013480453512571655,2208,2019-10-11,57.709999084472656,58.43000030517578,57.61000061035156,57.88999938964844,51.11970138549805,22563900,0.013480453512571655,2208,2019-10-11,57.709999084472656,58.43000030517578,57.61000061035156,57.88999938964844,51.11970138549805,22563900,0.013480453512571655
2209,2019-10-14,57.470001220703125,58.06999969482422,57.25,57.86000061035156,51.09321594238281,12160600,-0.0005181063738127767,2209,2019-10-14,57.470001220703125,58.06999969482422,57.25,57.86000061035156,51.09321594238281,12160600,-0.0005181063738127767,2209,2019-10-14,57.470001220703125,58.06999969482422,57.25,57.86000061035156,51.09321594238281,12160600,-0.0005181063738127767,2209,2019-10-14,57.470001220703125,58.06999969482422,57.25,57.86000061035156,51.09321594238281,12160600,-0.0005181063738127767,2209,2019-10-14,57.470001220703125,58.06999969482422,57.25,57.86000061035156,51.09321594238281,12160600,-0.0005181063738127767
2210,2019-10-15,57.7400016784668,58.68000030517578,57.66999816894531,58.099998474121094,51.30514144897461,11085000,0.004147820854157658,2210,2019-10-15,57.7400016784668,58.68000030517578,57.66999816894531,58.099998474121094,51.30514144897461,11085000,0.004147820854157658,2210,2019-10-15,57.7400016784668,58.68000030517578,57.66999816894531,58.099998474121094,51.30514144897461,11085000,0.004147820854157658,2210,2019-10-15,57.7400016784668,58.68000030517578,57.66999816894531,58.099998474121094,51.30514144897461,11085000,0.004147820854157658,2210,2019-10-15,57.7400016784668,58.68000030517578,57.66999816894531,58.099998474121094,51.30514144897461,11085000,0.004147820854157658
2211,2019-10-16,57.900001525878906,58.310001373291016,57.27000045776367,57.290000915527344,50.589874267578125,11955300,-0.013941432792030195,2211,2019-10-16,57.900001525878906,58.310001373291016,57.27000045776367,57.290000915527344,50.589874267578125,11955300,-0.013941432792030195,2211,2019-10-16,57.900001525878906,58.310001373291016,57.27000045776367,57.290000915527344,50.589874267578125,11955300,-0.013941432792030195,2211,2019-10-16,57.900001525878906,58.310001373291016,57.27000045776367,57.290000915527344,50.589874267578125,11955300,-0.013941432792030195,2211,2019-10-16,57.900001525878906,58.310001373291016,57.27000045776367,57.290000915527344,50.589874267578125,11955300,-0.013941432792030195
2212,2019-10-17,57.529998779296875,57.709999084472656,57.150001525878906,57.33000183105469,50.62519454956055,11308100,0.0006981690010852137,2212,2019-10-17,57.529998779296875,57.709999084472656,57.150001525878906,57.33000183105469,50.62519454956055,11308100,0.0006981690010852137,2212,2019-10-17,57.529998779296875,57.709999084472656,57.150001525878906,57.33000183105469,50.62519454956055,11308100,0.0006981690010852137,2212,2019-10-17,57.529998779296875,57.709999084472656,57.150001525878906,57.33000183105469,50.62519454956055,11308100,0.0006981690010852137,2212,2019-10-17,57.529998779296875,57.709999084472656,57.150001525878906,57.33000183105469,50.62519454956055,11308100,0.0006981690010852137
2213,2019-10-18,57.18000030517578,57.63999938964844,57.02000045776367,57.029998779296875,50.36027908325195,10277800,-0.005232877990211993,2213,2019-10-18,57.18000030517578,57.63999938964844,57.02000045776367,57.029998779296875,50.36027908325195,10277800,-0.005232877990211993,2213,2019-10-18,57.18000030517578,57.63999938964844,57.02000045776367,57.029998779296875,50.36027908325195,10277800,-0.005232877990211993,2213,2019-10-18,57.18000030517578,57.63999938964844,57.02000045776367,57.029998779296875,50.36027908325195,10277800,-0.005232877990211993,2213,2019-10-18,57.18000030517578,57.63999938964844,57.02000045776367,57.029998779296875,50.36027908325195,10277800,-0.005232877990211993
2214,2019-10-21,57.13999938964844,58.099998474121094,57.06999969482422,58.04999923706055,51.260990142822266,10474000,0.017885346863970364,2214,2019-10-21,57.13999938964844,58.099998474121094,57.06999969482422,58.04999923706055,51.260990142822266,10474000,0.017885346863970364,2214,2019-10-21,57.13999938964844,58.099998474121094,57.06999969482422,58.04999923706055,51.260990142822266,10474000,0.017885346863970364,2214,2019-10-21,57.13999938964844,58.099998474121094,57.06999969482422,58.04999923706055,51.260990142822266,10474000,0.017885346863970364,2214,2019-10-21,57.13999938964844,58.099998474121094,57.06999969482422,58.04999923706055,51.260990142822266,10474000,0.017885346863970364
2215,2019-10-22,58.22999954223633,59.470001220703125,58.04999923706055,58.79999923706055,51.923274993896484,19696900,0.012919860682147899,2215,2019-10-22,58.22999954223633,59.470001220703125,58.04999923706055,58.79999923706055,51.923274993896484,19696900,0.012919860682147899,2215,2019-10-22,58.22999954223633,59.470001220703125,58.04999923706055,58.79999923706055,51.923274993896484,19696900,0.012919860682147899,2215,2019-10-22,58.22999954223633,59.470001220703125,58.04999923706055,58.79999923706055,51.923274993896484,19696900,0.012919860682147899,2215,2019-10-22,58.22999954223633,59.470001220703125,58.04999923706055,58.79999923706055,51.923274993896484,19696900,0.012919860682147899
2216,2019-10-23,58.70000076293945,59.40999984741211,58.45000076293945,59.290000915527344,52.35597229003906,11820400,0.008333397617801275,2216,2019-10-23,58.70000076293945,59.40999984741211,58.45000076293945,59.290000915527344,52.35597229003906,11820400,0.008333397617801275,2216,2019-10-23,58.70000076293945,59.40999984741211,58.45000076293945,59.290000915527344,52.35597229003906,11820400,0.008333397617801275,2216,2019-10-23,58.70000076293945,59.40999984741211,58.45000076293945,59.290000915527344,52.35597229003906,11820400,0.008333397617801275,2216,2019-10-23,58.70000076293945,59.40999984741211,58.45000076293945,59.290000915527344,52.35597229003906,11820400,0.008333397617801275
2217,2019-10-24,59.630001068115234,59.66999816894531,58.72999954223633,59.040000915527344,52.13520812988281,12116800,-0.004216599377302566,2217,2019-10-24,59.630001068115234,59.66999816894531,58.72999954223633,59.040000915527344,52.13520812988281,12116800,-0.004216599377302566,2217,2019-10-24,59.630001068115234,59.66999816894531,58.72999954223633,59.040000915527344,52.13520812988281,12116800,-0.004216599377302566,2217,2019-10-24,59.630001068115234,59.66999816894531,58.72999954223633,59.040000915527344,52.13520812988281,12116800,-0.004216599377302566,2217,2019-10-24,59.630001068115234,59.66999816894531,58.72999954223633,59.040000915527344,52.13520812988281,12116800,-0.004216599377302566
2218,2019-10-25,59.060001373291016,59.689998626708984,58.97999954223633,59.52000045776367,52.5590705871582,11875000,0.00813006167002217,2218,2019-10-25,59.060001373291016,59.689998626708984,58.97999954223633,59.52000045776367,52.5590705871582,11875000,0.00813006167002217,2218,2019-10-25,59.060001373291016,59.689998626708984,58.97999954223633,59.52000045776367,52.5590705871582,11875000,0.00813006167002217,2218,2019-10-25,59.060001373291016,59.689998626708984,58.97999954223633,59.52000045776367,52.5590705871582,11875000,0.00813006167002217,2218,2019-10-25,59.060001373291016,59.689998626708984,58.97999954223633,59.52000045776367,52.5590705871582,11875000,0.00813006167002217
2219,2019-10-28,59.720001220703125,60.060001373291016,59.08000183105469,59.18000030517578,52.25883483886719,11756600,-0.005712348885491325,2219,2019-10-28,59.720001220703125,60.060001373291016,59.08000183105469,59.18000030517578,52.25883483886719,11756600,-0.005712348885491325,2219,2019-10-28,59.720001220703125,60.060001373291016,59.08000183105469,59.18000030517578,52.25883483886719,11756600,-0.005712348885491325,2219,2019-10-28,59.720001220703125,60.060001373291016,59.08000183105469,59.18000030517578,52.25883483886719,11756600,-0.005712348885491325,2219,2019-10-28,59.720001220703125,60.060001373291016,59.08000183105469,59.18000030517578,52.25883483886719,11756600,-0.005712348885491325
2220,2019-10-29,58.959999084472656,59.91999816894531,58.7599983215332,59.41999816894531,52.47076416015625,13468400,0.004055377850319841,2220,2019-10-29,58.959999084472656,59.91999816894531,58.7599983215332,59.41999816894531,52.47076416015625,13468400,0.004055377850319841,2220,2019-10-29,58.959999084472656,59.91999816894531,58.7599983215332,59.41999816894531,52.47076416015625,13468400,0.004055377850319841,2220,2019-10-29,58.959999084472656,59.91999816894531,58.7599983215332,59.41999816894531,52.47076416015625,13468400,0.004055377850319841,2220,2019-10-29,58.959999084472656,59.91999816894531,58.7599983215332,59.41999816894531,52.47076416015625,13468400,0.004055377850319841
2221,2019-10-30,59.560001373291016,59.59000015258789,57.97999954223633,58.209999084472656,51.402278900146484,15506700,-0.020363440043458025,2221,2019-10-30,59.560001373291016,59.59000015258789,57.97999954223633,58.209999084472656,51.402278900146484,15506700,-0.020363440043458025,2221,2019-10-30,59.560001373291016,59.59000015258789,57.97999954223633,58.209999084472656,51.402278900146484,15506700,-0.020363440043458025,2221,2019-10-30,59.560001373291016,59.59000015258789,57.97999954223633,58.209999084472656,51.402278900146484,15506700,-0.020363440043458025,2221,2019-10-30,59.560001373291016,59.59000015258789,57.97999954223633,58.209999084472656,51.402278900146484,15506700,-0.020363440043458025
2222,2019-10-31,57.970001220703125,58.060001373291016,57.38999938964844,57.959999084472656,51.1815185546875,15032400,-0.004294757940359606,2222,2019-10-31,57.970001220703125,58.060001373291016,57.38999938964844,57.959999084472656,51.1815185546875,15032400,-0.004294757940359606,2222,2019-10-31,57.970001220703125,58.060001373291016,57.38999938964844,57.959999084472656,51.1815185546875,15032400,-0.004294757940359606,2222,2019-10-31,57.970001220703125,58.060001373291016,57.38999938964844,57.959999084472656,51.1815185546875,15032400,-0.004294757940359606,2222,2019-10-31,57.970001220703125,58.060001373291016,57.38999938964844,57.959999084472656,51.1815185546875,15032400,-0.004294757940359606
2223,2019-11-01,58.25,59.38999938964844,58.20000076293945,59.279998779296875,52.347137451171875,13310100,0.02277421478299657,2223,2019-11-01,58.25,59.38999938964844,58.20000076293945,59.279998779296875,52.347137451171875,13310100,0.02277421478299657,2223,2019-11-01,58.25,59.38999938964844,58.20000076293945,59.279998779296875,52.347137451171875,13310100,0.02277421478299657,2223,2019-11-01,58.25,59.38999938964844,58.20000076293945,59.279998779296875,52.347137451171875,13310100,0.02277421478299657,2223,2019-11-01,58.25,59.38999938964844,58.20000076293945,59.279998779296875,52.347137451171875,13310100,0.02277421478299657
2224,2019-11-04,59.959999084472656,61.38999938964844,59.95000076293945,61.209999084472656,54.051422119140625,21530200,0.03255736131815157,2224,2019-11-04,59.959999084472656,61.38999938964844,59.95000076293945,61.209999084472656,54.051422119140625,21530200,0.03255736131815157,2224,2019-11-04,59.959999084472656,61.38999938964844,59.95000076293945,61.209999084472656,54.051422119140625,21530200,0.03255736131815157,2224,2019-11-04,59.959999084472656,61.38999938964844,59.95000076293945,61.209999084472656,54.051422119140625,21530200,0.03255736131815157,2224,2019-11-04,59.959999084472656,61.38999938964844,59.95000076293945,61.209999084472656,54.051422119140625,21530200,0.03255736131815157
2225,2019-11-05,61.380001068115234,61.83000183105469,61.09000015258789,61.290000915527344,54.1220703125,17555100,0.0013070552187073314,2225,2019-11-05,61.380001068115234,61.83000183105469,61.09000015258789,61.290000915527344,54.1220703125,17555100,0.0013070552187073314,2225,2019-11-05,61.380001068115234,61.83000183105469,61.09000015258789,61.290000915527344,54.1220703125,17555100,0.0013070552187073314,2225,2019-11-05,61.380001068115234,61.83000183105469,61.09000015258789,61.290000915527344,54.1220703125,17555100,0.0013070552187073314,2225,2019-11-05,61.380001068115234,61.83000183105469,61.09000015258789,61.290000915527344,54.1220703125,17555100,0.0013070552187073314
2226,2019-11-06,61.20000076293945,61.33000183105469,59.869998931884766,60.040000915527344,53.01825714111328,17827900,-0.020394880776240076,2226,2019-11-06,61.20000076293945,61.33000183105469,59.869998931884766,60.040000915527344,53.01825714111328,17827900,-0.020394880776240076,2226,2019-11-06,61.20000076293945,61.33000183105469,59.869998931884766,60.040000915527344,53.01825714111328,17827900,-0.020394880776240076,2226,2019-11-06,61.20000076293945,61.33000183105469,59.869998931884766,60.040000915527344,53.01825714111328,17827900,-0.020394880776240076,2226,2019-11-06,61.20000076293945,61.33000183105469,59.869998931884766,60.040000915527344,53.01825714111328,17827900,-0.020394880776240076
2227,2019-11-07,60.650001525878906,61.130001068115234,60.4900016784668,60.939998626708984,53.8129997253418,13241700,0.014989979435069412,2227,2019-11-07,60.650001525878906,61.130001068115234,60.4900016784668,60.939998626708984,53.8129997253418,13241700,0.014989979435069412,2227,2019-11-07,60.650001525878906,61.130001068115234,60.4900016784668,60.939998626708984,53.8129997253418,13241700,0.014989979435069412,2227,2019-11-07,60.650001525878906,61.130001068115234,60.4900016784668,60.939998626708984,53.8129997253418,13241700,0.014989979435069412,2227,2019-11-07,60.650001525878906,61.130001068115234,60.4900016784668,60.939998626708984,53.8129997253418,13241700,0.014989979435069412
2228,2019-11-08,60.56999969482422,60.77000045776367,60.0,60.689998626708984,53.59223937988281,10389800,-0.004102360890225976,2228,2019-11-08,60.56999969482422,60.77000045776367,60.0,60.689998626708984,53.59223937988281,10389800,-0.004102360890225976,2228,2019-11-08,60.56999969482422,60.77000045776367,60.0,60.689998626708984,53.59223937988281,10389800,-0.004102360890225976,2228,2019-11-08,60.56999969482422,60.77000045776367,60.0,60.689998626708984,53.59223937988281,10389800,-0.004102360890225976,2228,2019-11-08,60.56999969482422,60.77000045776367,60.0,60.689998626708984,53.59223937988281,10389800,-0.004102360890225976
2229,2019-11-11,60.119998931884766,60.630001068115234,59.88999938964844,60.349998474121094,53.2920036315918,14480500,-0.005602224347499796,2229,2019-11-11,60.119998931884766,60.630001068115234,59.88999938964844,60.349998474121094,53.2920036315918,14480500,-0.005602224347499796,2229,2019-11-11,60.119998931884766,60.630001068115234,59.88999938964844,60.349998474121094,53.2920036315918,14480500,-0.005602224347499796,2229,2019-11-11,60.119998931884766,60.630001068115234,59.88999938964844,60.349998474121094,53.2920036315918,14480500,-0.005602224347499796,2229,2019-11-11,60.119998931884766,60.630001068115234,59.88999938964844,60.349998474121094,53.2920036315918,14480500,-0.005602224347499796
2230,2019-11-12,60.529998779296875,60.86000061035156,59.72999954223633,60.040000915527344,53.01825714111328,12541200,-0.005136727310365852,2230,2019-11-12,60.529998779296875,60.86000061035156,59.72999954223633,60.040000915527344,53.01825714111328,12541200,-0.005136727310365852,2230,2019-11-12,60.529998779296875,60.86000061035156,59.72999954223633,60.040000915527344,53.01825714111328,12541200,-0.005136727310365852,2230,2019-11-12,60.529998779296875,60.86000061035156,59.72999954223633,60.040000915527344,53.01825714111328,12541200,-0.005136727310365852,2230,2019-11-12,60.529998779296875,60.86000061035156,59.72999954223633,60.040000915527344,53.01825714111328,12541200,-0.005136727310365852
2231,2019-11-13,59.72999954223633,59.9900016784668,59.529998779296875,59.779998779296875,52.788665771484375,10575600,-0.0043304209155314854,2231,2019-11-13,59.72999954223633,59.9900016784668,59.529998779296875,59.779998779296875,52.788665771484375,10575600,-0.0043304209155314854,2231,2019-11-13,59.72999954223633,59.9900016784668,59.529998779296875,59.779998779296875,52.788665771484375,10575600,-0.0043304209155314854,2231,2019-11-13,59.72999954223633,59.9900016784668,59.529998779296875,59.779998779296875,52.788665771484375,10575600,-0.0043304209155314854,2231,2019-11-13,59.72999954223633,59.9900016784668,59.529998779296875,59.779998779296875,52.788665771484375,10575600,-0.0043304209155314854
2232,2019-11-14,59.7599983215332,60.09000015258789,59.34000015258789,59.619998931884766,52.647377014160156,8116800,-0.0026764979803778344,2232,2019-11-14,59.7599983215332,60.09000015258789,59.34000015258789,59.619998931884766,52.647377014160156,8116800,-0.0026764979803778344,2232,2019-11-14,59.7599983215332,60.09000015258789,59.34000015258789,59.619998931884766,52.647377014160156,8116800,-0.0026764979803778344,2232,2019-11-14,59.7599983215332,60.09000015258789,59.34000015258789,59.619998931884766,52.647377014160156,8116800,-0.0026764979803778344,2232,2019-11-14,59.7599983215332,60.09000015258789,59.34000015258789,59.619998931884766,52.647377014160156,8116800,-0.0026764979803778344
2233,2019-11-15,59.869998931884766,60.310001373291016,59.79999923706055,60.08000183105469,53.05358123779297,9181800,0.007715564320014634,2233,2019-11-15,59.869998931884766,60.310001373291016,59.79999923706055,60.08000183105469,53.05358123779297,9181800,0.007715564320014634,2233,2019-11-15,59.869998931884766,60.310001373291016,59.79999923706055,60.08000183105469,53.05358123779297,9181800,0.007715564320014634,2233,2019-11-15,59.869998931884766,60.310001373291016,59.79999923706055,60.08000183105469,53.05358123779297,9181800,0.007715564320014634,2233,2019-11-15,59.869998931884766,60.310001373291016,59.79999923706055,60.08000183105469,53.05358123779297,9181800,0.007715564320014634
2234,2019-11-18,59.70000076293945,59.77000045776367,59.099998474121094,59.349998474121094,52.408958435058594,12754100,-0.012150410729957928,2234,2019-11-18,59.70000076293945,59.77000045776367,59.099998474121094,59.349998474121094,52.408958435058594,12754100,-0.012150410729957928,2234,2019-11-18,59.70000076293945,59.77000045776367,59.099998474121094,59.349998474121094,52.408958435058594,12754100,-0.012150410729957928,2234,2019-11-18,59.70000076293945,59.77000045776367,59.099998474121094,59.349998474121094,52.408958435058594,12754100,-0.012150410729957928,2234,2019-11-18,59.70000076293945,59.77000045776367,59.099998474121094,59.349998474121094,52.408958435058594,12754100,-0.012150410729957928
2235,2019-11-19,59.15999984741211,59.209999084472656,58.400001525878906,58.470001220703125,51.63187026977539,15379100,-0.014827391890379071,2235,2019-11-19,59.15999984741211,59.209999084472656,58.400001525878906,58.470001220703125,51.63187026977539,15379100,-0.014827391890379071,2235,2019-11-19,59.15999984741211,59.209999084472656,58.400001525878906,58.470001220703125,51.63187026977539,15379100,-0.014827391890379071,2235,2019-11-19,59.15999984741211,59.209999084472656,58.400001525878906,58.470001220703125,51.63187026977539,15379100,-0.014827391890379071,2235,2019-11-19,59.15999984741211,59.209999084472656,58.400001525878906,58.470001220703125,51.63187026977539,15379100,-0.014827391890379071
2236,2019-11-20,58.45000076293945,59.4900016784668,58.09000015258789,59.060001373291016,52.15286636352539,17145000,0.01009059116061084,2236,2019-11-20,58.45000076293945,59.4900016784668,58.09000015258789,59.060001373291016,52.15286636352539,17145000,0.01009059116061084,2236,2019-11-20,58.45000076293945,59.4900016784668,58.09000015258789,59.060001373291016,52.15286636352539,17145000,0.01009059116061084,2236,2019-11-20,58.45000076293945,59.4900016784668,58.09000015258789,59.060001373291016,52.15286636352539,17145000,0.01009059116061084,2236,2019-11-20,58.45000076293945,59.4900016784668,58.09000015258789,59.060001373291016,52.15286636352539,17145000,0.01009059116061084
2237,2019-11-21,59.2599983215332,60.08000183105469,59.06999969482422,60.029998779296875,53.009429931640625,15641700,0.016424093781244098,2237,2019-11-21,59.2599983215332,60.08000183105469,59.06999969482422,60.029998779296875,53.009429931640625,15641700,0.016424093781244098,2237,2019-11-21,59.2599983215332,60.08000183105469,59.06999969482422,60.029998779296875,53.009429931640625,15641700,0.016424093781244098,2237,2019-11-21,59.2599983215332,60.08000183105469,59.06999969482422,60.029998779296875,53.009429931640625,15641700,0.016424093781244098,2237,2019-11-21,59.2599983215332,60.08000183105469,59.06999969482422,60.029998779296875,53.009429931640625,15641700,0.016424093781244098
2238,2019-11-22,60.08000183105469,60.369998931884766,59.709999084472656,59.83000183105469,52.83281707763672,11492000,-0.003331725208734815,2238,2019-11-22,60.08000183105469,60.369998931884766,59.709999084472656,59.83000183105469,52.83281707763672,11492000,-0.003331725208734815,2238,2019-11-22,60.08000183105469,60.369998931884766,59.709999084472656,59.83000183105469,52.83281707763672,11492000,-0.003331725208734815,2238,2019-11-22,60.08000183105469,60.369998931884766,59.709999084472656,59.83000183105469,52.83281707763672,11492000,-0.003331725208734815,2238,2019-11-22,60.08000183105469,60.369998931884766,59.709999084472656,59.83000183105469,52.83281707763672,11492000,-0.003331725208734815
2239,2019-11-25,59.7599983215332,59.9900016784668,59.529998779296875,59.88999938964844,52.885799407958984,12336000,0.0010028299313362687,2239,2019-11-25,59.7599983215332,59.9900016784668,59.529998779296875,59.88999938964844,52.885799407958984,12336000,0.0010028299313362687,2239,2019-11-25,59.7599983215332,59.9900016784668,59.529998779296875,59.88999938964844,52.885799407958984,12336000,0.0010028299313362687,2239,2019-11-25,59.7599983215332,59.9900016784668,59.529998779296875,59.88999938964844,52.885799407958984,12336000,0.0010028299313362687,2239,2019-11-25,59.7599983215332,59.9900016784668,59.529998779296875,59.88999938964844,52.885799407958984,12336000,0.0010028299313362687
2240,2019-11-26,59.970001220703125,59.9900016784668,59.119998931884766,59.34000015258789,52.40011978149414,13402000,-0.009183554600703525,2240,2019-11-26,59.970001220703125,59.9900016784668,59.119998931884766,59.34000015258789,52.40011978149414,13402000,-0.009183554600703525,2240,2019-11-26,59.970001220703125,59.9900016784668,59.119998931884766,59.34000015258789,52.40011978149414,13402000,-0.009183554600703525,2240,2019-11-26,59.970001220703125,59.9900016784668,59.119998931884766,59.34000015258789,52.40011978149414,13402000,-0.009183554600703525,2240,2019-11-26,59.970001220703125,59.9900016784668,59.119998931884766,59.34000015258789,52.40011978149414,13402000,-0.009183554600703525
2241,2019-11-27,59.40999984741211,59.61000061035156,59.0,59.4900016784668,52.5325813293457,9668300,0.0025278863560602716,2241,2019-11-27,59.40999984741211,59.61000061035156,59.0,59.4900016784668,52.5325813293457,9668300,0.0025278863560602716,2241,2019-11-27,59.40999984741211,59.61000061035156,59.0,59.4900016784668,52.5325813293457,9668300,0.0025278863560602716,2241,2019-11-27,59.40999984741211,59.61000061035156,59.0,59.4900016784668,52.5325813293457,9668300,0.0025278863560602716,2241,2019-11-27,59.40999984741211,59.61000061035156,59.0,59.4900016784668,52.5325813293457,9668300,0.0025278863560602716
2242,2019-11-29,59.0,59.209999084472656,58.66999816894531,58.88999938964844,52.002750396728516,7830200,-0.010085758575149484,2242,2019-11-29,59.0,59.209999084472656,58.66999816894531,58.88999938964844,52.002750396728516,7830200,-0.010085758575149484,2242,2019-11-29,59.0,59.209999084472656,58.66999816894531,58.88999938964844,52.002750396728516,7830200,-0.010085758575149484,2242,2019-11-29,59.0,59.209999084472656,58.66999816894531,58.88999938964844,52.002750396728516,7830200,-0.010085758575149484,2242,2019-11-29,59.0,59.209999084472656,58.66999816894531,58.88999938964844,52.002750396728516,7830200,-0.010085758575149484
2243,2019-12-02,59.09000015258789,59.470001220703125,58.81999969482422,58.88999938964844,52.002750396728516,15389500,0.0,2243,2019-12-02,59.09000015258789,59.470001220703125,58.81999969482422,58.88999938964844,52.002750396728516,15389500,0.0,2243,2019-12-02,59.09000015258789,59.470001220703125,58.81999969482422,58.88999938964844,52.002750396728516,15389500,0.0,2243,2019-12-02,59.09000015258789,59.470001220703125,58.81999969482422,58.88999938964844,52.002750396728516,15389500,0.0,2243,2019-12-02,59.09000015258789,59.470001220703125,58.81999969482422,58.88999938964844,52.002750396728516,15389500,0.0
2244,2019-12-03,58.369998931884766,58.470001220703125,57.79999923706055,58.0099983215332,51.225669860839844,16945500,-0.014943066087088286,2244,2019-12-03,58.369998931884766,58.470001220703125,57.79999923706055,58.0099983215332,51.225669860839844,16945500,-0.014943066087088286,2244,2019-12-03,58.369998931884766,58.470001220703125,57.79999923706055,58.0099983215332,51.225669860839844,16945500,-0.014943066087088286,2244,2019-12-03,58.369998931884766,58.470001220703125,57.79999923706055,58.0099983215332,51.225669860839844,16945500,-0.014943066087088286,2244,2019-12-03,58.369998931884766,58.470001220703125,57.79999923706055,58.0099983215332,51.225669860839844,16945500,-0.014943066087088286
2245,2019-12-04,58.52000045776367,59.060001373291016,58.33000183105469,58.880001068115234,51.99391555786133,17426500,0.014997279666786323,2245,2019-12-04,58.52000045776367,59.060001373291016,58.33000183105469,58.880001068115234,51.99391555786133,17426500,0.014997279666786323,2245,2019-12-04,58.52000045776367,59.060001373291016,58.33000183105469,58.880001068115234,51.99391555786133,17426500,0.014997279666786323,2245,2019-12-04,58.52000045776367,59.060001373291016,58.33000183105469,58.880001068115234,51.99391555786133,17426500,0.014997279666786323,2245,2019-12-04,58.52000045776367,59.060001373291016,58.33000183105469,58.880001068115234,51.99391555786133,17426500,0.014997279666786323
2246,2019-12-05,59.130001068115234,59.20000076293945,58.400001525878906,58.599998474121094,51.746665954589844,10892400,-0.00475535648005454,2246,2019-12-05,59.130001068115234,59.20000076293945,58.400001525878906,58.599998474121094,51.746665954589844,10892400,-0.00475535648005454,2246,2019-12-05,59.130001068115234,59.20000076293945,58.400001525878906,58.599998474121094,51.746665954589844,10892400,-0.00475535648005454,2246,2019-12-05,59.130001068115234,59.20000076293945,58.400001525878906,58.599998474121094,51.746665954589844,10892400,-0.00475535648005454,2246,2019-12-05,59.130001068115234,59.20000076293945,58.400001525878906,58.599998474121094,51.746665954589844,10892400,-0.00475535648005454
2247,2019-12-06,58.849998474121094,59.900001525878906,58.84000015258789,59.720001220703125,52.73568344116211,16729600,0.019112680369401502,2247,2019-12-06,58.849998474121094,59.900001525878906,58.84000015258789,59.720001220703125,52.73568344116211,16729600,0.019112680369401502,2247,2019-12-06,58.849998474121094,59.900001525878906,58.84000015258789,59.720001220703125,52.73568344116211,16729600,0.019112680369401502,2247,2019-12-06,58.849998474121094,59.900001525878906,58.84000015258789,59.720001220703125,52.73568344116211,16729600,0.019112680369401502,2247,2019-12-06,58.849998474121094,59.900001525878906,58.84000015258789,59.720001220703125,52.73568344116211,16729600,0.019112680369401502
2248,2019-12-09,59.2599983215332,59.93000030517578,59.2599983215332,59.650001525878906,52.67387008666992,8406300,-0.0011721352689237907,2248,2019-12-09,59.2599983215332,59.93000030517578,59.2599983215332,59.650001525878906,52.67387008666992,8406300,-0.0011721352689237907,2248,2019-12-09,59.2599983215332,59.93000030517578,59.2599983215332,59.650001525878906,52.67387008666992,8406300,-0.0011721352689237907,2248,2019-12-09,59.2599983215332,59.93000030517578,59.2599983215332,59.650001525878906,52.67387008666992,8406300,-0.0011721352689237907,2248,2019-12-09,59.2599983215332,59.93000030517578,59.2599983215332,59.650001525878906,52.67387008666992,8406300,-0.0011721352689237907
2249,2019-12-10,59.849998474121094,59.9900016784668,59.5099983215332,59.77000045776367,52.77983093261719,8785100,0.0020116396568718997,2249,2019-12-10,59.849998474121094,59.9900016784668,59.5099983215332,59.77000045776367,52.77983093261719,8785100,0.0020116396568718997,2249,2019-12-10,59.849998474121094,59.9900016784668,59.5099983215332,59.77000045776367,52.77983093261719,8785100,0.0020116396568718997,2249,2019-12-10,59.849998474121094,59.9900016784668,59.5099983215332,59.77000045776367,52.77983093261719,8785100,0.0020116396568718997,2249,2019-12-10,59.849998474121094,59.9900016784668,59.5099983215332,59.77000045776367,52.77983093261719,8785100,0.0020116396568718997
2250,2019-12-11,59.68000030517578,60.08000183105469,59.54999923706055,59.66999816894531,52.6915283203125,12436200,-0.0016730370435900088,2250,2019-12-11,59.68000030517578,60.08000183105469,59.54999923706055,59.66999816894531,52.6915283203125,12436200,-0.0016730370435900088,2250,2019-12-11,59.68000030517578,60.08000183105469,59.54999923706055,59.66999816894531,52.6915283203125,12436200,-0.0016730370435900088,2250,2019-12-11,59.68000030517578,60.08000183105469,59.54999923706055,59.66999816894531,52.6915283203125,12436200,-0.0016730370435900088,2250,2019-12-11,59.68000030517578,60.08000183105469,59.54999923706055,59.66999816894531,52.6915283203125,12436200,-0.0016730370435900088
2251,2019-12-12,59.7599983215332,60.97999954223633,59.689998626708984,60.77000045776367,53.662879943847656,22490800,0.01843468304108198,2251,2019-12-12,59.7599983215332,60.97999954223633,59.689998626708984,60.77000045776367,53.662879943847656,22490800,0.01843468304108198,2251,2019-12-12,59.7599983215332,60.97999954223633,59.689998626708984,60.77000045776367,53.662879943847656,22490800,0.01843468304108198,2251,2019-12-12,59.7599983215332,60.97999954223633,59.689998626708984,60.77000045776367,53.662879943847656,22490800,0.01843468304108198,2251,2019-12-12,59.7599983215332,60.97999954223633,59.689998626708984,60.77000045776367,53.662879943847656,22490800,0.01843468304108198
2252,2019-12-13,60.97999954223633,61.369998931884766,60.27000045776367,60.310001373291016,53.25667953491211,11371500,-0.007569485822613187,2252,2019-12-13,60.97999954223633,61.369998931884766,60.27000045776367,60.310001373291016,53.25667953491211,11371500,-0.007569485822613187,2252,2019-12-13,60.97999954223633,61.369998931884766,60.27000045776367,60.310001373291016,53.25667953491211,11371500,-0.007569485822613187,2252,2019-12-13,60.97999954223633,61.369998931884766,60.27000045776367,60.310001373291016,53.25667953491211,11371500,-0.007569485822613187,2252,2019-12-13,60.97999954223633,61.369998931884766,60.27000045776367,60.310001373291016,53.25667953491211,11371500,-0.007569485822613187
2253,2019-12-16,60.7400016784668,61.36000061035156,60.709999084472656,61.119998931884766,53.971954345703125,11135900,0.01343070610179753,2253,2019-12-16,60.7400016784668,61.36000061035156,60.709999084472656,61.119998931884766,53.971954345703125,11135900,0.01343070610179753,2253,2019-12-16,60.7400016784668,61.36000061035156,60.709999084472656,61.119998931884766,53.971954345703125,11135900,0.01343070610179753,2253,2019-12-16,60.7400016784668,61.36000061035156,60.709999084472656,61.119998931884766,53.971954345703125,11135900,0.01343070610179753,2253,2019-12-16,60.7400016784668,61.36000061035156,60.709999084472656,61.119998931884766,53.971954345703125,11135900,0.01343070610179753
2254,2019-12-17,61.380001068115234,61.709999084472656,60.93000030517578,61.15999984741211,54.00727462768555,23146200,0.000654419177712029,2254,2019-12-17,61.380001068115234,61.709999084472656,60.93000030517578,61.15999984741211,54.00727462768555,23146200,0.000654419177712029,2254,2019-12-17,61.380001068115234,61.709999084472656,60.93000030517578,61.15999984741211,54.00727462768555,23146200,0.000654419177712029,2254,2019-12-17,61.380001068115234,61.709999084472656,60.93000030517578,61.15999984741211,54.00727462768555,23146200,0.000654419177712029,2254,2019-12-17,61.380001068115234,61.709999084472656,60.93000030517578,61.15999984741211,54.00727462768555,23146200,0.000654419177712029
2255,2019-12-18,61.09000015258789,61.779998779296875,61.0099983215332,61.38999938964844,54.21037673950195,12940700,0.0037606436024877343,2255,2019-12-18,61.09000015258789,61.779998779296875,61.0099983215332,61.38999938964844,54.21037673950195,12940700,0.0037606436024877343,2255,2019-12-18,61.09000015258789,61.779998779296875,61.0099983215332,61.38999938964844,54.21037673950195,12940700,0.0037606436024877343,2255,2019-12-18,61.09000015258789,61.779998779296875,61.0099983215332,61.38999938964844,54.21037673950195,12940700,0.0037606436024877343,2255,2019-12-18,61.09000015258789,61.779998779296875,61.0099983215332,61.38999938964844,54.21037673950195,12940700,0.0037606436024877343
2256,2019-12-19,61.400001525878906,61.56999969482422,61.2599983215332,61.369998931884766,54.192710876464844,12767400,-0.00032587604255174263,2256,2019-12-19,61.400001525878906,61.56999969482422,61.2599983215332,61.369998931884766,54.192710876464844,12767400,-0.00032587604255174263,2256,2019-12-19,61.400001525878906,61.56999969482422,61.2599983215332,61.369998931884766,54.192710876464844,12767400,-0.00032587604255174263,2256,2019-12-19,61.400001525878906,61.56999969482422,61.2599983215332,61.369998931884766,54.192710876464844,12767400,-0.00032587604255174263,2256,2019-12-19,61.400001525878906,61.56999969482422,61.2599983215332,61.369998931884766,54.192710876464844,12767400,-0.00032587604255174263
2257,2019-12-20,60.959999084472656,61.43000030517578,60.849998474121094,61.36000061035156,54.712554931640625,17419800,0.009592508785190468,2257,2019-12-20,60.959999084472656,61.43000030517578,60.849998474121094,61.36000061035156,54.712554931640625,17419800,0.009592508785190468,2257,2019-12-20,60.959999084472656,61.43000030517578,60.849998474121094,61.36000061035156,54.712554931640625,17419800,0.009592508785190468,2257,2019-12-20,60.959999084472656,61.43000030517578,60.849998474121094,61.36000061035156,54.712554931640625,17419800,0.009592508785190468,2257,2019-12-20,60.959999084472656,61.43000030517578,60.849998474121094,61.36000061035156,54.712554931640625,17419800,0.009592508785190468
2258,2019-12-23,61.290000915527344,62.029998779296875,61.220001220703125,61.9900016784668,55.2743034362793,13472200,0.010267268734580837,2258,2019-12-23,61.290000915527344,62.029998779296875,61.220001220703125,61.9900016784668,55.2743034362793,13472200,0.010267268734580837,2258,2019-12-23,61.290000915527344,62.029998779296875,61.220001220703125,61.9900016784668,55.2743034362793,13472200,0.010267268734580837,2258,2019-12-23,61.290000915527344,62.029998779296875,61.220001220703125,61.9900016784668,55.2743034362793,13472200,0.010267268734580837,2258,2019-12-23,61.290000915527344,62.029998779296875,61.220001220703125,61.9900016784668,55.2743034362793,13472200,0.010267268734580837
2259,2019-12-24,62.130001068115234,62.220001220703125,61.849998474121094,61.959999084472656,55.247554779052734,5037400,-0.00048392572250866017,2259,2019-12-24,62.130001068115234,62.220001220703125,61.849998474121094,61.959999084472656,55.247554779052734,5037400,-0.00048392572250866017,2259,2019-12-24,62.130001068115234,62.220001220703125,61.849998474121094,61.959999084472656,55.247554779052734,5037400,-0.00048392572250866017,2259,2019-12-24,62.130001068115234,62.220001220703125,61.849998474121094,61.959999084472656,55.247554779052734,5037400,-0.00048392572250866017,2259,2019-12-24,62.130001068115234,62.220001220703125,61.849998474121094,61.959999084472656,55.247554779052734,5037400,-0.00048392572250866017
2260,2019-12-26,62.22999954223633,62.439998626708984,61.86000061035156,61.939998626708984,55.22971725463867,10156200,-0.0003228654097977568,2260,2019-12-26,62.22999954223633,62.439998626708984,61.86000061035156,61.939998626708984,55.22971725463867,10156200,-0.0003228654097977568,2260,2019-12-26,62.22999954223633,62.439998626708984,61.86000061035156,61.939998626708984,55.22971725463867,10156200,-0.0003228654097977568,2260,2019-12-26,62.22999954223633,62.439998626708984,61.86000061035156,61.939998626708984,55.22971725463867,10156200,-0.0003228654097977568,2260,2019-12-26,62.22999954223633,62.439998626708984,61.86000061035156,61.939998626708984,55.22971725463867,10156200,-0.0003228654097977568
2261,2019-12-27,62.16999816894531,62.22999954223633,61.63999938964844,61.68000030517578,54.997886657714844,10718300,-0.004197569867232298,2261,2019-12-27,62.16999816894531,62.22999954223633,61.63999938964844,61.68000030517578,54.997886657714844,10718300,-0.004197569867232298,2261,2019-12-27,62.16999816894531,62.22999954223633,61.63999938964844,61.68000030517578,54.997886657714844,10718300,-0.004197569867232298,2261,2019-12-27,62.16999816894531,62.22999954223633,61.63999938964844,61.68000030517578,54.997886657714844,10718300,-0.004197569867232298,2261,2019-12-27,62.16999816894531,62.22999954223633,61.63999938964844,61.68000030517578,54.997886657714844,10718300,-0.004197569867232298
2262,2019-12-30,60.119998931884766,60.22999954223633,59.61000061035156,59.70000076293945,54.82432174682617,14629500,-0.0031558469140617884,2262,2019-12-30,60.119998931884766,60.22999954223633,59.61000061035156,59.70000076293945,54.82432174682617,14629500,-0.0031558469140617884,2262,2019-12-30,60.119998931884766,60.22999954223633,59.61000061035156,59.70000076293945,54.82432174682617,14629500,-0.0031558469140617884,2262,2019-12-30,60.119998931884766,60.22999954223633,59.61000061035156,59.70000076293945,54.82432174682617,14629500,-0.0031558469140617884,2262,2019-12-30,60.119998931884766,60.22999954223633,59.61000061035156,59.70000076293945,54.82432174682617,14629500,-0.0031558469140617884
2263,2019-12-31,59.400001525878906,60.099998474121094,59.22999954223633,60.040000915527344,55.13655471801758,10722400,0.005695154289975024,2263,2019-12-31,59.400001525878906,60.099998474121094,59.22999954223633,60.040000915527344,55.13655471801758,10722400,0.005695154289975024,2263,2019-12-31,59.400001525878906,60.099998474121094,59.22999954223633,60.040000915527344,55.13655471801758,10722400,0.005695154289975024,2263,2019-12-31,59.400001525878906,60.099998474121094,59.22999954223633,60.040000915527344,55.13655471801758,10722400,0.005695154289975024,2263,2019-12-31,59.400001525878906,60.099998474121094,59.22999954223633,60.040000915527344,55.13655471801758,10722400,0.005695154289975024
2264,2020-01-02,60.439998626708984,60.66999816894531,60.22999954223633,60.58000183105469,55.63245391845703,11944700,0.00899401863202387,2264,2020-01-02,60.439998626708984,60.66999816894531,60.22999954223633,60.58000183105469,55.63245391845703,11944700,0.00899401863202387,2264,2020-01-02,60.439998626708984,60.66999816894531,60.22999954223633,60.58000183105469,55.63245391845703,11944700,0.00899401863202387,2264,2020-01-02,60.439998626708984,60.66999816894531,60.22999954223633,60.58000183105469,55.63245391845703,11944700,0.00899401863202387,2264,2020-01-02,60.439998626708984,60.66999816894531,60.22999954223633,60.58000183105469,55.63245391845703,11944700,0.00899401863202387
2265,2020-01-03,61.130001068115234,61.310001373291016,60.099998474121094,60.400001525878906,55.46714782714844,29502900,-0.0029713967237701144,2265,2020-01-03,61.130001068115234,61.310001373291016,60.099998474121094,60.400001525878906,55.46714782714844,29502900,-0.0029713967237701144,2265,2020-01-03,61.130001068115234,61.310001373291016,60.099998474121094,60.400001525878906,55.46714782714844,29502900,-0.0029713967237701144,2265,2020-01-03,61.130001068115234,61.310001373291016,60.099998474121094,60.400001525878906,55.46714782714844,29502900,-0.0029713967237701144,2265,2020-01-03,61.130001068115234,61.310001373291016,60.099998474121094,60.400001525878906,55.46714782714844,29502900,-0.0029713967237701144
2266,2020-01-06,60.61000061035156,61.18000030517578,60.400001525878906,60.869998931884766,55.898765563964844,22458100,0.007781502271605012,2266,2020-01-06,60.61000061035156,61.18000030517578,60.400001525878906,60.869998931884766,55.898765563964844,22458100,0.007781502271605012,2266,2020-01-06,60.61000061035156,61.18000030517578,60.400001525878906,60.869998931884766,55.898765563964844,22458100,0.007781502271605012,2266,2020-01-06,60.61000061035156,61.18000030517578,60.400001525878906,60.869998931884766,55.898765563964844,22458100,0.007781502271605012,2266,2020-01-06,60.61000061035156,61.18000030517578,60.400001525878906,60.869998931884766,55.898765563964844,22458100,0.007781502271605012
2267,2020-01-07,60.70000076293945,60.77000045776367,60.0,60.709999084472656,55.751834869384766,11462500,-0.0026285141200828033,2267,2020-01-07,60.70000076293945,60.77000045776367,60.0,60.709999084472656,55.751834869384766,11462500,-0.0026285141200828033,2267,2020-01-07,60.70000076293945,60.77000045776367,60.0,60.709999084472656,55.751834869384766,11462500,-0.0026285141200828033,2267,2020-01-07,60.70000076293945,60.77000045776367,60.0,60.709999084472656,55.751834869384766,11462500,-0.0026285141200828033,2267,2020-01-07,60.70000076293945,60.77000045776367,60.0,60.709999084472656,55.751834869384766,11462500,-0.0026285141200828033
2268,2020-01-08,60.650001525878906,60.720001220703125,59.630001068115234,59.709999084472656,54.833499908447266,19021400,-0.016471833852445772,2268,2020-01-08,60.650001525878906,60.720001220703125,59.630001068115234,59.709999084472656,54.833499908447266,19021400,-0.016471833852445772,2268,2020-01-08,60.650001525878906,60.720001220703125,59.630001068115234,59.709999084472656,54.833499908447266,19021400,-0.016471833852445772,2268,2020-01-08,60.650001525878906,60.720001220703125,59.630001068115234,59.709999084472656,54.833499908447266,19021400,-0.016471833852445772,2268,2020-01-08,60.650001525878906,60.720001220703125,59.630001068115234,59.709999084472656,54.833499908447266,19021400,-0.016471833852445772
2269,2020-01-09,59.68000030517578,60.209999084472656,58.97999954223633,60.150001525878906,55.237571716308594,15366800,0.007369068334795115,2269,2020-01-09,59.68000030517578,60.209999084472656,58.97999954223633,60.150001525878906,55.237571716308594,15366800,0.007369068334795115,2269,2020-01-09,59.68000030517578,60.209999084472656,58.97999954223633,60.150001525878906,55.237571716308594,15366800,0.007369068334795115,2269,2020-01-09,59.68000030517578,60.209999084472656,58.97999954223633,60.150001525878906,55.237571716308594,15366800,0.007369068334795115,2269,2020-01-09,59.68000030517578,60.209999084472656,58.97999954223633,60.150001525878906,55.237571716308594,15366800,0.007369068334795115
2270,2020-01-10,60.119998931884766,60.16999816894531,59.7400016784668,59.810001373291016,54.92533874511719,9151200,-0.005652547016276932,2270,2020-01-10,60.119998931884766,60.16999816894531,59.7400016784668,59.810001373291016,54.92533874511719,9151200,-0.005652547016276932,2270,2020-01-10,60.119998931884766,60.16999816894531,59.7400016784668,59.810001373291016,54.92533874511719,9151200,-0.005652547016276932,2270,2020-01-10,60.119998931884766,60.16999816894531,59.7400016784668,59.810001373291016,54.92533874511719,9151200,-0.005652547016276932,2270,2020-01-10,60.119998931884766,60.16999816894531,59.7400016784668,59.810001373291016,54.92533874511719,9151200,-0.005652547016276932
2271,2020-01-13,59.720001220703125,60.02000045776367,59.40999984741211,59.83000183105469,54.943702697753906,8778500,0.0003343439122320824,2271,2020-01-13,59.720001220703125,60.02000045776367,59.40999984741211,59.83000183105469,54.943702697753906,8778500,0.0003343439122320824,2271,2020-01-13,59.720001220703125,60.02000045776367,59.40999984741211,59.83000183105469,54.943702697753906,8778500,0.0003343439122320824,2271,2020-01-13,59.720001220703125,60.02000045776367,59.40999984741211,59.83000183105469,54.943702697753906,8778500,0.0003343439122320824,2271,2020-01-13,59.720001220703125,60.02000045776367,59.40999984741211,59.83000183105469,54.943702697753906,8778500,0.0003343439122320824
2272,2020-01-14,59.70000076293945,59.90999984741211,59.310001373291016,59.84000015258789,54.952880859375,17339000,0.00016704665267242014,2272,2020-01-14,59.70000076293945,59.90999984741211,59.310001373291016,59.84000015258789,54.952880859375,17339000,0.00016704665267242014,2272,2020-01-14,59.70000076293945,59.90999984741211,59.310001373291016,59.84000015258789,54.952880859375,17339000,0.00016704665267242014,2272,2020-01-14,59.70000076293945,59.90999984741211,59.310001373291016,59.84000015258789,54.952880859375,17339000,0.00016704665267242014,2272,2020-01-14,59.70000076293945,59.90999984741211,59.310001373291016,59.84000015258789,54.952880859375,17339000,0.00016704665267242014
2273,2020-01-15,59.58000183105469,59.7599983215332,59.22999954223633,59.400001525878906,54.548824310302734,10830800,-0.007352781924322649,2273,2020-01-15,59.58000183105469,59.7599983215332,59.22999954223633,59.400001525878906,54.548824310302734,10830800,-0.007352781924322649,2273,2020-01-15,59.58000183105469,59.7599983215332,59.22999954223633,59.400001525878906,54.548824310302734,10830800,-0.007352781924322649,2273,2020-01-15,59.58000183105469,59.7599983215332,59.22999954223633,59.400001525878906,54.548824310302734,10830800,-0.007352781924322649,2273,2020-01-15,59.58000183105469,59.7599983215332,59.22999954223633,59.400001525878906,54.548824310302734,10830800,-0.007352781924322649
2274,2020-01-16,59.75,59.95000076293945,59.470001220703125,59.5,54.640655517578125,8224500,0.0016834681303672383,2274,2020-01-16,59.75,59.95000076293945,59.470001220703125,59.5,54.640655517578125,8224500,0.0016834681303672383,2274,2020-01-16,59.75,59.95000076293945,59.470001220703125,59.5,54.640655517578125,8224500,0.0016834681303672383,2274,2020-01-16,59.75,59.95000076293945,59.470001220703125,59.5,54.640655517578125,8224500,0.0016834681303672383,2274,2020-01-16,59.75,59.95000076293945,59.470001220703125,59.5,54.640655517578125,8224500,0.0016834681303672383
2275,2020-01-17,59.65999984741211,59.689998626708984,59.02000045776367,59.119998931884766,54.291690826416016,11909100,-0.006386539250976653,2275,2020-01-17,59.65999984741211,59.689998626708984,59.02000045776367,59.119998931884766,54.291690826416016,11909100,-0.006386539250976653,2275,2020-01-17,59.65999984741211,59.689998626708984,59.02000045776367,59.119998931884766,54.291690826416016,11909100,-0.006386539250976653,2275,2020-01-17,59.65999984741211,59.689998626708984,59.02000045776367,59.119998931884766,54.291690826416016,11909100,-0.006386539250976653,2275,2020-01-17,59.65999984741211,59.689998626708984,59.02000045776367,59.119998931884766,54.291690826416016,11909100,-0.006386539250976653
2276,2020-01-21,58.790000915527344,58.79999923706055,57.959999084472656,58.060001373291016,53.31825637817383,17354600,-0.01792971324754833,2276,2020-01-21,58.790000915527344,58.79999923706055,57.959999084472656,58.060001373291016,53.31825637817383,17354600,-0.01792971324754833,2276,2020-01-21,58.790000915527344,58.79999923706055,57.959999084472656,58.060001373291016,53.31825637817383,17354600,-0.01792971324754833,2276,2020-01-21,58.790000915527344,58.79999923706055,57.959999084472656,58.060001373291016,53.31825637817383,17354600,-0.01792971324754833,2276,2020-01-21,58.790000915527344,58.79999923706055,57.959999084472656,58.060001373291016,53.31825637817383,17354600,-0.01792971324754833
2277,2020-01-22,57.95000076293945,57.9900016784668,57.34000015258789,57.5,52.80398941040039,14677700,-0.009645232284526739,2277,2020-01-22,57.95000076293945,57.9900016784668,57.34000015258789,57.5,52.80398941040039,14677700,-0.009645232284526739,2277,2020-01-22,57.95000076293945,57.9900016784668,57.34000015258789,57.5,52.80398941040039,14677700,-0.009645232284526739,2277,2020-01-22,57.95000076293945,57.9900016784668,57.34000015258789,57.5,52.80398941040039,14677700,-0.009645232284526739,2277,2020-01-22,57.95000076293945,57.9900016784668,57.34000015258789,57.5,52.80398941040039,14677700,-0.009645232284526739
2278,2020-01-23,56.900001525878906,57.459999084472656,56.459999084472656,57.279998779296875,52.601959228515625,13278000,-0.0038260401181917647,2278,2020-01-23,56.900001525878906,57.459999084472656,56.459999084472656,57.279998779296875,52.601959228515625,13278000,-0.0038260401181917647,2278,2020-01-23,56.900001525878906,57.459999084472656,56.459999084472656,57.279998779296875,52.601959228515625,13278000,-0.0038260401181917647,2278,2020-01-23,56.900001525878906,57.459999084472656,56.459999084472656,57.279998779296875,52.601959228515625,13278000,-0.0038260401181917647,2278,2020-01-23,56.900001525878906,57.459999084472656,56.459999084472656,57.279998779296875,52.601959228515625,13278000,-0.0038260401181917647
2279,2020-01-24,57.02000045776367,57.279998779296875,56.18000030517578,56.619998931884766,51.9958610534668,20390600,-0.011522349812405075,2279,2020-01-24,57.02000045776367,57.279998779296875,56.18000030517578,56.619998931884766,51.9958610534668,20390600,-0.011522349812405075,2279,2020-01-24,57.02000045776367,57.279998779296875,56.18000030517578,56.619998931884766,51.9958610534668,20390600,-0.011522349812405075,2279,2020-01-24,57.02000045776367,57.279998779296875,56.18000030517578,56.619998931884766,51.9958610534668,20390600,-0.011522349812405075,2279,2020-01-24,57.02000045776367,57.279998779296875,56.18000030517578,56.619998931884766,51.9958610534668,20390600,-0.011522349812405075
2280,2020-01-27,55.47999954223633,55.70000076293945,54.97999954223633,55.04999923706055,50.554080963134766,21682500,-0.027728747271815846,2280,2020-01-27,55.47999954223633,55.70000076293945,54.97999954223633,55.04999923706055,50.554080963134766,21682500,-0.027728747271815846,2280,2020-01-27,55.47999954223633,55.70000076293945,54.97999954223633,55.04999923706055,50.554080963134766,21682500,-0.027728747271815846,2280,2020-01-27,55.47999954223633,55.70000076293945,54.97999954223633,55.04999923706055,50.554080963134766,21682500,-0.027728747271815846,2280,2020-01-27,55.47999954223633,55.70000076293945,54.97999954223633,55.04999923706055,50.554080963134766,21682500,-0.027728747271815846
2281,2020-01-28,55.36000061035156,55.63999938964844,55.08000183105469,55.29999923706055,50.783668518066406,14300100,0.004541424758548462,2281,2020-01-28,55.36000061035156,55.63999938964844,55.08000183105469,55.29999923706055,50.783668518066406,14300100,0.004541424758548462,2281,2020-01-28,55.36000061035156,55.63999938964844,55.08000183105469,55.29999923706055,50.783668518066406,14300100,0.004541424758548462,2281,2020-01-28,55.36000061035156,55.63999938964844,55.08000183105469,55.29999923706055,50.783668518066406,14300100,0.004541424758548462,2281,2020-01-28,55.36000061035156,55.63999938964844,55.08000183105469,55.29999923706055,50.783668518066406,14300100,0.004541424758548462
2282,2020-01-29,55.61000061035156,55.810001373291016,54.650001525878906,54.720001220703125,50.251033782958984,13745400,-0.010488307573091826,2282,2020-01-29,55.61000061035156,55.810001373291016,54.650001525878906,54.720001220703125,50.251033782958984,13745400,-0.010488307573091826,2282,2020-01-29,55.61000061035156,55.810001373291016,54.650001525878906,54.720001220703125,50.251033782958984,13745400,-0.010488307573091826,2282,2020-01-29,55.61000061035156,55.810001373291016,54.650001525878906,54.720001220703125,50.251033782958984,13745400,-0.010488307573091826,2282,2020-01-29,55.61000061035156,55.810001373291016,54.650001525878906,54.720001220703125,50.251033782958984,13745400,-0.010488307573091826
2283,2020-01-30,54.150001525878906,55.220001220703125,54.0099983215332,55.15999984741211,50.65510177612305,24430500,0.008040988667204152,2283,2020-01-30,54.150001525878906,55.220001220703125,54.0099983215332,55.15999984741211,50.65510177612305,24430500,0.008040988667204152,2283,2020-01-30,54.150001525878906,55.220001220703125,54.0099983215332,55.15999984741211,50.65510177612305,24430500,0.008040988667204152,2283,2020-01-30,54.150001525878906,55.220001220703125,54.0099983215332,55.15999984741211,50.65510177612305,24430500,0.008040988667204152,2283,2020-01-30,54.150001525878906,55.220001220703125,54.0099983215332,55.15999984741211,50.65510177612305,24430500,0.008040988667204152
2284,2020-01-31,54.22999954223633,54.380001068115234,53.15999984741211,53.439998626708984,49.0755729675293,33430500,-0.031182028131631956,2284,2020-01-31,54.22999954223633,54.380001068115234,53.15999984741211,53.439998626708984,49.0755729675293,33430500,-0.031182028131631956,2284,2020-01-31,54.22999954223633,54.380001068115234,53.15999984741211,53.439998626708984,49.0755729675293,33430500,-0.031182028131631956,2284,2020-01-31,54.22999954223633,54.380001068115234,53.15999984741211,53.439998626708984,49.0755729675293,33430500,-0.031182028131631956,2284,2020-01-31,54.22999954223633,54.380001068115234,53.15999984741211,53.439998626708984,49.0755729675293,33430500,-0.031182028131631956
2285,2020-02-03,53.369998931884766,53.45000076293945,52.54999923706055,52.7400016784668,48.432743072509766,21289200,-0.013098775136968,2285,2020-02-03,53.369998931884766,53.45000076293945,52.54999923706055,52.7400016784668,48.432743072509766,21289200,-0.013098775136968,2285,2020-02-03,53.369998931884766,53.45000076293945,52.54999923706055,52.7400016784668,48.432743072509766,21289200,-0.013098775136968,2285,2020-02-03,53.369998931884766,53.45000076293945,52.54999923706055,52.7400016784668,48.432743072509766,21289200,-0.013098775136968,2285,2020-02-03,53.369998931884766,53.45000076293945,52.54999923706055,52.7400016784668,48.432743072509766,21289200,-0.013098775136968
2286,2020-02-04,53.5,53.91999816894531,52.83000183105469,52.93000030517578,48.60722351074219,19819800,0.00360253058496407,2286,2020-02-04,53.5,53.91999816894531,52.83000183105469,52.93000030517578,48.60722351074219,19819800,0.00360253058496407,2286,2020-02-04,53.5,53.91999816894531,52.83000183105469,52.93000030517578,48.60722351074219,19819800,0.00360253058496407,2286,2020-02-04,53.5,53.91999816894531,52.83000183105469,52.93000030517578,48.60722351074219,19819800,0.00360253058496407,2286,2020-02-04,53.5,53.91999816894531,52.83000183105469,52.93000030517578,48.60722351074219,19819800,0.00360253058496407
2287,2020-02-05,53.810001373291016,55.11000061035156,53.779998779296875,54.91999816894531,50.43470001220703,34382000,0.0375968090640062,2287,2020-02-05,53.810001373291016,55.11000061035156,53.779998779296875,54.91999816894531,50.43470001220703,34382000,0.0375968090640062,2287,2020-02-05,53.810001373291016,55.11000061035156,53.779998779296875,54.91999816894531,50.43470001220703,34382000,0.0375968090640062,2287,2020-02-05,53.810001373291016,55.11000061035156,53.779998779296875,54.91999816894531,50.43470001220703,34382000,0.0375968090640062,2287,2020-02-05,53.810001373291016,55.11000061035156,53.779998779296875,54.91999816894531,50.43470001220703,34382000,0.0375968090640062
2288,2020-02-06,55.18000030517578,55.18000030517578,54.27000045776367,54.36000061035156,49.920433044433594,15400600,-0.010196689335893017,2288,2020-02-06,55.18000030517578,55.18000030517578,54.27000045776367,54.36000061035156,49.920433044433594,15400600,-0.010196689335893017,2288,2020-02-06,55.18000030517578,55.18000030517578,54.27000045776367,54.36000061035156,49.920433044433594,15400600,-0.010196689335893017,2288,2020-02-06,55.18000030517578,55.18000030517578,54.27000045776367,54.36000061035156,49.920433044433594,15400600,-0.010196689335893017,2288,2020-02-06,55.18000030517578,55.18000030517578,54.27000045776367,54.36000061035156,49.920433044433594,15400600,-0.010196689335893017
2289,2020-02-07,53.95000076293945,54.209999084472656,53.70000076293945,53.97999954223633,49.571468353271484,13693300,-0.006990417948728567,2289,2020-02-07,53.95000076293945,54.209999084472656,53.70000076293945,53.97999954223633,49.571468353271484,13693300,-0.006990417948728567,2289,2020-02-07,53.95000076293945,54.209999084472656,53.70000076293945,53.97999954223633,49.571468353271484,13693300,-0.006990417948728567,2289,2020-02-07,53.95000076293945,54.209999084472656,53.70000076293945,53.97999954223633,49.571468353271484,13693300,-0.006990417948728567,2289,2020-02-07,53.95000076293945,54.209999084472656,53.70000076293945,53.97999954223633,49.571468353271484,13693300,-0.006990417948728567
2290,2020-02-10,53.70000076293945,53.83000183105469,53.380001068115234,53.709999084472656,49.32352066040039,14640600,-0.005001822643301401,2290,2020-02-10,53.70000076293945,53.83000183105469,53.380001068115234,53.709999084472656,49.32352066040039,14640600,-0.005001822643301401,2290,2020-02-10,53.70000076293945,53.83000183105469,53.380001068115234,53.709999084472656,49.32352066040039,14640600,-0.005001822643301401,2290,2020-02-10,53.70000076293945,53.83000183105469,53.380001068115234,53.709999084472656,49.32352066040039,14640600,-0.005001822643301401,2290,2020-02-10,53.70000076293945,53.83000183105469,53.380001068115234,53.709999084472656,49.32352066040039,14640600,-0.005001822643301401
2291,2020-02-11,54.439998626708984,54.52000045776367,54.06999969482422,54.310001373291016,49.8745231628418,13844600,0.011171191655906743,2291,2020-02-11,54.439998626708984,54.52000045776367,54.06999969482422,54.310001373291016,49.8745231628418,13844600,0.011171191655906743,2291,2020-02-11,54.439998626708984,54.52000045776367,54.06999969482422,54.310001373291016,49.8745231628418,13844600,0.011171191655906743,2291,2020-02-11,54.439998626708984,54.52000045776367,54.06999969482422,54.310001373291016,49.8745231628418,13844600,0.011171191655906743,2291,2020-02-11,54.439998626708984,54.52000045776367,54.06999969482422,54.310001373291016,49.8745231628418,13844600,0.011171191655906743
2292,2020-02-12,55.119998931884766,55.349998474121094,54.59000015258789,55.040000915527344,50.54490280151367,17199800,0.01344132427057132,2292,2020-02-12,55.119998931884766,55.349998474121094,54.59000015258789,55.040000915527344,50.54490280151367,17199800,0.01344132427057132,2292,2020-02-12,55.119998931884766,55.349998474121094,54.59000015258789,55.040000915527344,50.54490280151367,17199800,0.01344132427057132,2292,2020-02-12,55.119998931884766,55.349998474121094,54.59000015258789,55.040000915527344,50.54490280151367,17199800,0.01344132427057132,2292,2020-02-12,55.119998931884766,55.349998474121094,54.59000015258789,55.040000915527344,50.54490280151367,17199800,0.01344132427057132
2293,2020-02-13,54.88999938964844,55.18000030517578,54.54999923706055,54.869998931884766,50.38878631591797,11974900,-0.003088669221677276,2293,2020-02-13,54.88999938964844,55.18000030517578,54.54999923706055,54.869998931884766,50.38878631591797,11974900,-0.003088669221677276,2293,2020-02-13,54.88999938964844,55.18000030517578,54.54999923706055,54.869998931884766,50.38878631591797,11974900,-0.003088669221677276,2293,2020-02-13,54.88999938964844,55.18000030517578,54.54999923706055,54.869998931884766,50.38878631591797,11974900,-0.003088669221677276,2293,2020-02-13,54.88999938964844,55.18000030517578,54.54999923706055,54.869998931884766,50.38878631591797,11974900,-0.003088669221677276
2294,2020-02-14,55.060001373291016,55.099998474121094,54.2400016784668,54.58000183105469,50.122474670410156,12520000,-0.0052851371302762296,2294,2020-02-14,55.060001373291016,55.099998474121094,54.2400016784668,54.58000183105469,50.122474670410156,12520000,-0.0052851371302762296,2294,2020-02-14,55.060001373291016,55.099998474121094,54.2400016784668,54.58000183105469,50.122474670410156,12520000,-0.0052851371302762296,2294,2020-02-14,55.060001373291016,55.099998474121094,54.2400016784668,54.58000183105469,50.122474670410156,12520000,-0.0052851371302762296,2294,2020-02-14,55.060001373291016,55.099998474121094,54.2400016784668,54.58000183105469,50.122474670410156,12520000,-0.0052851371302762296
2295,2020-02-18,54.099998474121094,54.56999969482422,53.630001068115234,54.130001068115234,49.70922088623047,16314700,-0.008244879904615976,2295,2020-02-18,54.099998474121094,54.56999969482422,53.630001068115234,54.130001068115234,49.70922088623047,16314700,-0.008244879904615976,2295,2020-02-18,54.099998474121094,54.56999969482422,53.630001068115234,54.130001068115234,49.70922088623047,16314700,-0.008244879904615976,2295,2020-02-18,54.099998474121094,54.56999969482422,53.630001068115234,54.130001068115234,49.70922088623047,16314700,-0.008244879904615976,2295,2020-02-18,54.099998474121094,54.56999969482422,53.630001068115234,54.130001068115234,49.70922088623047,16314700,-0.008244879904615976
2296,2020-02-19,54.4900016784668,55.06999969482422,54.189998626708984,54.849998474121094,50.37041473388672,12455400,0.01330123135845418,2296,2020-02-19,54.4900016784668,55.06999969482422,54.189998626708984,54.849998474121094,50.37041473388672,12455400,0.01330123135845418,2296,2020-02-19,54.4900016784668,55.06999969482422,54.189998626708984,54.849998474121094,50.37041473388672,12455400,0.01330123135845418,2296,2020-02-19,54.4900016784668,55.06999969482422,54.189998626708984,54.849998474121094,50.37041473388672,12455400,0.01330123135845418,2296,2020-02-19,54.4900016784668,55.06999969482422,54.189998626708984,54.849998474121094,50.37041473388672,12455400,0.01330123135845418
2297,2020-02-20,54.9900016784668,55.400001525878906,54.650001525878906,54.790000915527344,50.3153190612793,13050800,-0.001093810183984023,2297,2020-02-20,54.9900016784668,55.400001525878906,54.650001525878906,54.790000915527344,50.3153190612793,13050800,-0.001093810183984023,2297,2020-02-20,54.9900016784668,55.400001525878906,54.650001525878906,54.790000915527344,50.3153190612793,13050800,-0.001093810183984023,2297,2020-02-20,54.9900016784668,55.400001525878906,54.650001525878906,54.790000915527344,50.3153190612793,13050800,-0.001093810183984023,2297,2020-02-20,54.9900016784668,55.400001525878906,54.650001525878906,54.790000915527344,50.3153190612793,13050800,-0.001093810183984023
2298,2020-02-21,54.27000045776367,54.31999969482422,53.689998626708984,54.13999938964844,49.71839904785156,13808200,-0.01186358398524201,2298,2020-02-21,54.27000045776367,54.31999969482422,53.689998626708984,54.13999938964844,49.71839904785156,13808200,-0.01186358398524201,2298,2020-02-21,54.27000045776367,54.31999969482422,53.689998626708984,54.13999938964844,49.71839904785156,13808200,-0.01186358398524201,2298,2020-02-21,54.27000045776367,54.31999969482422,53.689998626708984,54.13999938964844,49.71839904785156,13808200,-0.01186358398524201,2298,2020-02-21,54.27000045776367,54.31999969482422,53.689998626708984,54.13999938964844,49.71839904785156,13808200,-0.01186358398524201
2299,2020-02-24,52.099998474121094,52.400001525878906,51.47999954223633,51.63999938964844,47.422576904296875,33037500,-0.04617650985392896,2299,2020-02-24,52.099998474121094,52.400001525878906,51.47999954223633,51.63999938964844,47.422576904296875,33037500,-0.04617650985392896,2299,2020-02-24,52.099998474121094,52.400001525878906,51.47999954223633,51.63999938964844,47.422576904296875,33037500,-0.04617650985392896,2299,2020-02-24,52.099998474121094,52.400001525878906,51.47999954223633,51.63999938964844,47.422576904296875,33037500,-0.04617650985392896,2299,2020-02-24,52.099998474121094,52.400001525878906,51.47999954223633,51.63999938964844,47.422576904296875,33037500,-0.04617650985392896
2300,2020-02-25,51.779998779296875,51.81999969482422,49.040000915527344,49.36000061035156,45.32878875732422,42837300,-0.044151715989582674,2300,2020-02-25,51.779998779296875,51.81999969482422,49.040000915527344,49.36000061035156,45.32878875732422,42837300,-0.044151715989582674,2300,2020-02-25,51.779998779296875,51.81999969482422,49.040000915527344,49.36000061035156,45.32878875732422,42837300,-0.044151715989582674,2300,2020-02-25,51.779998779296875,51.81999969482422,49.040000915527344,49.36000061035156,45.32878875732422,42837300,-0.044151715989582674,2300,2020-02-25,51.779998779296875,51.81999969482422,49.040000915527344,49.36000061035156,45.32878875732422,42837300,-0.044151715989582674
2301,2020-02-26,49.540000915527344,49.779998779296875,47.849998474121094,47.869998931884766,43.960472106933594,48828300,-0.03018648165774196,2301,2020-02-26,49.540000915527344,49.779998779296875,47.849998474121094,47.869998931884766,43.960472106933594,48828300,-0.03018648165774196,2301,2020-02-26,49.540000915527344,49.779998779296875,47.849998474121094,47.869998931884766,43.960472106933594,48828300,-0.03018648165774196,2301,2020-02-26,49.540000915527344,49.779998779296875,47.849998474121094,47.869998931884766,43.960472106933594,48828300,-0.03018648165774196,2301,2020-02-26,49.540000915527344,49.779998779296875,47.849998474121094,47.869998931884766,43.960472106933594,48828300,-0.03018648165774196
2302,2020-02-27,46.630001068115234,47.529998779296875,45.290000915527344,45.310001373291016,41.60954666137695,61278700,-0.05347816647278103,2302,2020-02-27,46.630001068115234,47.529998779296875,45.290000915527344,45.310001373291016,41.60954666137695,61278700,-0.05347816647278103,2302,2020-02-27,46.630001068115234,47.529998779296875,45.290000915527344,45.310001373291016,41.60954666137695,61278700,-0.05347816647278103,2302,2020-02-27,46.630001068115234,47.529998779296875,45.290000915527344,45.310001373291016,41.60954666137695,61278700,-0.05347816647278103,2302,2020-02-27,46.630001068115234,47.529998779296875,45.290000915527344,45.310001373291016,41.60954666137695,61278700,-0.05347816647278103
2303,2020-02-28,43.880001068115234,45.84000015258789,43.52000045776367,45.27000045776367,41.572811126708984,68755800,-0.0008828631315531688,2303,2020-02-28,43.880001068115234,45.84000015258789,43.52000045776367,45.27000045776367,41.572811126708984,68755800,-0.0008828631315531688,2303,2020-02-28,43.880001068115234,45.84000015258789,43.52000045776367,45.27000045776367,41.572811126708984,68755800,-0.0008828631315531688,2303,2020-02-28,43.880001068115234,45.84000015258789,43.52000045776367,45.27000045776367,41.572811126708984,68755800,-0.0008828631315531688,2303,2020-02-28,43.880001068115234,45.84000015258789,43.52000045776367,45.27000045776367,41.572811126708984,68755800,-0.0008828631315531688
2304,2020-03-02,46.279998779296875,47.15999984741211,44.93000030517578,47.099998474121094,43.253353118896484,36642700,0.04042406434978396,2304,2020-03-02,46.279998779296875,47.15999984741211,44.93000030517578,47.099998474121094,43.253353118896484,36642700,0.04042406434978396,2304,2020-03-02,46.279998779296875,47.15999984741211,44.93000030517578,47.099998474121094,43.253353118896484,36642700,0.04042406434978396,2304,2020-03-02,46.279998779296875,47.15999984741211,44.93000030517578,47.099998474121094,43.253353118896484,36642700,0.04042406434978396,2304,2020-03-02,46.279998779296875,47.15999984741211,44.93000030517578,47.099998474121094,43.253353118896484,36642700,0.04042406434978396
2305,2020-03-03,47.369998931884766,47.9900016784668,45.150001525878906,45.65999984741211,41.93096160888672,48595300,-0.03057315594411203,2305,2020-03-03,47.369998931884766,47.9900016784668,45.150001525878906,45.65999984741211,41.93096160888672,48595300,-0.03057315594411203,2305,2020-03-03,47.369998931884766,47.9900016784668,45.150001525878906,45.65999984741211,41.93096160888672,48595300,-0.03057315594411203,2305,2020-03-03,47.369998931884766,47.9900016784668,45.150001525878906,45.65999984741211,41.93096160888672,48595300,-0.03057315594411203,2305,2020-03-03,47.369998931884766,47.9900016784668,45.150001525878906,45.65999984741211,41.93096160888672,48595300,-0.03057315594411203
2306,2020-03-04,46.63999938964844,46.75,45.66999816894531,46.7400016784668,42.922760009765625,24484500,0.023653127970924226,2306,2020-03-04,46.63999938964844,46.75,45.66999816894531,46.7400016784668,42.922760009765625,24484500,0.023653127970924226,2306,2020-03-04,46.63999938964844,46.75,45.66999816894531,46.7400016784668,42.922760009765625,24484500,0.023653127970924226,2306,2020-03-04,46.63999938964844,46.75,45.66999816894531,46.7400016784668,42.922760009765625,24484500,0.023653127970924226,2306,2020-03-04,46.63999938964844,46.75,45.66999816894531,46.7400016784668,42.922760009765625,24484500,0.023653127970924226
2307,2020-03-05,45.400001525878906,45.61000061035156,44.279998779296875,45.029998779296875,41.352413177490234,29387300,-0.03658541137424787,2307,2020-03-05,45.400001525878906,45.61000061035156,44.279998779296875,45.029998779296875,41.352413177490234,29387300,-0.03658541137424787,2307,2020-03-05,45.400001525878906,45.61000061035156,44.279998779296875,45.029998779296875,41.352413177490234,29387300,-0.03658541137424787,2307,2020-03-05,45.400001525878906,45.61000061035156,44.279998779296875,45.029998779296875,41.352413177490234,29387300,-0.03658541137424787,2307,2020-03-05,45.400001525878906,45.61000061035156,44.279998779296875,45.029998779296875,41.352413177490234,29387300,-0.03658541137424787
2308,2020-03-06,43.5,43.88999938964844,41.86000061035156,42.5,39.02903747558594,61517400,-0.056184767063824026,2308,2020-03-06,43.5,43.88999938964844,41.86000061035156,42.5,39.02903747558594,61517400,-0.056184767063824026,2308,2020-03-06,43.5,43.88999938964844,41.86000061035156,42.5,39.02903747558594,61517400,-0.056184767063824026,2308,2020-03-06,43.5,43.88999938964844,41.86000061035156,42.5,39.02903747558594,61517400,-0.056184767063824026,2308,2020-03-06,43.5,43.88999938964844,41.86000061035156,42.5,39.02903747558594,61517400,-0.056184767063824026
2309,2020-03-09,35.06999969482422,36.43000030517578,33.72999954223633,33.939998626708984,31.16813087463379,66556900,-0.20141174646875237,2309,2020-03-09,35.06999969482422,36.43000030517578,33.72999954223633,33.939998626708984,31.16813087463379,66556900,-0.20141174646875237,2309,2020-03-09,35.06999969482422,36.43000030517578,33.72999954223633,33.939998626708984,31.16813087463379,66556900,-0.20141174646875237,2309,2020-03-09,35.06999969482422,36.43000030517578,33.72999954223633,33.939998626708984,31.16813087463379,66556900,-0.20141174646875237,2309,2020-03-09,35.06999969482422,36.43000030517578,33.72999954223633,33.939998626708984,31.16813087463379,66556900,-0.20141174646875237
2310,2020-03-10,36.66999816894531,36.81999969482422,33.36000061035156,35.54999923706055,32.646636962890625,48431100,0.047436469456694885,2310,2020-03-10,36.66999816894531,36.81999969482422,33.36000061035156,35.54999923706055,32.646636962890625,48431100,0.047436469456694885,2310,2020-03-10,36.66999816894531,36.81999969482422,33.36000061035156,35.54999923706055,32.646636962890625,48431100,0.047436469456694885,2310,2020-03-10,36.66999816894531,36.81999969482422,33.36000061035156,35.54999923706055,32.646636962890625,48431100,0.047436469456694885,2310,2020-03-10,36.66999816894531,36.81999969482422,33.36000061035156,35.54999923706055,32.646636962890625,48431100,0.047436469456694885
2311,2020-03-11,34.45000076293945,35.04999923706055,33.130001068115234,33.66999816894531,30.92017936706543,43477300,-0.05288316826592754,2311,2020-03-11,34.45000076293945,35.04999923706055,33.130001068115234,33.66999816894531,30.92017936706543,43477300,-0.05288316826592754,2311,2020-03-11,34.45000076293945,35.04999923706055,33.130001068115234,33.66999816894531,30.92017936706543,43477300,-0.05288316826592754,2311,2020-03-11,34.45000076293945,35.04999923706055,33.130001068115234,33.66999816894531,30.92017936706543,43477300,-0.05288316826592754,2311,2020-03-11,34.45000076293945,35.04999923706055,33.130001068115234,33.66999816894531,30.92017936706543,43477300,-0.05288316826592754
2312,2020-03-12,31.190000534057617,32.0,29.3799991607666,29.469999313354492,27.063194274902344,38829100,-0.12474006202795018,2312,2020-03-12,31.190000534057617,32.0,29.3799991607666,29.469999313354492,27.063194274902344,38829100,-0.12474006202795018,2312,2020-03-12,31.190000534057617,32.0,29.3799991607666,29.469999313354492,27.063194274902344,38829100,-0.12474006202795018,2312,2020-03-12,31.190000534057617,32.0,29.3799991607666,29.469999313354492,27.063194274902344,38829100,-0.12474006202795018,2312,2020-03-12,31.190000534057617,32.0,29.3799991607666,29.469999313354492,27.063194274902344,38829100,-0.12474006202795018
2313,2020-03-13,31.959999084472656,32.220001220703125,28.799999237060547,32.189998626708984,29.561052322387695,34098400,0.09229723668657241,2313,2020-03-13,31.959999084472656,32.220001220703125,28.799999237060547,32.189998626708984,29.561052322387695,34098400,0.09229723668657241,2313,2020-03-13,31.959999084472656,32.220001220703125,28.799999237060547,32.189998626708984,29.561052322387695,34098400,0.09229723668657241,2313,2020-03-13,31.959999084472656,32.220001220703125,28.799999237060547,32.189998626708984,29.561052322387695,34098400,0.09229723668657241,2313,2020-03-13,31.959999084472656,32.220001220703125,28.799999237060547,32.189998626708984,29.561052322387695,34098400,0.09229723668657241
2314,2020-03-16,27.950000762939453,31.1200008392334,27.670000076293945,27.809999465942383,25.53876495361328,40233600,-0.13606712389356268,2314,2020-03-16,27.950000762939453,31.1200008392334,27.670000076293945,27.809999465942383,25.53876495361328,40233600,-0.13606712389356268,2314,2020-03-16,27.950000762939453,31.1200008392334,27.670000076293945,27.809999465942383,25.53876495361328,40233600,-0.13606712389356268,2314,2020-03-16,27.950000762939453,31.1200008392334,27.670000076293945,27.809999465942383,25.53876495361328,40233600,-0.13606712389356268,2314,2020-03-16,27.950000762939453,31.1200008392334,27.670000076293945,27.809999465942383,25.53876495361328,40233600,-0.13606712389356268
2315,2020-03-17,28.079999923706055,29.18000030517578,26.950000762939453,28.0,25.71324920654297,45443600,0.006832133552527209,2315,2020-03-17,28.079999923706055,29.18000030517578,26.950000762939453,28.0,25.71324920654297,45443600,0.006832133552527209,2315,2020-03-17,28.079999923706055,29.18000030517578,26.950000762939453,28.0,25.71324920654297,45443600,0.006832133552527209,2315,2020-03-17,28.079999923706055,29.18000030517578,26.950000762939453,28.0,25.71324920654297,45443600,0.006832133552527209,2315,2020-03-17,28.079999923706055,29.18000030517578,26.950000762939453,28.0,25.71324920654297,45443600,0.006832133552527209
2316,2020-03-18,26.040000915527344,26.579999923706055,22.8799991607666,23.979999542236328,22.021560668945312,52135800,-0.14357145252021564,2316,2020-03-18,26.040000915527344,26.579999923706055,22.8799991607666,23.979999542236328,22.021560668945312,52135800,-0.14357145252021564,2316,2020-03-18,26.040000915527344,26.579999923706055,22.8799991607666,23.979999542236328,22.021560668945312,52135800,-0.14357145252021564,2316,2020-03-18,26.040000915527344,26.579999923706055,22.8799991607666,23.979999542236328,22.021560668945312,52135800,-0.14357145252021564,2316,2020-03-18,26.040000915527344,26.579999923706055,22.8799991607666,23.979999542236328,22.021560668945312,52135800,-0.14357145252021564
2317,2020-03-19,24.329999923706055,25.709999084472656,22.979999542236328,25.610000610351562,23.5184383392334,52226500,0.06797327822450727,2317,2020-03-19,24.329999923706055,25.709999084472656,22.979999542236328,25.610000610351562,23.5184383392334,52226500,0.06797327822450727,2317,2020-03-19,24.329999923706055,25.709999084472656,22.979999542236328,25.610000610351562,23.5184383392334,52226500,0.06797327822450727,2317,2020-03-19,24.329999923706055,25.709999084472656,22.979999542236328,25.610000610351562,23.5184383392334,52226500,0.06797327822450727,2317,2020-03-19,24.329999923706055,25.709999084472656,22.979999542236328,25.610000610351562,23.5184383392334,52226500,0.06797327822450727
2318,2020-03-20,26.260000228881836,26.84000015258789,24.760000228881836,25.860000610351562,23.748022079467773,58357200,0.009761861605044775,2318,2020-03-20,26.260000228881836,26.84000015258789,24.760000228881836,25.860000610351562,23.748022079467773,58357200,0.009761861605044775,2318,2020-03-20,26.260000228881836,26.84000015258789,24.760000228881836,25.860000610351562,23.748022079467773,58357200,0.009761861605044775,2318,2020-03-20,26.260000228881836,26.84000015258789,24.760000228881836,25.860000610351562,23.748022079467773,58357200,0.009761861605044775,2318,2020-03-20,26.260000228881836,26.84000015258789,24.760000228881836,25.860000610351562,23.748022079467773,58357200,0.009761861605044775
2319,2020-03-23,25.1299991607666,25.290000915527344,23.149999618530273,23.56999969482422,22.12939453125,48260200,-0.06815841516406618,2319,2020-03-23,25.1299991607666,25.290000915527344,23.149999618530273,23.56999969482422,22.12939453125,48260200,-0.06815841516406618,2319,2020-03-23,25.1299991607666,25.290000915527344,23.149999618530273,23.56999969482422,22.12939453125,48260200,-0.06815841516406618,2319,2020-03-23,25.1299991607666,25.290000915527344,23.149999618530273,23.56999969482422,22.12939453125,48260200,-0.06815841516406618,2319,2020-03-23,25.1299991607666,25.290000915527344,23.149999618530273,23.56999969482422,22.12939453125,48260200,-0.06815841516406618
2320,2020-03-24,25.399999618530273,27.489999771118164,25.399999618530273,27.350000381469727,25.67835807800293,44511100,0.16037327825401038,2320,2020-03-24,25.399999618530273,27.489999771118164,25.399999618530273,27.350000381469727,25.67835807800293,44511100,0.16037327825401038,2320,2020-03-24,25.399999618530273,27.489999771118164,25.399999618530273,27.350000381469727,25.67835807800293,44511100,0.16037327825401038,2320,2020-03-24,25.399999618530273,27.489999771118164,25.399999618530273,27.350000381469727,25.67835807800293,44511100,0.16037327825401038,2320,2020-03-24,25.399999618530273,27.489999771118164,25.399999618530273,27.350000381469727,25.67835807800293,44511100,0.16037327825401038
2321,2020-03-25,27.950000762939453,30.0,26.739999771118164,28.639999389648438,26.88951301574707,52434900,0.047166369986158196,2321,2020-03-25,27.950000762939453,30.0,26.739999771118164,28.639999389648438,26.88951301574707,52434900,0.047166369986158196,2321,2020-03-25,27.950000762939453,30.0,26.739999771118164,28.639999389648438,26.88951301574707,52434900,0.047166369986158196,2321,2020-03-25,27.950000762939453,30.0,26.739999771118164,28.639999389648438,26.88951301574707,52434900,0.047166369986158196,2321,2020-03-25,27.950000762939453,30.0,26.739999771118164,28.639999389648438,26.88951301574707,52434900,0.047166369986158196
2322,2020-03-26,28.93000030517578,31.0,28.56999969482422,30.389999389648438,28.53255271911621,46918100,0.0611033640663905,2322,2020-03-26,28.93000030517578,31.0,28.56999969482422,30.389999389648438,28.53255271911621,46918100,0.0611033640663905,2322,2020-03-26,28.93000030517578,31.0,28.56999969482422,30.389999389648438,28.53255271911621,46918100,0.0611033640663905,2322,2020-03-26,28.93000030517578,31.0,28.56999969482422,30.389999389648438,28.53255271911621,46918100,0.0611033640663905,2322,2020-03-26,28.93000030517578,31.0,28.56999969482422,30.389999389648438,28.53255271911621,46918100,0.0611033640663905
2323,2020-03-27,29.1200008392334,29.209999084472656,28.15999984741211,28.329999923706055,26.598459243774414,36528400,-0.06778550431087071,2323,2020-03-27,29.1200008392334,29.209999084472656,28.15999984741211,28.329999923706055,26.598459243774414,36528400,-0.06778550431087071,2323,2020-03-27,29.1200008392334,29.209999084472656,28.15999984741211,28.329999923706055,26.598459243774414,36528400,-0.06778550431087071,2323,2020-03-27,29.1200008392334,29.209999084472656,28.15999984741211,28.329999923706055,26.598459243774414,36528400,-0.06778550431087071,2323,2020-03-27,29.1200008392334,29.209999084472656,28.15999984741211,28.329999923706055,26.598459243774414,36528400,-0.06778550431087071
2324,2020-03-30,27.950000762939453,28.8700008392334,27.09000015258789,28.6200008392334,26.87073516845703,42127400,0.010236529950370832,2324,2020-03-30,27.950000762939453,28.8700008392334,27.09000015258789,28.6200008392334,26.87073516845703,42127400,0.010236529950370832,2324,2020-03-30,27.950000762939453,28.8700008392334,27.09000015258789,28.6200008392334,26.87073516845703,42127400,0.010236529950370832,2324,2020-03-30,27.950000762939453,28.8700008392334,27.09000015258789,28.6200008392334,26.87073516845703,42127400,0.010236529950370832,2324,2020-03-30,27.950000762939453,28.8700008392334,27.09000015258789,28.6200008392334,26.87073516845703,42127400,0.010236529950370832
2325,2020-03-31,29.420000076293945,30.0,28.479999542236328,29.059999465942383,27.283842086791992,34350600,0.01537385991656448,2325,2020-03-31,29.420000076293945,30.0,28.479999542236328,29.059999465942383,27.283842086791992,34350600,0.01537385991656448,2325,2020-03-31,29.420000076293945,30.0,28.479999542236328,29.059999465942383,27.283842086791992,34350600,0.01537385991656448,2325,2020-03-31,29.420000076293945,30.0,28.479999542236328,29.059999465942383,27.283842086791992,34350600,0.01537385991656448,2325,2020-03-31,29.420000076293945,30.0,28.479999542236328,29.059999465942383,27.283842086791992,34350600,0.01537385991656448
2326,2020-04-01,28.1200008392334,28.479999542236328,27.229999542236328,27.6200008392334,25.931854248046875,23826500,-0.049552692558633815,2326,2020-04-01,28.1200008392334,28.479999542236328,27.229999542236328,27.6200008392334,25.931854248046875,23826500,-0.049552692558633815,2326,2020-04-01,28.1200008392334,28.479999542236328,27.229999542236328,27.6200008392334,25.931854248046875,23826500,-0.049552692558633815,2326,2020-04-01,28.1200008392334,28.479999542236328,27.229999542236328,27.6200008392334,25.931854248046875,23826500,-0.049552692558633815,2326,2020-04-01,28.1200008392334,28.479999542236328,27.229999542236328,27.6200008392334,25.931854248046875,23826500,-0.049552692558633815
2327,2020-04-02,29.010000228881836,31.760000228881836,28.260000228881836,30.149999618530273,28.307220458984375,73128100,0.09160032245347072,2327,2020-04-02,29.010000228881836,31.760000228881836,28.260000228881836,30.149999618530273,28.307220458984375,73128100,0.09160032245347072,2327,2020-04-02,29.010000228881836,31.760000228881836,28.260000228881836,30.149999618530273,28.307220458984375,73128100,0.09160032245347072,2327,2020-04-02,29.010000228881836,31.760000228881836,28.260000228881836,30.149999618530273,28.307220458984375,73128100,0.09160032245347072,2327,2020-04-02,29.010000228881836,31.760000228881836,28.260000228881836,30.149999618530273,28.307220458984375,73128100,0.09160032245347072
2328,2020-04-03,31.100000381469727,31.309999465942383,28.979999542236328,29.829999923706055,28.006778717041016,63834300,-0.010613608014912068,2328,2020-04-03,31.100000381469727,31.309999465942383,28.979999542236328,29.829999923706055,28.006778717041016,63834300,-0.010613608014912068,2328,2020-04-03,31.100000381469727,31.309999465942383,28.979999542236328,29.829999923706055,28.006778717041016,63834300,-0.010613608014912068,2328,2020-04-03,31.100000381469727,31.309999465942383,28.979999542236328,29.829999923706055,28.006778717041016,63834300,-0.010613608014912068,2328,2020-04-03,31.100000381469727,31.309999465942383,28.979999542236328,29.829999923706055,28.006778717041016,63834300,-0.010613608014912068
2329,2020-04-06,30.5,31.6200008392334,30.09000015258789,31.40999984741211,29.49020767211914,38020700,0.05296678243740738,2329,2020-04-06,30.5,31.6200008392334,30.09000015258789,31.40999984741211,29.49020767211914,38020700,0.05296678243740738,2329,2020-04-06,30.5,31.6200008392334,30.09000015258789,31.40999984741211,29.49020767211914,38020700,0.05296678243740738,2329,2020-04-06,30.5,31.6200008392334,30.09000015258789,31.40999984741211,29.49020767211914,38020700,0.05296678243740738,2329,2020-04-06,30.5,31.6200008392334,30.09000015258789,31.40999984741211,29.49020767211914,38020700,0.05296678243740738
2330,2020-04-07,32.959999084472656,33.869998931884766,32.02000045776367,32.08000183105469,30.119260787963867,51509500,0.021330915090145286,2330,2020-04-07,32.959999084472656,33.869998931884766,32.02000045776367,32.08000183105469,30.119260787963867,51509500,0.021330915090145286,2330,2020-04-07,32.959999084472656,33.869998931884766,32.02000045776367,32.08000183105469,30.119260787963867,51509500,0.021330915090145286,2330,2020-04-07,32.959999084472656,33.869998931884766,32.02000045776367,32.08000183105469,30.119260787963867,51509500,0.021330915090145286,2330,2020-04-07,32.959999084472656,33.869998931884766,32.02000045776367,32.08000183105469,30.119260787963867,51509500,0.021330915090145286
2331,2020-04-08,32.7599983215332,34.33000183105469,32.4900016784668,34.220001220703125,32.12846755981445,41905800,0.06670836930544777,2331,2020-04-08,32.7599983215332,34.33000183105469,32.4900016784668,34.220001220703125,32.12846755981445,41905800,0.06670836930544777,2331,2020-04-08,32.7599983215332,34.33000183105469,32.4900016784668,34.220001220703125,32.12846755981445,41905800,0.06670836930544777,2331,2020-04-08,32.7599983215332,34.33000183105469,32.4900016784668,34.220001220703125,32.12846755981445,41905800,0.06670836930544777,2331,2020-04-08,32.7599983215332,34.33000183105469,32.4900016784668,34.220001220703125,32.12846755981445,41905800,0.06670836930544777
2332,2020-04-09,35.540000915527344,36.459999084472656,32.619998931884766,33.90999984741211,31.837411880493164,91327600,-0.009059121129242231,2332,2020-04-09,35.540000915527344,36.459999084472656,32.619998931884766,33.90999984741211,31.837411880493164,91327600,-0.009059121129242231,2332,2020-04-09,35.540000915527344,36.459999084472656,32.619998931884766,33.90999984741211,31.837411880493164,91327600,-0.009059121129242231,2332,2020-04-09,35.540000915527344,36.459999084472656,32.619998931884766,33.90999984741211,31.837411880493164,91327600,-0.009059121129242231,2332,2020-04-09,35.540000915527344,36.459999084472656,32.619998931884766,33.90999984741211,31.837411880493164,91327600,-0.009059121129242231
2333,2020-04-13,35.09000015258789,35.220001220703125,33.2599983215332,33.79999923706055,31.734130859375,33842800,-0.00324401435348598,2333,2020-04-13,35.09000015258789,35.220001220703125,33.2599983215332,33.79999923706055,31.734130859375,33842800,-0.00324401435348598,2333,2020-04-13,35.09000015258789,35.220001220703125,33.2599983215332,33.79999923706055,31.734130859375,33842800,-0.00324401435348598,2333,2020-04-13,35.09000015258789,35.220001220703125,33.2599983215332,33.79999923706055,31.734130859375,33842800,-0.00324401435348598,2333,2020-04-13,35.09000015258789,35.220001220703125,33.2599983215332,33.79999923706055,31.734130859375,33842800,-0.00324401435348598
2334,2020-04-14,33.970001220703125,34.380001068115234,33.41999816894531,33.63999938964844,31.583911895751953,36324100,-0.004733671903248915,2334,2020-04-14,33.970001220703125,34.380001068115234,33.41999816894531,33.63999938964844,31.583911895751953,36324100,-0.004733671903248915,2334,2020-04-14,33.970001220703125,34.380001068115234,33.41999816894531,33.63999938964844,31.583911895751953,36324100,-0.004733671903248915,2334,2020-04-14,33.970001220703125,34.380001068115234,33.41999816894531,33.63999938964844,31.583911895751953,36324100,-0.004733671903248915,2334,2020-04-14,33.970001220703125,34.380001068115234,33.41999816894531,33.63999938964844,31.583911895751953,36324100,-0.004733671903248915
2335,2020-04-15,32.29999923706055,32.380001068115234,31.059999465942383,32.060001373291016,30.100481033325195,36710500,-0.04696792681422979,2335,2020-04-15,32.29999923706055,32.380001068115234,31.059999465942383,32.060001373291016,30.100481033325195,36710500,-0.04696792681422979,2335,2020-04-15,32.29999923706055,32.380001068115234,31.059999465942383,32.060001373291016,30.100481033325195,36710500,-0.04696792681422979,2335,2020-04-15,32.29999923706055,32.380001068115234,31.059999465942383,32.060001373291016,30.100481033325195,36710500,-0.04696792681422979,2335,2020-04-15,32.29999923706055,32.380001068115234,31.059999465942383,32.060001373291016,30.100481033325195,36710500,-0.04696792681422979
2336,2020-04-16,31.979999542236328,32.08000183105469,30.649999618530273,30.690000534057617,28.81421661376953,32302900,-0.042732354281368456,2336,2020-04-16,31.979999542236328,32.08000183105469,30.649999618530273,30.690000534057617,28.81421661376953,32302900,-0.042732354281368456,2336,2020-04-16,31.979999542236328,32.08000183105469,30.649999618530273,30.690000534057617,28.81421661376953,32302900,-0.042732354281368456,2336,2020-04-16,31.979999542236328,32.08000183105469,30.649999618530273,30.690000534057617,28.81421661376953,32302900,-0.042732354281368456,2336,2020-04-16,31.979999542236328,32.08000183105469,30.649999618530273,30.690000534057617,28.81421661376953,32302900,-0.042732354281368456
2337,2020-04-17,31.329999923706055,33.9900016784668,31.309999465942383,33.95000076293945,31.874963760375977,45853400,0.10622350722329887,2337,2020-04-17,31.329999923706055,33.9900016784668,31.309999465942383,33.95000076293945,31.874963760375977,45853400,0.10622350722329887,2337,2020-04-17,31.329999923706055,33.9900016784668,31.309999465942383,33.95000076293945,31.874963760375977,45853400,0.10622350722329887,2337,2020-04-17,31.329999923706055,33.9900016784668,31.309999465942383,33.95000076293945,31.874963760375977,45853400,0.10622350722329887,2337,2020-04-17,31.329999923706055,33.9900016784668,31.309999465942383,33.95000076293945,31.874963760375977,45853400,0.10622350722329887
2338,2020-04-20,31.950000762939453,34.099998474121094,31.780000686645508,32.88999938964844,30.879749298095703,56395000,-0.031222450000631286,2338,2020-04-20,31.950000762939453,34.099998474121094,31.780000686645508,32.88999938964844,30.879749298095703,56395000,-0.031222450000631286,2338,2020-04-20,31.950000762939453,34.099998474121094,31.780000686645508,32.88999938964844,30.879749298095703,56395000,-0.031222450000631286,2338,2020-04-20,31.950000762939453,34.099998474121094,31.780000686645508,32.88999938964844,30.879749298095703,56395000,-0.031222450000631286,2338,2020-04-20,31.950000762939453,34.099998474121094,31.780000686645508,32.88999938964844,30.879749298095703,56395000,-0.031222450000631286
2339,2020-04-21,31.940000534057617,32.900001525878906,31.389999389648438,32.310001373291016,30.335201263427734,60430800,-0.017634470714486983,2339,2020-04-21,31.940000534057617,32.900001525878906,31.389999389648438,32.310001373291016,30.335201263427734,60430800,-0.017634470714486983,2339,2020-04-21,31.940000534057617,32.900001525878906,31.389999389648438,32.310001373291016,30.335201263427734,60430800,-0.017634470714486983,2339,2020-04-21,31.940000534057617,32.900001525878906,31.389999389648438,32.310001373291016,30.335201263427734,60430800,-0.017634470714486983,2339,2020-04-21,31.940000534057617,32.900001525878906,31.389999389648438,32.310001373291016,30.335201263427734,60430800,-0.017634470714486983
2340,2020-04-22,33.77000045776367,33.9900016784668,33.0099983215332,33.459999084472656,31.4149112701416,36876600,0.03559264358715719,2340,2020-04-22,33.77000045776367,33.9900016784668,33.0099983215332,33.459999084472656,31.4149112701416,36876600,0.03559264358715719,2340,2020-04-22,33.77000045776367,33.9900016784668,33.0099983215332,33.459999084472656,31.4149112701416,36876600,0.03559264358715719,2340,2020-04-22,33.77000045776367,33.9900016784668,33.0099983215332,33.459999084472656,31.4149112701416,36876600,0.03559264358715719,2340,2020-04-22,33.77000045776367,33.9900016784668,33.0099983215332,33.459999084472656,31.4149112701416,36876600,0.03559264358715719
2341,2020-04-23,34.47999954223633,35.349998474121094,34.13999938964844,34.540000915527344,32.42890167236328,41603600,0.03227736005689219,2341,2020-04-23,34.47999954223633,35.349998474121094,34.13999938964844,34.540000915527344,32.42890167236328,41603600,0.03227736005689219,2341,2020-04-23,34.47999954223633,35.349998474121094,34.13999938964844,34.540000915527344,32.42890167236328,41603600,0.03227736005689219,2341,2020-04-23,34.47999954223633,35.349998474121094,34.13999938964844,34.540000915527344,32.42890167236328,41603600,0.03227736005689219,2341,2020-04-23,34.47999954223633,35.349998474121094,34.13999938964844,34.540000915527344,32.42890167236328,41603600,0.03227736005689219
2342,2020-04-24,35.22999954223633,35.540000915527344,34.06999969482422,34.619998931884766,32.50400924682617,32429600,0.0023160690183627874,2342,2020-04-24,35.22999954223633,35.540000915527344,34.06999969482422,34.619998931884766,32.50400924682617,32429600,0.0023160690183627874,2342,2020-04-24,35.22999954223633,35.540000915527344,34.06999969482422,34.619998931884766,32.50400924682617,32429600,0.0023160690183627874,2342,2020-04-24,35.22999954223633,35.540000915527344,34.06999969482422,34.619998931884766,32.50400924682617,32429600,0.0023160690183627874,2342,2020-04-24,35.22999954223633,35.540000915527344,34.06999969482422,34.619998931884766,32.50400924682617,32429600,0.0023160690183627874
2343,2020-04-27,34.36000061035156,35.619998931884766,33.58000183105469,35.369998931884766,33.20817184448242,23288000,0.021663868980255296,2343,2020-04-27,34.36000061035156,35.619998931884766,33.58000183105469,35.369998931884766,33.20817184448242,23288000,0.021663868980255296,2343,2020-04-27,34.36000061035156,35.619998931884766,33.58000183105469,35.369998931884766,33.20817184448242,23288000,0.021663868980255296,2343,2020-04-27,34.36000061035156,35.619998931884766,33.58000183105469,35.369998931884766,33.20817184448242,23288000,0.021663868980255296,2343,2020-04-27,34.36000061035156,35.619998931884766,33.58000183105469,35.369998931884766,33.20817184448242,23288000,0.021663868980255296
2344,2020-04-28,35.900001525878906,36.400001525878906,35.31999969482422,36.18000030517578,33.968666076660156,29569000,0.02290081597202076,2344,2020-04-28,35.900001525878906,36.400001525878906,35.31999969482422,36.18000030517578,33.968666076660156,29569000,0.02290081597202076,2344,2020-04-28,35.900001525878906,36.400001525878906,35.31999969482422,36.18000030517578,33.968666076660156,29569000,0.02290081597202076,2344,2020-04-28,35.900001525878906,36.400001525878906,35.31999969482422,36.18000030517578,33.968666076660156,29569000,0.02290081597202076,2344,2020-04-28,35.900001525878906,36.400001525878906,35.31999969482422,36.18000030517578,33.968666076660156,29569000,0.02290081597202076
2345,2020-04-29,37.369998931884766,38.9900016784668,37.34000015258789,38.86000061035156,36.484859466552734,35537500,0.07407395345504764,2345,2020-04-29,37.369998931884766,38.9900016784668,37.34000015258789,38.86000061035156,36.484859466552734,35537500,0.07407395345504764,2345,2020-04-29,37.369998931884766,38.9900016784668,37.34000015258789,38.86000061035156,36.484859466552734,35537500,0.07407395345504764,2345,2020-04-29,37.369998931884766,38.9900016784668,37.34000015258789,38.86000061035156,36.484859466552734,35537500,0.07407395345504764,2345,2020-04-29,37.369998931884766,38.9900016784668,37.34000015258789,38.86000061035156,36.484859466552734,35537500,0.07407395345504764
2346,2020-04-30,39.08000183105469,39.08000183105469,37.439998626708984,38.0,35.67742919921875,42020100,-0.02213055714451062,2346,2020-04-30,39.08000183105469,39.08000183105469,37.439998626708984,38.0,35.67742919921875,42020100,-0.02213055714451062,2346,2020-04-30,39.08000183105469,39.08000183105469,37.439998626708984,38.0,35.67742919921875,42020100,-0.02213055714451062,2346,2020-04-30,39.08000183105469,39.08000183105469,37.439998626708984,38.0,35.67742919921875,42020100,-0.02213055714451062,2346,2020-04-30,39.08000183105469,39.08000183105469,37.439998626708984,38.0,35.67742919921875,42020100,-0.02213055714451062
2347,2020-05-01,37.220001220703125,37.5,35.40999984741211,35.849998474121094,33.65883255004883,29265900,-0.05657909480804535,2347,2020-05-01,37.220001220703125,37.5,35.40999984741211,35.849998474121094,33.65883255004883,29265900,-0.05657909480804535,2347,2020-05-01,37.220001220703125,37.5,35.40999984741211,35.849998474121094,33.65883255004883,29265900,-0.05657909480804535,2347,2020-05-01,37.220001220703125,37.5,35.40999984741211,35.849998474121094,33.65883255004883,29265900,-0.05657909480804535,2347,2020-05-01,37.220001220703125,37.5,35.40999984741211,35.849998474121094,33.65883255004883,29265900,-0.05657909480804535
2348,2020-05-04,35.189998626708984,37.119998931884766,35.02000045776367,37.09000015258789,34.82304763793945,26390200,0.034588694844347456,2348,2020-05-04,35.189998626708984,37.119998931884766,35.02000045776367,37.09000015258789,34.82304763793945,26390200,0.034588694844347456,2348,2020-05-04,35.189998626708984,37.119998931884766,35.02000045776367,37.09000015258789,34.82304763793945,26390200,0.034588694844347456,2348,2020-05-04,35.189998626708984,37.119998931884766,35.02000045776367,37.09000015258789,34.82304763793945,26390200,0.034588694844347456,2348,2020-05-04,35.189998626708984,37.119998931884766,35.02000045776367,37.09000015258789,34.82304763793945,26390200,0.034588694844347456
2349,2020-05-05,38.61000061035156,38.91999816894531,36.9900016784668,37.119998931884766,34.85121154785156,34366700,0.0008087721156671002,2349,2020-05-05,38.61000061035156,38.91999816894531,36.9900016784668,37.119998931884766,34.85121154785156,34366700,0.0008087721156671002,2349,2020-05-05,38.61000061035156,38.91999816894531,36.9900016784668,37.119998931884766,34.85121154785156,34366700,0.0008087721156671002,2349,2020-05-05,38.61000061035156,38.91999816894531,36.9900016784668,37.119998931884766,34.85121154785156,34366700,0.0008087721156671002,2349,2020-05-05,38.61000061035156,38.91999816894531,36.9900016784668,37.119998931884766,34.85121154785156,34366700,0.0008087721156671002
2350,2020-05-06,37.29999923706055,37.619998931884766,36.119998931884766,36.150001525878906,33.94050216674805,23675100,-0.026131354999038958,2350,2020-05-06,37.29999923706055,37.619998931884766,36.119998931884766,36.150001525878906,33.94050216674805,23675100,-0.026131354999038958,2350,2020-05-06,37.29999923706055,37.619998931884766,36.119998931884766,36.150001525878906,33.94050216674805,23675100,-0.026131354999038958,2350,2020-05-06,37.29999923706055,37.619998931884766,36.119998931884766,36.150001525878906,33.94050216674805,23675100,-0.026131354999038958,2350,2020-05-06,37.29999923706055,37.619998931884766,36.119998931884766,36.150001525878906,33.94050216674805,23675100,-0.026131354999038958
2351,2020-05-07,37.16999816894531,37.790000915527344,36.83000183105469,37.09000015258789,34.82304763793945,24234700,0.026002722848810667,2351,2020-05-07,37.16999816894531,37.790000915527344,36.83000183105469,37.09000015258789,34.82304763793945,24234700,0.026002722848810667,2351,2020-05-07,37.16999816894531,37.790000915527344,36.83000183105469,37.09000015258789,34.82304763793945,24234700,0.026002722848810667,2351,2020-05-07,37.16999816894531,37.790000915527344,36.83000183105469,37.09000015258789,34.82304763793945,24234700,0.026002722848810667,2351,2020-05-07,37.16999816894531,37.790000915527344,36.83000183105469,37.09000015258789,34.82304763793945,24234700,0.026002722848810667
2352,2020-05-08,37.959999084472656,38.79999923706055,37.7400016784668,38.779998779296875,36.409751892089844,24823100,0.04556477280930715,2352,2020-05-08,37.959999084472656,38.79999923706055,37.7400016784668,38.779998779296875,36.409751892089844,24823100,0.04556477280930715,2352,2020-05-08,37.959999084472656,38.79999923706055,37.7400016784668,38.779998779296875,36.409751892089844,24823100,0.04556477280930715,2352,2020-05-08,37.959999084472656,38.79999923706055,37.7400016784668,38.779998779296875,36.409751892089844,24823100,0.04556477280930715,2352,2020-05-08,37.959999084472656,38.79999923706055,37.7400016784668,38.779998779296875,36.409751892089844,24823100,0.04556477280930715
2353,2020-05-11,38.52000045776367,38.630001068115234,37.91999816894531,38.099998474121094,35.77131271362305,23265700,-0.017534840126320672,2353,2020-05-11,38.52000045776367,38.630001068115234,37.91999816894531,38.099998474121094,35.77131271362305,23265700,-0.017534840126320672,2353,2020-05-11,38.52000045776367,38.630001068115234,37.91999816894531,38.099998474121094,35.77131271362305,23265700,-0.017534840126320672,2353,2020-05-11,38.52000045776367,38.630001068115234,37.91999816894531,38.099998474121094,35.77131271362305,23265700,-0.017534840126320672,2353,2020-05-11,38.52000045776367,38.630001068115234,37.91999816894531,38.099998474121094,35.77131271362305,23265700,-0.017534840126320672
2354,2020-05-12,38.47999954223633,38.529998779296875,37.380001068115234,37.43000030517578,35.14226150512695,28064500,-0.01758535431819719,2354,2020-05-12,38.47999954223633,38.529998779296875,37.380001068115234,37.43000030517578,35.14226150512695,28064500,-0.01758535431819719,2354,2020-05-12,38.47999954223633,38.529998779296875,37.380001068115234,37.43000030517578,35.14226150512695,28064500,-0.01758535431819719,2354,2020-05-12,38.47999954223633,38.529998779296875,37.380001068115234,37.43000030517578,35.14226150512695,28064500,-0.01758535431819719,2354,2020-05-12,38.47999954223633,38.529998779296875,37.380001068115234,37.43000030517578,35.14226150512695,28064500,-0.01758535431819719
2355,2020-05-13,37.18000030517578,37.22999954223633,35.470001220703125,35.72999954223633,33.546165466308594,34497400,-0.04541813675211259,2355,2020-05-13,37.18000030517578,37.22999954223633,35.470001220703125,35.72999954223633,33.546165466308594,34497400,-0.04541813675211259,2355,2020-05-13,37.18000030517578,37.22999954223633,35.470001220703125,35.72999954223633,33.546165466308594,34497400,-0.04541813675211259,2355,2020-05-13,37.18000030517578,37.22999954223633,35.470001220703125,35.72999954223633,33.546165466308594,34497400,-0.04541813675211259,2355,2020-05-13,37.18000030517578,37.22999954223633,35.470001220703125,35.72999954223633,33.546165466308594,34497400,-0.04541813675211259
2356,2020-05-14,35.099998474121094,36.470001220703125,34.29999923706055,36.130001068115234,33.92171859741211,30984200,0.011195113536320411,2356,2020-05-14,35.099998474121094,36.470001220703125,34.29999923706055,36.130001068115234,33.92171859741211,30984200,0.011195113536320411,2356,2020-05-14,35.099998474121094,36.470001220703125,34.29999923706055,36.130001068115234,33.92171859741211,30984200,0.011195113536320411,2356,2020-05-14,35.099998474121094,36.470001220703125,34.29999923706055,36.130001068115234,33.92171859741211,30984200,0.011195113536320411,2356,2020-05-14,35.099998474121094,36.470001220703125,34.29999923706055,36.130001068115234,33.92171859741211,30984200,0.011195113536320411
2357,2020-05-15,36.13999938964844,36.88999938964844,35.66999816894531,35.9900016784668,33.79027557373047,27213900,-0.0038748928154739293,2357,2020-05-15,36.13999938964844,36.88999938964844,35.66999816894531,35.9900016784668,33.79027557373047,27213900,-0.0038748928154739293,2357,2020-05-15,36.13999938964844,36.88999938964844,35.66999816894531,35.9900016784668,33.79027557373047,27213900,-0.0038748928154739293,2357,2020-05-15,36.13999938964844,36.88999938964844,35.66999816894531,35.9900016784668,33.79027557373047,27213900,-0.0038748928154739293,2357,2020-05-15,36.13999938964844,36.88999938964844,35.66999816894531,35.9900016784668,33.79027557373047,27213900,-0.0038748928154739293
2358,2020-05-18,38.04999923706055,39.18000030517578,37.95000076293945,38.93000030517578,36.55058288574219,36569800,0.08168939924709173,2358,2020-05-18,38.04999923706055,39.18000030517578,37.95000076293945,38.93000030517578,36.55058288574219,36569800,0.08168939924709173,2358,2020-05-18,38.04999923706055,39.18000030517578,37.95000076293945,38.93000030517578,36.55058288574219,36569800,0.08168939924709173,2358,2020-05-18,38.04999923706055,39.18000030517578,37.95000076293945,38.93000030517578,36.55058288574219,36569800,0.08168939924709173,2358,2020-05-18,38.04999923706055,39.18000030517578,37.95000076293945,38.93000030517578,36.55058288574219,36569800,0.08168939924709173
2359,2020-05-19,38.97999954223633,39.099998474121094,37.810001373291016,37.84000015258789,35.52720642089844,26970300,-0.027998909567129027,2359,2020-05-19,38.97999954223633,39.099998474121094,37.810001373291016,37.84000015258789,35.52720642089844,26970300,-0.027998909567129027,2359,2020-05-19,38.97999954223633,39.099998474121094,37.810001373291016,37.84000015258789,35.52720642089844,26970300,-0.027998909567129027,2359,2020-05-19,38.97999954223633,39.099998474121094,37.810001373291016,37.84000015258789,35.52720642089844,26970300,-0.027998909567129027,2359,2020-05-19,38.97999954223633,39.099998474121094,37.810001373291016,37.84000015258789,35.52720642089844,26970300,-0.027998909567129027
2360,2020-05-20,38.619998931884766,39.41999816894531,38.41999816894531,39.349998474121094,36.94491195678711,27260600,0.03990478505663542,2360,2020-05-20,38.619998931884766,39.41999816894531,38.41999816894531,39.349998474121094,36.94491195678711,27260600,0.03990478505663542,2360,2020-05-20,38.619998931884766,39.41999816894531,38.41999816894531,39.349998474121094,36.94491195678711,27260600,0.03990478505663542,2360,2020-05-20,38.619998931884766,39.41999816894531,38.41999816894531,39.349998474121094,36.94491195678711,27260600,0.03990478505663542,2360,2020-05-20,38.619998931884766,39.41999816894531,38.41999816894531,39.349998474121094,36.94491195678711,27260600,0.03990478505663542
2361,2020-05-21,39.470001220703125,39.630001068115234,38.40999984741211,38.720001220703125,36.35342025756836,28120900,-0.016010099033680003,2361,2020-05-21,39.470001220703125,39.630001068115234,38.40999984741211,38.720001220703125,36.35342025756836,28120900,-0.016010099033680003,2361,2020-05-21,39.470001220703125,39.630001068115234,38.40999984741211,38.720001220703125,36.35342025756836,28120900,-0.016010099033680003,2361,2020-05-21,39.470001220703125,39.630001068115234,38.40999984741211,38.720001220703125,36.35342025756836,28120900,-0.016010099033680003,2361,2020-05-21,39.470001220703125,39.630001068115234,38.40999984741211,38.720001220703125,36.35342025756836,28120900,-0.016010099033680003
2362,2020-05-22,38.40999984741211,38.52000045776367,37.689998626708984,38.47999954223633,36.12808609008789,19247500,-0.006198431011001149,2362,2020-05-22,38.40999984741211,38.52000045776367,37.689998626708984,38.47999954223633,36.12808609008789,19247500,-0.006198431011001149,2362,2020-05-22,38.40999984741211,38.52000045776367,37.689998626708984,38.47999954223633,36.12808609008789,19247500,-0.006198431011001149,2362,2020-05-22,38.40999984741211,38.52000045776367,37.689998626708984,38.47999954223633,36.12808609008789,19247500,-0.006198431011001149,2362,2020-05-22,38.40999984741211,38.52000045776367,37.689998626708984,38.47999954223633,36.12808609008789,19247500,-0.006198431011001149
2363,2020-05-26,39.709999084472656,39.959999084472656,39.45000076293945,39.54999923706055,37.132686614990234,37444300,0.027806635601933083,2363,2020-05-26,39.709999084472656,39.959999084472656,39.45000076293945,39.54999923706055,37.132686614990234,37444300,0.027806635601933083,2363,2020-05-26,39.709999084472656,39.959999084472656,39.45000076293945,39.54999923706055,37.132686614990234,37444300,0.027806635601933083,2363,2020-05-26,39.709999084472656,39.959999084472656,39.45000076293945,39.54999923706055,37.132686614990234,37444300,0.027806635601933083,2363,2020-05-26,39.709999084472656,39.959999084472656,39.45000076293945,39.54999923706055,37.132686614990234,37444300,0.027806635601933083
2364,2020-05-27,40.130001068115234,40.36000061035156,38.939998626708984,40.060001373291016,37.61151885986328,35612800,0.012895168341515717,2364,2020-05-27,40.130001068115234,40.36000061035156,38.939998626708984,40.060001373291016,37.61151885986328,35612800,0.012895168341515717,2364,2020-05-27,40.130001068115234,40.36000061035156,38.939998626708984,40.060001373291016,37.61151885986328,35612800,0.012895168341515717,2364,2020-05-27,40.130001068115234,40.36000061035156,38.939998626708984,40.060001373291016,37.61151885986328,35612800,0.012895168341515717,2364,2020-05-27,40.130001068115234,40.36000061035156,38.939998626708984,40.060001373291016,37.61151885986328,35612800,0.012895168341515717
2365,2020-05-28,40.15999984741211,40.15999984741211,38.75,38.939998626708984,36.55997085571289,27178400,-0.02795813718845952,2365,2020-05-28,40.15999984741211,40.15999984741211,38.75,38.939998626708984,36.55997085571289,27178400,-0.02795813718845952,2365,2020-05-28,40.15999984741211,40.15999984741211,38.75,38.939998626708984,36.55997085571289,27178400,-0.02795813718845952,2365,2020-05-28,40.15999984741211,40.15999984741211,38.75,38.939998626708984,36.55997085571289,27178400,-0.02795813718845952,2365,2020-05-28,40.15999984741211,40.15999984741211,38.75,38.939998626708984,36.55997085571289,27178400,-0.02795813718845952
2366,2020-05-29,38.599998474121094,39.04999923706055,37.95000076293945,38.7599983215332,36.39097213745117,35750200,-0.004622506919622182,2366,2020-05-29,38.599998474121094,39.04999923706055,37.95000076293945,38.7599983215332,36.39097213745117,35750200,-0.004622506919622182,2366,2020-05-29,38.599998474121094,39.04999923706055,37.95000076293945,38.7599983215332,36.39097213745117,35750200,-0.004622506919622182,2366,2020-05-29,38.599998474121094,39.04999923706055,37.95000076293945,38.7599983215332,36.39097213745117,35750200,-0.004622506919622182,2366,2020-05-29,38.599998474121094,39.04999923706055,37.95000076293945,38.7599983215332,36.39097213745117,35750200,-0.004622506919622182
2367,2020-06-01,38.70000076293945,39.65999984741211,38.18000030517578,39.439998626708984,37.02941131591797,23840000,0.01754388907378912,2367,2020-06-01,38.70000076293945,39.65999984741211,38.18000030517578,39.439998626708984,37.02941131591797,23840000,0.01754388907378912,2367,2020-06-01,38.70000076293945,39.65999984741211,38.18000030517578,39.439998626708984,37.02941131591797,23840000,0.01754388907378912,2367,2020-06-01,38.70000076293945,39.65999984741211,38.18000030517578,39.439998626708984,37.02941131591797,23840000,0.01754388907378912,2367,2020-06-01,38.70000076293945,39.65999984741211,38.18000030517578,39.439998626708984,37.02941131591797,23840000,0.01754388907378912
2368,2020-06-02,39.869998931884766,40.58000183105469,39.81999969482422,40.540000915527344,38.06217956542969,25159200,0.027890485233497575,2368,2020-06-02,39.869998931884766,40.58000183105469,39.81999969482422,40.540000915527344,38.06217956542969,25159200,0.027890485233497575,2368,2020-06-02,39.869998931884766,40.58000183105469,39.81999969482422,40.540000915527344,38.06217956542969,25159200,0.027890485233497575,2368,2020-06-02,39.869998931884766,40.58000183105469,39.81999969482422,40.540000915527344,38.06217956542969,25159200,0.027890485233497575,2368,2020-06-02,39.869998931884766,40.58000183105469,39.81999969482422,40.540000915527344,38.06217956542969,25159200,0.027890485233497575
2369,2020-06-03,41.18000030517578,41.91999816894531,41.099998474121094,41.72999954223633,39.179447174072266,27300900,0.029353747509965222,2369,2020-06-03,41.18000030517578,41.91999816894531,41.099998474121094,41.72999954223633,39.179447174072266,27300900,0.029353747509965222,2369,2020-06-03,41.18000030517578,41.91999816894531,41.099998474121094,41.72999954223633,39.179447174072266,27300900,0.029353747509965222,2369,2020-06-03,41.18000030517578,41.91999816894531,41.099998474121094,41.72999954223633,39.179447174072266,27300900,0.029353747509965222,2369,2020-06-03,41.18000030517578,41.91999816894531,41.099998474121094,41.72999954223633,39.179447174072266,27300900,0.029353747509965222
2370,2020-06-04,41.5,41.900001525878906,40.900001525878906,41.7400016784668,39.188838958740234,27424700,0.0002397120262120911,2370,2020-06-04,41.5,41.900001525878906,40.900001525878906,41.7400016784668,39.188838958740234,27424700,0.0002397120262120911,2370,2020-06-04,41.5,41.900001525878906,40.900001525878906,41.7400016784668,39.188838958740234,27424700,0.0002397120262120911,2370,2020-06-04,41.5,41.900001525878906,40.900001525878906,41.7400016784668,39.188838958740234,27424700,0.0002397120262120911,2370,2020-06-04,41.5,41.900001525878906,40.900001525878906,41.7400016784668,39.188838958740234,27424700,0.0002397120262120911
2371,2020-06-05,43.83000183105469,45.25,43.790000915527344,44.84000015258789,42.099361419677734,50196700,0.07426916791288019,2371,2020-06-05,43.83000183105469,45.25,43.790000915527344,44.84000015258789,42.099361419677734,50196700,0.07426916791288019,2371,2020-06-05,43.83000183105469,45.25,43.790000915527344,44.84000015258789,42.099361419677734,50196700,0.07426916791288019,2371,2020-06-05,43.83000183105469,45.25,43.790000915527344,44.84000015258789,42.099361419677734,50196700,0.07426916791288019,2371,2020-06-05,43.83000183105469,45.25,43.790000915527344,44.84000015258789,42.099361419677734,50196700,0.07426916791288019
2372,2020-06-08,46.470001220703125,46.880001068115234,45.43000030517578,46.86000061035156,43.99589920043945,47534700,0.04504908665610441,2372,2020-06-08,46.470001220703125,46.880001068115234,45.43000030517578,46.86000061035156,43.99589920043945,47534700,0.04504908665610441,2372,2020-06-08,46.470001220703125,46.880001068115234,45.43000030517578,46.86000061035156,43.99589920043945,47534700,0.04504908665610441,2372,2020-06-08,46.470001220703125,46.880001068115234,45.43000030517578,46.86000061035156,43.99589920043945,47534700,0.04504908665610441,2372,2020-06-08,46.470001220703125,46.880001068115234,45.43000030517578,46.86000061035156,43.99589920043945,47534700,0.04504908665610441
2373,2020-06-09,45.36000061035156,45.4900016784668,44.47999954223633,45.099998474121094,42.34347152709961,43699500,-0.03755867486220943,2373,2020-06-09,45.36000061035156,45.4900016784668,44.47999954223633,45.099998474121094,42.34347152709961,43699500,-0.03755867486220943,2373,2020-06-09,45.36000061035156,45.4900016784668,44.47999954223633,45.099998474121094,42.34347152709961,43699500,-0.03755867486220943,2373,2020-06-09,45.36000061035156,45.4900016784668,44.47999954223633,45.099998474121094,42.34347152709961,43699500,-0.03755867486220943,2373,2020-06-09,45.36000061035156,45.4900016784668,44.47999954223633,45.099998474121094,42.34347152709961,43699500,-0.03755867486220943
2374,2020-06-10,44.68000030517578,44.720001220703125,42.86000061035156,42.880001068115234,40.259159088134766,40488500,-0.04922393851507645,2374,2020-06-10,44.68000030517578,44.720001220703125,42.86000061035156,42.880001068115234,40.259159088134766,40488500,-0.04922393851507645,2374,2020-06-10,44.68000030517578,44.720001220703125,42.86000061035156,42.880001068115234,40.259159088134766,40488500,-0.04922393851507645,2374,2020-06-10,44.68000030517578,44.720001220703125,42.86000061035156,42.880001068115234,40.259159088134766,40488500,-0.04922393851507645,2374,2020-06-10,44.68000030517578,44.720001220703125,42.86000061035156,42.880001068115234,40.259159088134766,40488500,-0.04922393851507645
2375,2020-06-11,39.88999938964844,41.040000915527344,38.709999084472656,38.84000015258789,36.46609115600586,48152200,-0.09421627321686421,2375,2020-06-11,39.88999938964844,41.040000915527344,38.709999084472656,38.84000015258789,36.46609115600586,48152200,-0.09421627321686421,2375,2020-06-11,39.88999938964844,41.040000915527344,38.709999084472656,38.84000015258789,36.46609115600586,48152200,-0.09421627321686421,2375,2020-06-11,39.88999938964844,41.040000915527344,38.709999084472656,38.84000015258789,36.46609115600586,48152200,-0.09421627321686421,2375,2020-06-11,39.88999938964844,41.040000915527344,38.709999084472656,38.84000015258789,36.46609115600586,48152200,-0.09421627321686421
2376,2020-06-12,40.54999923706055,40.84000015258789,38.7400016784668,39.81999969482422,37.38618469238281,42817500,0.025231482377441994,2376,2020-06-12,40.54999923706055,40.84000015258789,38.7400016784668,39.81999969482422,37.38618469238281,42817500,0.025231482377441994,2376,2020-06-12,40.54999923706055,40.84000015258789,38.7400016784668,39.81999969482422,37.38618469238281,42817500,0.025231482377441994,2376,2020-06-12,40.54999923706055,40.84000015258789,38.7400016784668,39.81999969482422,37.38618469238281,42817500,0.025231482377441994,2376,2020-06-12,40.54999923706055,40.84000015258789,38.7400016784668,39.81999969482422,37.38618469238281,42817500,0.025231482377441994
2377,2020-06-15,38.119998931884766,40.349998474121094,37.70000076293945,39.939998626708984,37.49885177612305,32847400,0.0030136020743296577,2377,2020-06-15,38.119998931884766,40.349998474121094,37.70000076293945,39.939998626708984,37.49885177612305,32847400,0.0030136020743296577,2377,2020-06-15,38.119998931884766,40.349998474121094,37.70000076293945,39.939998626708984,37.49885177612305,32847400,0.0030136020743296577,2377,2020-06-15,38.119998931884766,40.349998474121094,37.70000076293945,39.939998626708984,37.49885177612305,32847400,0.0030136020743296577,2377,2020-06-15,38.119998931884766,40.349998474121094,37.70000076293945,39.939998626708984,37.49885177612305,32847400,0.0030136020743296577
2378,2020-06-16,41.84000015258789,41.900001525878906,39.91999816894531,41.09000015258789,38.57856369018555,32041900,0.0287931993360393,2378,2020-06-16,41.84000015258789,41.900001525878906,39.91999816894531,41.09000015258789,38.57856369018555,32041900,0.0287931993360393,2378,2020-06-16,41.84000015258789,41.900001525878906,39.91999816894531,41.09000015258789,38.57856369018555,32041900,0.0287931993360393,2378,2020-06-16,41.84000015258789,41.900001525878906,39.91999816894531,41.09000015258789,38.57856369018555,32041900,0.0287931993360393,2378,2020-06-16,41.84000015258789,41.900001525878906,39.91999816894531,41.09000015258789,38.57856369018555,32041900,0.0287931993360393
2379,2020-06-17,40.93000030517578,40.939998626708984,39.68000030517578,39.689998626708984,37.26413345336914,23368000,-0.034071518249675026,2379,2020-06-17,40.93000030517578,40.939998626708984,39.68000030517578,39.689998626708984,37.26413345336914,23368000,-0.034071518249675026,2379,2020-06-17,40.93000030517578,40.939998626708984,39.68000030517578,39.689998626708984,37.26413345336914,23368000,-0.034071518249675026,2379,2020-06-17,40.93000030517578,40.939998626708984,39.68000030517578,39.689998626708984,37.26413345336914,23368000,-0.034071518249675026,2379,2020-06-17,40.93000030517578,40.939998626708984,39.68000030517578,39.689998626708984,37.26413345336914,23368000,-0.034071518249675026
2380,2020-06-18,39.290000915527344,40.619998931884766,39.04999923706055,40.18000030517578,37.72418212890625,18468900,0.01234561582151894,2380,2020-06-18,39.290000915527344,40.619998931884766,39.04999923706055,40.18000030517578,37.72418212890625,18468900,0.01234561582151894,2380,2020-06-18,39.290000915527344,40.619998931884766,39.04999923706055,40.18000030517578,37.72418212890625,18468900,0.01234561582151894,2380,2020-06-18,39.290000915527344,40.619998931884766,39.04999923706055,40.18000030517578,37.72418212890625,18468900,0.01234561582151894,2380,2020-06-18,39.290000915527344,40.619998931884766,39.04999923706055,40.18000030517578,37.72418212890625,18468900,0.01234561582151894
2381,2020-06-19,41.43000030517578,41.439998626708984,39.529998779296875,39.56999969482422,37.151466369628906,26967100,-0.015181661389512269,2381,2020-06-19,41.43000030517578,41.439998626708984,39.529998779296875,39.56999969482422,37.151466369628906,26967100,-0.015181661389512269,2381,2020-06-19,41.43000030517578,41.439998626708984,39.529998779296875,39.56999969482422,37.151466369628906,26967100,-0.015181661389512269,2381,2020-06-19,41.43000030517578,41.439998626708984,39.529998779296875,39.56999969482422,37.151466369628906,26967100,-0.015181661389512269,2381,2020-06-19,41.43000030517578,41.439998626708984,39.529998779296875,39.56999969482422,37.151466369628906,26967100,-0.015181661389512269
2382,2020-06-22,38.880001068115234,39.380001068115234,38.41999816894531,39.25,37.323577880859375,19448200,0.004632697657693807,2382,2020-06-22,38.880001068115234,39.380001068115234,38.41999816894531,39.25,37.323577880859375,19448200,0.004632697657693807,2382,2020-06-22,38.880001068115234,39.380001068115234,38.41999816894531,39.25,37.323577880859375,19448200,0.004632697657693807,2382,2020-06-22,38.880001068115234,39.380001068115234,38.41999816894531,39.25,37.323577880859375,19448200,0.004632697657693807,2382,2020-06-22,38.880001068115234,39.380001068115234,38.41999816894531,39.25,37.323577880859375,19448200,0.004632697657693807
2383,2020-06-23,39.84000015258789,39.939998626708984,39.16999816894531,39.290000915527344,37.36162185668945,14805800,0.0010193014172306114,2383,2020-06-23,39.84000015258789,39.939998626708984,39.16999816894531,39.290000915527344,37.36162185668945,14805800,0.0010193014172306114,2383,2020-06-23,39.84000015258789,39.939998626708984,39.16999816894531,39.290000915527344,37.36162185668945,14805800,0.0010193014172306114,2383,2020-06-23,39.84000015258789,39.939998626708984,39.16999816894531,39.290000915527344,37.36162185668945,14805800,0.0010193014172306114,2383,2020-06-23,39.84000015258789,39.939998626708984,39.16999816894531,39.290000915527344,37.36162185668945,14805800,0.0010193014172306114
2384,2020-06-24,38.68000030517578,38.689998626708984,36.86000061035156,37.11000061035156,35.288612365722656,32363000,-0.05548499738363555,2384,2020-06-24,38.68000030517578,38.689998626708984,36.86000061035156,37.11000061035156,35.288612365722656,32363000,-0.05548499738363555,2384,2020-06-24,38.68000030517578,38.689998626708984,36.86000061035156,37.11000061035156,35.288612365722656,32363000,-0.05548499738363555,2384,2020-06-24,38.68000030517578,38.689998626708984,36.86000061035156,37.11000061035156,35.288612365722656,32363000,-0.05548499738363555,2384,2020-06-24,38.68000030517578,38.689998626708984,36.86000061035156,37.11000061035156,35.288612365722656,32363000,-0.05548499738363555
2385,2020-06-25,36.7599983215332,37.959999084472656,36.56999969482422,37.81999969482422,35.963768005371094,24017200,0.019132394117719498,2385,2020-06-25,36.7599983215332,37.959999084472656,36.56999969482422,37.81999969482422,35.963768005371094,24017200,0.019132394117719498,2385,2020-06-25,36.7599983215332,37.959999084472656,36.56999969482422,37.81999969482422,35.963768005371094,24017200,0.019132394117719498,2385,2020-06-25,36.7599983215332,37.959999084472656,36.56999969482422,37.81999969482422,35.963768005371094,24017200,0.019132394117719498,2385,2020-06-25,36.7599983215332,37.959999084472656,36.56999969482422,37.81999969482422,35.963768005371094,24017200,0.019132394117719498
2386,2020-06-26,37.54999923706055,37.54999923706055,36.34000015258789,36.5099983215332,34.71805953979492,33861100,-0.03463787402338181,2386,2020-06-26,37.54999923706055,37.54999923706055,36.34000015258789,36.5099983215332,34.71805953979492,33861100,-0.03463787402338181,2386,2020-06-26,37.54999923706055,37.54999923706055,36.34000015258789,36.5099983215332,34.71805953979492,33861100,-0.03463787402338181,2386,2020-06-26,37.54999923706055,37.54999923706055,36.34000015258789,36.5099983215332,34.71805953979492,33861100,-0.03463787402338181,2386,2020-06-26,37.54999923706055,37.54999923706055,36.34000015258789,36.5099983215332,34.71805953979492,33861100,-0.03463787402338181
2387,2020-06-29,36.599998474121094,37.31999969482422,36.439998626708984,37.0,35.184017181396484,19452800,0.0134211890807856,2387,2020-06-29,36.599998474121094,37.31999969482422,36.439998626708984,37.0,35.184017181396484,19452800,0.0134211890807856,2387,2020-06-29,36.599998474121094,37.31999969482422,36.439998626708984,37.0,35.184017181396484,19452800,0.0134211890807856,2387,2020-06-29,36.599998474121094,37.31999969482422,36.439998626708984,37.0,35.184017181396484,19452800,0.0134211890807856,2387,2020-06-29,36.599998474121094,37.31999969482422,36.439998626708984,37.0,35.184017181396484,19452800,0.0134211890807856
2388,2020-06-30,36.70000076293945,38.06999969482422,36.31999969482422,37.849998474121094,35.99229431152344,20943400,0.02297284946058764,2388,2020-06-30,36.70000076293945,38.06999969482422,36.31999969482422,37.849998474121094,35.99229431152344,20943400,0.02297284946058764,2388,2020-06-30,36.70000076293945,38.06999969482422,36.31999969482422,37.849998474121094,35.99229431152344,20943400,0.02297284946058764,2388,2020-06-30,36.70000076293945,38.06999969482422,36.31999969482422,37.849998474121094,35.99229431152344,20943400,0.02297284946058764,2388,2020-06-30,36.70000076293945,38.06999969482422,36.31999969482422,37.849998474121094,35.99229431152344,20943400,0.02297284946058764
2389,2020-07-01,38.0,38.5099983215332,36.880001068115234,36.93000030517578,35.11745071411133,24573400,-0.024306413751790656,2389,2020-07-01,38.0,38.5099983215332,36.880001068115234,36.93000030517578,35.11745071411133,24573400,-0.024306413751790656,2389,2020-07-01,38.0,38.5099983215332,36.880001068115234,36.93000030517578,35.11745071411133,24573400,-0.024306413751790656,2389,2020-07-01,38.0,38.5099983215332,36.880001068115234,36.93000030517578,35.11745071411133,24573400,-0.024306413751790656,2389,2020-07-01,38.0,38.5099983215332,36.880001068115234,36.93000030517578,35.11745071411133,24573400,-0.024306413751790656
2390,2020-07-02,37.689998626708984,38.209999084472656,37.2599983215332,37.34000015258789,35.507328033447266,20779200,0.011102096291382368,2390,2020-07-02,37.689998626708984,38.209999084472656,37.2599983215332,37.34000015258789,35.507328033447266,20779200,0.011102096291382368,2390,2020-07-02,37.689998626708984,38.209999084472656,37.2599983215332,37.34000015258789,35.507328033447266,20779200,0.011102096291382368,2390,2020-07-02,37.689998626708984,38.209999084472656,37.2599983215332,37.34000015258789,35.507328033447266,20779200,0.011102096291382368,2390,2020-07-02,37.689998626708984,38.209999084472656,37.2599983215332,37.34000015258789,35.507328033447266,20779200,0.011102096291382368
2391,2020-07-06,38.0,38.27000045776367,36.97999954223633,37.45000076293945,35.61193084716797,22542200,0.0029459500197301924,2391,2020-07-06,38.0,38.27000045776367,36.97999954223633,37.45000076293945,35.61193084716797,22542200,0.0029459500197301924,2391,2020-07-06,38.0,38.27000045776367,36.97999954223633,37.45000076293945,35.61193084716797,22542200,0.0029459500197301924,2391,2020-07-06,38.0,38.27000045776367,36.97999954223633,37.45000076293945,35.61193084716797,22542200,0.0029459500197301924,2391,2020-07-06,38.0,38.27000045776367,36.97999954223633,37.45000076293945,35.61193084716797,22542200,0.0029459500197301924
2392,2020-07-07,36.97999954223633,37.029998779296875,36.20000076293945,36.2599983215332,34.48033142089844,20910900,-0.03177585150116957,2392,2020-07-07,36.97999954223633,37.029998779296875,36.20000076293945,36.2599983215332,34.48033142089844,20910900,-0.03177585150116957,2392,2020-07-07,36.97999954223633,37.029998779296875,36.20000076293945,36.2599983215332,34.48033142089844,20910900,-0.03177585150116957,2392,2020-07-07,36.97999954223633,37.029998779296875,36.20000076293945,36.2599983215332,34.48033142089844,20910900,-0.03177585150116957,2392,2020-07-07,36.97999954223633,37.029998779296875,36.20000076293945,36.2599983215332,34.48033142089844,20910900,-0.03177585150116957
2393,2020-07-08,36.2599983215332,36.81999969482422,35.93000030517578,36.22999954223633,34.451805114746094,20650900,-0.0008273211125532365,2393,2020-07-08,36.2599983215332,36.81999969482422,35.93000030517578,36.22999954223633,34.451805114746094,20650900,-0.0008273211125532365,2393,2020-07-08,36.2599983215332,36.81999969482422,35.93000030517578,36.22999954223633,34.451805114746094,20650900,-0.0008273211125532365,2393,2020-07-08,36.2599983215332,36.81999969482422,35.93000030517578,36.22999954223633,34.451805114746094,20650900,-0.0008273211125532365,2393,2020-07-08,36.2599983215332,36.81999969482422,35.93000030517578,36.22999954223633,34.451805114746094,20650900,-0.0008273211125532365
2394,2020-07-09,36.06999969482422,36.16999816894531,34.400001525878906,34.439998626708984,32.749656677246094,30543600,-0.049406654653675774,2394,2020-07-09,36.06999969482422,36.16999816894531,34.400001525878906,34.439998626708984,32.749656677246094,30543600,-0.049406654653675774,2394,2020-07-09,36.06999969482422,36.16999816894531,34.400001525878906,34.439998626708984,32.749656677246094,30543600,-0.049406654653675774,2394,2020-07-09,36.06999969482422,36.16999816894531,34.400001525878906,34.439998626708984,32.749656677246094,30543600,-0.049406654653675774,2394,2020-07-09,36.06999969482422,36.16999816894531,34.400001525878906,34.439998626708984,32.749656677246094,30543600,-0.049406654653675774
2395,2020-07-10,34.2400016784668,35.58000183105469,34.2400016784668,35.540000915527344,33.79567337036133,25228000,0.0319397758402149,2395,2020-07-10,34.2400016784668,35.58000183105469,34.2400016784668,35.540000915527344,33.79567337036133,25228000,0.0319397758402149,2395,2020-07-10,34.2400016784668,35.58000183105469,34.2400016784668,35.540000915527344,33.79567337036133,25228000,0.0319397758402149,2395,2020-07-10,34.2400016784668,35.58000183105469,34.2400016784668,35.540000915527344,33.79567337036133,25228000,0.0319397758402149,2395,2020-07-10,34.2400016784668,35.58000183105469,34.2400016784668,35.540000915527344,33.79567337036133,25228000,0.0319397758402149
2396,2020-07-13,35.869998931884766,36.0099983215332,35.08000183105469,35.349998474121094,33.61499786376953,37223800,-0.005346113527959773,2396,2020-07-13,35.869998931884766,36.0099983215332,35.08000183105469,35.349998474121094,33.61499786376953,37223800,-0.005346113527959773,2396,2020-07-13,35.869998931884766,36.0099983215332,35.08000183105469,35.349998474121094,33.61499786376953,37223800,-0.005346113527959773,2396,2020-07-13,35.869998931884766,36.0099983215332,35.08000183105469,35.349998474121094,33.61499786376953,37223800,-0.005346113527959773,2396,2020-07-13,35.869998931884766,36.0099983215332,35.08000183105469,35.349998474121094,33.61499786376953,37223800,-0.005346113527959773
2397,2020-07-14,35.11000061035156,36.65999984741211,35.0099983215332,36.59000015258789,34.79413986206055,34221100,0.03507785432769284,2397,2020-07-14,35.11000061035156,36.65999984741211,35.0099983215332,36.59000015258789,34.79413986206055,34221100,0.03507785432769284,2397,2020-07-14,35.11000061035156,36.65999984741211,35.0099983215332,36.59000015258789,34.79413986206055,34221100,0.03507785432769284,2397,2020-07-14,35.11000061035156,36.65999984741211,35.0099983215332,36.59000015258789,34.79413986206055,34221100,0.03507785432769284,2397,2020-07-14,35.11000061035156,36.65999984741211,35.0099983215332,36.59000015258789,34.79413986206055,34221100,0.03507785432769284
2398,2020-07-15,37.52000045776367,37.619998931884766,36.83000183105469,37.380001068115234,35.54536437988281,25902500,0.021590547166863594,2398,2020-07-15,37.52000045776367,37.619998931884766,36.83000183105469,37.380001068115234,35.54536437988281,25902500,0.021590547166863594,2398,2020-07-15,37.52000045776367,37.619998931884766,36.83000183105469,37.380001068115234,35.54536437988281,25902500,0.021590547166863594,2398,2020-07-15,37.52000045776367,37.619998931884766,36.83000183105469,37.380001068115234,35.54536437988281,25902500,0.021590547166863594,2398,2020-07-15,37.52000045776367,37.619998931884766,36.83000183105469,37.380001068115234,35.54536437988281,25902500,0.021590547166863594
2399,2020-07-16,37.130001068115234,37.689998626708984,36.65999984741211,37.209999084472656,35.38370895385742,18822800,-0.004547862396281466,2399,2020-07-16,37.130001068115234,37.689998626708984,36.65999984741211,37.209999084472656,35.38370895385742,18822800,-0.004547862396281466,2399,2020-07-16,37.130001068115234,37.689998626708984,36.65999984741211,37.209999084472656,35.38370895385742,18822800,-0.004547862396281466,2399,2020-07-16,37.130001068115234,37.689998626708984,36.65999984741211,37.209999084472656,35.38370895385742,18822800,-0.004547862396281466,2399,2020-07-16,37.130001068115234,37.689998626708984,36.65999984741211,37.209999084472656,35.38370895385742,18822800,-0.004547862396281466
2400,2020-07-17,37.33000183105469,37.7400016784668,36.529998779296875,36.689998626708984,34.889225006103516,17716900,-0.013974904338003191,2400,2020-07-17,37.33000183105469,37.7400016784668,36.529998779296875,36.689998626708984,34.889225006103516,17716900,-0.013974904338003191,2400,2020-07-17,37.33000183105469,37.7400016784668,36.529998779296875,36.689998626708984,34.889225006103516,17716900,-0.013974904338003191,2400,2020-07-17,37.33000183105469,37.7400016784668,36.529998779296875,36.689998626708984,34.889225006103516,17716900,-0.013974904338003191,2400,2020-07-17,37.33000183105469,37.7400016784668,36.529998779296875,36.689998626708984,34.889225006103516,17716900,-0.013974904338003191
2401,2020-07-20,36.560001373291016,36.97999954223633,36.04999923706055,36.08000183105469,34.30916976928711,20076500,-0.01662562687233471,2401,2020-07-20,36.560001373291016,36.97999954223633,36.04999923706055,36.08000183105469,34.30916976928711,20076500,-0.01662562687233471,2401,2020-07-20,36.560001373291016,36.97999954223633,36.04999923706055,36.08000183105469,34.30916976928711,20076500,-0.01662562687233471,2401,2020-07-20,36.560001373291016,36.97999954223633,36.04999923706055,36.08000183105469,34.30916976928711,20076500,-0.01662562687233471,2401,2020-07-20,36.560001373291016,36.97999954223633,36.04999923706055,36.08000183105469,34.30916976928711,20076500,-0.01662562687233471
2402,2020-07-21,36.70000076293945,38.54999923706055,36.650001525878906,38.2599983215332,36.382171630859375,36170200,0.060421219035966756,2402,2020-07-21,36.70000076293945,38.54999923706055,36.650001525878906,38.2599983215332,36.382171630859375,36170200,0.060421219035966756,2402,2020-07-21,36.70000076293945,38.54999923706055,36.650001525878906,38.2599983215332,36.382171630859375,36170200,0.060421219035966756,2402,2020-07-21,36.70000076293945,38.54999923706055,36.650001525878906,38.2599983215332,36.382171630859375,36170200,0.060421219035966756,2402,2020-07-21,36.70000076293945,38.54999923706055,36.650001525878906,38.2599983215332,36.382171630859375,36170200,0.060421219035966756
2403,2020-07-22,37.849998474121094,37.849998474121094,37.2400016784668,37.790000915527344,35.93524169921875,19621700,-0.012284311562686945,2403,2020-07-22,37.849998474121094,37.849998474121094,37.2400016784668,37.790000915527344,35.93524169921875,19621700,-0.012284311562686945,2403,2020-07-22,37.849998474121094,37.849998474121094,37.2400016784668,37.790000915527344,35.93524169921875,19621700,-0.012284311562686945,2403,2020-07-22,37.849998474121094,37.849998474121094,37.2400016784668,37.790000915527344,35.93524169921875,19621700,-0.012284311562686945,2403,2020-07-22,37.849998474121094,37.849998474121094,37.2400016784668,37.790000915527344,35.93524169921875,19621700,-0.012284311562686945
2404,2020-07-23,37.65999984741211,37.90999984741211,37.2400016784668,37.720001220703125,35.868675231933594,21043900,-0.0018524007113218666,2404,2020-07-23,37.65999984741211,37.90999984741211,37.2400016784668,37.720001220703125,35.868675231933594,21043900,-0.0018524007113218666,2404,2020-07-23,37.65999984741211,37.90999984741211,37.2400016784668,37.720001220703125,35.868675231933594,21043900,-0.0018524007113218666,2404,2020-07-23,37.65999984741211,37.90999984741211,37.2400016784668,37.720001220703125,35.868675231933594,21043900,-0.0018524007113218666,2404,2020-07-23,37.65999984741211,37.90999984741211,37.2400016784668,37.720001220703125,35.868675231933594,21043900,-0.0018524007113218666
2405,2020-07-24,37.720001220703125,38.279998779296875,37.369998931884766,37.5099983215332,35.66897964477539,19950600,-0.005567409051684624,2405,2020-07-24,37.720001220703125,38.279998779296875,37.369998931884766,37.5099983215332,35.66897964477539,19950600,-0.005567409051684624,2405,2020-07-24,37.720001220703125,38.279998779296875,37.369998931884766,37.5099983215332,35.66897964477539,19950600,-0.005567409051684624,2405,2020-07-24,37.720001220703125,38.279998779296875,37.369998931884766,37.5099983215332,35.66897964477539,19950600,-0.005567409051684624,2405,2020-07-24,37.720001220703125,38.279998779296875,37.369998931884766,37.5099983215332,35.66897964477539,19950600,-0.005567409051684624
2406,2020-07-27,37.459999084472656,37.720001220703125,36.9900016784668,37.54999923706055,35.7070198059082,18231000,0.0010664774129132137,2406,2020-07-27,37.459999084472656,37.720001220703125,36.9900016784668,37.54999923706055,35.7070198059082,18231000,0.0010664774129132137,2406,2020-07-27,37.459999084472656,37.720001220703125,36.9900016784668,37.54999923706055,35.7070198059082,18231000,0.0010664774129132137,2406,2020-07-27,37.459999084472656,37.720001220703125,36.9900016784668,37.54999923706055,35.7070198059082,18231000,0.0010664774129132137,2406,2020-07-27,37.459999084472656,37.720001220703125,36.9900016784668,37.54999923706055,35.7070198059082,18231000,0.0010664774129132137
2407,2020-07-28,37.33000183105469,37.689998626708984,36.810001373291016,36.90999984741211,35.09843444824219,17776900,-0.01704385750964621,2407,2020-07-28,37.33000183105469,37.689998626708984,36.810001373291016,36.90999984741211,35.09843444824219,17776900,-0.01704385750964621,2407,2020-07-28,37.33000183105469,37.689998626708984,36.810001373291016,36.90999984741211,35.09843444824219,17776900,-0.01704385750964621,2407,2020-07-28,37.33000183105469,37.689998626708984,36.810001373291016,36.90999984741211,35.09843444824219,17776900,-0.01704385750964621,2407,2020-07-28,37.33000183105469,37.689998626708984,36.810001373291016,36.90999984741211,35.09843444824219,17776900,-0.01704385750964621
2408,2020-07-29,37.0099983215332,37.709999084472656,36.7599983215332,37.68000030517578,35.83063888549805,17215000,0.020861455753407032,2408,2020-07-29,37.0099983215332,37.709999084472656,36.7599983215332,37.68000030517578,35.83063888549805,17215000,0.020861455753407032,2408,2020-07-29,37.0099983215332,37.709999084472656,36.7599983215332,37.68000030517578,35.83063888549805,17215000,0.020861455753407032,2408,2020-07-29,37.0099983215332,37.709999084472656,36.7599983215332,37.68000030517578,35.83063888549805,17215000,0.020861455753407032,2408,2020-07-29,37.0099983215332,37.709999084472656,36.7599983215332,37.68000030517578,35.83063888549805,17215000,0.020861455753407032
2409,2020-07-30,36.88999938964844,36.90999984741211,35.880001068115234,36.20000076293945,34.42328643798828,32833700,-0.039277905482153486,2409,2020-07-30,36.88999938964844,36.90999984741211,35.880001068115234,36.20000076293945,34.42328643798828,32833700,-0.039277905482153486,2409,2020-07-30,36.88999938964844,36.90999984741211,35.880001068115234,36.20000076293945,34.42328643798828,32833700,-0.039277905482153486,2409,2020-07-30,36.88999938964844,36.90999984741211,35.880001068115234,36.20000076293945,34.42328643798828,32833700,-0.039277905482153486,2409,2020-07-30,36.88999938964844,36.90999984741211,35.880001068115234,36.20000076293945,34.42328643798828,32833700,-0.039277905482153486
2410,2020-07-31,35.650001525878906,36.06999969482422,35.29999923706055,36.029998779296875,34.26162338256836,24774100,-0.004696328333180788,2410,2020-07-31,35.650001525878906,36.06999969482422,35.29999923706055,36.029998779296875,34.26162338256836,24774100,-0.004696328333180788,2410,2020-07-31,35.650001525878906,36.06999969482422,35.29999923706055,36.029998779296875,34.26162338256836,24774100,-0.004696328333180788,2410,2020-07-31,35.650001525878906,36.06999969482422,35.29999923706055,36.029998779296875,34.26162338256836,24774100,-0.004696328333180788,2410,2020-07-31,35.650001525878906,36.06999969482422,35.29999923706055,36.029998779296875,34.26162338256836,24774100,-0.004696328333180788
2411,2020-08-03,36.02000045776367,36.36000061035156,35.720001220703125,36.15999984741211,34.38523864746094,21103400,0.0036079803782873565,2411,2020-08-03,36.02000045776367,36.36000061035156,35.720001220703125,36.15999984741211,34.38523864746094,21103400,0.0036079803782873565,2411,2020-08-03,36.02000045776367,36.36000061035156,35.720001220703125,36.15999984741211,34.38523864746094,21103400,0.0036079803782873565,2411,2020-08-03,36.02000045776367,36.36000061035156,35.720001220703125,36.15999984741211,34.38523864746094,21103400,0.0036079803782873565,2411,2020-08-03,36.02000045776367,36.36000061035156,35.720001220703125,36.15999984741211,34.38523864746094,21103400,0.0036079803782873565
2412,2020-08-04,36.040000915527344,37.119998931884766,36.0099983215332,37.040000915527344,35.222049713134766,22572100,0.024336346019096844,2412,2020-08-04,36.040000915527344,37.119998931884766,36.0099983215332,37.040000915527344,35.222049713134766,22572100,0.024336346019096844,2412,2020-08-04,36.040000915527344,37.119998931884766,36.0099983215332,37.040000915527344,35.222049713134766,22572100,0.024336346019096844,2412,2020-08-04,36.040000915527344,37.119998931884766,36.0099983215332,37.040000915527344,35.222049713134766,22572100,0.024336346019096844,2412,2020-08-04,36.040000915527344,37.119998931884766,36.0099983215332,37.040000915527344,35.222049713134766,22572100,0.024336346019096844
2413,2020-08-05,37.77000045776367,37.900001525878906,37.09000015258789,37.43000030517578,35.59291076660156,30758700,0.01052922974350623,2413,2020-08-05,37.77000045776367,37.900001525878906,37.09000015258789,37.43000030517578,35.59291076660156,30758700,0.01052922974350623,2413,2020-08-05,37.77000045776367,37.900001525878906,37.09000015258789,37.43000030517578,35.59291076660156,30758700,0.01052922974350623,2413,2020-08-05,37.77000045776367,37.900001525878906,37.09000015258789,37.43000030517578,35.59291076660156,30758700,0.01052922974350623,2413,2020-08-05,37.77000045776367,37.900001525878906,37.09000015258789,37.43000030517578,35.59291076660156,30758700,0.01052922974350623
2414,2020-08-06,37.220001220703125,37.560001373291016,36.9900016784668,37.130001068115234,35.30763626098633,19190700,-0.008014924867648654,2414,2020-08-06,37.220001220703125,37.560001373291016,36.9900016784668,37.130001068115234,35.30763626098633,19190700,-0.008014924867648654,2414,2020-08-06,37.220001220703125,37.560001373291016,36.9900016784668,37.130001068115234,35.30763626098633,19190700,-0.008014924867648654,2414,2020-08-06,37.220001220703125,37.560001373291016,36.9900016784668,37.130001068115234,35.30763626098633,19190700,-0.008014924867648654,2414,2020-08-06,37.220001220703125,37.560001373291016,36.9900016784668,37.130001068115234,35.30763626098633,19190700,-0.008014924867648654
2415,2020-08-07,36.79999923706055,37.27000045776367,36.369998931884766,37.18000030517578,35.35517883300781,18376600,0.0013465237851115752,2415,2020-08-07,36.79999923706055,37.27000045776367,36.369998931884766,37.18000030517578,35.35517883300781,18376600,0.0013465237851115752,2415,2020-08-07,36.79999923706055,37.27000045776367,36.369998931884766,37.18000030517578,35.35517883300781,18376600,0.0013465237851115752,2415,2020-08-07,36.79999923706055,37.27000045776367,36.369998931884766,37.18000030517578,35.35517883300781,18376600,0.0013465237851115752,2415,2020-08-07,36.79999923706055,37.27000045776367,36.369998931884766,37.18000030517578,35.35517883300781,18376600,0.0013465237851115752
2416,2020-08-10,37.459999084472656,38.349998474121094,37.369998931884766,38.33000183105469,36.44873809814453,26308100,0.030930667054518413,2416,2020-08-10,37.459999084472656,38.349998474121094,37.369998931884766,38.33000183105469,36.44873809814453,26308100,0.030930667054518413,2416,2020-08-10,37.459999084472656,38.349998474121094,37.369998931884766,38.33000183105469,36.44873809814453,26308100,0.030930667054518413,2416,2020-08-10,37.459999084472656,38.349998474121094,37.369998931884766,38.33000183105469,36.44873809814453,26308100,0.030930667054518413,2416,2020-08-10,37.459999084472656,38.349998474121094,37.369998931884766,38.33000183105469,36.44873809814453,26308100,0.030930667054518413
2417,2020-08-11,39.08000183105469,39.529998779296875,38.02000045776367,38.20000076293945,36.32511901855469,26513100,-0.0033915873646154227,2417,2020-08-11,39.08000183105469,39.529998779296875,38.02000045776367,38.20000076293945,36.32511901855469,26513100,-0.0033915873646154227,2417,2020-08-11,39.08000183105469,39.529998779296875,38.02000045776367,38.20000076293945,36.32511901855469,26513100,-0.0033915873646154227,2417,2020-08-11,39.08000183105469,39.529998779296875,38.02000045776367,38.20000076293945,36.32511901855469,26513100,-0.0033915873646154227,2417,2020-08-11,39.08000183105469,39.529998779296875,38.02000045776367,38.20000076293945,36.32511901855469,26513100,-0.0033915873646154227
2418,2020-08-12,38.779998779296875,39.029998779296875,38.16999816894531,38.58000183105469,36.686466217041016,25532700,0.009947584708580148,2418,2020-08-12,38.779998779296875,39.029998779296875,38.16999816894531,38.58000183105469,36.686466217041016,25532700,0.009947584708580148,2418,2020-08-12,38.779998779296875,39.029998779296875,38.16999816894531,38.58000183105469,36.686466217041016,25532700,0.009947584708580148,2418,2020-08-12,38.779998779296875,39.029998779296875,38.16999816894531,38.58000183105469,36.686466217041016,25532700,0.009947584708580148,2418,2020-08-12,38.779998779296875,39.029998779296875,38.16999816894531,38.58000183105469,36.686466217041016,25532700,0.009947584708580148
2419,2020-08-13,38.27000045776367,38.59000015258789,37.7400016784668,37.83000183105469,35.97327423095703,15761000,-0.01944019306369449,2419,2020-08-13,38.27000045776367,38.59000015258789,37.7400016784668,37.83000183105469,35.97327423095703,15761000,-0.01944019306369449,2419,2020-08-13,38.27000045776367,38.59000015258789,37.7400016784668,37.83000183105469,35.97327423095703,15761000,-0.01944019306369449,2419,2020-08-13,38.27000045776367,38.59000015258789,37.7400016784668,37.83000183105469,35.97327423095703,15761000,-0.01944019306369449,2419,2020-08-13,38.27000045776367,38.59000015258789,37.7400016784668,37.83000183105469,35.97327423095703,15761000,-0.01944019306369449
2420,2020-08-14,37.529998779296875,38.25,37.38999938964844,38.189998626708984,36.31560516357422,13279700,0.009516257275313356,2420,2020-08-14,37.529998779296875,38.25,37.38999938964844,38.189998626708984,36.31560516357422,13279700,0.009516257275313356,2420,2020-08-14,37.529998779296875,38.25,37.38999938964844,38.189998626708984,36.31560516357422,13279700,0.009516257275313356,2420,2020-08-14,37.529998779296875,38.25,37.38999938964844,38.189998626708984,36.31560516357422,13279700,0.009516257275313356,2420,2020-08-14,37.529998779296875,38.25,37.38999938964844,38.189998626708984,36.31560516357422,13279700,0.009516257275313356
2421,2020-08-17,38.20000076293945,38.220001220703125,37.7599983215332,37.970001220703125,36.10640335083008,14255800,-0.005760658862817958,2421,2020-08-17,38.20000076293945,38.220001220703125,37.7599983215332,37.970001220703125,36.10640335083008,14255800,-0.005760658862817958,2421,2020-08-17,38.20000076293945,38.220001220703125,37.7599983215332,37.970001220703125,36.10640335083008,14255800,-0.005760658862817958,2421,2020-08-17,38.20000076293945,38.220001220703125,37.7599983215332,37.970001220703125,36.10640335083008,14255800,-0.005760658862817958,2421,2020-08-17,38.20000076293945,38.220001220703125,37.7599983215332,37.970001220703125,36.10640335083008,14255800,-0.005760658862817958
2422,2020-08-18,37.83000183105469,38.20000076293945,37.380001068115234,37.4900016784668,35.649967193603516,14348800,-0.012641418553700046,2422,2020-08-18,37.83000183105469,38.20000076293945,37.380001068115234,37.4900016784668,35.649967193603516,14348800,-0.012641418553700046,2422,2020-08-18,37.83000183105469,38.20000076293945,37.380001068115234,37.4900016784668,35.649967193603516,14348800,-0.012641418553700046,2422,2020-08-18,37.83000183105469,38.20000076293945,37.380001068115234,37.4900016784668,35.649967193603516,14348800,-0.012641418553700046,2422,2020-08-18,37.83000183105469,38.20000076293945,37.380001068115234,37.4900016784668,35.649967193603516,14348800,-0.012641418553700046
2423,2020-08-19,37.459999084472656,37.630001068115234,36.939998626708984,37.060001373291016,35.24107360839844,14793900,-0.011469676338957346,2423,2020-08-19,37.459999084472656,37.630001068115234,36.939998626708984,37.060001373291016,35.24107360839844,14793900,-0.011469676338957346,2423,2020-08-19,37.459999084472656,37.630001068115234,36.939998626708984,37.060001373291016,35.24107360839844,14793900,-0.011469676338957346,2423,2020-08-19,37.459999084472656,37.630001068115234,36.939998626708984,37.060001373291016,35.24107360839844,14793900,-0.011469676338957346,2423,2020-08-19,37.459999084472656,37.630001068115234,36.939998626708984,37.060001373291016,35.24107360839844,14793900,-0.011469676338957346
2424,2020-08-20,36.5099983215332,36.75,36.25,36.2599983215332,34.48033142089844,19107700,-0.02158680510002131,2424,2020-08-20,36.5099983215332,36.75,36.25,36.2599983215332,34.48033142089844,19107700,-0.02158680510002131,2424,2020-08-20,36.5099983215332,36.75,36.25,36.2599983215332,34.48033142089844,19107700,-0.02158680510002131,2424,2020-08-20,36.5099983215332,36.75,36.25,36.2599983215332,34.48033142089844,19107700,-0.02158680510002131,2424,2020-08-20,36.5099983215332,36.75,36.25,36.2599983215332,34.48033142089844,19107700,-0.02158680510002131
2425,2020-08-21,36.119998931884766,36.189998626708984,35.689998626708984,36.029998779296875,34.26162338256836,17347800,-0.006342979586255404,2425,2020-08-21,36.119998931884766,36.189998626708984,35.689998626708984,36.029998779296875,34.26162338256836,17347800,-0.006342979586255404,2425,2020-08-21,36.119998931884766,36.189998626708984,35.689998626708984,36.029998779296875,34.26162338256836,17347800,-0.006342979586255404,2425,2020-08-21,36.119998931884766,36.189998626708984,35.689998626708984,36.029998779296875,34.26162338256836,17347800,-0.006342979586255404,2425,2020-08-21,36.119998931884766,36.189998626708984,35.689998626708984,36.029998779296875,34.26162338256836,17347800,-0.006342979586255404
2426,2020-08-24,36.25,37.279998779296875,36.029998779296875,37.02000045776367,35.20303726196289,24827000,0.027477211715353445,2426,2020-08-24,36.25,37.279998779296875,36.029998779296875,37.02000045776367,35.20303726196289,24827000,0.027477211715353445,2426,2020-08-24,36.25,37.279998779296875,36.029998779296875,37.02000045776367,35.20303726196289,24827000,0.027477211715353445,2426,2020-08-24,36.25,37.279998779296875,36.029998779296875,37.02000045776367,35.20303726196289,24827000,0.027477211715353445,2426,2020-08-24,36.25,37.279998779296875,36.029998779296875,37.02000045776367,35.20303726196289,24827000,0.027477211715353445
2427,2020-08-25,37.220001220703125,37.27000045776367,36.31999969482422,36.5,34.708553314208984,20118500,-0.014046627399624922,2427,2020-08-25,37.220001220703125,37.27000045776367,36.31999969482422,36.5,34.708553314208984,20118500,-0.014046627399624922,2427,2020-08-25,37.220001220703125,37.27000045776367,36.31999969482422,36.5,34.708553314208984,20118500,-0.014046627399624922,2427,2020-08-25,37.220001220703125,37.27000045776367,36.31999969482422,36.5,34.708553314208984,20118500,-0.014046627399624922,2427,2020-08-25,37.220001220703125,37.27000045776367,36.31999969482422,36.5,34.708553314208984,20118500,-0.014046627399624922
2428,2020-08-26,36.45000076293945,36.45000076293945,35.68000030517578,35.72999954223633,33.97634506225586,18001200,-0.021095902365177888,2428,2020-08-26,36.45000076293945,36.45000076293945,35.68000030517578,35.72999954223633,33.97634506225586,18001200,-0.021095902365177888,2428,2020-08-26,36.45000076293945,36.45000076293945,35.68000030517578,35.72999954223633,33.97634506225586,18001200,-0.021095902365177888,2428,2020-08-26,36.45000076293945,36.45000076293945,35.68000030517578,35.72999954223633,33.97634506225586,18001200,-0.021095902365177888,2428,2020-08-26,36.45000076293945,36.45000076293945,35.68000030517578,35.72999954223633,33.97634506225586,18001200,-0.021095902365177888
2429,2020-08-27,35.7400016784668,36.040000915527344,35.36000061035156,35.79999923706055,34.042911529541016,22259700,0.0019592003543402736,2429,2020-08-27,35.7400016784668,36.040000915527344,35.36000061035156,35.79999923706055,34.042911529541016,22259700,0.0019592003543402736,2429,2020-08-27,35.7400016784668,36.040000915527344,35.36000061035156,35.79999923706055,34.042911529541016,22259700,0.0019592003543402736,2429,2020-08-27,35.7400016784668,36.040000915527344,35.36000061035156,35.79999923706055,34.042911529541016,22259700,0.0019592003543402736,2429,2020-08-27,35.7400016784668,36.040000915527344,35.36000061035156,35.79999923706055,34.042911529541016,22259700,0.0019592003543402736
2430,2020-08-28,35.939998626708984,36.54999923706055,35.7599983215332,36.439998626708984,34.65149688720703,14575100,0.017877006704843934,2430,2020-08-28,35.939998626708984,36.54999923706055,35.7599983215332,36.439998626708984,34.65149688720703,14575100,0.017877006704843934,2430,2020-08-28,35.939998626708984,36.54999923706055,35.7599983215332,36.439998626708984,34.65149688720703,14575100,0.017877006704843934,2430,2020-08-28,35.939998626708984,36.54999923706055,35.7599983215332,36.439998626708984,34.65149688720703,14575100,0.017877006704843934,2430,2020-08-28,35.939998626708984,36.54999923706055,35.7599983215332,36.439998626708984,34.65149688720703,14575100,0.017877006704843934
2431,2020-08-31,36.4900016784668,36.540000915527344,35.650001525878906,35.650001525878906,33.90027618408203,18791500,-0.021679314621537826,2431,2020-08-31,36.4900016784668,36.540000915527344,35.650001525878906,35.650001525878906,33.90027618408203,18791500,-0.021679314621537826,2431,2020-08-31,36.4900016784668,36.540000915527344,35.650001525878906,35.650001525878906,33.90027618408203,18791500,-0.021679314621537826,2431,2020-08-31,36.4900016784668,36.540000915527344,35.650001525878906,35.650001525878906,33.90027618408203,18791500,-0.021679314621537826,2431,2020-08-31,36.4900016784668,36.540000915527344,35.650001525878906,35.650001525878906,33.90027618408203,18791500,-0.021679314621537826
2432,2020-09-01,35.4900016784668,35.56999969482422,34.970001220703125,35.40999984741211,33.67205047607422,18260500,-0.006732266922208074,2432,2020-09-01,35.4900016784668,35.56999969482422,34.970001220703125,35.40999984741211,33.67205047607422,18260500,-0.006732266922208074,2432,2020-09-01,35.4900016784668,35.56999969482422,34.970001220703125,35.40999984741211,33.67205047607422,18260500,-0.006732266922208074,2432,2020-09-01,35.4900016784668,35.56999969482422,34.970001220703125,35.40999984741211,33.67205047607422,18260500,-0.006732266922208074,2432,2020-09-01,35.4900016784668,35.56999969482422,34.970001220703125,35.40999984741211,33.67205047607422,18260500,-0.006732266922208074
2433,2020-09-02,35.400001525878906,35.61000061035156,35.02000045776367,35.2400016784668,33.510398864746094,23850200,-0.0048007652947357204,2433,2020-09-02,35.400001525878906,35.61000061035156,35.02000045776367,35.2400016784668,33.510398864746094,23850200,-0.0048007652947357204,2433,2020-09-02,35.400001525878906,35.61000061035156,35.02000045776367,35.2400016784668,33.510398864746094,23850200,-0.0048007652947357204,2433,2020-09-02,35.400001525878906,35.61000061035156,35.02000045776367,35.2400016784668,33.510398864746094,23850200,-0.0048007652947357204,2433,2020-09-02,35.400001525878906,35.61000061035156,35.02000045776367,35.2400016784668,33.510398864746094,23850200,-0.0048007652947357204
2434,2020-09-03,35.16999816894531,35.900001525878906,34.77000045776367,34.97999954223633,33.26315689086914,39442300,-0.0073780671747556426,2434,2020-09-03,35.16999816894531,35.900001525878906,34.77000045776367,34.97999954223633,33.26315689086914,39442300,-0.0073780671747556426,2434,2020-09-03,35.16999816894531,35.900001525878906,34.77000045776367,34.97999954223633,33.26315689086914,39442300,-0.0073780671747556426,2434,2020-09-03,35.16999816894531,35.900001525878906,34.77000045776367,34.97999954223633,33.26315689086914,39442300,-0.0073780671747556426,2434,2020-09-03,35.16999816894531,35.900001525878906,34.77000045776367,34.97999954223633,33.26315689086914,39442300,-0.0073780671747556426
2435,2020-09-04,35.34000015258789,35.58000183105469,34.439998626708984,34.869998931884766,33.1585578918457,34341000,-0.0031445902554171345,2435,2020-09-04,35.34000015258789,35.58000183105469,34.439998626708984,34.869998931884766,33.1585578918457,34341000,-0.0031445902554171345,2435,2020-09-04,35.34000015258789,35.58000183105469,34.439998626708984,34.869998931884766,33.1585578918457,34341000,-0.0031445902554171345,2435,2020-09-04,35.34000015258789,35.58000183105469,34.439998626708984,34.869998931884766,33.1585578918457,34341000,-0.0031445902554171345,2435,2020-09-04,35.34000015258789,35.58000183105469,34.439998626708984,34.869998931884766,33.1585578918457,34341000,-0.0031445902554171345
2436,2020-09-08,34.209999084472656,34.369998931884766,33.220001220703125,33.599998474121094,31.950883865356445,49218800,-0.03642118666403904,2436,2020-09-08,34.209999084472656,34.369998931884766,33.220001220703125,33.599998474121094,31.950883865356445,49218800,-0.03642118666403904,2436,2020-09-08,34.209999084472656,34.369998931884766,33.220001220703125,33.599998474121094,31.950883865356445,49218800,-0.03642118666403904,2436,2020-09-08,34.209999084472656,34.369998931884766,33.220001220703125,33.599998474121094,31.950883865356445,49218800,-0.03642118666403904,2436,2020-09-08,34.209999084472656,34.369998931884766,33.220001220703125,33.599998474121094,31.950883865356445,49218800,-0.03642118666403904
2437,2020-09-09,33.97999954223633,34.16999816894531,33.709999084472656,33.83000183105469,32.16960144042969,24977600,0.006845431130948931,2437,2020-09-09,33.97999954223633,34.16999816894531,33.709999084472656,33.83000183105469,32.16960144042969,24977600,0.006845431130948931,2437,2020-09-09,33.97999954223633,34.16999816894531,33.709999084472656,33.83000183105469,32.16960144042969,24977600,0.006845431130948931,2437,2020-09-09,33.97999954223633,34.16999816894531,33.709999084472656,33.83000183105469,32.16960144042969,24977600,0.006845431130948931,2437,2020-09-09,33.97999954223633,34.16999816894531,33.709999084472656,33.83000183105469,32.16960144042969,24977600,0.006845431130948931
2438,2020-09-10,33.93000030517578,33.970001220703125,32.529998779296875,32.59000015258789,30.990461349487305,37003300,-0.036653860730163634,2438,2020-09-10,33.93000030517578,33.970001220703125,32.529998779296875,32.59000015258789,30.990461349487305,37003300,-0.036653860730163634,2438,2020-09-10,33.93000030517578,33.970001220703125,32.529998779296875,32.59000015258789,30.990461349487305,37003300,-0.036653860730163634,2438,2020-09-10,33.93000030517578,33.970001220703125,32.529998779296875,32.59000015258789,30.990461349487305,37003300,-0.036653860730163634,2438,2020-09-10,33.93000030517578,33.970001220703125,32.529998779296875,32.59000015258789,30.990461349487305,37003300,-0.036653860730163634
2439,2020-09-11,32.65999984741211,32.83000183105469,32.349998474121094,32.619998931884766,31.018985748291016,25397300,0.000920425110231049,2439,2020-09-11,32.65999984741211,32.83000183105469,32.349998474121094,32.619998931884766,31.018985748291016,25397300,0.000920425110231049,2439,2020-09-11,32.65999984741211,32.83000183105469,32.349998474121094,32.619998931884766,31.018985748291016,25397300,0.000920425110231049,2439,2020-09-11,32.65999984741211,32.83000183105469,32.349998474121094,32.619998931884766,31.018985748291016,25397300,0.000920425110231049,2439,2020-09-11,32.65999984741211,32.83000183105469,32.349998474121094,32.619998931884766,31.018985748291016,25397300,0.000920425110231049
2440,2020-09-14,32.709999084472656,33.16999816894531,32.47999954223633,32.869998931884766,31.256717681884766,19444200,0.007664078236563565,2440,2020-09-14,32.709999084472656,33.16999816894531,32.47999954223633,32.869998931884766,31.256717681884766,19444200,0.007664078236563565,2440,2020-09-14,32.709999084472656,33.16999816894531,32.47999954223633,32.869998931884766,31.256717681884766,19444200,0.007664078236563565,2440,2020-09-14,32.709999084472656,33.16999816894531,32.47999954223633,32.869998931884766,31.256717681884766,19444200,0.007664078236563565,2440,2020-09-14,32.709999084472656,33.16999816894531,32.47999954223633,32.869998931884766,31.256717681884766,19444200,0.007664078236563565
2441,2020-09-15,33.09000015258789,33.38999938964844,32.529998779296875,32.630001068115234,31.02849769592285,25610400,-0.0073014699842965936,2441,2020-09-15,33.09000015258789,33.38999938964844,32.529998779296875,32.630001068115234,31.02849769592285,25610400,-0.0073014699842965936,2441,2020-09-15,33.09000015258789,33.38999938964844,32.529998779296875,32.630001068115234,31.02849769592285,25610400,-0.0073014699842965936,2441,2020-09-15,33.09000015258789,33.38999938964844,32.529998779296875,32.630001068115234,31.02849769592285,25610400,-0.0073014699842965936,2441,2020-09-15,33.09000015258789,33.38999938964844,32.529998779296875,32.630001068115234,31.02849769592285,25610400,-0.0073014699842965936
2442,2020-09-16,32.91999816894531,34.380001068115234,32.63999938964844,33.939998626708984,32.274200439453125,35886100,0.040147053065155536,2442,2020-09-16,32.91999816894531,34.380001068115234,32.63999938964844,33.939998626708984,32.274200439453125,35886100,0.040147053065155536,2442,2020-09-16,32.91999816894531,34.380001068115234,32.63999938964844,33.939998626708984,32.274200439453125,35886100,0.040147053065155536,2442,2020-09-16,32.91999816894531,34.380001068115234,32.63999938964844,33.939998626708984,32.274200439453125,35886100,0.040147053065155536,2442,2020-09-16,32.91999816894531,34.380001068115234,32.63999938964844,33.939998626708984,32.274200439453125,35886100,0.040147053065155536
2443,2020-09-17,33.400001525878906,34.02000045776367,33.06999969482422,33.9900016784668,32.321746826171875,22356700,0.0014732010730349465,2443,2020-09-17,33.400001525878906,34.02000045776367,33.06999969482422,33.9900016784668,32.321746826171875,22356700,0.0014732010730349465,2443,2020-09-17,33.400001525878906,34.02000045776367,33.06999969482422,33.9900016784668,32.321746826171875,22356700,0.0014732010730349465,2443,2020-09-17,33.400001525878906,34.02000045776367,33.06999969482422,33.9900016784668,32.321746826171875,22356700,0.0014732010730349465,2443,2020-09-17,33.400001525878906,34.02000045776367,33.06999969482422,33.9900016784668,32.321746826171875,22356700,0.0014732010730349465
2444,2020-09-18,33.970001220703125,33.9900016784668,33.27000045776367,33.61000061035156,31.960399627685547,26406400,-0.011179692744630154,2444,2020-09-18,33.970001220703125,33.9900016784668,33.27000045776367,33.61000061035156,31.960399627685547,26406400,-0.011179692744630154,2444,2020-09-18,33.970001220703125,33.9900016784668,33.27000045776367,33.61000061035156,31.960399627685547,26406400,-0.011179692744630154,2444,2020-09-18,33.970001220703125,33.9900016784668,33.27000045776367,33.61000061035156,31.960399627685547,26406400,-0.011179692744630154,2444,2020-09-18,33.970001220703125,33.9900016784668,33.27000045776367,33.61000061035156,31.960399627685547,26406400,-0.011179692744630154
2445,2020-09-21,32.2599983215332,32.34000015258789,31.43000030517578,31.969999313354492,30.901044845581055,30719600,-0.03314585532237313,2445,2020-09-21,32.2599983215332,32.34000015258789,31.43000030517578,31.969999313354492,30.901044845581055,30719600,-0.03314585532237313,2445,2020-09-21,32.2599983215332,32.34000015258789,31.43000030517578,31.969999313354492,30.901044845581055,30719600,-0.03314585532237313,2445,2020-09-21,32.2599983215332,32.34000015258789,31.43000030517578,31.969999313354492,30.901044845581055,30719600,-0.03314585532237313,2445,2020-09-21,32.2599983215332,32.34000015258789,31.43000030517578,31.969999313354492,30.901044845581055,30719600,-0.03314585532237313
2446,2020-09-22,31.989999771118164,32.5,31.579999923706055,31.639999389648438,30.582077026367188,22348700,-0.010322234112400297,2446,2020-09-22,31.989999771118164,32.5,31.579999923706055,31.639999389648438,30.582077026367188,22348700,-0.010322234112400297,2446,2020-09-22,31.989999771118164,32.5,31.579999923706055,31.639999389648438,30.582077026367188,22348700,-0.010322234112400297,2446,2020-09-22,31.989999771118164,32.5,31.579999923706055,31.639999389648438,30.582077026367188,22348700,-0.010322234112400297,2446,2020-09-22,31.989999771118164,32.5,31.579999923706055,31.639999389648438,30.582077026367188,22348700,-0.010322234112400297
2447,2020-09-23,31.760000228881836,31.8799991607666,30.170000076293945,30.209999084472656,29.19989013671875,26484600,-0.045195978299863215,2447,2020-09-23,31.760000228881836,31.8799991607666,30.170000076293945,30.209999084472656,29.19989013671875,26484600,-0.045195978299863215,2447,2020-09-23,31.760000228881836,31.8799991607666,30.170000076293945,30.209999084472656,29.19989013671875,26484600,-0.045195978299863215,2447,2020-09-23,31.760000228881836,31.8799991607666,30.170000076293945,30.209999084472656,29.19989013671875,26484600,-0.045195978299863215,2447,2020-09-23,31.760000228881836,31.8799991607666,30.170000076293945,30.209999084472656,29.19989013671875,26484600,-0.045195978299863215
2448,2020-09-24,30.100000381469727,30.75,29.540000915527344,30.200000762939453,29.190227508544922,35243800,-0.00033091316880251576,2448,2020-09-24,30.100000381469727,30.75,29.540000915527344,30.200000762939453,29.190227508544922,35243800,-0.00033091316880251576,2448,2020-09-24,30.100000381469727,30.75,29.540000915527344,30.200000762939453,29.190227508544922,35243800,-0.00033091316880251576,2448,2020-09-24,30.100000381469727,30.75,29.540000915527344,30.200000762939453,29.190227508544922,35243800,-0.00033091316880251576,2448,2020-09-24,30.100000381469727,30.75,29.540000915527344,30.200000762939453,29.190227508544922,35243800,-0.00033091316880251576
2449,2020-09-25,29.889999389648438,30.40999984741211,29.700000762939453,30.18000030517578,29.170894622802734,27558400,-0.000662306785259803,2449,2020-09-25,29.889999389648438,30.40999984741211,29.700000762939453,30.18000030517578,29.170894622802734,27558400,-0.000662306785259803,2449,2020-09-25,29.889999389648438,30.40999984741211,29.700000762939453,30.18000030517578,29.170894622802734,27558400,-0.000662306785259803,2449,2020-09-25,29.889999389648438,30.40999984741211,29.700000762939453,30.18000030517578,29.170894622802734,27558400,-0.000662306785259803,2449,2020-09-25,29.889999389648438,30.40999984741211,29.700000762939453,30.18000030517578,29.170894622802734,27558400,-0.000662306785259803
2450,2020-09-28,30.729999542236328,31.229999542236328,30.690000534057617,30.889999389648438,29.857154846191406,26376000,0.023525511721955494,2450,2020-09-28,30.729999542236328,31.229999542236328,30.690000534057617,30.889999389648438,29.857154846191406,26376000,0.023525511721955494,2450,2020-09-28,30.729999542236328,31.229999542236328,30.690000534057617,30.889999389648438,29.857154846191406,26376000,0.023525511721955494,2450,2020-09-28,30.729999542236328,31.229999542236328,30.690000534057617,30.889999389648438,29.857154846191406,26376000,0.023525511721955494,2450,2020-09-28,30.729999542236328,31.229999542236328,30.690000534057617,30.889999389648438,29.857154846191406,26376000,0.023525511721955494
2451,2020-09-29,30.799999237060547,30.8700008392334,29.739999771118164,30.040000915527344,29.03557586669922,23800900,-0.027516988263769138,2451,2020-09-29,30.799999237060547,30.8700008392334,29.739999771118164,30.040000915527344,29.03557586669922,23800900,-0.027516988263769138,2451,2020-09-29,30.799999237060547,30.8700008392334,29.739999771118164,30.040000915527344,29.03557586669922,23800900,-0.027516988263769138,2451,2020-09-29,30.799999237060547,30.8700008392334,29.739999771118164,30.040000915527344,29.03557586669922,23800900,-0.027516988263769138,2451,2020-09-29,30.799999237060547,30.8700008392334,29.739999771118164,30.040000915527344,29.03557586669922,23800900,-0.027516988263769138
2452,2020-09-30,30.229999542236328,30.579999923706055,29.809999465942383,29.950000762939453,28.948585510253906,24574500,-0.002995992118244195,2452,2020-09-30,30.229999542236328,30.579999923706055,29.809999465942383,29.950000762939453,28.948585510253906,24574500,-0.002995992118244195,2452,2020-09-30,30.229999542236328,30.579999923706055,29.809999465942383,29.950000762939453,28.948585510253906,24574500,-0.002995992118244195,2452,2020-09-30,30.229999542236328,30.579999923706055,29.809999465942383,29.950000762939453,28.948585510253906,24574500,-0.002995992118244195,2452,2020-09-30,30.229999542236328,30.579999923706055,29.809999465942383,29.950000762939453,28.948585510253906,24574500,-0.002995992118244195
2453,2020-10-01,29.6200008392334,29.75,28.850000381469727,29.030000686645508,28.05934715270996,28365200,-0.030717851731614565,2453,2020-10-01,29.6200008392334,29.75,28.850000381469727,29.030000686645508,28.05934715270996,28365200,-0.030717851731614565,2453,2020-10-01,29.6200008392334,29.75,28.850000381469727,29.030000686645508,28.05934715270996,28365200,-0.030717851731614565,2453,2020-10-01,29.6200008392334,29.75,28.850000381469727,29.030000686645508,28.05934715270996,28365200,-0.030717851731614565,2453,2020-10-01,29.6200008392334,29.75,28.850000381469727,29.030000686645508,28.05934715270996,28365200,-0.030717851731614565
2454,2020-10-02,28.25,29.559999465942383,28.200000762939453,29.309999465942383,28.329984664916992,28705200,0.009645182075481484,2454,2020-10-02,28.25,29.559999465942383,28.200000762939453,29.309999465942383,28.329984664916992,28705200,0.009645182075481484,2454,2020-10-02,28.25,29.559999465942383,28.200000762939453,29.309999465942383,28.329984664916992,28705200,0.009645182075481484,2454,2020-10-02,28.25,29.559999465942383,28.200000762939453,29.309999465942383,28.329984664916992,28705200,0.009645182075481484,2454,2020-10-02,28.25,29.559999465942383,28.200000762939453,29.309999465942383,28.329984664916992,28705200,0.009645182075481484
2455,2020-10-05,29.56999969482422,30.209999084472656,29.5,30.190000534057617,29.180559158325195,31572200,0.03002382470264897,2455,2020-10-05,29.56999969482422,30.209999084472656,29.5,30.190000534057617,29.180559158325195,31572200,0.03002382470264897,2455,2020-10-05,29.56999969482422,30.209999084472656,29.5,30.190000534057617,29.180559158325195,31572200,0.03002382470264897,2455,2020-10-05,29.56999969482422,30.209999084472656,29.5,30.190000534057617,29.180559158325195,31572200,0.03002382470264897,2455,2020-10-05,29.56999969482422,30.209999084472656,29.5,30.190000534057617,29.180559158325195,31572200,0.03002382470264897
2456,2020-10-06,30.6299991607666,30.799999237060547,29.65999984741211,29.739999771118164,28.74560546875,31111600,-0.014905598183203583,2456,2020-10-06,30.6299991607666,30.799999237060547,29.65999984741211,29.739999771118164,28.74560546875,31111600,-0.014905598183203583,2456,2020-10-06,30.6299991607666,30.799999237060547,29.65999984741211,29.739999771118164,28.74560546875,31111600,-0.014905598183203583,2456,2020-10-06,30.6299991607666,30.799999237060547,29.65999984741211,29.739999771118164,28.74560546875,31111600,-0.014905598183203583,2456,2020-10-06,30.6299991607666,30.799999237060547,29.65999984741211,29.739999771118164,28.74560546875,31111600,-0.014905598183203583
2457,2020-10-07,29.90999984741211,30.239999771118164,29.56999969482422,30.15999984741211,29.15156364440918,21043000,0.014122443032223098,2457,2020-10-07,29.90999984741211,30.239999771118164,29.56999969482422,30.15999984741211,29.15156364440918,21043000,0.014122443032223098,2457,2020-10-07,29.90999984741211,30.239999771118164,29.56999969482422,30.15999984741211,29.15156364440918,21043000,0.014122443032223098,2457,2020-10-07,29.90999984741211,30.239999771118164,29.56999969482422,30.15999984741211,29.15156364440918,21043000,0.014122443032223098,2457,2020-10-07,29.90999984741211,30.239999771118164,29.56999969482422,30.15999984741211,29.15156364440918,21043000,0.014122443032223098
2458,2020-10-08,30.40999984741211,31.309999465942383,30.270000457763672,31.290000915527344,30.2437801361084,30563100,0.03746682356466624,2458,2020-10-08,30.40999984741211,31.309999465942383,30.270000457763672,31.290000915527344,30.2437801361084,30563100,0.03746682356466624,2458,2020-10-08,30.40999984741211,31.309999465942383,30.270000457763672,31.290000915527344,30.2437801361084,30563100,0.03746682356466624,2458,2020-10-08,30.40999984741211,31.309999465942383,30.270000457763672,31.290000915527344,30.2437801361084,30563100,0.03746682356466624,2458,2020-10-08,30.40999984741211,31.309999465942383,30.270000457763672,31.290000915527344,30.2437801361084,30563100,0.03746682356466624
2459,2020-10-09,31.56999969482422,31.649999618530273,30.739999771118164,30.790000915527344,29.760499954223633,25517900,-0.015979489988018125,2459,2020-10-09,31.56999969482422,31.649999618530273,30.739999771118164,30.790000915527344,29.760499954223633,25517900,-0.015979489988018125,2459,2020-10-09,31.56999969482422,31.649999618530273,30.739999771118164,30.790000915527344,29.760499954223633,25517900,-0.015979489988018125,2459,2020-10-09,31.56999969482422,31.649999618530273,30.739999771118164,30.790000915527344,29.760499954223633,25517900,-0.015979489988018125,2459,2020-10-09,31.56999969482422,31.649999618530273,30.739999771118164,30.790000915527344,29.760499954223633,25517900,-0.015979489988018125
2460,2020-10-12,30.690000534057617,30.979999542236328,30.3700008392334,30.8700008392334,29.83782386779785,16684600,0.0025982061354195007,2460,2020-10-12,30.690000534057617,30.979999542236328,30.3700008392334,30.8700008392334,29.83782386779785,16684600,0.0025982061354195007,2460,2020-10-12,30.690000534057617,30.979999542236328,30.3700008392334,30.8700008392334,29.83782386779785,16684600,0.0025982061354195007,2460,2020-10-12,30.690000534057617,30.979999542236328,30.3700008392334,30.8700008392334,29.83782386779785,16684600,0.0025982061354195007,2460,2020-10-12,30.690000534057617,30.979999542236328,30.3700008392334,30.8700008392334,29.83782386779785,16684600,0.0025982061354195007
2461,2020-10-13,30.8700008392334,31.049999237060547,30.299999237060547,30.389999389648438,29.373872756958008,25383800,-0.01554909342234434,2461,2020-10-13,30.8700008392334,31.049999237060547,30.299999237060547,30.389999389648438,29.373872756958008,25383800,-0.01554909342234434,2461,2020-10-13,30.8700008392334,31.049999237060547,30.299999237060547,30.389999389648438,29.373872756958008,25383800,-0.01554909342234434,2461,2020-10-13,30.8700008392334,31.049999237060547,30.299999237060547,30.389999389648438,29.373872756958008,25383800,-0.01554909342234434,2461,2020-10-13,30.8700008392334,31.049999237060547,30.299999237060547,30.389999389648438,29.373872756958008,25383800,-0.01554909342234434
2462,2020-10-14,30.459999084472656,31.229999542236328,30.399999618530273,30.520000457763672,29.499526977539062,27244000,0.004277754643411402,2462,2020-10-14,30.459999084472656,31.229999542236328,30.399999618530273,30.520000457763672,29.499526977539062,27244000,0.004277754643411402,2462,2020-10-14,30.459999084472656,31.229999542236328,30.399999618530273,30.520000457763672,29.499526977539062,27244000,0.004277754643411402,2462,2020-10-14,30.459999084472656,31.229999542236328,30.399999618530273,30.520000457763672,29.499526977539062,27244000,0.004277754643411402,2462,2020-10-14,30.459999084472656,31.229999542236328,30.399999618530273,30.520000457763672,29.499526977539062,27244000,0.004277754643411402
2463,2020-10-15,30.0,30.899999618530273,29.729999542236328,30.889999389648438,29.857154846191406,20353900,0.01212317298933785,2463,2020-10-15,30.0,30.899999618530273,29.729999542236328,30.889999389648438,29.857154846191406,20353900,0.01212317298933785,2463,2020-10-15,30.0,30.899999618530273,29.729999542236328,30.889999389648438,29.857154846191406,20353900,0.01212317298933785,2463,2020-10-15,30.0,30.899999618530273,29.729999542236328,30.889999389648438,29.857154846191406,20353900,0.01212317298933785,2463,2020-10-15,30.0,30.899999618530273,29.729999542236328,30.889999389648438,29.857154846191406,20353900,0.01212317298933785
2464,2020-10-16,30.829999923706055,30.8700008392334,30.139999389648438,30.190000534057617,29.180559158325195,18711500,-0.02266109049411047,2464,2020-10-16,30.829999923706055,30.8700008392334,30.139999389648438,30.190000534057617,29.180559158325195,18711500,-0.02266109049411047,2464,2020-10-16,30.829999923706055,30.8700008392334,30.139999389648438,30.190000534057617,29.180559158325195,18711500,-0.02266109049411047,2464,2020-10-16,30.829999923706055,30.8700008392334,30.139999389648438,30.190000534057617,29.180559158325195,18711500,-0.02266109049411047,2464,2020-10-16,30.829999923706055,30.8700008392334,30.139999389648438,30.190000534057617,29.180559158325195,18711500,-0.02266109049411047
2465,2020-10-19,30.299999237060547,30.450000762939453,29.520000457763672,29.549999237060547,28.56195831298828,25186000,-0.021199074424193443,2465,2020-10-19,30.299999237060547,30.450000762939453,29.520000457763672,29.549999237060547,28.56195831298828,25186000,-0.021199074424193443,2465,2020-10-19,30.299999237060547,30.450000762939453,29.520000457763672,29.549999237060547,28.56195831298828,25186000,-0.021199074424193443,2465,2020-10-19,30.299999237060547,30.450000762939453,29.520000457763672,29.549999237060547,28.56195831298828,25186000,-0.021199074424193443,2465,2020-10-19,30.299999237060547,30.450000762939453,29.520000457763672,29.549999237060547,28.56195831298828,25186000,-0.021199074424193443
2466,2020-10-20,29.719999313354492,30.15999984741211,29.520000457763672,29.899999618530273,28.90025520324707,22990300,0.011844317065085486,2466,2020-10-20,29.719999313354492,30.15999984741211,29.520000457763672,29.899999618530273,28.90025520324707,22990300,0.011844317065085486,2466,2020-10-20,29.719999313354492,30.15999984741211,29.520000457763672,29.899999618530273,28.90025520324707,22990300,0.011844317065085486,2466,2020-10-20,29.719999313354492,30.15999984741211,29.520000457763672,29.899999618530273,28.90025520324707,22990300,0.011844317065085486,2466,2020-10-20,29.719999313354492,30.15999984741211,29.520000457763672,29.899999618530273,28.90025520324707,22990300,0.011844317065085486
2467,2020-10-21,29.729999542236328,29.899999618530273,29.31999969482422,29.329999923706055,28.349313735961914,24657600,-0.01906355024931594,2467,2020-10-21,29.729999542236328,29.899999618530273,29.31999969482422,29.329999923706055,28.349313735961914,24657600,-0.01906355024931594,2467,2020-10-21,29.729999542236328,29.899999618530273,29.31999969482422,29.329999923706055,28.349313735961914,24657600,-0.01906355024931594,2467,2020-10-21,29.729999542236328,29.899999618530273,29.31999969482422,29.329999923706055,28.349313735961914,24657600,-0.01906355024931594,2467,2020-10-21,29.729999542236328,29.899999618530273,29.31999969482422,29.329999923706055,28.349313735961914,24657600,-0.01906355024931594
2468,2020-10-22,29.3799991607666,30.579999923706055,29.190000534057617,30.540000915527344,29.51885986328125,32824200,0.041254830300732515,2468,2020-10-22,29.3799991607666,30.579999923706055,29.190000534057617,30.540000915527344,29.51885986328125,32824200,0.041254830300732515,2468,2020-10-22,29.3799991607666,30.579999923706055,29.190000534057617,30.540000915527344,29.51885986328125,32824200,0.041254830300732515,2468,2020-10-22,29.3799991607666,30.579999923706055,29.190000534057617,30.540000915527344,29.51885986328125,32824200,0.041254830300732515,2468,2020-10-22,29.3799991607666,30.579999923706055,29.190000534057617,30.540000915527344,29.51885986328125,32824200,0.041254830300732515
2469,2020-10-23,30.700000762939453,30.8799991607666,30.010000228881836,30.389999389648438,29.373872756958008,24987700,-0.004911677042906182,2469,2020-10-23,30.700000762939453,30.8799991607666,30.010000228881836,30.389999389648438,29.373872756958008,24987700,-0.004911677042906182,2469,2020-10-23,30.700000762939453,30.8799991607666,30.010000228881836,30.389999389648438,29.373872756958008,24987700,-0.004911677042906182,2469,2020-10-23,30.700000762939453,30.8799991607666,30.010000228881836,30.389999389648438,29.373872756958008,24987700,-0.004911677042906182,2469,2020-10-23,30.700000762939453,30.8799991607666,30.010000228881836,30.389999389648438,29.373872756958008,24987700,-0.004911677042906182
2470,2020-10-26,29.8700008392334,29.90999984741211,29.010000228881836,29.299999237060547,28.3203182220459,30401000,-0.03586706266583617,2470,2020-10-26,29.8700008392334,29.90999984741211,29.010000228881836,29.299999237060547,28.3203182220459,30401000,-0.03586706266583617,2470,2020-10-26,29.8700008392334,29.90999984741211,29.010000228881836,29.299999237060547,28.3203182220459,30401000,-0.03586706266583617,2470,2020-10-26,29.8700008392334,29.90999984741211,29.010000228881836,29.299999237060547,28.3203182220459,30401000,-0.03586706266583617,2470,2020-10-26,29.8700008392334,29.90999984741211,29.010000228881836,29.299999237060547,28.3203182220459,30401000,-0.03586706266583617
2471,2020-10-27,29.270000457763672,29.280000686645508,28.850000381469727,28.920000076293945,27.95302391052246,21596800,-0.012969286172692773,2471,2020-10-27,29.270000457763672,29.280000686645508,28.850000381469727,28.920000076293945,27.95302391052246,21596800,-0.012969286172692773,2471,2020-10-27,29.270000457763672,29.280000686645508,28.850000381469727,28.920000076293945,27.95302391052246,21596800,-0.012969286172692773,2471,2020-10-27,29.270000457763672,29.280000686645508,28.850000381469727,28.920000076293945,27.95302391052246,21596800,-0.012969286172692773,2471,2020-10-27,29.270000457763672,29.280000686645508,28.850000381469727,28.920000076293945,27.95302391052246,21596800,-0.012969286172692773
2472,2020-10-28,28.209999084472656,28.389999389648438,27.549999237060547,27.709999084472656,26.78348159790039,40549100,-0.04183956327464866,2472,2020-10-28,28.209999084472656,28.389999389648438,27.549999237060547,27.709999084472656,26.78348159790039,40549100,-0.04183956327464866,2472,2020-10-28,28.209999084472656,28.389999389648438,27.549999237060547,27.709999084472656,26.78348159790039,40549100,-0.04183956327464866,2472,2020-10-28,28.209999084472656,28.389999389648438,27.549999237060547,27.709999084472656,26.78348159790039,40549100,-0.04183956327464866,2472,2020-10-28,28.209999084472656,28.389999389648438,27.549999237060547,27.709999084472656,26.78348159790039,40549100,-0.04183956327464866
2473,2020-10-29,27.350000381469727,28.649999618530273,26.979999542236328,28.559999465942383,27.605060577392578,37252100,0.030674838761686418,2473,2020-10-29,27.350000381469727,28.649999618530273,26.979999542236328,28.559999465942383,27.605060577392578,37252100,0.030674838761686418,2473,2020-10-29,27.350000381469727,28.649999618530273,26.979999542236328,28.559999465942383,27.605060577392578,37252100,0.030674838761686418,2473,2020-10-29,27.350000381469727,28.649999618530273,26.979999542236328,28.559999465942383,27.605060577392578,37252100,0.030674838761686418,2473,2020-10-29,27.350000381469727,28.649999618530273,26.979999542236328,28.559999465942383,27.605060577392578,37252100,0.030674838761686418
2474,2020-10-30,28.360000610351562,28.739999771118164,28.030000686645508,28.719999313354492,27.75971031188965,37899700,0.005602224058284477,2474,2020-10-30,28.360000610351562,28.739999771118164,28.030000686645508,28.719999313354492,27.75971031188965,37899700,0.005602224058284477,2474,2020-10-30,28.360000610351562,28.739999771118164,28.030000686645508,28.719999313354492,27.75971031188965,37899700,0.005602224058284477,2474,2020-10-30,28.360000610351562,28.739999771118164,28.030000686645508,28.719999313354492,27.75971031188965,37899700,0.005602224058284477,2474,2020-10-30,28.360000610351562,28.739999771118164,28.030000686645508,28.719999313354492,27.75971031188965,37899700,0.005602224058284477
2475,2020-11-02,29.110000610351562,30.09000015258789,28.56999969482422,29.700000762939453,28.706945419311523,41893100,0.03412265822587379,2475,2020-11-02,29.110000610351562,30.09000015258789,28.56999969482422,29.700000762939453,28.706945419311523,41893100,0.03412265822587379,2475,2020-11-02,29.110000610351562,30.09000015258789,28.56999969482422,29.700000762939453,28.706945419311523,41893100,0.03412265822587379,2475,2020-11-02,29.110000610351562,30.09000015258789,28.56999969482422,29.700000762939453,28.706945419311523,41893100,0.03412265822587379,2475,2020-11-02,29.110000610351562,30.09000015258789,28.56999969482422,29.700000762939453,28.706945419311523,41893100,0.03412265822587379
2476,2020-11-03,30.200000762939453,30.219999313354492,29.260000228881836,29.530000686645508,28.54262924194336,34877500,-0.0057239171555196755,2476,2020-11-03,30.200000762939453,30.219999313354492,29.260000228881836,29.530000686645508,28.54262924194336,34877500,-0.0057239171555196755,2476,2020-11-03,30.200000762939453,30.219999313354492,29.260000228881836,29.530000686645508,28.54262924194336,34877500,-0.0057239171555196755,2476,2020-11-03,30.200000762939453,30.219999313354492,29.260000228881836,29.530000686645508,28.54262924194336,34877500,-0.0057239171555196755,2476,2020-11-03,30.200000762939453,30.219999313354492,29.260000228881836,29.530000686645508,28.54262924194336,34877500,-0.0057239171555196755
2477,2020-11-04,29.56999969482422,30.280000686645508,28.770000457763672,29.56999969482422,28.581289291381836,43613700,0.001354467001297266,2477,2020-11-04,29.56999969482422,30.280000686645508,28.770000457763672,29.56999969482422,28.581289291381836,43613700,0.001354467001297266,2477,2020-11-04,29.56999969482422,30.280000686645508,28.770000457763672,29.56999969482422,28.581289291381836,43613700,0.001354467001297266,2477,2020-11-04,29.56999969482422,30.280000686645508,28.770000457763672,29.56999969482422,28.581289291381836,43613700,0.001354467001297266,2477,2020-11-04,29.56999969482422,30.280000686645508,28.770000457763672,29.56999969482422,28.581289291381836,43613700,0.001354467001297266
2478,2020-11-05,29.610000610351562,30.15999984741211,29.510000228881836,29.56999969482422,28.581289291381836,31795800,0.0,2478,2020-11-05,29.610000610351562,30.15999984741211,29.510000228881836,29.56999969482422,28.581289291381836,31795800,0.0,2478,2020-11-05,29.610000610351562,30.15999984741211,29.510000228881836,29.56999969482422,28.581289291381836,31795800,0.0,2478,2020-11-05,29.610000610351562,30.15999984741211,29.510000228881836,29.56999969482422,28.581289291381836,31795800,0.0,2478,2020-11-05,29.610000610351562,30.15999984741211,29.510000228881836,29.56999969482422,28.581289291381836,31795800,0.0
2479,2020-11-06,29.56999969482422,30.010000228881836,28.809999465942383,28.93000030517578,27.962690353393555,33223200,-0.021643493114735346,2479,2020-11-06,29.56999969482422,30.010000228881836,28.809999465942383,28.93000030517578,27.962690353393555,33223200,-0.021643493114735346,2479,2020-11-06,29.56999969482422,30.010000228881836,28.809999465942383,28.93000030517578,27.962690353393555,33223200,-0.021643493114735346,2479,2020-11-06,29.56999969482422,30.010000228881836,28.809999465942383,28.93000030517578,27.962690353393555,33223200,-0.021643493114735346,2479,2020-11-06,29.56999969482422,30.010000228881836,28.809999465942383,28.93000030517578,27.962690353393555,33223200,-0.021643493114735346
2480,2020-11-09,32.400001525878906,33.790000915527344,32.29999923706055,33.060001373291016,31.954599380493164,99356700,0.14275840330990008,2480,2020-11-09,32.400001525878906,33.790000915527344,32.29999923706055,33.060001373291016,31.954599380493164,99356700,0.14275840330990008,2480,2020-11-09,32.400001525878906,33.790000915527344,32.29999923706055,33.060001373291016,31.954599380493164,99356700,0.14275840330990008,2480,2020-11-09,32.400001525878906,33.790000915527344,32.29999923706055,33.060001373291016,31.954599380493164,99356700,0.14275840330990008,2480,2020-11-09,32.400001525878906,33.790000915527344,32.29999923706055,33.060001373291016,31.954599380493164,99356700,0.14275840330990008
2481,2020-11-10,33.68000030517578,34.130001068115234,32.97999954223633,34.130001068115234,32.98882293701172,73338100,0.03236540518639397,2481,2020-11-10,33.68000030517578,34.130001068115234,32.97999954223633,34.130001068115234,32.98882293701172,73338100,0.03236540518639397,2481,2020-11-10,33.68000030517578,34.130001068115234,32.97999954223633,34.130001068115234,32.98882293701172,73338100,0.03236540518639397,2481,2020-11-10,33.68000030517578,34.130001068115234,32.97999954223633,34.130001068115234,32.98882293701172,73338100,0.03236540518639397,2481,2020-11-10,33.68000030517578,34.130001068115234,32.97999954223633,34.130001068115234,32.98882293701172,73338100,0.03236540518639397
2482,2020-11-11,34.5,34.56999969482422,33.459999084472656,33.779998779296875,32.6505241394043,46542500,-0.010254952056136246,2482,2020-11-11,34.5,34.56999969482422,33.459999084472656,33.779998779296875,32.6505241394043,46542500,-0.010254952056136246,2482,2020-11-11,34.5,34.56999969482422,33.459999084472656,33.779998779296875,32.6505241394043,46542500,-0.010254952056136246,2482,2020-11-11,34.5,34.56999969482422,33.459999084472656,33.779998779296875,32.6505241394043,46542500,-0.010254952056136246,2482,2020-11-11,34.5,34.56999969482422,33.459999084472656,33.779998779296875,32.6505241394043,46542500,-0.010254952056136246
2483,2020-11-12,33.189998626708984,33.65999984741211,32.34000015258789,32.689998626708984,31.596967697143555,38584800,-0.03226767318535195,2483,2020-11-12,33.189998626708984,33.65999984741211,32.34000015258789,32.689998626708984,31.596967697143555,38584800,-0.03226767318535195,2483,2020-11-12,33.189998626708984,33.65999984741211,32.34000015258789,32.689998626708984,31.596967697143555,38584800,-0.03226767318535195,2483,2020-11-12,33.189998626708984,33.65999984741211,32.34000015258789,32.689998626708984,31.596967697143555,38584800,-0.03226767318535195,2483,2020-11-12,33.189998626708984,33.65999984741211,32.34000015258789,32.689998626708984,31.596967697143555,38584800,-0.03226767318535195
2484,2020-11-13,32.939998626708984,34.04999923706055,32.900001525878906,33.880001068115234,32.7471809387207,39432700,0.03640264637423196,2484,2020-11-13,32.939998626708984,34.04999923706055,32.900001525878906,33.880001068115234,32.7471809387207,39432700,0.03640264637423196,2484,2020-11-13,32.939998626708984,34.04999923706055,32.900001525878906,33.880001068115234,32.7471809387207,39432700,0.03640264637423196,2484,2020-11-13,32.939998626708984,34.04999923706055,32.900001525878906,33.880001068115234,32.7471809387207,39432700,0.03640264637423196,2484,2020-11-13,32.939998626708984,34.04999923706055,32.900001525878906,33.880001068115234,32.7471809387207,39432700,0.03640264637423196
2485,2020-11-16,35.31999969482422,36.189998626708984,34.88999938964844,36.11000061035156,34.902618408203125,47932700,0.06582055027930056,2485,2020-11-16,35.31999969482422,36.189998626708984,34.88999938964844,36.11000061035156,34.902618408203125,47932700,0.06582055027930056,2485,2020-11-16,35.31999969482422,36.189998626708984,34.88999938964844,36.11000061035156,34.902618408203125,47932700,0.06582055027930056,2485,2020-11-16,35.31999969482422,36.189998626708984,34.88999938964844,36.11000061035156,34.902618408203125,47932700,0.06582055027930056,2485,2020-11-16,35.31999969482422,36.189998626708984,34.88999938964844,36.11000061035156,34.902618408203125,47932700,0.06582055027930056
2486,2020-11-17,35.63999938964844,36.5,35.16999816894531,36.47999954223633,35.26024627685547,39010100,0.010246448116577156,2486,2020-11-17,35.63999938964844,36.5,35.16999816894531,36.47999954223633,35.26024627685547,39010100,0.010246448116577156,2486,2020-11-17,35.63999938964844,36.5,35.16999816894531,36.47999954223633,35.26024627685547,39010100,0.010246448116577156,2486,2020-11-17,35.63999938964844,36.5,35.16999816894531,36.47999954223633,35.26024627685547,39010100,0.010246448116577156,2486,2020-11-17,35.63999938964844,36.5,35.16999816894531,36.47999954223633,35.26024627685547,39010100,0.010246448116577156
2487,2020-11-18,36.790000915527344,36.93000030517578,35.41999816894531,35.41999816894531,34.235687255859375,41000200,-0.029057057995326763,2487,2020-11-18,36.790000915527344,36.93000030517578,35.41999816894531,35.41999816894531,34.235687255859375,41000200,-0.029057057995326763,2487,2020-11-18,36.790000915527344,36.93000030517578,35.41999816894531,35.41999816894531,34.235687255859375,41000200,-0.029057057995326763,2487,2020-11-18,36.790000915527344,36.93000030517578,35.41999816894531,35.41999816894531,34.235687255859375,41000200,-0.029057057995326763,2487,2020-11-18,36.790000915527344,36.93000030517578,35.41999816894531,35.41999816894531,34.235687255859375,41000200,-0.029057057995326763
2488,2020-11-19,35.16999816894531,36.06999969482422,34.810001373291016,36.0,34.79629135131836,32936200,0.016374845676949024,2488,2020-11-19,35.16999816894531,36.06999969482422,34.810001373291016,36.0,34.79629135131836,32936200,0.016374845676949024,2488,2020-11-19,35.16999816894531,36.06999969482422,34.810001373291016,36.0,34.79629135131836,32936200,0.016374845676949024,2488,2020-11-19,35.16999816894531,36.06999969482422,34.810001373291016,36.0,34.79629135131836,32936200,0.016374845676949024,2488,2020-11-19,35.16999816894531,36.06999969482422,34.810001373291016,36.0,34.79629135131836,32936200,0.016374845676949024
2489,2020-11-20,35.90999984741211,36.06999969482422,35.560001373291016,35.810001373291016,34.612648010253906,19753200,-0.005277669945061403,2489,2020-11-20,35.90999984741211,36.06999969482422,35.560001373291016,35.810001373291016,34.612648010253906,19753200,-0.005277669945061403,2489,2020-11-20,35.90999984741211,36.06999969482422,35.560001373291016,35.810001373291016,34.612648010253906,19753200,-0.005277669945061403,2489,2020-11-20,35.90999984741211,36.06999969482422,35.560001373291016,35.810001373291016,34.612648010253906,19753200,-0.005277669945061403,2489,2020-11-20,35.90999984741211,36.06999969482422,35.560001373291016,35.810001373291016,34.612648010253906,19753200,-0.005277669945061403
2490,2020-11-23,36.369998931884766,38.38999938964844,36.33000183105469,38.34000015258789,37.05805587768555,38162300,0.07065070163678877,2490,2020-11-23,36.369998931884766,38.38999938964844,36.33000183105469,38.34000015258789,37.05805587768555,38162300,0.07065070163678877,2490,2020-11-23,36.369998931884766,38.38999938964844,36.33000183105469,38.34000015258789,37.05805587768555,38162300,0.07065070163678877,2490,2020-11-23,36.369998931884766,38.38999938964844,36.33000183105469,38.34000015258789,37.05805587768555,38162300,0.07065070163678877,2490,2020-11-23,36.369998931884766,38.38999938964844,36.33000183105469,38.34000015258789,37.05805587768555,38162300,0.07065070163678877
2491,2020-11-24,39.630001068115234,40.41999816894531,39.279998779296875,40.310001373291016,38.962188720703125,53466000,0.0513824267873737,2491,2020-11-24,39.630001068115234,40.41999816894531,39.279998779296875,40.310001373291016,38.962188720703125,53466000,0.0513824267873737,2491,2020-11-24,39.630001068115234,40.41999816894531,39.279998779296875,40.310001373291016,38.962188720703125,53466000,0.0513824267873737,2491,2020-11-24,39.630001068115234,40.41999816894531,39.279998779296875,40.310001373291016,38.962188720703125,53466000,0.0513824267873737,2491,2020-11-24,39.630001068115234,40.41999816894531,39.279998779296875,40.310001373291016,38.962188720703125,53466000,0.0513824267873737
2492,2020-11-25,40.04999923706055,40.04999923706055,39.150001525878906,39.369998931884766,38.05361557006836,35676200,-0.023319356033814964,2492,2020-11-25,40.04999923706055,40.04999923706055,39.150001525878906,39.369998931884766,38.05361557006836,35676200,-0.023319356033814964,2492,2020-11-25,40.04999923706055,40.04999923706055,39.150001525878906,39.369998931884766,38.05361557006836,35676200,-0.023319356033814964,2492,2020-11-25,40.04999923706055,40.04999923706055,39.150001525878906,39.369998931884766,38.05361557006836,35676200,-0.023319356033814964,2492,2020-11-25,40.04999923706055,40.04999923706055,39.150001525878906,39.369998931884766,38.05361557006836,35676200,-0.023319356033814964
2493,2020-11-27,39.150001525878906,39.470001220703125,38.599998474121094,38.90999984741211,37.6089973449707,18755400,-0.01168399423910138,2493,2020-11-27,39.150001525878906,39.470001220703125,38.599998474121094,38.90999984741211,37.6089973449707,18755400,-0.01168399423910138,2493,2020-11-27,39.150001525878906,39.470001220703125,38.599998474121094,38.90999984741211,37.6089973449707,18755400,-0.01168399423910138,2493,2020-11-27,39.150001525878906,39.470001220703125,38.599998474121094,38.90999984741211,37.6089973449707,18755400,-0.01168399423910138,2493,2020-11-27,39.150001525878906,39.470001220703125,38.599998474121094,38.90999984741211,37.6089973449707,18755400,-0.01168399423910138
2494,2020-11-30,38.47999954223633,38.529998779296875,36.70000076293945,36.7599983215332,35.530879974365234,41543600,-0.055255856771288414,2494,2020-11-30,38.47999954223633,38.529998779296875,36.70000076293945,36.7599983215332,35.530879974365234,41543600,-0.055255856771288414,2494,2020-11-30,38.47999954223633,38.529998779296875,36.70000076293945,36.7599983215332,35.530879974365234,41543600,-0.055255856771288414,2494,2020-11-30,38.47999954223633,38.529998779296875,36.70000076293945,36.7599983215332,35.530879974365234,41543600,-0.055255856771288414,2494,2020-11-30,38.47999954223633,38.529998779296875,36.70000076293945,36.7599983215332,35.530879974365234,41543600,-0.055255856771288414
2495,2020-12-01,37.779998779296875,37.9900016784668,36.869998931884766,36.93000030517578,35.6952018737793,34467800,0.004624763009883681,2495,2020-12-01,37.779998779296875,37.9900016784668,36.869998931884766,36.93000030517578,35.6952018737793,34467800,0.004624763009883681,2495,2020-12-01,37.779998779296875,37.9900016784668,36.869998931884766,36.93000030517578,35.6952018737793,34467800,0.004624763009883681,2495,2020-12-01,37.779998779296875,37.9900016784668,36.869998931884766,36.93000030517578,35.6952018737793,34467800,0.004624763009883681,2495,2020-12-01,37.779998779296875,37.9900016784668,36.869998931884766,36.93000030517578,35.6952018737793,34467800,0.004624763009883681
2496,2020-12-02,36.810001373291016,38.709999084472656,36.689998626708984,38.130001068115234,36.855079650878906,37741800,0.032493940815939926,2496,2020-12-02,36.810001373291016,38.709999084472656,36.689998626708984,38.130001068115234,36.855079650878906,37741800,0.032493940815939926,2496,2020-12-02,36.810001373291016,38.709999084472656,36.689998626708984,38.130001068115234,36.855079650878906,37741800,0.032493940815939926,2496,2020-12-02,36.810001373291016,38.709999084472656,36.689998626708984,38.130001068115234,36.855079650878906,37741800,0.032493940815939926,2496,2020-12-02,36.810001373291016,38.709999084472656,36.689998626708984,38.130001068115234,36.855079650878906,37741800,0.032493940815939926
2497,2020-12-03,38.29999923706055,39.0,37.90999984741211,38.529998779296875,37.24169921875,36487700,0.010490265427004042,2497,2020-12-03,38.29999923706055,39.0,37.90999984741211,38.529998779296875,37.24169921875,36487700,0.010490265427004042,2497,2020-12-03,38.29999923706055,39.0,37.90999984741211,38.529998779296875,37.24169921875,36487700,0.010490265427004042,2497,2020-12-03,38.29999923706055,39.0,37.90999984741211,38.529998779296875,37.24169921875,36487700,0.010490265427004042,2497,2020-12-03,38.29999923706055,39.0,37.90999984741211,38.529998779296875,37.24169921875,36487700,0.010490265427004042
2498,2020-12-04,39.22999954223633,40.65999984741211,39.22999954223633,40.630001068115234,39.271488189697266,51850200,0.054503124549304394,2498,2020-12-04,39.22999954223633,40.65999984741211,39.22999954223633,40.630001068115234,39.271488189697266,51850200,0.054503124549304394,2498,2020-12-04,39.22999954223633,40.65999984741211,39.22999954223633,40.630001068115234,39.271488189697266,51850200,0.054503124549304394,2498,2020-12-04,39.22999954223633,40.65999984741211,39.22999954223633,40.630001068115234,39.271488189697266,51850200,0.054503124549304394,2498,2020-12-04,39.22999954223633,40.65999984741211,39.22999954223633,40.630001068115234,39.271488189697266,51850200,0.054503124549304394
2499,2020-12-07,40.150001525878906,40.2400016784668,39.29999923706055,39.68000030517578,38.353248596191406,34656600,-0.02338183847452857,2499,2020-12-07,40.150001525878906,40.2400016784668,39.29999923706055,39.68000030517578,38.353248596191406,34656600,-0.02338183847452857,2499,2020-12-07,40.150001525878906,40.2400016784668,39.29999923706055,39.68000030517578,38.353248596191406,34656600,-0.02338183847452857,2499,2020-12-07,40.150001525878906,40.2400016784668,39.29999923706055,39.68000030517578,38.353248596191406,34656600,-0.02338183847452857,2499,2020-12-07,40.150001525878906,40.2400016784668,39.29999923706055,39.68000030517578,38.353248596191406,34656600,-0.02338183847452857
2500,2020-12-08,39.189998626708984,40.66999816894531,39.18000030517578,40.27000045776367,38.92352294921875,28927300,0.0148689973835483,2500,2020-12-08,39.189998626708984,40.66999816894531,39.18000030517578,40.27000045776367,38.92352294921875,28927300,0.0148689973835483,2500,2020-12-08,39.189998626708984,40.66999816894531,39.18000030517578,40.27000045776367,38.92352294921875,28927300,0.0148689973835483,2500,2020-12-08,39.189998626708984,40.66999816894531,39.18000030517578,40.27000045776367,38.92352294921875,28927300,0.0148689973835483,2500,2020-12-08,39.189998626708984,40.66999816894531,39.18000030517578,40.27000045776367,38.92352294921875,28927300,0.0148689973835483
2501,2020-12-09,40.68000030517578,41.34000015258789,39.869998931884766,40.36000061035156,39.01051330566406,43345900,0.002234904496152712,2501,2020-12-09,40.68000030517578,41.34000015258789,39.869998931884766,40.36000061035156,39.01051330566406,43345900,0.002234904496152712,2501,2020-12-09,40.68000030517578,41.34000015258789,39.869998931884766,40.36000061035156,39.01051330566406,43345900,0.002234904496152712,2501,2020-12-09,40.68000030517578,41.34000015258789,39.869998931884766,40.36000061035156,39.01051330566406,43345900,0.002234904496152712,2501,2020-12-09,40.68000030517578,41.34000015258789,39.869998931884766,40.36000061035156,39.01051330566406,43345900,0.002234904496152712
2502,2020-12-10,40.40999984741211,42.08000183105469,40.29999923706055,41.599998474121094,40.20905303955078,38802200,0.03072350585329775,2502,2020-12-10,40.40999984741211,42.08000183105469,40.29999923706055,41.599998474121094,40.20905303955078,38802200,0.03072350585329775,2502,2020-12-10,40.40999984741211,42.08000183105469,40.29999923706055,41.599998474121094,40.20905303955078,38802200,0.03072350585329775,2502,2020-12-10,40.40999984741211,42.08000183105469,40.29999923706055,41.599998474121094,40.20905303955078,38802200,0.03072350585329775,2502,2020-12-10,40.40999984741211,42.08000183105469,40.29999923706055,41.599998474121094,40.20905303955078,38802200,0.03072350585329775
2503,2020-12-11,41.31999969482422,41.33000183105469,40.540000915527344,41.119998931884766,39.74509811401367,28076100,-0.011538568816349626,2503,2020-12-11,41.31999969482422,41.33000183105469,40.540000915527344,41.119998931884766,39.74509811401367,28076100,-0.011538568816349626,2503,2020-12-11,41.31999969482422,41.33000183105469,40.540000915527344,41.119998931884766,39.74509811401367,28076100,-0.011538568816349626,2503,2020-12-11,41.31999969482422,41.33000183105469,40.540000915527344,41.119998931884766,39.74509811401367,28076100,-0.011538568816349626,2503,2020-12-11,41.31999969482422,41.33000183105469,40.540000915527344,41.119998931884766,39.74509811401367,28076100,-0.011538568816349626
2504,2020-12-14,41.75,41.7599983215332,39.529998779296875,39.68000030517578,38.353248596191406,39942200,-0.035019400727847594,2504,2020-12-14,41.75,41.7599983215332,39.529998779296875,39.68000030517578,38.353248596191406,39942200,-0.035019400727847594,2504,2020-12-14,41.75,41.7599983215332,39.529998779296875,39.68000030517578,38.353248596191406,39942200,-0.035019400727847594,2504,2020-12-14,41.75,41.7599983215332,39.529998779296875,39.68000030517578,38.353248596191406,39942200,-0.035019400727847594,2504,2020-12-14,41.75,41.7599983215332,39.529998779296875,39.68000030517578,38.353248596191406,39942200,-0.035019400727847594
2505,2020-12-15,39.900001525878906,40.65999984741211,39.529998779296875,40.459999084472656,39.10717010498047,29335900,0.019657305088464527,2505,2020-12-15,39.900001525878906,40.65999984741211,39.529998779296875,40.459999084472656,39.10717010498047,29335900,0.019657305088464527,2505,2020-12-15,39.900001525878906,40.65999984741211,39.529998779296875,40.459999084472656,39.10717010498047,29335900,0.019657305088464527,2505,2020-12-15,39.900001525878906,40.65999984741211,39.529998779296875,40.459999084472656,39.10717010498047,29335900,0.019657305088464527,2505,2020-12-15,39.900001525878906,40.65999984741211,39.529998779296875,40.459999084472656,39.10717010498047,29335900,0.019657305088464527
2506,2020-12-16,40.560001373291016,40.709999084472656,39.97999954223633,40.2599983215332,38.913856506347656,23814400,-0.004943175333676053,2506,2020-12-16,40.560001373291016,40.709999084472656,39.97999954223633,40.2599983215332,38.913856506347656,23814400,-0.004943175333676053,2506,2020-12-16,40.560001373291016,40.709999084472656,39.97999954223633,40.2599983215332,38.913856506347656,23814400,-0.004943175333676053,2506,2020-12-16,40.560001373291016,40.709999084472656,39.97999954223633,40.2599983215332,38.913856506347656,23814400,-0.004943175333676053,2506,2020-12-16,40.560001373291016,40.709999084472656,39.97999954223633,40.2599983215332,38.913856506347656,23814400,-0.004943175333676053
2507,2020-12-17,40.619998931884766,40.630001068115234,39.83000183105469,40.06999969482422,38.73020935058594,23181700,-0.004719325511511885,2507,2020-12-17,40.619998931884766,40.630001068115234,39.83000183105469,40.06999969482422,38.73020935058594,23181700,-0.004719325511511885,2507,2020-12-17,40.619998931884766,40.630001068115234,39.83000183105469,40.06999969482422,38.73020935058594,23181700,-0.004719325511511885,2507,2020-12-17,40.619998931884766,40.630001068115234,39.83000183105469,40.06999969482422,38.73020935058594,23181700,-0.004719325511511885,2507,2020-12-17,40.619998931884766,40.630001068115234,39.83000183105469,40.06999969482422,38.73020935058594,23181700,-0.004719325511511885
2508,2020-12-18,39.9900016784668,40.209999084472656,39.09000015258789,39.400001525878906,38.08261489868164,36570200,-0.016720654568176285,2508,2020-12-18,39.9900016784668,40.209999084472656,39.09000015258789,39.400001525878906,38.08261489868164,36570200,-0.016720654568176285,2508,2020-12-18,39.9900016784668,40.209999084472656,39.09000015258789,39.400001525878906,38.08261489868164,36570200,-0.016720654568176285,2508,2020-12-18,39.9900016784668,40.209999084472656,39.09000015258789,39.400001525878906,38.08261489868164,36570200,-0.016720654568176285,2508,2020-12-18,39.9900016784668,40.209999084472656,39.09000015258789,39.400001525878906,38.08261489868164,36570200,-0.016720654568176285
2509,2020-12-21,37.40999984741211,38.459999084472656,37.02000045776367,38.130001068115234,37.34799575805664,40079400,-0.019290144402621667,2509,2020-12-21,37.40999984741211,38.459999084472656,37.02000045776367,38.130001068115234,37.34799575805664,40079400,-0.019290144402621667,2509,2020-12-21,37.40999984741211,38.459999084472656,37.02000045776367,38.130001068115234,37.34799575805664,40079400,-0.019290144402621667,2509,2020-12-21,37.40999984741211,38.459999084472656,37.02000045776367,38.130001068115234,37.34799575805664,40079400,-0.019290144402621667,2509,2020-12-21,37.40999984741211,38.459999084472656,37.02000045776367,38.130001068115234,37.34799575805664,40079400,-0.019290144402621667
2510,2020-12-22,38.04999923706055,38.18000030517578,37.45000076293945,37.4900016784668,36.72111892700195,25092900,-0.016784751586554902,2510,2020-12-22,38.04999923706055,38.18000030517578,37.45000076293945,37.4900016784668,36.72111892700195,25092900,-0.016784751586554902,2510,2020-12-22,38.04999923706055,38.18000030517578,37.45000076293945,37.4900016784668,36.72111892700195,25092900,-0.016784751586554902,2510,2020-12-22,38.04999923706055,38.18000030517578,37.45000076293945,37.4900016784668,36.72111892700195,25092900,-0.016784751586554902,2510,2020-12-22,38.04999923706055,38.18000030517578,37.45000076293945,37.4900016784668,36.72111892700195,25092900,-0.016784751586554902
2511,2020-12-23,37.810001373291016,38.849998474121094,37.79999923706055,38.31999969482422,37.534095764160156,26965900,0.022139217456154325,2511,2020-12-23,37.810001373291016,38.849998474121094,37.79999923706055,38.31999969482422,37.534095764160156,26965900,0.022139217456154325,2511,2020-12-23,37.810001373291016,38.849998474121094,37.79999923706055,38.31999969482422,37.534095764160156,26965900,0.022139217456154325,2511,2020-12-23,37.810001373291016,38.849998474121094,37.79999923706055,38.31999969482422,37.534095764160156,26965900,0.022139217456154325,2511,2020-12-23,37.810001373291016,38.849998474121094,37.79999923706055,38.31999969482422,37.534095764160156,26965900,0.022139217456154325
2512,2020-12-24,38.369998931884766,38.369998931884766,37.7400016784668,38.119998931884766,37.33819580078125,11451500,-0.00521925357173425,2512,2020-12-24,38.369998931884766,38.369998931884766,37.7400016784668,38.119998931884766,37.33819580078125,11451500,-0.00521925357173425,2512,2020-12-24,38.369998931884766,38.369998931884766,37.7400016784668,38.119998931884766,37.33819580078125,11451500,-0.00521925357173425,2512,2020-12-24,38.369998931884766,38.369998931884766,37.7400016784668,38.119998931884766,37.33819580078125,11451500,-0.00521925357173425,2512,2020-12-24,38.369998931884766,38.369998931884766,37.7400016784668,38.119998931884766,37.33819580078125,11451500,-0.00521925357173425
2513,2020-12-28,38.2599983215332,38.7400016784668,37.77000045776367,37.880001068115234,37.10312271118164,18912300,-0.0062957806224448465,2513,2020-12-28,38.2599983215332,38.7400016784668,37.77000045776367,37.880001068115234,37.10312271118164,18912300,-0.0062957806224448465,2513,2020-12-28,38.2599983215332,38.7400016784668,37.77000045776367,37.880001068115234,37.10312271118164,18912300,-0.0062957806224448465,2513,2020-12-28,38.2599983215332,38.7400016784668,37.77000045776367,37.880001068115234,37.10312271118164,18912300,-0.0062957806224448465,2513,2020-12-28,38.2599983215332,38.7400016784668,37.77000045776367,37.880001068115234,37.10312271118164,18912300,-0.0062957806224448465
2514,2020-12-29,38.11000061035156,38.220001220703125,37.45000076293945,37.630001068115234,36.85824966430664,18984300,-0.006599796162202853,2514,2020-12-29,38.11000061035156,38.220001220703125,37.45000076293945,37.630001068115234,36.85824966430664,18984300,-0.006599796162202853,2514,2020-12-29,38.11000061035156,38.220001220703125,37.45000076293945,37.630001068115234,36.85824966430664,18984300,-0.006599796162202853,2514,2020-12-29,38.11000061035156,38.220001220703125,37.45000076293945,37.630001068115234,36.85824966430664,18984300,-0.006599796162202853,2514,2020-12-29,38.11000061035156,38.220001220703125,37.45000076293945,37.630001068115234,36.85824966430664,18984300,-0.006599796162202853
2515,2020-12-30,37.65999984741211,38.58000183105469,37.56999969482422,38.220001220703125,37.43614959716797,28218300,0.015678984708298982,2515,2020-12-30,37.65999984741211,38.58000183105469,37.56999969482422,38.220001220703125,37.43614959716797,28218300,0.015678984708298982,2515,2020-12-30,37.65999984741211,38.58000183105469,37.56999969482422,38.220001220703125,37.43614959716797,28218300,0.015678984708298982,2515,2020-12-30,37.65999984741211,38.58000183105469,37.56999969482422,38.220001220703125,37.43614959716797,28218300,0.015678984708298982,2515,2020-12-30,37.65999984741211,38.58000183105469,37.56999969482422,38.220001220703125,37.43614959716797,28218300,0.015678984708298982
2516,2020-12-31,38.04999923706055,38.209999084472656,37.72999954223633,37.900001525878906,37.12271499633789,18154900,-0.008372511708677144,2516,2020-12-31,38.04999923706055,38.209999084472656,37.72999954223633,37.900001525878906,37.12271499633789,18154900,-0.008372511708677144,2516,2020-12-31,38.04999923706055,38.209999084472656,37.72999954223633,37.900001525878906,37.12271499633789,18154900,-0.008372511708677144,2516,2020-12-31,38.04999923706055,38.209999084472656,37.72999954223633,37.900001525878906,37.12271499633789,18154900,-0.008372511708677144,2516,2020-12-31,38.04999923706055,38.209999084472656,37.72999954223633,37.900001525878906,37.12271499633789,18154900,-0.008372511708677144
2517,2021-01-04,38.34000015258789,38.65999984741211,37.5099983215332,37.959999084472656,37.181480407714844,33858800,0.0015830041359514713,2517,2021-01-04,38.34000015258789,38.65999984741211,37.5099983215332,37.959999084472656,37.181480407714844,33858800,0.0015830041359514713,2517,2021-01-04,38.34000015258789,38.65999984741211,37.5099983215332,37.959999084472656,37.181480407714844,33858800,0.0015830041359514713,2517,2021-01-04,38.34000015258789,38.65999984741211,37.5099983215332,37.959999084472656,37.181480407714844,33858800,0.0015830041359514713,2517,2021-01-04,38.34000015258789,38.65999984741211,37.5099983215332,37.959999084472656,37.181480407714844,33858800,0.0015830041359514713
2518,2021-01-05,38.369998931884766,40.70000076293945,38.34000015258789,39.65999984741211,38.846614837646484,47736700,0.044783973410218,2518,2021-01-05,38.369998931884766,40.70000076293945,38.34000015258789,39.65999984741211,38.846614837646484,47736700,0.044783973410218,2518,2021-01-05,38.369998931884766,40.70000076293945,38.34000015258789,39.65999984741211,38.846614837646484,47736700,0.044783973410218,2518,2021-01-05,38.369998931884766,40.70000076293945,38.34000015258789,39.65999984741211,38.846614837646484,47736700,0.044783973410218,2518,2021-01-05,38.369998931884766,40.70000076293945,38.34000015258789,39.65999984741211,38.846614837646484,47736700,0.044783973410218
2519,2021-01-06,40.439998626708984,41.25,39.91999816894531,40.869998931884766,40.03179931640625,43131400,0.030509337395628,2519,2021-01-06,40.439998626708984,41.25,39.91999816894531,40.869998931884766,40.03179931640625,43131400,0.030509337395628,2519,2021-01-06,40.439998626708984,41.25,39.91999816894531,40.869998931884766,40.03179931640625,43131400,0.030509337395628,2519,2021-01-06,40.439998626708984,41.25,39.91999816894531,40.869998931884766,40.03179931640625,43131400,0.030509337395628,2519,2021-01-06,40.439998626708984,41.25,39.91999816894531,40.869998931884766,40.03179931640625,43131400,0.030509337395628
2520,2021-01-07,41.22999954223633,41.88999938964844,40.79999923706055,41.470001220703125,40.61949157714844,25728600,0.014680635664091612,2520,2021-01-07,41.22999954223633,41.88999938964844,40.79999923706055,41.470001220703125,40.61949157714844,25728600,0.014680635664091612,2520,2021-01-07,41.22999954223633,41.88999938964844,40.79999923706055,41.470001220703125,40.61949157714844,25728600,0.014680635664091612,2520,2021-01-07,41.22999954223633,41.88999938964844,40.79999923706055,41.470001220703125,40.61949157714844,25728600,0.014680635664091612,2520,2021-01-07,41.22999954223633,41.88999938964844,40.79999923706055,41.470001220703125,40.61949157714844,25728600,0.014680635664091612
2521,2021-01-08,42.0,42.0,41.09000015258789,41.41999816894531,40.570518493652344,31372000,-0.0012056547631346115,2521,2021-01-08,42.0,42.0,41.09000015258789,41.41999816894531,40.570518493652344,31372000,-0.0012056547631346115,2521,2021-01-08,42.0,42.0,41.09000015258789,41.41999816894531,40.570518493652344,31372000,-0.0012056547631346115,2521,2021-01-08,42.0,42.0,41.09000015258789,41.41999816894531,40.570518493652344,31372000,-0.0012056547631346115,2521,2021-01-08,42.0,42.0,41.09000015258789,41.41999816894531,40.570518493652344,31372000,-0.0012056547631346115
2522,2021-01-11,40.52000045776367,42.2400016784668,40.290000915527344,42.06999969482422,41.20718765258789,23445200,0.015692901707311524,2522,2021-01-11,40.52000045776367,42.2400016784668,40.290000915527344,42.06999969482422,41.20718765258789,23445200,0.015692901707311524,2522,2021-01-11,40.52000045776367,42.2400016784668,40.290000915527344,42.06999969482422,41.20718765258789,23445200,0.015692901707311524,2522,2021-01-11,40.52000045776367,42.2400016784668,40.290000915527344,42.06999969482422,41.20718765258789,23445200,0.015692901707311524,2522,2021-01-11,40.52000045776367,42.2400016784668,40.290000915527344,42.06999969482422,41.20718765258789,23445200,0.015692901707311524
2523,2021-01-12,42.58000183105469,43.77000045776367,42.2599983215332,43.540000915527344,42.64704132080078,43973600,0.03494180870463914,2523,2021-01-12,42.58000183105469,43.77000045776367,42.2599983215332,43.540000915527344,42.64704132080078,43973600,0.03494180870463914,2523,2021-01-12,42.58000183105469,43.77000045776367,42.2599983215332,43.540000915527344,42.64704132080078,43973600,0.03494180870463914,2523,2021-01-12,42.58000183105469,43.77000045776367,42.2599983215332,43.540000915527344,42.64704132080078,43973600,0.03494180870463914,2523,2021-01-12,42.58000183105469,43.77000045776367,42.2599983215332,43.540000915527344,42.64704132080078,43973600,0.03494180870463914
2524,2021-01-13,43.689998626708984,43.709999084472656,42.869998931884766,43.20000076293945,42.31401443481445,27382200,-0.007808909496938465,2524,2021-01-13,43.689998626708984,43.709999084472656,42.869998931884766,43.20000076293945,42.31401443481445,27382200,-0.007808909496938465,2524,2021-01-13,43.689998626708984,43.709999084472656,42.869998931884766,43.20000076293945,42.31401443481445,27382200,-0.007808909496938465,2524,2021-01-13,43.689998626708984,43.709999084472656,42.869998931884766,43.20000076293945,42.31401443481445,27382200,-0.007808909496938465,2524,2021-01-13,43.689998626708984,43.709999084472656,42.869998931884766,43.20000076293945,42.31401443481445,27382200,-0.007808909496938465
2525,2021-01-14,43.470001220703125,45.0,43.43000030517578,44.47999954223633,43.5677604675293,41657300,0.029629569528229593,2525,2021-01-14,43.470001220703125,45.0,43.43000030517578,44.47999954223633,43.5677604675293,41657300,0.029629569528229593,2525,2021-01-14,43.470001220703125,45.0,43.43000030517578,44.47999954223633,43.5677604675293,41657300,0.029629569528229593,2525,2021-01-14,43.470001220703125,45.0,43.43000030517578,44.47999954223633,43.5677604675293,41657300,0.029629569528229593,2525,2021-01-14,43.470001220703125,45.0,43.43000030517578,44.47999954223633,43.5677604675293,41657300,0.029629569528229593
2526,2021-01-15,43.689998626708984,43.70000076293945,42.33000183105469,42.75,41.87324523925781,47748500,-0.03889378774780938,2526,2021-01-15,43.689998626708984,43.70000076293945,42.33000183105469,42.75,41.87324523925781,47748500,-0.03889378774780938,2526,2021-01-15,43.689998626708984,43.70000076293945,42.33000183105469,42.75,41.87324523925781,47748500,-0.03889378774780938,2526,2021-01-15,43.689998626708984,43.70000076293945,42.33000183105469,42.75,41.87324523925781,47748500,-0.03889378774780938,2526,2021-01-15,43.689998626708984,43.70000076293945,42.33000183105469,42.75,41.87324523925781,47748500,-0.03889378774780938
2527,2021-01-19,43.27000045776367,43.90999984741211,43.130001068115234,43.61000061035156,42.715606689453125,27809700,0.02011693732793285,2527,2021-01-19,43.27000045776367,43.90999984741211,43.130001068115234,43.61000061035156,42.715606689453125,27809700,0.02011693732793285,2527,2021-01-19,43.27000045776367,43.90999984741211,43.130001068115234,43.61000061035156,42.715606689453125,27809700,0.02011693732793285,2527,2021-01-19,43.27000045776367,43.90999984741211,43.130001068115234,43.61000061035156,42.715606689453125,27809700,0.02011693732793285,2527,2021-01-19,43.27000045776367,43.90999984741211,43.130001068115234,43.61000061035156,42.715606689453125,27809700,0.02011693732793285
2528,2021-01-20,43.97999954223633,44.09000015258789,43.34000015258789,43.77000045776367,42.87232208251953,25362800,0.0036688087847080997,2528,2021-01-20,43.97999954223633,44.09000015258789,43.34000015258789,43.77000045776367,42.87232208251953,25362800,0.0036688087847080997,2528,2021-01-20,43.97999954223633,44.09000015258789,43.34000015258789,43.77000045776367,42.87232208251953,25362800,0.0036688087847080997,2528,2021-01-20,43.97999954223633,44.09000015258789,43.34000015258789,43.77000045776367,42.87232208251953,25362800,0.0036688087847080997,2528,2021-01-20,43.97999954223633,44.09000015258789,43.34000015258789,43.77000045776367,42.87232208251953,25362800,0.0036688087847080997
2529,2021-01-21,43.529998779296875,43.75,41.900001525878906,42.290000915527344,41.42267990112305,29984000,-0.03381300827620792,2529,2021-01-21,43.529998779296875,43.75,41.900001525878906,42.290000915527344,41.42267990112305,29984000,-0.03381300827620792,2529,2021-01-21,43.529998779296875,43.75,41.900001525878906,42.290000915527344,41.42267990112305,29984000,-0.03381300827620792,2529,2021-01-21,43.529998779296875,43.75,41.900001525878906,42.290000915527344,41.42267990112305,29984000,-0.03381300827620792,2529,2021-01-21,43.529998779296875,43.75,41.900001525878906,42.290000915527344,41.42267990112305,29984000,-0.03381300827620792
2530,2021-01-22,41.36000061035156,42.189998626708984,41.02000045776367,42.06999969482422,41.20718765258789,25222300,-0.005202276845668652,2530,2021-01-22,41.36000061035156,42.189998626708984,41.02000045776367,42.06999969482422,41.20718765258789,25222300,-0.005202276845668652,2530,2021-01-22,41.36000061035156,42.189998626708984,41.02000045776367,42.06999969482422,41.20718765258789,25222300,-0.005202276845668652,2530,2021-01-22,41.36000061035156,42.189998626708984,41.02000045776367,42.06999969482422,41.20718765258789,25222300,-0.005202276845668652,2530,2021-01-22,41.36000061035156,42.189998626708984,41.02000045776367,42.06999969482422,41.20718765258789,25222300,-0.005202276845668652
2531,2021-01-25,41.61000061035156,41.77000045776367,40.880001068115234,41.63999938964844,40.786006927490234,40911600,-0.010221049993718867,2531,2021-01-25,41.61000061035156,41.77000045776367,40.880001068115234,41.63999938964844,40.786006927490234,40911600,-0.010221049993718867,2531,2021-01-25,41.61000061035156,41.77000045776367,40.880001068115234,41.63999938964844,40.786006927490234,40911600,-0.010221049993718867,2531,2021-01-25,41.61000061035156,41.77000045776367,40.880001068115234,41.63999938964844,40.786006927490234,40911600,-0.010221049993718867,2531,2021-01-25,41.61000061035156,41.77000045776367,40.880001068115234,41.63999938964844,40.786006927490234,40911600,-0.010221049993718867
2532,2021-01-26,42.0099983215332,42.63999938964844,40.72999954223633,40.75,39.91426086425781,27499800,-0.021373655547654358,2532,2021-01-26,42.0099983215332,42.63999938964844,40.72999954223633,40.75,39.91426086425781,27499800,-0.021373655547654358,2532,2021-01-26,42.0099983215332,42.63999938964844,40.72999954223633,40.75,39.91426086425781,27499800,-0.021373655547654358,2532,2021-01-26,42.0099983215332,42.63999938964844,40.72999954223633,40.75,39.91426086425781,27499800,-0.021373655547654358,2532,2021-01-26,42.0099983215332,42.63999938964844,40.72999954223633,40.75,39.91426086425781,27499800,-0.021373655547654358
2533,2021-01-27,40.08000183105469,41.31999969482422,39.5099983215332,40.20000076293945,39.37554168701172,49933600,-0.013496909765614684,2533,2021-01-27,40.08000183105469,41.31999969482422,39.5099983215332,40.20000076293945,39.37554168701172,49933600,-0.013496909765614684,2533,2021-01-27,40.08000183105469,41.31999969482422,39.5099983215332,40.20000076293945,39.37554168701172,49933600,-0.013496909765614684,2533,2021-01-27,40.08000183105469,41.31999969482422,39.5099983215332,40.20000076293945,39.37554168701172,49933600,-0.013496909765614684,2533,2021-01-27,40.08000183105469,41.31999969482422,39.5099983215332,40.20000076293945,39.37554168701172,49933600,-0.013496909765614684
2534,2021-01-28,40.529998779296875,41.15999984741211,40.15999984741211,40.66999816894531,39.835899353027344,28624100,0.011691462422915189,2534,2021-01-28,40.529998779296875,41.15999984741211,40.15999984741211,40.66999816894531,39.835899353027344,28624100,0.011691462422915189,2534,2021-01-28,40.529998779296875,41.15999984741211,40.15999984741211,40.66999816894531,39.835899353027344,28624100,0.011691462422915189,2534,2021-01-28,40.529998779296875,41.15999984741211,40.15999984741211,40.66999816894531,39.835899353027344,28624100,0.011691462422915189,2534,2021-01-28,40.529998779296875,41.15999984741211,40.15999984741211,40.66999816894531,39.835899353027344,28624100,0.011691462422915189
2535,2021-01-29,40.099998474121094,40.619998931884766,39.16999816894531,39.31999969482422,38.513587951660156,31534500,-0.03319396380758999,2535,2021-01-29,40.099998474121094,40.619998931884766,39.16999816894531,39.31999969482422,38.513587951660156,31534500,-0.03319396380758999,2535,2021-01-29,40.099998474121094,40.619998931884766,39.16999816894531,39.31999969482422,38.513587951660156,31534500,-0.03319396380758999,2535,2021-01-29,40.099998474121094,40.619998931884766,39.16999816894531,39.31999969482422,38.513587951660156,31534500,-0.03319396380758999,2535,2021-01-29,40.099998474121094,40.619998931884766,39.16999816894531,39.31999969482422,38.513587951660156,31534500,-0.03319396380758999
2536,2021-02-01,39.79999923706055,40.0,38.939998626708984,39.599998474121094,38.787845611572266,30510700,0.007121062318482085,2536,2021-02-01,39.79999923706055,40.0,38.939998626708984,39.599998474121094,38.787845611572266,30510700,0.007121062318482085,2536,2021-02-01,39.79999923706055,40.0,38.939998626708984,39.599998474121094,38.787845611572266,30510700,0.007121062318482085,2536,2021-02-01,39.79999923706055,40.0,38.939998626708984,39.599998474121094,38.787845611572266,30510700,0.007121062318482085,2536,2021-02-01,39.79999923706055,40.0,38.939998626708984,39.599998474121094,38.787845611572266,30510700,0.007121062318482085
2537,2021-02-02,40.54999923706055,40.9900016784668,40.029998779296875,40.029998779296875,39.20902633666992,31964500,0.010858574856552394,2537,2021-02-02,40.54999923706055,40.9900016784668,40.029998779296875,40.029998779296875,39.20902633666992,31964500,0.010858574856552394,2537,2021-02-02,40.54999923706055,40.9900016784668,40.029998779296875,40.029998779296875,39.20902633666992,31964500,0.010858574856552394,2537,2021-02-02,40.54999923706055,40.9900016784668,40.029998779296875,40.029998779296875,39.20902633666992,31964500,0.010858574856552394,2537,2021-02-02,40.54999923706055,40.9900016784668,40.029998779296875,40.029998779296875,39.20902633666992,31964500,0.010858574856552394
2538,2021-02-03,40.2400016784668,41.849998474121094,40.09000015258789,41.7400016784668,40.88395690917969,37192800,0.042717984326565706,2538,2021-02-03,40.2400016784668,41.849998474121094,40.09000015258789,41.7400016784668,40.88395690917969,37192800,0.042717984326565706,2538,2021-02-03,40.2400016784668,41.849998474121094,40.09000015258789,41.7400016784668,40.88395690917969,37192800,0.042717984326565706,2538,2021-02-03,40.2400016784668,41.849998474121094,40.09000015258789,41.7400016784668,40.88395690917969,37192800,0.042717984326565706,2538,2021-02-03,40.2400016784668,41.849998474121094,40.09000015258789,41.7400016784668,40.88395690917969,37192800,0.042717984326565706
2539,2021-02-04,42.04999923706055,42.209999084472656,41.310001373291016,42.20000076293945,41.33452224731445,24163900,0.011020590280330644,2539,2021-02-04,42.04999923706055,42.209999084472656,41.310001373291016,42.20000076293945,41.33452224731445,24163900,0.011020590280330644,2539,2021-02-04,42.04999923706055,42.209999084472656,41.310001373291016,42.20000076293945,41.33452224731445,24163900,0.011020590280330644,2539,2021-02-04,42.04999923706055,42.209999084472656,41.310001373291016,42.20000076293945,41.33452224731445,24163900,0.011020590280330644,2539,2021-02-04,42.04999923706055,42.209999084472656,41.310001373291016,42.20000076293945,41.33452224731445,24163900,0.011020590280330644
2540,2021-02-05,42.86000061035156,43.0,42.439998626708984,42.560001373291016,41.68714141845703,24098200,0.008530863597086435,2540,2021-02-05,42.86000061035156,43.0,42.439998626708984,42.560001373291016,41.68714141845703,24098200,0.008530863597086435,2540,2021-02-05,42.86000061035156,43.0,42.439998626708984,42.560001373291016,41.68714141845703,24098200,0.008530863597086435,2540,2021-02-05,42.86000061035156,43.0,42.439998626708984,42.560001373291016,41.68714141845703,24098200,0.008530863597086435,2540,2021-02-05,42.86000061035156,43.0,42.439998626708984,42.560001373291016,41.68714141845703,24098200,0.008530863597086435
2541,2021-02-08,43.18000030517578,44.54999923706055,43.13999938964844,44.34000015258789,43.430633544921875,31184100,0.04182325933466169,2541,2021-02-08,43.18000030517578,44.54999923706055,43.13999938964844,44.34000015258789,43.430633544921875,31184100,0.04182325933466169,2541,2021-02-08,43.18000030517578,44.54999923706055,43.13999938964844,44.34000015258789,43.430633544921875,31184100,0.04182325933466169,2541,2021-02-08,43.18000030517578,44.54999923706055,43.13999938964844,44.34000015258789,43.430633544921875,31184100,0.04182325933466169,2541,2021-02-08,43.18000030517578,44.54999923706055,43.13999938964844,44.34000015258789,43.430633544921875,31184100,0.04182325933466169
2542,2021-02-09,43.9900016784668,44.130001068115234,43.290000915527344,43.869998931884766,42.970272064208984,32399400,-0.0105999255165532,2542,2021-02-09,43.9900016784668,44.130001068115234,43.290000915527344,43.869998931884766,42.970272064208984,32399400,-0.0105999255165532,2542,2021-02-09,43.9900016784668,44.130001068115234,43.290000915527344,43.869998931884766,42.970272064208984,32399400,-0.0105999255165532,2542,2021-02-09,43.9900016784668,44.130001068115234,43.290000915527344,43.869998931884766,42.970272064208984,32399400,-0.0105999255165532,2542,2021-02-09,43.9900016784668,44.130001068115234,43.290000915527344,43.869998931884766,42.970272064208984,32399400,-0.0105999255165532
2543,2021-02-10,44.02000045776367,44.75,43.7400016784668,44.709999084472656,43.79304122924805,29225500,0.019147404135808843,2543,2021-02-10,44.02000045776367,44.75,43.7400016784668,44.709999084472656,43.79304122924805,29225500,0.019147404135808843,2543,2021-02-10,44.02000045776367,44.75,43.7400016784668,44.709999084472656,43.79304122924805,29225500,0.019147404135808843,2543,2021-02-10,44.02000045776367,44.75,43.7400016784668,44.709999084472656,43.79304122924805,29225500,0.019147404135808843,2543,2021-02-10,44.02000045776367,44.75,43.7400016784668,44.709999084472656,43.79304122924805,29225500,0.019147404135808843
2544,2021-02-11,44.56999969482422,44.58000183105469,43.09000015258789,44.02000045776367,43.11719512939453,24816300,-0.015432728143167651,2544,2021-02-11,44.56999969482422,44.58000183105469,43.09000015258789,44.02000045776367,43.11719512939453,24816300,-0.015432728143167651,2544,2021-02-11,44.56999969482422,44.58000183105469,43.09000015258789,44.02000045776367,43.11719512939453,24816300,-0.015432728143167651,2544,2021-02-11,44.56999969482422,44.58000183105469,43.09000015258789,44.02000045776367,43.11719512939453,24816300,-0.015432728143167651,2544,2021-02-11,44.56999969482422,44.58000183105469,43.09000015258789,44.02000045776367,43.11719512939453,24816300,-0.015432728143167651
2545,2021-02-12,43.709999084472656,44.709999084472656,43.630001068115234,44.66999816894531,43.75386047363281,23700400,0.014765926733584012,2545,2021-02-12,43.709999084472656,44.709999084472656,43.630001068115234,44.66999816894531,43.75386047363281,23700400,0.014765926733584012,2545,2021-02-12,43.709999084472656,44.709999084472656,43.630001068115234,44.66999816894531,43.75386047363281,23700400,0.014765926733584012,2545,2021-02-12,43.709999084472656,44.709999084472656,43.630001068115234,44.66999816894531,43.75386047363281,23700400,0.014765926733584012,2545,2021-02-12,43.709999084472656,44.709999084472656,43.630001068115234,44.66999816894531,43.75386047363281,23700400,0.014765926733584012
2546,2021-02-16,45.70000076293945,46.31999969482422,45.470001220703125,45.790000915527344,44.850894927978516,38296700,0.02507286082805882,2546,2021-02-16,45.70000076293945,46.31999969482422,45.470001220703125,45.790000915527344,44.850894927978516,38296700,0.02507286082805882,2546,2021-02-16,45.70000076293945,46.31999969482422,45.470001220703125,45.790000915527344,44.850894927978516,38296700,0.02507286082805882,2546,2021-02-16,45.70000076293945,46.31999969482422,45.470001220703125,45.790000915527344,44.850894927978516,38296700,0.02507286082805882,2546,2021-02-16,45.70000076293945,46.31999969482422,45.470001220703125,45.790000915527344,44.850894927978516,38296700,0.02507286082805882
2547,2021-02-17,46.2599983215332,46.77000045776367,45.59000015258789,46.470001220703125,45.51695251464844,34482200,0.014850485987837558,2547,2021-02-17,46.2599983215332,46.77000045776367,45.59000015258789,46.470001220703125,45.51695251464844,34482200,0.014850485987837558,2547,2021-02-17,46.2599983215332,46.77000045776367,45.59000015258789,46.470001220703125,45.51695251464844,34482200,0.014850485987837558,2547,2021-02-17,46.2599983215332,46.77000045776367,45.59000015258789,46.470001220703125,45.51695251464844,34482200,0.014850485987837558,2547,2021-02-17,46.2599983215332,46.77000045776367,45.59000015258789,46.470001220703125,45.51695251464844,34482200,0.014850485987837558
2548,2021-02-18,46.27000045776367,46.36000061035156,45.279998779296875,45.41999816894531,44.48847961425781,30680100,-0.02259538135949757,2548,2021-02-18,46.27000045776367,46.36000061035156,45.279998779296875,45.41999816894531,44.48847961425781,30680100,-0.02259538135949757,2548,2021-02-18,46.27000045776367,46.36000061035156,45.279998779296875,45.41999816894531,44.48847961425781,30680100,-0.02259538135949757,2548,2021-02-18,46.27000045776367,46.36000061035156,45.279998779296875,45.41999816894531,44.48847961425781,30680100,-0.02259538135949757,2548,2021-02-18,46.27000045776367,46.36000061035156,45.279998779296875,45.41999816894531,44.48847961425781,30680100,-0.02259538135949757
2549,2021-02-19,45.47999954223633,46.36000061035156,45.43000030517578,46.18000030517578,45.2328987121582,27202100,0.0167328509392759,2549,2021-02-19,45.47999954223633,46.36000061035156,45.43000030517578,46.18000030517578,45.2328987121582,27202100,0.0167328509392759,2549,2021-02-19,45.47999954223633,46.36000061035156,45.43000030517578,46.18000030517578,45.2328987121582,27202100,0.0167328509392759,2549,2021-02-19,45.47999954223633,46.36000061035156,45.43000030517578,46.18000030517578,45.2328987121582,27202100,0.0167328509392759,2549,2021-02-19,45.47999954223633,46.36000061035156,45.43000030517578,46.18000030517578,45.2328987121582,27202100,0.0167328509392759
2550,2021-02-22,46.4900016784668,48.470001220703125,46.40999984741211,47.779998779296875,46.800079345703125,37822300,0.03464692023205829,2550,2021-02-22,46.4900016784668,48.470001220703125,46.40999984741211,47.779998779296875,46.800079345703125,37822300,0.03464692023205829,2550,2021-02-22,46.4900016784668,48.470001220703125,46.40999984741211,47.779998779296875,46.800079345703125,37822300,0.03464692023205829,2550,2021-02-22,46.4900016784668,48.470001220703125,46.40999984741211,47.779998779296875,46.800079345703125,37822300,0.03464692023205829,2550,2021-02-22,46.4900016784668,48.470001220703125,46.40999984741211,47.779998779296875,46.800079345703125,37822300,0.03464692023205829
2551,2021-02-23,48.349998474121094,48.709999084472656,46.5099983215332,48.56999969482422,47.57387924194336,49185400,0.016534157784740655,2551,2021-02-23,48.349998474121094,48.709999084472656,46.5099983215332,48.56999969482422,47.57387924194336,49185400,0.016534157784740655,2551,2021-02-23,48.349998474121094,48.709999084472656,46.5099983215332,48.56999969482422,47.57387924194336,49185400,0.016534157784740655,2551,2021-02-23,48.349998474121094,48.709999084472656,46.5099983215332,48.56999969482422,47.57387924194336,49185400,0.016534157784740655,2551,2021-02-23,48.349998474121094,48.709999084472656,46.5099983215332,48.56999969482422,47.57387924194336,49185400,0.016534157784740655
2552,2021-02-24,48.88999938964844,50.58000183105469,48.47999954223633,50.290000915527344,49.25860595703125,38874400,0.03541285137837891,2552,2021-02-24,48.88999938964844,50.58000183105469,48.47999954223633,50.290000915527344,49.25860595703125,38874400,0.03541285137837891,2552,2021-02-24,48.88999938964844,50.58000183105469,48.47999954223633,50.290000915527344,49.25860595703125,38874400,0.03541285137837891,2552,2021-02-24,48.88999938964844,50.58000183105469,48.47999954223633,50.290000915527344,49.25860595703125,38874400,0.03541285137837891,2552,2021-02-24,48.88999938964844,50.58000183105469,48.47999954223633,50.290000915527344,49.25860595703125,38874400,0.03541285137837891
2553,2021-02-25,50.810001373291016,50.810001373291016,48.97999954223633,49.31999969482422,48.30849838256836,37943900,-0.019288153937845443,2553,2021-02-25,50.810001373291016,50.810001373291016,48.97999954223633,49.31999969482422,48.30849838256836,37943900,-0.019288153937845443,2553,2021-02-25,50.810001373291016,50.810001373291016,48.97999954223633,49.31999969482422,48.30849838256836,37943900,-0.019288153937845443,2553,2021-02-25,50.810001373291016,50.810001373291016,48.97999954223633,49.31999969482422,48.30849838256836,37943900,-0.019288153937845443,2553,2021-02-25,50.810001373291016,50.810001373291016,48.97999954223633,49.31999969482422,48.30849838256836,37943900,-0.019288153937845443
2554,2021-02-26,48.65999984741211,48.79999923706055,46.72999954223633,48.150001525878906,47.16249465942383,45154400,-0.02372261116603147,2554,2021-02-26,48.65999984741211,48.79999923706055,46.72999954223633,48.150001525878906,47.16249465942383,45154400,-0.02372261116603147,2554,2021-02-26,48.65999984741211,48.79999923706055,46.72999954223633,48.150001525878906,47.16249465942383,45154400,-0.02372261116603147,2554,2021-02-26,48.65999984741211,48.79999923706055,46.72999954223633,48.150001525878906,47.16249465942383,45154400,-0.02372261116603147,2554,2021-02-26,48.65999984741211,48.79999923706055,46.72999954223633,48.150001525878906,47.16249465942383,45154400,-0.02372261116603147
2555,2021-03-01,49.41999816894531,50.08000183105469,49.060001373291016,49.400001525878906,48.38685989379883,34695800,0.025960569796329658,2555,2021-03-01,49.41999816894531,50.08000183105469,49.060001373291016,49.400001525878906,48.38685989379883,34695800,0.025960569796329658,2555,2021-03-01,49.41999816894531,50.08000183105469,49.060001373291016,49.400001525878906,48.38685989379883,34695800,0.025960569796329658,2555,2021-03-01,49.41999816894531,50.08000183105469,49.060001373291016,49.400001525878906,48.38685989379883,34695800,0.025960569796329658,2555,2021-03-01,49.41999816894531,50.08000183105469,49.060001373291016,49.400001525878906,48.38685989379883,34695800,0.025960569796329658
2556,2021-03-02,49.58000183105469,49.97999954223633,49.099998474121094,49.130001068115234,48.122398376464844,37234100,-0.00546556478172866,2556,2021-03-02,49.58000183105469,49.97999954223633,49.099998474121094,49.130001068115234,48.122398376464844,37234100,-0.00546556478172866,2556,2021-03-02,49.58000183105469,49.97999954223633,49.099998474121094,49.130001068115234,48.122398376464844,37234100,-0.00546556478172866,2556,2021-03-02,49.58000183105469,49.97999954223633,49.099998474121094,49.130001068115234,48.122398376464844,37234100,-0.00546556478172866,2556,2021-03-02,49.58000183105469,49.97999954223633,49.099998474121094,49.130001068115234,48.122398376464844,37234100,-0.00546556478172866
2557,2021-03-03,49.4900016784668,50.97999954223633,49.47999954223633,49.849998474121094,48.8276252746582,41287200,0.014654857654357034,2557,2021-03-03,49.4900016784668,50.97999954223633,49.47999954223633,49.849998474121094,48.8276252746582,41287200,0.014654857654357034,2557,2021-03-03,49.4900016784668,50.97999954223633,49.47999954223633,49.849998474121094,48.8276252746582,41287200,0.014654857654357034,2557,2021-03-03,49.4900016784668,50.97999954223633,49.47999954223633,49.849998474121094,48.8276252746582,41287200,0.014654857654357034,2557,2021-03-03,49.4900016784668,50.97999954223633,49.47999954223633,49.849998474121094,48.8276252746582,41287200,0.014654857654357034
2558,2021-03-04,50.29999923706055,51.959999084472656,49.83000183105469,51.040000915527344,49.99322509765625,53786900,0.023871728687223204,2558,2021-03-04,50.29999923706055,51.959999084472656,49.83000183105469,51.040000915527344,49.99322509765625,53786900,0.023871728687223204,2558,2021-03-04,50.29999923706055,51.959999084472656,49.83000183105469,51.040000915527344,49.99322509765625,53786900,0.023871728687223204,2558,2021-03-04,50.29999923706055,51.959999084472656,49.83000183105469,51.040000915527344,49.99322509765625,53786900,0.023871728687223204,2558,2021-03-04,50.29999923706055,51.959999084472656,49.83000183105469,51.040000915527344,49.99322509765625,53786900,0.023871728687223204
2559,2021-03-05,52.4900016784668,53.06999969482422,51.18000030517578,52.95000076293945,51.864051818847656,56197900,0.037421604978213674,2559,2021-03-05,52.4900016784668,53.06999969482422,51.18000030517578,52.95000076293945,51.864051818847656,56197900,0.037421604978213674,2559,2021-03-05,52.4900016784668,53.06999969482422,51.18000030517578,52.95000076293945,51.864051818847656,56197900,0.037421604978213674,2559,2021-03-05,52.4900016784668,53.06999969482422,51.18000030517578,52.95000076293945,51.864051818847656,56197900,0.037421604978213674,2559,2021-03-05,52.4900016784668,53.06999969482422,51.18000030517578,52.95000076293945,51.864051818847656,56197900,0.037421604978213674
2560,2021-03-08,53.470001220703125,53.75,52.279998779296875,53.04999923706055,51.961997985839844,50305000,0.0018885174520166803,2560,2021-03-08,53.470001220703125,53.75,52.279998779296875,53.04999923706055,51.961997985839844,50305000,0.0018885174520166803,2560,2021-03-08,53.470001220703125,53.75,52.279998779296875,53.04999923706055,51.961997985839844,50305000,0.0018885174520166803,2560,2021-03-08,53.470001220703125,53.75,52.279998779296875,53.04999923706055,51.961997985839844,50305000,0.0018885174520166803,2560,2021-03-08,53.470001220703125,53.75,52.279998779296875,53.04999923706055,51.961997985839844,50305000,0.0018885174520166803
2561,2021-03-09,52.75,53.5099983215332,51.75,52.119998931884766,51.05107498168945,59444800,-0.017530561553822932,2561,2021-03-09,52.75,53.5099983215332,51.75,52.119998931884766,51.05107498168945,59444800,-0.017530561553822932,2561,2021-03-09,52.75,53.5099983215332,51.75,52.119998931884766,51.05107498168945,59444800,-0.017530561553822932,2561,2021-03-09,52.75,53.5099983215332,51.75,52.119998931884766,51.05107498168945,59444800,-0.017530561553822932,2561,2021-03-09,52.75,53.5099983215332,51.75,52.119998931884766,51.05107498168945,59444800,-0.017530561553822932
2562,2021-03-10,52.20000076293945,53.619998931884766,51.95000076293945,53.439998626708984,52.34400177001953,39208300,0.025326142276020924,2562,2021-03-10,52.20000076293945,53.619998931884766,51.95000076293945,53.439998626708984,52.34400177001953,39208300,0.025326142276020924,2562,2021-03-10,52.20000076293945,53.619998931884766,51.95000076293945,53.439998626708984,52.34400177001953,39208300,0.025326142276020924,2562,2021-03-10,52.20000076293945,53.619998931884766,51.95000076293945,53.439998626708984,52.34400177001953,39208300,0.025326142276020924,2562,2021-03-10,52.20000076293945,53.619998931884766,51.95000076293945,53.439998626708984,52.34400177001953,39208300,0.025326142276020924
2563,2021-03-11,53.54999923706055,54.369998931884766,53.34000015258789,53.459999084472656,52.363590240478516,25398700,0.00037422569533474004,2563,2021-03-11,53.54999923706055,54.369998931884766,53.34000015258789,53.459999084472656,52.363590240478516,25398700,0.00037422569533474004,2563,2021-03-11,53.54999923706055,54.369998931884766,53.34000015258789,53.459999084472656,52.363590240478516,25398700,0.00037422569533474004,2563,2021-03-11,53.54999923706055,54.369998931884766,53.34000015258789,53.459999084472656,52.363590240478516,25398700,0.00037422569533474004,2563,2021-03-11,53.54999923706055,54.369998931884766,53.34000015258789,53.459999084472656,52.363590240478516,25398700,0.00037422569533474004
2564,2021-03-12,53.560001373291016,54.04999923706055,53.16999816894531,53.56999969482422,52.471336364746094,29893400,0.002057653491152056,2564,2021-03-12,53.560001373291016,54.04999923706055,53.16999816894531,53.56999969482422,52.471336364746094,29893400,0.002057653491152056,2564,2021-03-12,53.560001373291016,54.04999923706055,53.16999816894531,53.56999969482422,52.471336364746094,29893400,0.002057653491152056,2564,2021-03-12,53.560001373291016,54.04999923706055,53.16999816894531,53.56999969482422,52.471336364746094,29893400,0.002057653491152056,2564,2021-03-12,53.560001373291016,54.04999923706055,53.16999816894531,53.56999969482422,52.471336364746094,29893400,0.002057653491152056
2565,2021-03-15,53.45000076293945,53.599998474121094,52.31999969482422,52.959999084472656,51.873844146728516,30226300,-0.011387021170267242,2565,2021-03-15,53.45000076293945,53.599998474121094,52.31999969482422,52.959999084472656,51.873844146728516,30226300,-0.011387021170267242,2565,2021-03-15,53.45000076293945,53.599998474121094,52.31999969482422,52.959999084472656,51.873844146728516,30226300,-0.011387021170267242,2565,2021-03-15,53.45000076293945,53.599998474121094,52.31999969482422,52.959999084472656,51.873844146728516,30226300,-0.011387021170267242,2565,2021-03-15,53.45000076293945,53.599998474121094,52.31999969482422,52.959999084472656,51.873844146728516,30226300,-0.011387021170267242
2566,2021-03-16,52.08000183105469,52.130001068115234,51.130001068115234,51.45000076293945,50.39481735229492,38643500,-0.028511995182968763,2566,2021-03-16,52.08000183105469,52.130001068115234,51.130001068115234,51.45000076293945,50.39481735229492,38643500,-0.028511995182968763,2566,2021-03-16,52.08000183105469,52.130001068115234,51.130001068115234,51.45000076293945,50.39481735229492,38643500,-0.028511995182968763,2566,2021-03-16,52.08000183105469,52.130001068115234,51.130001068115234,51.45000076293945,50.39481735229492,38643500,-0.028511995182968763,2566,2021-03-16,52.08000183105469,52.130001068115234,51.130001068115234,51.45000076293945,50.39481735229492,38643500,-0.028511995182968763
2567,2021-03-17,51.29999923706055,52.099998474121094,50.86000061035156,51.849998474121094,50.7866096496582,32276100,0.007774456143463615,2567,2021-03-17,51.29999923706055,52.099998474121094,50.86000061035156,51.849998474121094,50.7866096496582,32276100,0.007774456143463615,2567,2021-03-17,51.29999923706055,52.099998474121094,50.86000061035156,51.849998474121094,50.7866096496582,32276100,0.007774456143463615,2567,2021-03-17,51.29999923706055,52.099998474121094,50.86000061035156,51.849998474121094,50.7866096496582,32276100,0.007774456143463615,2567,2021-03-17,51.29999923706055,52.099998474121094,50.86000061035156,51.849998474121094,50.7866096496582,32276100,0.007774456143463615
2568,2021-03-18,51.38999938964844,51.619998931884766,49.310001373291016,49.52000045776367,48.50439453125,43603600,-0.044937339471006865,2568,2021-03-18,51.38999938964844,51.619998931884766,49.310001373291016,49.52000045776367,48.50439453125,43603600,-0.044937339471006865,2568,2021-03-18,51.38999938964844,51.619998931884766,49.310001373291016,49.52000045776367,48.50439453125,43603600,-0.044937339471006865,2568,2021-03-18,51.38999938964844,51.619998931884766,49.310001373291016,49.52000045776367,48.50439453125,43603600,-0.044937339471006865,2568,2021-03-18,51.38999938964844,51.619998931884766,49.310001373291016,49.52000045776367,48.50439453125,43603600,-0.044937339471006865
2569,2021-03-19,49.5,50.349998474121094,48.86000061035156,49.529998779296875,48.514190673828125,40579300,0.00020196402146233083,2569,2021-03-19,49.5,50.349998474121094,48.86000061035156,49.529998779296875,48.514190673828125,40579300,0.00020196402146233083,2569,2021-03-19,49.5,50.349998474121094,48.86000061035156,49.529998779296875,48.514190673828125,40579300,0.00020196402146233083,2569,2021-03-19,49.5,50.349998474121094,48.86000061035156,49.529998779296875,48.514190673828125,40579300,0.00020196402146233083,2569,2021-03-19,49.5,50.349998474121094,48.86000061035156,49.529998779296875,48.514190673828125,40579300,0.00020196402146233083
2570,2021-03-22,48.900001525878906,49.09000015258789,48.439998626708984,48.540000915527344,48.048946380615234,29780900,-0.009589859930691946,2570,2021-03-22,48.900001525878906,49.09000015258789,48.439998626708984,48.540000915527344,48.048946380615234,29780900,-0.009589859930691946,2570,2021-03-22,48.900001525878906,49.09000015258789,48.439998626708984,48.540000915527344,48.048946380615234,29780900,-0.009589859930691946,2570,2021-03-22,48.900001525878906,49.09000015258789,48.439998626708984,48.540000915527344,48.048946380615234,29780900,-0.009589859930691946,2570,2021-03-22,48.900001525878906,49.09000015258789,48.439998626708984,48.540000915527344,48.048946380615234,29780900,-0.009589859930691946
2571,2021-03-23,47.560001373291016,48.900001525878906,47.2599983215332,47.83000183105469,47.34613037109375,51598100,-0.014627084722195427,2571,2021-03-23,47.560001373291016,48.900001525878906,47.2599983215332,47.83000183105469,47.34613037109375,51598100,-0.014627084722195427,2571,2021-03-23,47.560001373291016,48.900001525878906,47.2599983215332,47.83000183105469,47.34613037109375,51598100,-0.014627084722195427,2571,2021-03-23,47.560001373291016,48.900001525878906,47.2599983215332,47.83000183105469,47.34613037109375,51598100,-0.014627084722195427,2571,2021-03-23,47.560001373291016,48.900001525878906,47.2599983215332,47.83000183105469,47.34613037109375,51598100,-0.014627084722195427
2572,2021-03-24,48.560001373291016,49.689998626708984,48.560001373291016,49.029998779296875,48.53398895263672,40815400,0.025088820823004232,2572,2021-03-24,48.560001373291016,49.689998626708984,48.560001373291016,49.029998779296875,48.53398895263672,40815400,0.025088820823004232,2572,2021-03-24,48.560001373291016,49.689998626708984,48.560001373291016,49.029998779296875,48.53398895263672,40815400,0.025088820823004232,2572,2021-03-24,48.560001373291016,49.689998626708984,48.560001373291016,49.029998779296875,48.53398895263672,40815400,0.025088820823004232,2572,2021-03-24,48.560001373291016,49.689998626708984,48.560001373291016,49.029998779296875,48.53398895263672,40815400,0.025088820823004232
2573,2021-03-25,48.209999084472656,49.349998474121094,47.43000030517578,49.209999084472656,48.7121696472168,40335100,0.0036712559265210665,2573,2021-03-25,48.209999084472656,49.349998474121094,47.43000030517578,49.209999084472656,48.7121696472168,40335100,0.0036712559265210665,2573,2021-03-25,48.209999084472656,49.349998474121094,47.43000030517578,49.209999084472656,48.7121696472168,40335100,0.0036712559265210665,2573,2021-03-25,48.209999084472656,49.349998474121094,47.43000030517578,49.209999084472656,48.7121696472168,40335100,0.0036712559265210665,2573,2021-03-25,48.209999084472656,49.349998474121094,47.43000030517578,49.209999084472656,48.7121696472168,40335100,0.0036712559265210665
2574,2021-03-26,50.099998474121094,50.5,49.529998779296875,50.43000030517578,49.91982650756836,36174300,0.024791686945945024,2574,2021-03-26,50.099998474121094,50.5,49.529998779296875,50.43000030517578,49.91982650756836,36174300,0.024791686945945024,2574,2021-03-26,50.099998474121094,50.5,49.529998779296875,50.43000030517578,49.91982650756836,36174300,0.024791686945945024,2574,2021-03-26,50.099998474121094,50.5,49.529998779296875,50.43000030517578,49.91982650756836,36174300,0.024791686945945024,2574,2021-03-26,50.099998474121094,50.5,49.529998779296875,50.43000030517578,49.91982650756836,36174300,0.024791686945945024
2575,2021-03-29,50.0,50.2599983215332,49.220001220703125,49.83000183105469,49.325897216796875,23643100,-0.011897663359896504,2575,2021-03-29,50.0,50.2599983215332,49.220001220703125,49.83000183105469,49.325897216796875,23643100,-0.011897663359896504,2575,2021-03-29,50.0,50.2599983215332,49.220001220703125,49.83000183105469,49.325897216796875,23643100,-0.011897663359896504,2575,2021-03-29,50.0,50.2599983215332,49.220001220703125,49.83000183105469,49.325897216796875,23643100,-0.011897663359896504,2575,2021-03-29,50.0,50.2599983215332,49.220001220703125,49.83000183105469,49.325897216796875,23643100,-0.011897663359896504
2576,2021-03-30,49.31999969482422,49.93000030517578,49.029998779296875,49.400001525878906,48.90024948120117,26696100,-0.008629295352194033,2576,2021-03-30,49.31999969482422,49.93000030517578,49.029998779296875,49.400001525878906,48.90024948120117,26696100,-0.008629295352194033,2576,2021-03-30,49.31999969482422,49.93000030517578,49.029998779296875,49.400001525878906,48.90024948120117,26696100,-0.008629295352194033,2576,2021-03-30,49.31999969482422,49.93000030517578,49.029998779296875,49.400001525878906,48.90024948120117,26696100,-0.008629295352194033,2576,2021-03-30,49.31999969482422,49.93000030517578,49.029998779296875,49.400001525878906,48.90024948120117,26696100,-0.008629295352194033
2577,2021-03-31,49.29999923706055,49.52000045776367,48.869998931884766,49.060001373291016,48.56368637084961,24048700,-0.006882646078951948,2577,2021-03-31,49.29999923706055,49.52000045776367,48.869998931884766,49.060001373291016,48.56368637084961,24048700,-0.006882646078951948,2577,2021-03-31,49.29999923706055,49.52000045776367,48.869998931884766,49.060001373291016,48.56368637084961,24048700,-0.006882646078951948,2577,2021-03-31,49.29999923706055,49.52000045776367,48.869998931884766,49.060001373291016,48.56368637084961,24048700,-0.006882646078951948,2577,2021-03-31,49.29999923706055,49.52000045776367,48.869998931884766,49.060001373291016,48.56368637084961,24048700,-0.006882646078951948
2578,2021-04-01,49.279998779296875,50.33000183105469,49.02000045776367,50.310001373291016,49.80104064941406,32519800,0.02547900233758149,2578,2021-04-01,49.279998779296875,50.33000183105469,49.02000045776367,50.310001373291016,49.80104064941406,32519800,0.02547900233758149,2578,2021-04-01,49.279998779296875,50.33000183105469,49.02000045776367,50.310001373291016,49.80104064941406,32519800,0.02547900233758149,2578,2021-04-01,49.279998779296875,50.33000183105469,49.02000045776367,50.310001373291016,49.80104064941406,32519800,0.02547900233758149,2578,2021-04-01,49.279998779296875,50.33000183105469,49.02000045776367,50.310001373291016,49.80104064941406,32519800,0.02547900233758149
2579,2021-04-05,50.209999084472656,50.220001220703125,48.81999969482422,49.11000061035156,48.613182067871094,26686100,-0.023852083531851753,2579,2021-04-05,50.209999084472656,50.220001220703125,48.81999969482422,49.11000061035156,48.613182067871094,26686100,-0.023852083531851753,2579,2021-04-05,50.209999084472656,50.220001220703125,48.81999969482422,49.11000061035156,48.613182067871094,26686100,-0.023852083531851753,2579,2021-04-05,50.209999084472656,50.220001220703125,48.81999969482422,49.11000061035156,48.613182067871094,26686100,-0.023852083531851753,2579,2021-04-05,50.209999084472656,50.220001220703125,48.81999969482422,49.11000061035156,48.613182067871094,26686100,-0.023852083531851753
2580,2021-04-06,49.349998474121094,50.0099983215332,48.900001525878906,48.97999954223633,48.4844970703125,26628900,-0.002647121461395563,2580,2021-04-06,49.349998474121094,50.0099983215332,48.900001525878906,48.97999954223633,48.4844970703125,26628900,-0.002647121461395563,2580,2021-04-06,49.349998474121094,50.0099983215332,48.900001525878906,48.97999954223633,48.4844970703125,26628900,-0.002647121461395563,2580,2021-04-06,49.349998474121094,50.0099983215332,48.900001525878906,48.97999954223633,48.4844970703125,26628900,-0.002647121461395563,2580,2021-04-06,49.349998474121094,50.0099983215332,48.900001525878906,48.97999954223633,48.4844970703125,26628900,-0.002647121461395563
2581,2021-04-07,49.0,49.400001525878906,48.81999969482422,49.150001525878906,48.65277862548828,24944300,0.0034708322318315332,2581,2021-04-07,49.0,49.400001525878906,48.81999969482422,49.150001525878906,48.65277862548828,24944300,0.0034708322318315332,2581,2021-04-07,49.0,49.400001525878906,48.81999969482422,49.150001525878906,48.65277862548828,24944300,0.0034708322318315332,2581,2021-04-07,49.0,49.400001525878906,48.81999969482422,49.150001525878906,48.65277862548828,24944300,0.0034708322318315332,2581,2021-04-07,49.0,49.400001525878906,48.81999969482422,49.150001525878906,48.65277862548828,24944300,0.0034708322318315332
2582,2021-04-08,48.79999923706055,48.810001373291016,47.95000076293945,48.5099983215332,48.019248962402344,31883300,-0.013021448743197661,2582,2021-04-08,48.79999923706055,48.810001373291016,47.95000076293945,48.5099983215332,48.019248962402344,31883300,-0.013021448743197661,2582,2021-04-08,48.79999923706055,48.810001373291016,47.95000076293945,48.5099983215332,48.019248962402344,31883300,-0.013021448743197661,2582,2021-04-08,48.79999923706055,48.810001373291016,47.95000076293945,48.5099983215332,48.019248962402344,31883300,-0.013021448743197661,2582,2021-04-08,48.79999923706055,48.810001373291016,47.95000076293945,48.5099983215332,48.019248962402344,31883300,-0.013021448743197661
2583,2021-04-09,48.5,48.91999816894531,47.970001220703125,48.189998626708984,47.70248794555664,22186700,-0.00659654250514663,2583,2021-04-09,48.5,48.91999816894531,47.970001220703125,48.189998626708984,47.70248794555664,22186700,-0.00659654250514663,2583,2021-04-09,48.5,48.91999816894531,47.970001220703125,48.189998626708984,47.70248794555664,22186700,-0.00659654250514663,2583,2021-04-09,48.5,48.91999816894531,47.970001220703125,48.189998626708984,47.70248794555664,22186700,-0.00659654250514663,2583,2021-04-09,48.5,48.91999816894531,47.970001220703125,48.189998626708984,47.70248794555664,22186700,-0.00659654250514663
2584,2021-04-12,48.61000061035156,48.959999084472656,47.63999938964844,47.810001373291016,47.326332092285156,19598100,-0.007885455653818152,2584,2021-04-12,48.61000061035156,48.959999084472656,47.63999938964844,47.810001373291016,47.326332092285156,19598100,-0.007885455653818152,2584,2021-04-12,48.61000061035156,48.959999084472656,47.63999938964844,47.810001373291016,47.326332092285156,19598100,-0.007885455653818152,2584,2021-04-12,48.61000061035156,48.959999084472656,47.63999938964844,47.810001373291016,47.326332092285156,19598100,-0.007885455653818152,2584,2021-04-12,48.61000061035156,48.959999084472656,47.63999938964844,47.810001373291016,47.326332092285156,19598100,-0.007885455653818152
2585,2021-04-13,47.72999954223633,48.119998931884766,47.380001068115234,47.86000061035156,47.37582778930664,22412700,0.0010458384335589876,2585,2021-04-13,47.72999954223633,48.119998931884766,47.380001068115234,47.86000061035156,47.37582778930664,22412700,0.0010458384335589876,2585,2021-04-13,47.72999954223633,48.119998931884766,47.380001068115234,47.86000061035156,47.37582778930664,22412700,0.0010458384335589876,2585,2021-04-13,47.72999954223633,48.119998931884766,47.380001068115234,47.86000061035156,47.37582778930664,22412700,0.0010458384335589876,2585,2021-04-13,47.72999954223633,48.119998931884766,47.380001068115234,47.86000061035156,47.37582778930664,22412700,0.0010458384335589876
2586,2021-04-14,48.279998779296875,49.84000015258789,48.22999954223633,49.189998626708984,48.6923713684082,33383900,0.027789352514463683,2586,2021-04-14,48.279998779296875,49.84000015258789,48.22999954223633,49.189998626708984,48.6923713684082,33383900,0.027789352514463683,2586,2021-04-14,48.279998779296875,49.84000015258789,48.22999954223633,49.189998626708984,48.6923713684082,33383900,0.027789352514463683,2586,2021-04-14,48.279998779296875,49.84000015258789,48.22999954223633,49.189998626708984,48.6923713684082,33383900,0.027789352514463683,2586,2021-04-14,48.279998779296875,49.84000015258789,48.22999954223633,49.189998626708984,48.6923713684082,33383900,0.027789352514463683
2587,2021-04-15,49.25,49.25,48.59000015258789,48.790000915527344,48.296417236328125,24843100,-0.008131748792521876,2587,2021-04-15,49.25,49.25,48.59000015258789,48.790000915527344,48.296417236328125,24843100,-0.008131748792521876,2587,2021-04-15,49.25,49.25,48.59000015258789,48.790000915527344,48.296417236328125,24843100,-0.008131748792521876,2587,2021-04-15,49.25,49.25,48.59000015258789,48.790000915527344,48.296417236328125,24843100,-0.008131748792521876,2587,2021-04-15,49.25,49.25,48.59000015258789,48.790000915527344,48.296417236328125,24843100,-0.008131748792521876
2588,2021-04-16,49.150001525878906,49.27000045776367,48.20000076293945,48.400001525878906,47.91036605834961,28594500,-0.007993370938665256,2588,2021-04-16,49.150001525878906,49.27000045776367,48.20000076293945,48.400001525878906,47.91036605834961,28594500,-0.007993370938665256,2588,2021-04-16,49.150001525878906,49.27000045776367,48.20000076293945,48.400001525878906,47.91036605834961,28594500,-0.007993370938665256,2588,2021-04-16,49.150001525878906,49.27000045776367,48.20000076293945,48.400001525878906,47.91036605834961,28594500,-0.007993370938665256,2588,2021-04-16,49.150001525878906,49.27000045776367,48.20000076293945,48.400001525878906,47.91036605834961,28594500,-0.007993370938665256
2589,2021-04-19,48.5,48.86000061035156,47.880001068115234,48.349998474121094,47.86086654663086,20413900,-0.0010331691404416032,2589,2021-04-19,48.5,48.86000061035156,47.880001068115234,48.349998474121094,47.86086654663086,20413900,-0.0010331691404416032,2589,2021-04-19,48.5,48.86000061035156,47.880001068115234,48.349998474121094,47.86086654663086,20413900,-0.0010331691404416032,2589,2021-04-19,48.5,48.86000061035156,47.880001068115234,48.349998474121094,47.86086654663086,20413900,-0.0010331691404416032,2589,2021-04-19,48.5,48.86000061035156,47.880001068115234,48.349998474121094,47.86086654663086,20413900,-0.0010331691404416032
2590,2021-04-20,48.18000030517578,48.25,46.59000015258789,47.06999969482422,46.59381866455078,36287000,-0.02647356751983576,2590,2021-04-20,48.18000030517578,48.25,46.59000015258789,47.06999969482422,46.59381866455078,36287000,-0.02647356751983576,2590,2021-04-20,48.18000030517578,48.25,46.59000015258789,47.06999969482422,46.59381866455078,36287000,-0.02647356751983576,2590,2021-04-20,48.18000030517578,48.25,46.59000015258789,47.06999969482422,46.59381866455078,36287000,-0.02647356751983576,2590,2021-04-20,48.18000030517578,48.25,46.59000015258789,47.06999969482422,46.59381866455078,36287000,-0.02647356751983576
2591,2021-04-21,46.470001220703125,47.84000015258789,46.25,47.66999816894531,47.187747955322266,28495500,0.012746954591711823,2591,2021-04-21,46.470001220703125,47.84000015258789,46.25,47.66999816894531,47.187747955322266,28495500,0.012746954591711823,2591,2021-04-21,46.470001220703125,47.84000015258789,46.25,47.66999816894531,47.187747955322266,28495500,0.012746954591711823,2591,2021-04-21,46.470001220703125,47.84000015258789,46.25,47.66999816894531,47.187747955322266,28495500,0.012746954591711823,2591,2021-04-21,46.470001220703125,47.84000015258789,46.25,47.66999816894531,47.187747955322266,28495500,0.012746954591711823
2592,2021-04-22,47.900001525878906,47.91999816894531,46.95000076293945,47.11000061035156,46.63341522216797,25031400,-0.011747386920841096,2592,2021-04-22,47.900001525878906,47.91999816894531,46.95000076293945,47.11000061035156,46.63341522216797,25031400,-0.011747386920841096,2592,2021-04-22,47.900001525878906,47.91999816894531,46.95000076293945,47.11000061035156,46.63341522216797,25031400,-0.011747386920841096,2592,2021-04-22,47.900001525878906,47.91999816894531,46.95000076293945,47.11000061035156,46.63341522216797,25031400,-0.011747386920841096,2592,2021-04-22,47.900001525878906,47.91999816894531,46.95000076293945,47.11000061035156,46.63341522216797,25031400,-0.011747386920841096
2593,2021-04-23,47.150001525878906,47.75,46.869998931884766,47.540000915527344,47.05906295776367,16948900,0.009127526550819054,2593,2021-04-23,47.150001525878906,47.75,46.869998931884766,47.540000915527344,47.05906295776367,16948900,0.009127526550819054,2593,2021-04-23,47.150001525878906,47.75,46.869998931884766,47.540000915527344,47.05906295776367,16948900,0.009127526550819054,2593,2021-04-23,47.150001525878906,47.75,46.869998931884766,47.540000915527344,47.05906295776367,16948900,0.009127526550819054,2593,2021-04-23,47.150001525878906,47.75,46.869998931884766,47.540000915527344,47.05906295776367,16948900,0.009127526550819054
2594,2021-04-26,47.36000061035156,48.220001220703125,47.36000061035156,47.86000061035156,47.37582778930664,17945900,0.006731218422841856,2594,2021-04-26,47.36000061035156,48.220001220703125,47.36000061035156,47.86000061035156,47.37582778930664,17945900,0.006731218422841856,2594,2021-04-26,47.36000061035156,48.220001220703125,47.36000061035156,47.86000061035156,47.37582778930664,17945900,0.006731218422841856,2594,2021-04-26,47.36000061035156,48.220001220703125,47.36000061035156,47.86000061035156,47.37582778930664,17945900,0.006731218422841856,2594,2021-04-26,47.36000061035156,48.220001220703125,47.36000061035156,47.86000061035156,47.37582778930664,17945900,0.006731218422841856
2595,2021-04-27,48.040000915527344,48.61000061035156,47.81999969482422,48.439998626708984,47.94995880126953,21134400,0.012118648660160769,2595,2021-04-27,48.040000915527344,48.61000061035156,47.81999969482422,48.439998626708984,47.94995880126953,21134400,0.012118648660160769,2595,2021-04-27,48.040000915527344,48.61000061035156,47.81999969482422,48.439998626708984,47.94995880126953,21134400,0.012118648660160769,2595,2021-04-27,48.040000915527344,48.61000061035156,47.81999969482422,48.439998626708984,47.94995880126953,21134400,0.012118648660160769,2595,2021-04-27,48.040000915527344,48.61000061035156,47.81999969482422,48.439998626708984,47.94995880126953,21134400,0.012118648660160769
2596,2021-04-28,48.79999923706055,50.29999923706055,48.7599983215332,50.11000061035156,49.603065490722656,32937000,0.034475664438096576,2596,2021-04-28,48.79999923706055,50.29999923706055,48.7599983215332,50.11000061035156,49.603065490722656,32937000,0.034475664438096576,2596,2021-04-28,48.79999923706055,50.29999923706055,48.7599983215332,50.11000061035156,49.603065490722656,32937000,0.034475664438096576,2596,2021-04-28,48.79999923706055,50.29999923706055,48.7599983215332,50.11000061035156,49.603065490722656,32937000,0.034475664438096576,2596,2021-04-28,48.79999923706055,50.29999923706055,48.7599983215332,50.11000061035156,49.603065490722656,32937000,0.034475664438096576
2597,2021-04-29,50.83000183105469,51.290000915527344,50.04999923706055,50.66999816894531,50.15739822387695,33021200,0.011175372482935986,2597,2021-04-29,50.83000183105469,51.290000915527344,50.04999923706055,50.66999816894531,50.15739822387695,33021200,0.011175372482935986,2597,2021-04-29,50.83000183105469,51.290000915527344,50.04999923706055,50.66999816894531,50.15739822387695,33021200,0.011175372482935986,2597,2021-04-29,50.83000183105469,51.290000915527344,50.04999923706055,50.66999816894531,50.15739822387695,33021200,0.011175372482935986,2597,2021-04-29,50.83000183105469,51.290000915527344,50.04999923706055,50.66999816894531,50.15739822387695,33021200,0.011175372482935986
2598,2021-04-30,49.95000076293945,50.63999938964844,49.279998779296875,49.38999938964844,48.89034652709961,29259500,-0.02526151159439871,2598,2021-04-30,49.95000076293945,50.63999938964844,49.279998779296875,49.38999938964844,48.89034652709961,29259500,-0.02526151159439871,2598,2021-04-30,49.95000076293945,50.63999938964844,49.279998779296875,49.38999938964844,48.89034652709961,29259500,-0.02526151159439871,2598,2021-04-30,49.95000076293945,50.63999938964844,49.279998779296875,49.38999938964844,48.89034652709961,29259500,-0.02526151159439871,2598,2021-04-30,49.95000076293945,50.63999938964844,49.279998779296875,49.38999938964844,48.89034652709961,29259500,-0.02526151159439871
2599,2021-05-03,49.959999084472656,50.880001068115234,49.79999923706055,50.75,50.23659133911133,22870000,0.02753600470525419,2599,2021-05-03,49.959999084472656,50.880001068115234,49.79999923706055,50.75,50.23659133911133,22870000,0.02753600470525419,2599,2021-05-03,49.959999084472656,50.880001068115234,49.79999923706055,50.75,50.23659133911133,22870000,0.02753600470525419,2599,2021-05-03,49.959999084472656,50.880001068115234,49.79999923706055,50.75,50.23659133911133,22870000,0.02753600470525419,2599,2021-05-03,49.959999084472656,50.880001068115234,49.79999923706055,50.75,50.23659133911133,22870000,0.02753600470525419
2600,2021-05-04,50.849998474121094,51.22999954223633,50.20000076293945,50.779998779296875,50.26628494262695,26958800,0.0005910752048279289,2600,2021-05-04,50.849998474121094,51.22999954223633,50.20000076293945,50.779998779296875,50.26628494262695,26958800,0.0005910752048279289,2600,2021-05-04,50.849998474121094,51.22999954223633,50.20000076293945,50.779998779296875,50.26628494262695,26958800,0.0005910752048279289,2600,2021-05-04,50.849998474121094,51.22999954223633,50.20000076293945,50.779998779296875,50.26628494262695,26958800,0.0005910752048279289,2600,2021-05-04,50.849998474121094,51.22999954223633,50.20000076293945,50.779998779296875,50.26628494262695,26958800,0.0005910752048279289
2601,2021-05-05,51.40999984741211,52.58000183105469,51.40999984741211,52.41999816894531,51.88969421386719,39810600,0.032296185665862565,2601,2021-05-05,51.40999984741211,52.58000183105469,51.40999984741211,52.41999816894531,51.88969421386719,39810600,0.032296185665862565,2601,2021-05-05,51.40999984741211,52.58000183105469,51.40999984741211,52.41999816894531,51.88969421386719,39810600,0.032296185665862565,2601,2021-05-05,51.40999984741211,52.58000183105469,51.40999984741211,52.41999816894531,51.88969421386719,39810600,0.032296185665862565,2601,2021-05-05,51.40999984741211,52.58000183105469,51.40999984741211,52.41999816894531,51.88969421386719,39810600,0.032296185665862565
2602,2021-05-06,52.40999984741211,52.689998626708984,51.439998626708984,52.689998626708984,52.15696334838867,29355200,0.005150717084974721,2602,2021-05-06,52.40999984741211,52.689998626708984,51.439998626708984,52.689998626708984,52.15696334838867,29355200,0.005150717084974721,2602,2021-05-06,52.40999984741211,52.689998626708984,51.439998626708984,52.689998626708984,52.15696334838867,29355200,0.005150717084974721,2602,2021-05-06,52.40999984741211,52.689998626708984,51.439998626708984,52.689998626708984,52.15696334838867,29355200,0.005150717084974721,2602,2021-05-06,52.40999984741211,52.689998626708984,51.439998626708984,52.689998626708984,52.15696334838867,29355200,0.005150717084974721
2603,2021-05-07,52.150001525878906,53.720001220703125,51.959999084472656,53.630001068115234,53.08745574951172,31598100,0.017840233429766927,2603,2021-05-07,52.150001525878906,53.720001220703125,51.959999084472656,53.630001068115234,53.08745574951172,31598100,0.017840233429766927,2603,2021-05-07,52.150001525878906,53.720001220703125,51.959999084472656,53.630001068115234,53.08745574951172,31598100,0.017840233429766927,2603,2021-05-07,52.150001525878906,53.720001220703125,51.959999084472656,53.630001068115234,53.08745574951172,31598100,0.017840233429766927,2603,2021-05-07,52.150001525878906,53.720001220703125,51.959999084472656,53.630001068115234,53.08745574951172,31598100,0.017840233429766927
2604,2021-05-10,54.29999923706055,55.13999938964844,53.61000061035156,53.650001525878906,53.10725402832031,34499000,0.00037293704377194814,2604,2021-05-10,54.29999923706055,55.13999938964844,53.61000061035156,53.650001525878906,53.10725402832031,34499000,0.00037293704377194814,2604,2021-05-10,54.29999923706055,55.13999938964844,53.61000061035156,53.650001525878906,53.10725402832031,34499000,0.00037293704377194814,2604,2021-05-10,54.29999923706055,55.13999938964844,53.61000061035156,53.650001525878906,53.10725402832031,34499000,0.00037293704377194814,2604,2021-05-10,54.29999923706055,55.13999938964844,53.61000061035156,53.650001525878906,53.10725402832031,34499000,0.00037293704377194814
2605,2021-05-11,52.529998779296875,53.279998779296875,51.810001373291016,52.27000045776367,51.741214752197266,56765900,-0.025722272806547042,2605,2021-05-11,52.529998779296875,53.279998779296875,51.810001373291016,52.27000045776367,51.741214752197266,56765900,-0.025722272806547042,2605,2021-05-11,52.529998779296875,53.279998779296875,51.810001373291016,52.27000045776367,51.741214752197266,56765900,-0.025722272806547042,2605,2021-05-11,52.529998779296875,53.279998779296875,51.810001373291016,52.27000045776367,51.741214752197266,56765900,-0.025722272806547042,2605,2021-05-11,52.529998779296875,53.279998779296875,51.810001373291016,52.27000045776367,51.741214752197266,56765900,-0.025722272806547042
2606,2021-05-12,52.540000915527344,54.06999969482422,52.279998779296875,52.52000045776367,51.988685607910156,41097800,0.004782857474415536,2606,2021-05-12,52.540000915527344,54.06999969482422,52.279998779296875,52.52000045776367,51.988685607910156,41097800,0.004782857474415536,2606,2021-05-12,52.540000915527344,54.06999969482422,52.279998779296875,52.52000045776367,51.988685607910156,41097800,0.004782857474415536,2606,2021-05-12,52.540000915527344,54.06999969482422,52.279998779296875,52.52000045776367,51.988685607910156,41097800,0.004782857474415536,2606,2021-05-12,52.540000915527344,54.06999969482422,52.279998779296875,52.52000045776367,51.988685607910156,41097800,0.004782857474415536
2607,2021-05-13,51.88999938964844,52.849998474121094,51.18000030517578,51.880001068115234,51.355159759521484,39849100,-0.012185840841728801,2607,2021-05-13,51.88999938964844,52.849998474121094,51.18000030517578,51.880001068115234,51.355159759521484,39849100,-0.012185840841728801,2607,2021-05-13,51.88999938964844,52.849998474121094,51.18000030517578,51.880001068115234,51.355159759521484,39849100,-0.012185840841728801,2607,2021-05-13,51.88999938964844,52.849998474121094,51.18000030517578,51.880001068115234,51.355159759521484,39849100,-0.012185840841728801,2607,2021-05-13,51.88999938964844,52.849998474121094,51.18000030517578,51.880001068115234,51.355159759521484,39849100,-0.012185840841728801
2608,2021-05-14,52.45000076293945,53.689998626708984,52.45000076293945,53.4900016784668,52.94887161254883,28591800,0.03103313981477518,2608,2021-05-14,52.45000076293945,53.689998626708984,52.45000076293945,53.4900016784668,52.94887161254883,28591800,0.03103313981477518,2608,2021-05-14,52.45000076293945,53.689998626708984,52.45000076293945,53.4900016784668,52.94887161254883,28591800,0.03103313981477518,2608,2021-05-14,52.45000076293945,53.689998626708984,52.45000076293945,53.4900016784668,52.94887161254883,28591800,0.03103313981477518,2608,2021-05-14,52.45000076293945,53.689998626708984,52.45000076293945,53.4900016784668,52.94887161254883,28591800,0.03103313981477518
2609,2021-05-17,53.29999923706055,54.75,53.220001220703125,54.72999954223633,54.176326751708984,33702100,0.023181894189209684,2609,2021-05-17,53.29999923706055,54.75,53.220001220703125,54.72999954223633,54.176326751708984,33702100,0.023181894189209684,2609,2021-05-17,53.29999923706055,54.75,53.220001220703125,54.72999954223633,54.176326751708984,33702100,0.023181894189209684,2609,2021-05-17,53.29999923706055,54.75,53.220001220703125,54.72999954223633,54.176326751708984,33702100,0.023181894189209684,2609,2021-05-17,53.29999923706055,54.75,53.220001220703125,54.72999954223633,54.176326751708984,33702100,0.023181894189209684
2610,2021-05-18,54.650001525878906,54.849998474121094,53.36000061035156,53.459999084472656,52.91917419433594,35217700,-0.023204831939503734,2610,2021-05-18,54.650001525878906,54.849998474121094,53.36000061035156,53.459999084472656,52.91917419433594,35217700,-0.023204831939503734,2610,2021-05-18,54.650001525878906,54.849998474121094,53.36000061035156,53.459999084472656,52.91917419433594,35217700,-0.023204831939503734,2610,2021-05-18,54.650001525878906,54.849998474121094,53.36000061035156,53.459999084472656,52.91917419433594,35217700,-0.023204831939503734,2610,2021-05-18,54.650001525878906,54.849998474121094,53.36000061035156,53.459999084472656,52.91917419433594,35217700,-0.023204831939503734
2611,2021-05-19,52.209999084472656,52.720001220703125,51.400001525878906,52.130001068115234,51.602630615234375,43984800,-0.02487838480371596,2611,2021-05-19,52.209999084472656,52.720001220703125,51.400001525878906,52.130001068115234,51.602630615234375,43984800,-0.02487838480371596,2611,2021-05-19,52.209999084472656,52.720001220703125,51.400001525878906,52.130001068115234,51.602630615234375,43984800,-0.02487838480371596,2611,2021-05-19,52.209999084472656,52.720001220703125,51.400001525878906,52.130001068115234,51.602630615234375,43984800,-0.02487838480371596,2611,2021-05-19,52.209999084472656,52.720001220703125,51.400001525878906,52.130001068115234,51.602630615234375,43984800,-0.02487838480371596
2612,2021-05-20,52.11000061035156,52.290000915527344,51.310001373291016,52.04999923706055,51.5234375,28261300,-0.001534672056253572,2612,2021-05-20,52.11000061035156,52.290000915527344,51.310001373291016,52.04999923706055,51.5234375,28261300,-0.001534672056253572,2612,2021-05-20,52.11000061035156,52.290000915527344,51.310001373291016,52.04999923706055,51.5234375,28261300,-0.001534672056253572,2612,2021-05-20,52.11000061035156,52.290000915527344,51.310001373291016,52.04999923706055,51.5234375,28261300,-0.001534672056253572,2612,2021-05-20,52.11000061035156,52.290000915527344,51.310001373291016,52.04999923706055,51.5234375,28261300,-0.001534672056253572
2613,2021-05-21,52.56999969482422,52.939998626708984,52.119998931884766,52.15999984741211,51.63232421875,25269900,0.0021133434420015362,2613,2021-05-21,52.56999969482422,52.939998626708984,52.119998931884766,52.15999984741211,51.63232421875,25269900,0.0021133434420015362,2613,2021-05-21,52.56999969482422,52.939998626708984,52.119998931884766,52.15999984741211,51.63232421875,25269900,0.0021133434420015362,2613,2021-05-21,52.56999969482422,52.939998626708984,52.119998931884766,52.15999984741211,51.63232421875,25269900,0.0021133434420015362,2613,2021-05-21,52.56999969482422,52.939998626708984,52.119998931884766,52.15999984741211,51.63232421875,25269900,0.0021133434420015362
2614,2021-05-24,52.52000045776367,52.79999923706055,51.93000030517578,52.68000030517578,52.147064208984375,24010200,0.009969336031699472,2614,2021-05-24,52.52000045776367,52.79999923706055,51.93000030517578,52.68000030517578,52.147064208984375,24010200,0.009969336031699472,2614,2021-05-24,52.52000045776367,52.79999923706055,51.93000030517578,52.68000030517578,52.147064208984375,24010200,0.009969336031699472,2614,2021-05-24,52.52000045776367,52.79999923706055,51.93000030517578,52.68000030517578,52.147064208984375,24010200,0.009969336031699472,2614,2021-05-24,52.52000045776367,52.79999923706055,51.93000030517578,52.68000030517578,52.147064208984375,24010200,0.009969336031699472
2615,2021-05-25,52.54999923706055,52.689998626708984,51.529998779296875,51.61000061035156,51.087890625,24279300,-0.020311279264727866,2615,2021-05-25,52.54999923706055,52.689998626708984,51.529998779296875,51.61000061035156,51.087890625,24279300,-0.020311279264727866,2615,2021-05-25,52.54999923706055,52.689998626708984,51.529998779296875,51.61000061035156,51.087890625,24279300,-0.020311279264727866,2615,2021-05-25,52.54999923706055,52.689998626708984,51.529998779296875,51.61000061035156,51.087890625,24279300,-0.020311279264727866,2615,2021-05-25,52.54999923706055,52.689998626708984,51.529998779296875,51.61000061035156,51.087890625,24279300,-0.020311279264727866
2616,2021-05-26,51.65999984741211,52.2599983215332,51.41999816894531,52.06999969482422,51.543235778808594,19777200,0.008912976210956991,2616,2021-05-26,51.65999984741211,52.2599983215332,51.41999816894531,52.06999969482422,51.543235778808594,19777200,0.008912976210956991,2616,2021-05-26,51.65999984741211,52.2599983215332,51.41999816894531,52.06999969482422,51.543235778808594,19777200,0.008912976210956991,2616,2021-05-26,51.65999984741211,52.2599983215332,51.41999816894531,52.06999969482422,51.543235778808594,19777200,0.008912976210956991,2616,2021-05-26,51.65999984741211,52.2599983215332,51.41999816894531,52.06999969482422,51.543235778808594,19777200,0.008912976210956991
2617,2021-05-27,52.279998779296875,52.75,51.81999969482422,52.11000061035156,51.58283233642578,19526800,0.0007682202527430348,2617,2021-05-27,52.279998779296875,52.75,51.81999969482422,52.11000061035156,51.58283233642578,19526800,0.0007682202527430348,2617,2021-05-27,52.279998779296875,52.75,51.81999969482422,52.11000061035156,51.58283233642578,19526800,0.0007682202527430348,2617,2021-05-27,52.279998779296875,52.75,51.81999969482422,52.11000061035156,51.58283233642578,19526800,0.0007682202527430348,2617,2021-05-27,52.279998779296875,52.75,51.81999969482422,52.11000061035156,51.58283233642578,19526800,0.0007682202527430348
2618,2021-05-28,52.400001525878906,52.470001220703125,51.93000030517578,52.209999084472656,51.681819915771484,18562700,0.0019190024056860988,2618,2021-05-28,52.400001525878906,52.470001220703125,51.93000030517578,52.209999084472656,51.681819915771484,18562700,0.0019190024056860988,2618,2021-05-28,52.400001525878906,52.470001220703125,51.93000030517578,52.209999084472656,51.681819915771484,18562700,0.0019190024056860988,2618,2021-05-28,52.400001525878906,52.470001220703125,51.93000030517578,52.209999084472656,51.681819915771484,18562700,0.0019190024056860988,2618,2021-05-28,52.400001525878906,52.470001220703125,51.93000030517578,52.209999084472656,51.681819915771484,18562700,0.0019190024056860988
2619,2021-06-01,53.2400016784668,54.34000015258789,53.209999084472656,54.220001220703125,53.671485900878906,36285100,0.038498373090384286,2619,2021-06-01,53.2400016784668,54.34000015258789,53.209999084472656,54.220001220703125,53.671485900878906,36285100,0.038498373090384286,2619,2021-06-01,53.2400016784668,54.34000015258789,53.209999084472656,54.220001220703125,53.671485900878906,36285100,0.038498373090384286,2619,2021-06-01,53.2400016784668,54.34000015258789,53.209999084472656,54.220001220703125,53.671485900878906,36285100,0.038498373090384286,2619,2021-06-01,53.2400016784668,54.34000015258789,53.209999084472656,54.220001220703125,53.671485900878906,36285100,0.038498373090384286
2620,2021-06-02,54.54999923706055,55.4900016784668,53.90999984741211,55.22999954223633,54.671268463134766,33946700,0.018627815971077544,2620,2021-06-02,54.54999923706055,55.4900016784668,53.90999984741211,55.22999954223633,54.671268463134766,33946700,0.018627815971077544,2620,2021-06-02,54.54999923706055,55.4900016784668,53.90999984741211,55.22999954223633,54.671268463134766,33946700,0.018627815971077544,2620,2021-06-02,54.54999923706055,55.4900016784668,53.90999984741211,55.22999954223633,54.671268463134766,33946700,0.018627815971077544,2620,2021-06-02,54.54999923706055,55.4900016784668,53.90999984741211,55.22999954223633,54.671268463134766,33946700,0.018627815971077544
2621,2021-06-03,55.0,55.689998626708984,54.650001525878906,55.380001068115234,54.81975173950195,29380800,0.002715928869792217,2621,2021-06-03,55.0,55.689998626708984,54.650001525878906,55.380001068115234,54.81975173950195,29380800,0.002715928869792217,2621,2021-06-03,55.0,55.689998626708984,54.650001525878906,55.380001068115234,54.81975173950195,29380800,0.002715928869792217,2621,2021-06-03,55.0,55.689998626708984,54.650001525878906,55.380001068115234,54.81975173950195,29380800,0.002715928869792217,2621,2021-06-03,55.0,55.689998626708984,54.650001525878906,55.380001068115234,54.81975173950195,29380800,0.002715928869792217
2622,2021-06-04,55.7400016784668,55.97999954223633,54.93000030517578,55.75,55.18600845336914,26329400,0.006681108583045159,2622,2021-06-04,55.7400016784668,55.97999954223633,54.93000030517578,55.75,55.18600845336914,26329400,0.006681108583045159,2622,2021-06-04,55.7400016784668,55.97999954223633,54.93000030517578,55.75,55.18600845336914,26329400,0.006681108583045159,2622,2021-06-04,55.7400016784668,55.97999954223633,54.93000030517578,55.75,55.18600845336914,26329400,0.006681108583045159,2622,2021-06-04,55.7400016784668,55.97999954223633,54.93000030517578,55.75,55.18600845336914,26329400,0.006681108583045159
2623,2021-06-07,55.7400016784668,56.08000183105469,55.43000030517578,55.5099983215332,54.94843292236328,20035200,-0.0043049957346816825,2623,2021-06-07,55.7400016784668,56.08000183105469,55.43000030517578,55.5099983215332,54.94843292236328,20035200,-0.0043049957346816825,2623,2021-06-07,55.7400016784668,56.08000183105469,55.43000030517578,55.5099983215332,54.94843292236328,20035200,-0.0043049957346816825,2623,2021-06-07,55.7400016784668,56.08000183105469,55.43000030517578,55.5099983215332,54.94843292236328,20035200,-0.0043049957346816825,2623,2021-06-07,55.7400016784668,56.08000183105469,55.43000030517578,55.5099983215332,54.94843292236328,20035200,-0.0043049957346816825
2624,2021-06-08,55.31999969482422,56.09000015258789,54.65999984741211,55.9900016784668,55.423580169677734,28776500,0.008647148281476724,2624,2021-06-08,55.31999969482422,56.09000015258789,54.65999984741211,55.9900016784668,55.423580169677734,28776500,0.008647148281476724,2624,2021-06-08,55.31999969482422,56.09000015258789,54.65999984741211,55.9900016784668,55.423580169677734,28776500,0.008647148281476724,2624,2021-06-08,55.31999969482422,56.09000015258789,54.65999984741211,55.9900016784668,55.423580169677734,28776500,0.008647148281476724,2624,2021-06-08,55.31999969482422,56.09000015258789,54.65999984741211,55.9900016784668,55.423580169677734,28776500,0.008647148281476724
2625,2021-06-09,56.150001525878906,56.38999938964844,55.61000061035156,55.63999938964844,55.077117919921875,28026100,-0.006251170507123094,2625,2021-06-09,56.150001525878906,56.38999938964844,55.61000061035156,55.63999938964844,55.077117919921875,28026100,-0.006251170507123094,2625,2021-06-09,56.150001525878906,56.38999938964844,55.61000061035156,55.63999938964844,55.077117919921875,28026100,-0.006251170507123094,2625,2021-06-09,56.150001525878906,56.38999938964844,55.61000061035156,55.63999938964844,55.077117919921875,28026100,-0.006251170507123094,2625,2021-06-09,56.150001525878906,56.38999938964844,55.61000061035156,55.63999938964844,55.077117919921875,28026100,-0.006251170507123094
2626,2021-06-10,56.38999938964844,56.650001525878906,54.97999954223633,55.56999969482422,55.00782775878906,28676900,-0.0012580571342449831,2626,2021-06-10,56.38999938964844,56.650001525878906,54.97999954223633,55.56999969482422,55.00782775878906,28676900,-0.0012580571342449831,2626,2021-06-10,56.38999938964844,56.650001525878906,54.97999954223633,55.56999969482422,55.00782775878906,28676900,-0.0012580571342449831,2626,2021-06-10,56.38999938964844,56.650001525878906,54.97999954223633,55.56999969482422,55.00782775878906,28676900,-0.0012580571342449831,2626,2021-06-10,56.38999938964844,56.650001525878906,54.97999954223633,55.56999969482422,55.00782775878906,28676900,-0.0012580571342449831
2627,2021-06-11,55.77000045776367,56.08000183105469,55.310001373291016,55.380001068115234,54.81975173950195,19045700,-0.003419077374075319,2627,2021-06-11,55.77000045776367,56.08000183105469,55.310001373291016,55.380001068115234,54.81975173950195,19045700,-0.003419077374075319,2627,2021-06-11,55.77000045776367,56.08000183105469,55.310001373291016,55.380001068115234,54.81975173950195,19045700,-0.003419077374075319,2627,2021-06-11,55.77000045776367,56.08000183105469,55.310001373291016,55.380001068115234,54.81975173950195,19045700,-0.003419077374075319,2627,2021-06-11,55.77000045776367,56.08000183105469,55.310001373291016,55.380001068115234,54.81975173950195,19045700,-0.003419077374075319
2628,2021-06-14,55.58000183105469,55.91999816894531,54.689998626708984,55.13999938964844,54.582176208496094,18872500,-0.004333757878634548,2628,2021-06-14,55.58000183105469,55.91999816894531,54.689998626708984,55.13999938964844,54.582176208496094,18872500,-0.004333757878634548,2628,2021-06-14,55.58000183105469,55.91999816894531,54.689998626708984,55.13999938964844,54.582176208496094,18872500,-0.004333757878634548,2628,2021-06-14,55.58000183105469,55.91999816894531,54.689998626708984,55.13999938964844,54.582176208496094,18872500,-0.004333757878634548,2628,2021-06-14,55.58000183105469,55.91999816894531,54.689998626708984,55.13999938964844,54.582176208496094,18872500,-0.004333757878634548
2629,2021-06-15,55.4900016784668,56.34000015258789,55.349998474121094,56.189998626708984,55.62155532836914,32142500,0.019042463897056106,2629,2021-06-15,55.4900016784668,56.34000015258789,55.349998474121094,56.189998626708984,55.62155532836914,32142500,0.019042463897056106,2629,2021-06-15,55.4900016784668,56.34000015258789,55.349998474121094,56.189998626708984,55.62155532836914,32142500,0.019042463897056106,2629,2021-06-15,55.4900016784668,56.34000015258789,55.349998474121094,56.189998626708984,55.62155532836914,32142500,0.019042463897056106,2629,2021-06-15,55.4900016784668,56.34000015258789,55.349998474121094,56.189998626708984,55.62155532836914,32142500,0.019042463897056106
2630,2021-06-16,56.099998474121094,56.54999923706055,55.400001525878906,55.88999938964844,55.324588775634766,30393200,-0.005339055173505969,2630,2021-06-16,56.099998474121094,56.54999923706055,55.400001525878906,55.88999938964844,55.324588775634766,30393200,-0.005339055173505969,2630,2021-06-16,56.099998474121094,56.54999923706055,55.400001525878906,55.88999938964844,55.324588775634766,30393200,-0.005339055173505969,2630,2021-06-16,56.099998474121094,56.54999923706055,55.400001525878906,55.88999938964844,55.324588775634766,30393200,-0.005339055173505969,2630,2021-06-16,56.099998474121094,56.54999923706055,55.400001525878906,55.88999938964844,55.324588775634766,30393200,-0.005339055173505969
2631,2021-06-17,55.75,56.220001220703125,53.2599983215332,53.9900016784668,53.44381332397461,53470900,-0.03399529021874015,2631,2021-06-17,55.75,56.220001220703125,53.2599983215332,53.9900016784668,53.44381332397461,53470900,-0.03399529021874015,2631,2021-06-17,55.75,56.220001220703125,53.2599983215332,53.9900016784668,53.44381332397461,53470900,-0.03399529021874015,2631,2021-06-17,55.75,56.220001220703125,53.2599983215332,53.9900016784668,53.44381332397461,53470900,-0.03399529021874015,2631,2021-06-17,55.75,56.220001220703125,53.2599983215332,53.9900016784668,53.44381332397461,53470900,-0.03399529021874015
2632,2021-06-18,52.86000061035156,53.529998779296875,52.349998474121094,52.38999938964844,51.8599967956543,55840300,-0.029635170655193943,2632,2021-06-18,52.86000061035156,53.529998779296875,52.349998474121094,52.38999938964844,51.8599967956543,55840300,-0.029635170655193943,2632,2021-06-18,52.86000061035156,53.529998779296875,52.349998474121094,52.38999938964844,51.8599967956543,55840300,-0.029635170655193943,2632,2021-06-18,52.86000061035156,53.529998779296875,52.349998474121094,52.38999938964844,51.8599967956543,55840300,-0.029635170655193943,2632,2021-06-18,52.86000061035156,53.529998779296875,52.349998474121094,52.38999938964844,51.8599967956543,55840300,-0.029635170655193943
2633,2021-06-21,52.290000915527344,54.16999816894531,52.290000915527344,54.06999969482422,54.06999969482422,42183400,0.042614790507567335,2633,2021-06-21,52.290000915527344,54.16999816894531,52.290000915527344,54.06999969482422,54.06999969482422,42183400,0.042614790507567335,2633,2021-06-21,52.290000915527344,54.16999816894531,52.290000915527344,54.06999969482422,54.06999969482422,42183400,0.042614790507567335,2633,2021-06-21,52.290000915527344,54.16999816894531,52.290000915527344,54.06999969482422,54.06999969482422,42183400,0.042614790507567335,2633,2021-06-21,52.290000915527344,54.16999816894531,52.290000915527344,54.06999969482422,54.06999969482422,42183400,0.042614790507567335
2634,2021-06-22,53.939998626708984,54.63999938964844,53.349998474121094,54.43000030517578,54.43000030517578,24172200,0.0066580472051680495,2634,2021-06-22,53.939998626708984,54.63999938964844,53.349998474121094,54.43000030517578,54.43000030517578,24172200,0.0066580472051680495,2634,2021-06-22,53.939998626708984,54.63999938964844,53.349998474121094,54.43000030517578,54.43000030517578,24172200,0.0066580472051680495,2634,2021-06-22,53.939998626708984,54.63999938964844,53.349998474121094,54.43000030517578,54.43000030517578,24172200,0.0066580472051680495,2634,2021-06-22,53.939998626708984,54.63999938964844,53.349998474121094,54.43000030517578,54.43000030517578,24172200,0.0066580472051680495
